[2026-03-22 02:20:33] local.ERROR: The /home/yamojr/devyamo/edusaas/edusaas/bootstrap/cache directory must be present and writable. {"exception":"[object] (Exception(code: 0): The /home/yamojr/devyamo/edusaas/edusaas/bootstrap/cache directory must be present and writable. at /home/yamojr/devyamo/edusaas/edusaas/vendor/laravel/framework/src/Illuminate/Foundation/PackageManifest.php:179)
[stacktrace]
#0 /home/yamojr/devyamo/edusaas/edusaas/vendor/laravel/framework/src/Illuminate/Foundation/PackageManifest.php(132): Illuminate\\Foundation\\PackageManifest->write()
#1 /home/yamojr/devyamo/edusaas/edusaas/vendor/laravel/framework/src/Illuminate/Foundation/PackageManifest.php(108): Illuminate\\Foundation\\PackageManifest->build()
#2 /home/yamojr/devyamo/edusaas/edusaas/vendor/laravel/framework/src/Illuminate/Foundation/PackageManifest.php(91): Illuminate\\Foundation\\PackageManifest->getManifest()
#3 /home/yamojr/devyamo/edusaas/edusaas/vendor/laravel/framework/src/Illuminate/Foundation/PackageManifest.php(80): Illuminate\\Foundation\\PackageManifest->config()
#4 /home/yamojr/devyamo/edusaas/edusaas/vendor/laravel/framework/src/Illuminate/Foundation/Bootstrap/RegisterFacades.php(26): Illuminate\\Foundation\\PackageManifest->aliases()
#5 /home/yamojr/devyamo/edusaas/edusaas/vendor/laravel/framework/src/Illuminate/Foundation/Application.php(342): Illuminate\\Foundation\\Bootstrap\\RegisterFacades->bootstrap()
#6 /home/yamojr/devyamo/edusaas/edusaas/vendor/laravel/framework/src/Illuminate/Foundation/Console/Kernel.php(474): Illuminate\\Foundation\\Application->bootstrapWith()
#7 /home/yamojr/devyamo/edusaas/edusaas/vendor/laravel/framework/src/Illuminate/Foundation/Console/Kernel.php(196): Illuminate\\Foundation\\Console\\Kernel->bootstrap()
#8 /home/yamojr/devyamo/edusaas/edusaas/vendor/laravel/framework/src/Illuminate/Foundation/Application.php(1235): Illuminate\\Foundation\\Console\\Kernel->handle()
#9 /home/yamojr/devyamo/edusaas/edusaas/artisan(12): Illuminate\\Foundation\\Application->handleCommand()
#10 {main}
"} 
[2026-03-22 02:20:35] local.ERROR: The /home/yamojr/devyamo/edusaas/edusaas/bootstrap/cache directory must be present and writable. {"exception":"[object] (Exception(code: 0): The /home/yamojr/devyamo/edusaas/edusaas/bootstrap/cache directory must be present and writable. at /home/yamojr/devyamo/edusaas/edusaas/vendor/laravel/framework/src/Illuminate/Foundation/PackageManifest.php:179)
[stacktrace]
#0 /home/yamojr/devyamo/edusaas/edusaas/vendor/laravel/framework/src/Illuminate/Foundation/PackageManifest.php(132): Illuminate\\Foundation\\PackageManifest->write()
#1 /home/yamojr/devyamo/edusaas/edusaas/vendor/laravel/framework/src/Illuminate/Foundation/PackageManifest.php(108): Illuminate\\Foundation\\PackageManifest->build()
#2 /home/yamojr/devyamo/edusaas/edusaas/vendor/laravel/framework/src/Illuminate/Foundation/PackageManifest.php(91): Illuminate\\Foundation\\PackageManifest->getManifest()
#3 /home/yamojr/devyamo/edusaas/edusaas/vendor/laravel/framework/src/Illuminate/Foundation/PackageManifest.php(80): Illuminate\\Foundation\\PackageManifest->config()
#4 /home/yamojr/devyamo/edusaas/edusaas/vendor/laravel/framework/src/Illuminate/Foundation/Bootstrap/RegisterFacades.php(26): Illuminate\\Foundation\\PackageManifest->aliases()
#5 /home/yamojr/devyamo/edusaas/edusaas/vendor/laravel/framework/src/Illuminate/Foundation/Application.php(342): Illuminate\\Foundation\\Bootstrap\\RegisterFacades->bootstrap()
#6 /home/yamojr/devyamo/edusaas/edusaas/vendor/laravel/framework/src/Illuminate/Foundation/Console/Kernel.php(474): Illuminate\\Foundation\\Application->bootstrapWith()
#7 /home/yamojr/devyamo/edusaas/edusaas/vendor/laravel/framework/src/Illuminate/Foundation/Console/Kernel.php(196): Illuminate\\Foundation\\Console\\Kernel->bootstrap()
#8 /home/yamojr/devyamo/edusaas/edusaas/vendor/laravel/framework/src/Illuminate/Foundation/Application.php(1235): Illuminate\\Foundation\\Console\\Kernel->handle()
#9 /home/yamojr/devyamo/edusaas/edusaas/artisan(12): Illuminate\\Foundation\\Application->handleCommand()
#10 {main}
"} 
[2026-03-22 02:20:59] local.ERROR: SQLSTATE[HY000] [1045] Access denied for user 'edusaas_user'@'localhost' (using password: YES) (Connection: mysql, SQL: select exists (select 1 from information_schema.tables where table_schema = 'edusaas' and table_name = 'migrations' and table_type in ('BASE TABLE', 'SYSTEM VERSIONED')) as `exists`) {"exception":"[object] (Illuminate\\Database\\QueryException(code: 1045): SQLSTATE[HY000] [1045] Access denied for user 'edusaas_user'@'localhost' (using password: YES) (Connection: mysql, SQL: select exists (select 1 from information_schema.tables where table_schema = 'edusaas' and table_name = 'migrations' and table_type in ('BASE TABLE', 'SYSTEM VERSIONED')) as `exists`) at /home/yamojr/devyamo/edusaas/edusaas/vendor/laravel/framework/src/Illuminate/Database/Connection.php:825)
[stacktrace]
#0 /home/yamojr/devyamo/edusaas/edusaas/vendor/laravel/framework/src/Illuminate/Database/Connection.php(779): Illuminate\\Database\\Connection->runQueryCallback()
#1 /home/yamojr/devyamo/edusaas/edusaas/vendor/laravel/framework/src/Illuminate/Database/Connection.php(398): Illuminate\\Database\\Connection->run()
#2 /home/yamojr/devyamo/edusaas/edusaas/vendor/laravel/framework/src/Illuminate/Database/Connection.php(344): Illuminate\\Database\\Connection->select()
#3 /home/yamojr/devyamo/edusaas/edusaas/vendor/laravel/framework/src/Illuminate/Database/Connection.php(361): Illuminate\\Database\\Connection->selectOne()
#4 /home/yamojr/devyamo/edusaas/edusaas/vendor/laravel/framework/src/Illuminate/Database/Schema/MySqlBuilder.php(45): Illuminate\\Database\\Connection->scalar()
#5 /home/yamojr/devyamo/edusaas/edusaas/vendor/laravel/framework/src/Illuminate/Database/Migrations/DatabaseMigrationRepository.php(184): Illuminate\\Database\\Schema\\MySqlBuilder->hasTable()
#6 /home/yamojr/devyamo/edusaas/edusaas/vendor/laravel/framework/src/Illuminate/Database/Migrations/Migrator.php(742): Illuminate\\Database\\Migrations\\DatabaseMigrationRepository->repositoryExists()
#7 /home/yamojr/devyamo/edusaas/edusaas/vendor/laravel/framework/src/Illuminate/Database/Console/Migrations/FreshCommand.php(68): Illuminate\\Database\\Migrations\\Migrator->repositoryExists()
#8 /home/yamojr/devyamo/edusaas/edusaas/vendor/laravel/framework/src/Illuminate/Database/Migrations/Migrator.php(658): Illuminate\\Database\\Console\\Migrations\\FreshCommand->{closure:Illuminate\\Database\\Console\\Migrations\\FreshCommand::handle():67}()
#9 /home/yamojr/devyamo/edusaas/edusaas/vendor/laravel/framework/src/Illuminate/Database/Console/Migrations/FreshCommand.php(67): Illuminate\\Database\\Migrations\\Migrator->usingConnection()
#10 /home/yamojr/devyamo/edusaas/edusaas/vendor/laravel/framework/src/Illuminate/Container/BoundMethod.php(36): Illuminate\\Database\\Console\\Migrations\\FreshCommand->handle()
#11 /home/yamojr/devyamo/edusaas/edusaas/vendor/laravel/framework/src/Illuminate/Container/Util.php(43): Illuminate\\Container\\BoundMethod::{closure:Illuminate\\Container\\BoundMethod::call():35}()
#12 /home/yamojr/devyamo/edusaas/edusaas/vendor/laravel/framework/src/Illuminate/Container/BoundMethod.php(95): Illuminate\\Container\\Util::unwrapIfClosure()
#13 /home/yamojr/devyamo/edusaas/edusaas/vendor/laravel/framework/src/Illuminate/Container/BoundMethod.php(35): Illuminate\\Container\\BoundMethod::callBoundMethod()
#14 /home/yamojr/devyamo/edusaas/edusaas/vendor/laravel/framework/src/Illuminate/Container/Container.php(696): Illuminate\\Container\\BoundMethod::call()
#15 /home/yamojr/devyamo/edusaas/edusaas/vendor/laravel/framework/src/Illuminate/Console/Command.php(213): Illuminate\\Container\\Container->call()
#16 /home/yamojr/devyamo/edusaas/edusaas/vendor/symfony/console/Command/Command.php(341): Illuminate\\Console\\Command->execute()
#17 /home/yamojr/devyamo/edusaas/edusaas/vendor/laravel/framework/src/Illuminate/Console/Command.php(182): Symfony\\Component\\Console\\Command\\Command->run()
#18 /home/yamojr/devyamo/edusaas/edusaas/vendor/symfony/console/Application.php(1117): Illuminate\\Console\\Command->run()
#19 /home/yamojr/devyamo/edusaas/edusaas/vendor/symfony/console/Application.php(356): Symfony\\Component\\Console\\Application->doRunCommand()
#20 /home/yamojr/devyamo/edusaas/edusaas/vendor/symfony/console/Application.php(195): Symfony\\Component\\Console\\Application->doRun()
#21 /home/yamojr/devyamo/edusaas/edusaas/vendor/laravel/framework/src/Illuminate/Foundation/Console/Kernel.php(198): Symfony\\Component\\Console\\Application->run()
#22 /home/yamojr/devyamo/edusaas/edusaas/vendor/laravel/framework/src/Illuminate/Foundation/Application.php(1235): Illuminate\\Foundation\\Console\\Kernel->handle()
#23 /home/yamojr/devyamo/edusaas/edusaas/artisan(12): Illuminate\\Foundation\\Application->handleCommand()
#24 {main}

[previous exception] [object] (PDOException(code: 1045): SQLSTATE[HY000] [1045] Access denied for user 'edusaas_user'@'localhost' (using password: YES) at /home/yamojr/devyamo/edusaas/edusaas/vendor/laravel/framework/src/Illuminate/Database/Connectors/Connector.php:67)
[stacktrace]
#0 /home/yamojr/devyamo/edusaas/edusaas/vendor/laravel/framework/src/Illuminate/Database/Connectors/Connector.php(67): PDO::connect()
#1 /home/yamojr/devyamo/edusaas/edusaas/vendor/laravel/framework/src/Illuminate/Database/Connectors/Connector.php(44): Illuminate\\Database\\Connectors\\Connector->createPdoConnection()
#2 /home/yamojr/devyamo/edusaas/edusaas/vendor/laravel/framework/src/Illuminate/Database/Connectors/MySqlConnector.php(24): Illuminate\\Database\\Connectors\\Connector->createConnection()
#3 /home/yamojr/devyamo/edusaas/edusaas/vendor/laravel/framework/src/Illuminate/Database/Connectors/ConnectionFactory.php(185): Illuminate\\Database\\Connectors\\MySqlConnector->connect()
#4 [internal function]: Illuminate\\Database\\Connectors\\ConnectionFactory->{closure:Illuminate\\Database\\Connectors\\ConnectionFactory::createPdoResolverWithHosts():180}()
#5 /home/yamojr/devyamo/edusaas/edusaas/vendor/laravel/framework/src/Illuminate/Database/Connection.php(1231): call_user_func()
#6 /home/yamojr/devyamo/edusaas/edusaas/vendor/laravel/framework/src/Illuminate/Database/Connection.php(1267): Illuminate\\Database\\Connection->getPdo()
#7 /home/yamojr/devyamo/edusaas/edusaas/vendor/laravel/framework/src/Illuminate/Database/Connection.php(512): Illuminate\\Database\\Connection->getReadPdo()
#8 /home/yamojr/devyamo/edusaas/edusaas/vendor/laravel/framework/src/Illuminate/Database/Connection.php(407): Illuminate\\Database\\Connection->getPdoForSelect()
#9 /home/yamojr/devyamo/edusaas/edusaas/vendor/laravel/framework/src/Illuminate/Database/Connection.php(812): Illuminate\\Database\\Connection->{closure:Illuminate\\Database\\Connection::select():398}()
#10 /home/yamojr/devyamo/edusaas/edusaas/vendor/laravel/framework/src/Illuminate/Database/Connection.php(779): Illuminate\\Database\\Connection->runQueryCallback()
#11 /home/yamojr/devyamo/edusaas/edusaas/vendor/laravel/framework/src/Illuminate/Database/Connection.php(398): Illuminate\\Database\\Connection->run()
#12 /home/yamojr/devyamo/edusaas/edusaas/vendor/laravel/framework/src/Illuminate/Database/Connection.php(344): Illuminate\\Database\\Connection->select()
#13 /home/yamojr/devyamo/edusaas/edusaas/vendor/laravel/framework/src/Illuminate/Database/Connection.php(361): Illuminate\\Database\\Connection->selectOne()
#14 /home/yamojr/devyamo/edusaas/edusaas/vendor/laravel/framework/src/Illuminate/Database/Schema/MySqlBuilder.php(45): Illuminate\\Database\\Connection->scalar()
#15 /home/yamojr/devyamo/edusaas/edusaas/vendor/laravel/framework/src/Illuminate/Database/Migrations/DatabaseMigrationRepository.php(184): Illuminate\\Database\\Schema\\MySqlBuilder->hasTable()
#16 /home/yamojr/devyamo/edusaas/edusaas/vendor/laravel/framework/src/Illuminate/Database/Migrations/Migrator.php(742): Illuminate\\Database\\Migrations\\DatabaseMigrationRepository->repositoryExists()
#17 /home/yamojr/devyamo/edusaas/edusaas/vendor/laravel/framework/src/Illuminate/Database/Console/Migrations/FreshCommand.php(68): Illuminate\\Database\\Migrations\\Migrator->repositoryExists()
#18 /home/yamojr/devyamo/edusaas/edusaas/vendor/laravel/framework/src/Illuminate/Database/Migrations/Migrator.php(658): Illuminate\\Database\\Console\\Migrations\\FreshCommand->{closure:Illuminate\\Database\\Console\\Migrations\\FreshCommand::handle():67}()
#19 /home/yamojr/devyamo/edusaas/edusaas/vendor/laravel/framework/src/Illuminate/Database/Console/Migrations/FreshCommand.php(67): Illuminate\\Database\\Migrations\\Migrator->usingConnection()
#20 /home/yamojr/devyamo/edusaas/edusaas/vendor/laravel/framework/src/Illuminate/Container/BoundMethod.php(36): Illuminate\\Database\\Console\\Migrations\\FreshCommand->handle()
#21 /home/yamojr/devyamo/edusaas/edusaas/vendor/laravel/framework/src/Illuminate/Container/Util.php(43): Illuminate\\Container\\BoundMethod::{closure:Illuminate\\Container\\BoundMethod::call():35}()
#22 /home/yamojr/devyamo/edusaas/edusaas/vendor/laravel/framework/src/Illuminate/Container/BoundMethod.php(95): Illuminate\\Container\\Util::unwrapIfClosure()
#23 /home/yamojr/devyamo/edusaas/edusaas/vendor/laravel/framework/src/Illuminate/Container/BoundMethod.php(35): Illuminate\\Container\\BoundMethod::callBoundMethod()
#24 /home/yamojr/devyamo/edusaas/edusaas/vendor/laravel/framework/src/Illuminate/Container/Container.php(696): Illuminate\\Container\\BoundMethod::call()
#25 /home/yamojr/devyamo/edusaas/edusaas/vendor/laravel/framework/src/Illuminate/Console/Command.php(213): Illuminate\\Container\\Container->call()
#26 /home/yamojr/devyamo/edusaas/edusaas/vendor/symfony/console/Command/Command.php(341): Illuminate\\Console\\Command->execute()
#27 /home/yamojr/devyamo/edusaas/edusaas/vendor/laravel/framework/src/Illuminate/Console/Command.php(182): Symfony\\Component\\Console\\Command\\Command->run()
#28 /home/yamojr/devyamo/edusaas/edusaas/vendor/symfony/console/Application.php(1117): Illuminate\\Console\\Command->run()
#29 /home/yamojr/devyamo/edusaas/edusaas/vendor/symfony/console/Application.php(356): Symfony\\Component\\Console\\Application->doRunCommand()
#30 /home/yamojr/devyamo/edusaas/edusaas/vendor/symfony/console/Application.php(195): Symfony\\Component\\Console\\Application->doRun()
#31 /home/yamojr/devyamo/edusaas/edusaas/vendor/laravel/framework/src/Illuminate/Foundation/Console/Kernel.php(198): Symfony\\Component\\Console\\Application->run()
#32 /home/yamojr/devyamo/edusaas/edusaas/vendor/laravel/framework/src/Illuminate/Foundation/Application.php(1235): Illuminate\\Foundation\\Console\\Kernel->handle()
#33 /home/yamojr/devyamo/edusaas/edusaas/artisan(12): Illuminate\\Foundation\\Application->handleCommand()
#34 {main}
"} 
[2026-03-22 02:21:43] local.ERROR: Database file at path [edusaas] does not exist. Ensure this is an absolute path to the database. (Connection: sqlite, SQL: select exists (select 1 from sqlite_master where name = 'migrations' and type = 'table') as "exists") {"exception":"[object] (Illuminate\\Database\\QueryException(code: 0): Database file at path [edusaas] does not exist. Ensure this is an absolute path to the database. (Connection: sqlite, SQL: select exists (select 1 from sqlite_master where name = 'migrations' and type = 'table') as \"exists\") at /home/yamojr/devyamo/edusaas/edusaas/vendor/laravel/framework/src/Illuminate/Database/Connection.php:825)
[stacktrace]
#0 /home/yamojr/devyamo/edusaas/edusaas/vendor/laravel/framework/src/Illuminate/Database/Connection.php(779): Illuminate\\Database\\Connection->runQueryCallback()
#1 /home/yamojr/devyamo/edusaas/edusaas/vendor/laravel/framework/src/Illuminate/Database/Connection.php(398): Illuminate\\Database\\Connection->run()
#2 /home/yamojr/devyamo/edusaas/edusaas/vendor/laravel/framework/src/Illuminate/Database/Connection.php(344): Illuminate\\Database\\Connection->select()
#3 /home/yamojr/devyamo/edusaas/edusaas/vendor/laravel/framework/src/Illuminate/Database/Connection.php(361): Illuminate\\Database\\Connection->selectOne()
#4 /home/yamojr/devyamo/edusaas/edusaas/vendor/laravel/framework/src/Illuminate/Database/Schema/SQLiteBuilder.php(44): Illuminate\\Database\\Connection->scalar()
#5 /home/yamojr/devyamo/edusaas/edusaas/vendor/laravel/framework/src/Illuminate/Database/Migrations/DatabaseMigrationRepository.php(184): Illuminate\\Database\\Schema\\SQLiteBuilder->hasTable()
#6 /home/yamojr/devyamo/edusaas/edusaas/vendor/laravel/framework/src/Illuminate/Database/Migrations/Migrator.php(742): Illuminate\\Database\\Migrations\\DatabaseMigrationRepository->repositoryExists()
#7 /home/yamojr/devyamo/edusaas/edusaas/vendor/laravel/framework/src/Illuminate/Database/Console/Migrations/FreshCommand.php(68): Illuminate\\Database\\Migrations\\Migrator->repositoryExists()
#8 /home/yamojr/devyamo/edusaas/edusaas/vendor/laravel/framework/src/Illuminate/Database/Migrations/Migrator.php(658): Illuminate\\Database\\Console\\Migrations\\FreshCommand->{closure:Illuminate\\Database\\Console\\Migrations\\FreshCommand::handle():67}()
#9 /home/yamojr/devyamo/edusaas/edusaas/vendor/laravel/framework/src/Illuminate/Database/Console/Migrations/FreshCommand.php(67): Illuminate\\Database\\Migrations\\Migrator->usingConnection()
#10 /home/yamojr/devyamo/edusaas/edusaas/vendor/laravel/framework/src/Illuminate/Container/BoundMethod.php(36): Illuminate\\Database\\Console\\Migrations\\FreshCommand->handle()
#11 /home/yamojr/devyamo/edusaas/edusaas/vendor/laravel/framework/src/Illuminate/Container/Util.php(43): Illuminate\\Container\\BoundMethod::{closure:Illuminate\\Container\\BoundMethod::call():35}()
#12 /home/yamojr/devyamo/edusaas/edusaas/vendor/laravel/framework/src/Illuminate/Container/BoundMethod.php(95): Illuminate\\Container\\Util::unwrapIfClosure()
#13 /home/yamojr/devyamo/edusaas/edusaas/vendor/laravel/framework/src/Illuminate/Container/BoundMethod.php(35): Illuminate\\Container\\BoundMethod::callBoundMethod()
#14 /home/yamojr/devyamo/edusaas/edusaas/vendor/laravel/framework/src/Illuminate/Container/Container.php(696): Illuminate\\Container\\BoundMethod::call()
#15 /home/yamojr/devyamo/edusaas/edusaas/vendor/laravel/framework/src/Illuminate/Console/Command.php(213): Illuminate\\Container\\Container->call()
#16 /home/yamojr/devyamo/edusaas/edusaas/vendor/symfony/console/Command/Command.php(341): Illuminate\\Console\\Command->execute()
#17 /home/yamojr/devyamo/edusaas/edusaas/vendor/laravel/framework/src/Illuminate/Console/Command.php(182): Symfony\\Component\\Console\\Command\\Command->run()
#18 /home/yamojr/devyamo/edusaas/edusaas/vendor/symfony/console/Application.php(1117): Illuminate\\Console\\Command->run()
#19 /home/yamojr/devyamo/edusaas/edusaas/vendor/symfony/console/Application.php(356): Symfony\\Component\\Console\\Application->doRunCommand()
#20 /home/yamojr/devyamo/edusaas/edusaas/vendor/symfony/console/Application.php(195): Symfony\\Component\\Console\\Application->doRun()
#21 /home/yamojr/devyamo/edusaas/edusaas/vendor/laravel/framework/src/Illuminate/Foundation/Console/Kernel.php(198): Symfony\\Component\\Console\\Application->run()
#22 /home/yamojr/devyamo/edusaas/edusaas/vendor/laravel/framework/src/Illuminate/Foundation/Application.php(1235): Illuminate\\Foundation\\Console\\Kernel->handle()
#23 /home/yamojr/devyamo/edusaas/edusaas/artisan(12): Illuminate\\Foundation\\Application->handleCommand()
#24 {main}

[previous exception] [object] (Illuminate\\Database\\SQLiteDatabaseDoesNotExistException(code: 0): Database file at path [edusaas] does not exist. Ensure this is an absolute path to the database. at /home/yamojr/devyamo/edusaas/edusaas/vendor/laravel/framework/src/Illuminate/Database/Connectors/SQLiteConnector.php:37)
[stacktrace]
#0 /home/yamojr/devyamo/edusaas/edusaas/vendor/laravel/framework/src/Illuminate/Database/Connectors/ConnectionFactory.php(224): Illuminate\\Database\\Connectors\\SQLiteConnector->connect()
#1 [internal function]: Illuminate\\Database\\Connectors\\ConnectionFactory->{closure:Illuminate\\Database\\Connectors\\ConnectionFactory::createPdoResolverWithoutHosts():224}()
#2 /home/yamojr/devyamo/edusaas/edusaas/vendor/laravel/framework/src/Illuminate/Database/Connection.php(1231): call_user_func()
#3 /home/yamojr/devyamo/edusaas/edusaas/vendor/laravel/framework/src/Illuminate/Database/Connection.php(1267): Illuminate\\Database\\Connection->getPdo()
#4 /home/yamojr/devyamo/edusaas/edusaas/vendor/laravel/framework/src/Illuminate/Database/Connection.php(512): Illuminate\\Database\\Connection->getReadPdo()
#5 /home/yamojr/devyamo/edusaas/edusaas/vendor/laravel/framework/src/Illuminate/Database/Connection.php(407): Illuminate\\Database\\Connection->getPdoForSelect()
#6 /home/yamojr/devyamo/edusaas/edusaas/vendor/laravel/framework/src/Illuminate/Database/Connection.php(812): Illuminate\\Database\\Connection->{closure:Illuminate\\Database\\Connection::select():398}()
#7 /home/yamojr/devyamo/edusaas/edusaas/vendor/laravel/framework/src/Illuminate/Database/Connection.php(779): Illuminate\\Database\\Connection->runQueryCallback()
#8 /home/yamojr/devyamo/edusaas/edusaas/vendor/laravel/framework/src/Illuminate/Database/Connection.php(398): Illuminate\\Database\\Connection->run()
#9 /home/yamojr/devyamo/edusaas/edusaas/vendor/laravel/framework/src/Illuminate/Database/Connection.php(344): Illuminate\\Database\\Connection->select()
#10 /home/yamojr/devyamo/edusaas/edusaas/vendor/laravel/framework/src/Illuminate/Database/Connection.php(361): Illuminate\\Database\\Connection->selectOne()
#11 /home/yamojr/devyamo/edusaas/edusaas/vendor/laravel/framework/src/Illuminate/Database/Schema/SQLiteBuilder.php(44): Illuminate\\Database\\Connection->scalar()
#12 /home/yamojr/devyamo/edusaas/edusaas/vendor/laravel/framework/src/Illuminate/Database/Migrations/DatabaseMigrationRepository.php(184): Illuminate\\Database\\Schema\\SQLiteBuilder->hasTable()
#13 /home/yamojr/devyamo/edusaas/edusaas/vendor/laravel/framework/src/Illuminate/Database/Migrations/Migrator.php(742): Illuminate\\Database\\Migrations\\DatabaseMigrationRepository->repositoryExists()
#14 /home/yamojr/devyamo/edusaas/edusaas/vendor/laravel/framework/src/Illuminate/Database/Console/Migrations/FreshCommand.php(68): Illuminate\\Database\\Migrations\\Migrator->repositoryExists()
#15 /home/yamojr/devyamo/edusaas/edusaas/vendor/laravel/framework/src/Illuminate/Database/Migrations/Migrator.php(658): Illuminate\\Database\\Console\\Migrations\\FreshCommand->{closure:Illuminate\\Database\\Console\\Migrations\\FreshCommand::handle():67}()
#16 /home/yamojr/devyamo/edusaas/edusaas/vendor/laravel/framework/src/Illuminate/Database/Console/Migrations/FreshCommand.php(67): Illuminate\\Database\\Migrations\\Migrator->usingConnection()
#17 /home/yamojr/devyamo/edusaas/edusaas/vendor/laravel/framework/src/Illuminate/Container/BoundMethod.php(36): Illuminate\\Database\\Console\\Migrations\\FreshCommand->handle()
#18 /home/yamojr/devyamo/edusaas/edusaas/vendor/laravel/framework/src/Illuminate/Container/Util.php(43): Illuminate\\Container\\BoundMethod::{closure:Illuminate\\Container\\BoundMethod::call():35}()
#19 /home/yamojr/devyamo/edusaas/edusaas/vendor/laravel/framework/src/Illuminate/Container/BoundMethod.php(95): Illuminate\\Container\\Util::unwrapIfClosure()
#20 /home/yamojr/devyamo/edusaas/edusaas/vendor/laravel/framework/src/Illuminate/Container/BoundMethod.php(35): Illuminate\\Container\\BoundMethod::callBoundMethod()
#21 /home/yamojr/devyamo/edusaas/edusaas/vendor/laravel/framework/src/Illuminate/Container/Container.php(696): Illuminate\\Container\\BoundMethod::call()
#22 /home/yamojr/devyamo/edusaas/edusaas/vendor/laravel/framework/src/Illuminate/Console/Command.php(213): Illuminate\\Container\\Container->call()
#23 /home/yamojr/devyamo/edusaas/edusaas/vendor/symfony/console/Command/Command.php(341): Illuminate\\Console\\Command->execute()
#24 /home/yamojr/devyamo/edusaas/edusaas/vendor/laravel/framework/src/Illuminate/Console/Command.php(182): Symfony\\Component\\Console\\Command\\Command->run()
#25 /home/yamojr/devyamo/edusaas/edusaas/vendor/symfony/console/Application.php(1117): Illuminate\\Console\\Command->run()
#26 /home/yamojr/devyamo/edusaas/edusaas/vendor/symfony/console/Application.php(356): Symfony\\Component\\Console\\Application->doRunCommand()
#27 /home/yamojr/devyamo/edusaas/edusaas/vendor/symfony/console/Application.php(195): Symfony\\Component\\Console\\Application->doRun()
#28 /home/yamojr/devyamo/edusaas/edusaas/vendor/laravel/framework/src/Illuminate/Foundation/Console/Kernel.php(198): Symfony\\Component\\Console\\Application->run()
#29 /home/yamojr/devyamo/edusaas/edusaas/vendor/laravel/framework/src/Illuminate/Foundation/Application.php(1235): Illuminate\\Foundation\\Console\\Kernel->handle()
#30 /home/yamojr/devyamo/edusaas/edusaas/artisan(12): Illuminate\\Foundation\\Application->handleCommand()
#31 {main}
"} 
[2026-03-22 02:22:05] local.ERROR: could not find driver (Connection: sqlite, SQL: PRAGMA foreign_keys = ON;) {"exception":"[object] (Illuminate\\Database\\QueryException(code: 0): could not find driver (Connection: sqlite, SQL: PRAGMA foreign_keys = ON;) at /home/yamojr/devyamo/edusaas/edusaas/vendor/laravel/framework/src/Illuminate/Database/Connection.php:825)
[stacktrace]
#0 /home/yamojr/devyamo/edusaas/edusaas/vendor/laravel/framework/src/Illuminate/Database/Connection.php(779): Illuminate\\Database\\Connection->runQueryCallback()
#1 /home/yamojr/devyamo/edusaas/edusaas/vendor/laravel/framework/src/Illuminate/Database/Connection.php(560): Illuminate\\Database\\Connection->run()
#2 /home/yamojr/devyamo/edusaas/edusaas/vendor/laravel/framework/src/Illuminate/Database/Schema/Builder.php(522): Illuminate\\Database\\Connection->statement()
#3 /home/yamojr/devyamo/edusaas/edusaas/vendor/laravel/framework/src/Illuminate/Database/SQLiteConnection.php(59): Illuminate\\Database\\Schema\\Builder->enableForeignKeyConstraints()
#4 /home/yamojr/devyamo/edusaas/edusaas/vendor/laravel/framework/src/Illuminate/Database/SQLiteConnection.php(28): Illuminate\\Database\\SQLiteConnection->configureForeignKeyConstraints()
#5 /home/yamojr/devyamo/edusaas/edusaas/vendor/laravel/framework/src/Illuminate/Database/Connectors/ConnectionFactory.php(277): Illuminate\\Database\\SQLiteConnection->__construct()
#6 /home/yamojr/devyamo/edusaas/edusaas/vendor/laravel/framework/src/Illuminate/Database/Connectors/ConnectionFactory.php(76): Illuminate\\Database\\Connectors\\ConnectionFactory->createConnection()
#7 /home/yamojr/devyamo/edusaas/edusaas/vendor/laravel/framework/src/Illuminate/Database/Connectors/ConnectionFactory.php(51): Illuminate\\Database\\Connectors\\ConnectionFactory->createSingleConnection()
#8 /home/yamojr/devyamo/edusaas/edusaas/vendor/laravel/framework/src/Illuminate/Database/DatabaseManager.php(207): Illuminate\\Database\\Connectors\\ConnectionFactory->make()
#9 /home/yamojr/devyamo/edusaas/edusaas/vendor/laravel/framework/src/Illuminate/Database/DatabaseManager.php(103): Illuminate\\Database\\DatabaseManager->makeConnection()
#10 /home/yamojr/devyamo/edusaas/edusaas/vendor/laravel/framework/src/Illuminate/Database/Migrations/DatabaseMigrationRepository.php(226): Illuminate\\Database\\DatabaseManager->connection()
#11 /home/yamojr/devyamo/edusaas/edusaas/vendor/laravel/framework/src/Illuminate/Database/Migrations/DatabaseMigrationRepository.php(182): Illuminate\\Database\\Migrations\\DatabaseMigrationRepository->getConnection()
#12 /home/yamojr/devyamo/edusaas/edusaas/vendor/laravel/framework/src/Illuminate/Database/Migrations/Migrator.php(742): Illuminate\\Database\\Migrations\\DatabaseMigrationRepository->repositoryExists()
#13 /home/yamojr/devyamo/edusaas/edusaas/vendor/laravel/framework/src/Illuminate/Database/Console/Migrations/FreshCommand.php(68): Illuminate\\Database\\Migrations\\Migrator->repositoryExists()
#14 /home/yamojr/devyamo/edusaas/edusaas/vendor/laravel/framework/src/Illuminate/Database/Migrations/Migrator.php(658): Illuminate\\Database\\Console\\Migrations\\FreshCommand->{closure:Illuminate\\Database\\Console\\Migrations\\FreshCommand::handle():67}()
#15 /home/yamojr/devyamo/edusaas/edusaas/vendor/laravel/framework/src/Illuminate/Database/Console/Migrations/FreshCommand.php(67): Illuminate\\Database\\Migrations\\Migrator->usingConnection()
#16 /home/yamojr/devyamo/edusaas/edusaas/vendor/laravel/framework/src/Illuminate/Container/BoundMethod.php(36): Illuminate\\Database\\Console\\Migrations\\FreshCommand->handle()
#17 /home/yamojr/devyamo/edusaas/edusaas/vendor/laravel/framework/src/Illuminate/Container/Util.php(43): Illuminate\\Container\\BoundMethod::{closure:Illuminate\\Container\\BoundMethod::call():35}()
#18 /home/yamojr/devyamo/edusaas/edusaas/vendor/laravel/framework/src/Illuminate/Container/BoundMethod.php(95): Illuminate\\Container\\Util::unwrapIfClosure()
#19 /home/yamojr/devyamo/edusaas/edusaas/vendor/laravel/framework/src/Illuminate/Container/BoundMethod.php(35): Illuminate\\Container\\BoundMethod::callBoundMethod()
#20 /home/yamojr/devyamo/edusaas/edusaas/vendor/laravel/framework/src/Illuminate/Container/Container.php(696): Illuminate\\Container\\BoundMethod::call()
#21 /home/yamojr/devyamo/edusaas/edusaas/vendor/laravel/framework/src/Illuminate/Console/Command.php(213): Illuminate\\Container\\Container->call()
#22 /home/yamojr/devyamo/edusaas/edusaas/vendor/symfony/console/Command/Command.php(341): Illuminate\\Console\\Command->execute()
#23 /home/yamojr/devyamo/edusaas/edusaas/vendor/laravel/framework/src/Illuminate/Console/Command.php(182): Symfony\\Component\\Console\\Command\\Command->run()
#24 /home/yamojr/devyamo/edusaas/edusaas/vendor/symfony/console/Application.php(1117): Illuminate\\Console\\Command->run()
#25 /home/yamojr/devyamo/edusaas/edusaas/vendor/symfony/console/Application.php(356): Symfony\\Component\\Console\\Application->doRunCommand()
#26 /home/yamojr/devyamo/edusaas/edusaas/vendor/symfony/console/Application.php(195): Symfony\\Component\\Console\\Application->doRun()
#27 /home/yamojr/devyamo/edusaas/edusaas/vendor/laravel/framework/src/Illuminate/Foundation/Console/Kernel.php(198): Symfony\\Component\\Console\\Application->run()
#28 /home/yamojr/devyamo/edusaas/edusaas/vendor/laravel/framework/src/Illuminate/Foundation/Application.php(1235): Illuminate\\Foundation\\Console\\Kernel->handle()
#29 /home/yamojr/devyamo/edusaas/edusaas/artisan(12): Illuminate\\Foundation\\Application->handleCommand()
#30 {main}

[previous exception] [object] (PDOException(code: 0): could not find driver at /home/yamojr/devyamo/edusaas/edusaas/vendor/laravel/framework/src/Illuminate/Database/Connectors/Connector.php:67)
[stacktrace]
#0 /home/yamojr/devyamo/edusaas/edusaas/vendor/laravel/framework/src/Illuminate/Database/Connectors/Connector.php(67): PDO::connect()
#1 /home/yamojr/devyamo/edusaas/edusaas/vendor/laravel/framework/src/Illuminate/Database/Connectors/Connector.php(44): Illuminate\\Database\\Connectors\\Connector->createPdoConnection()
#2 /home/yamojr/devyamo/edusaas/edusaas/vendor/laravel/framework/src/Illuminate/Database/Connectors/SQLiteConnector.php(40): Illuminate\\Database\\Connectors\\Connector->createConnection()
#3 /home/yamojr/devyamo/edusaas/edusaas/vendor/laravel/framework/src/Illuminate/Database/Connectors/ConnectionFactory.php(224): Illuminate\\Database\\Connectors\\SQLiteConnector->connect()
#4 [internal function]: Illuminate\\Database\\Connectors\\ConnectionFactory->{closure:Illuminate\\Database\\Connectors\\ConnectionFactory::createPdoResolverWithoutHosts():224}()
#5 /home/yamojr/devyamo/edusaas/edusaas/vendor/laravel/framework/src/Illuminate/Database/Connection.php(1231): call_user_func()
#6 /home/yamojr/devyamo/edusaas/edusaas/vendor/laravel/framework/src/Illuminate/Database/Connection.php(565): Illuminate\\Database\\Connection->getPdo()
#7 /home/yamojr/devyamo/edusaas/edusaas/vendor/laravel/framework/src/Illuminate/Database/Connection.php(812): Illuminate\\Database\\Connection->{closure:Illuminate\\Database\\Connection::statement():560}()
#8 /home/yamojr/devyamo/edusaas/edusaas/vendor/laravel/framework/src/Illuminate/Database/Connection.php(779): Illuminate\\Database\\Connection->runQueryCallback()
#9 /home/yamojr/devyamo/edusaas/edusaas/vendor/laravel/framework/src/Illuminate/Database/Connection.php(560): Illuminate\\Database\\Connection->run()
#10 /home/yamojr/devyamo/edusaas/edusaas/vendor/laravel/framework/src/Illuminate/Database/Schema/Builder.php(522): Illuminate\\Database\\Connection->statement()
#11 /home/yamojr/devyamo/edusaas/edusaas/vendor/laravel/framework/src/Illuminate/Database/SQLiteConnection.php(59): Illuminate\\Database\\Schema\\Builder->enableForeignKeyConstraints()
#12 /home/yamojr/devyamo/edusaas/edusaas/vendor/laravel/framework/src/Illuminate/Database/SQLiteConnection.php(28): Illuminate\\Database\\SQLiteConnection->configureForeignKeyConstraints()
#13 /home/yamojr/devyamo/edusaas/edusaas/vendor/laravel/framework/src/Illuminate/Database/Connectors/ConnectionFactory.php(277): Illuminate\\Database\\SQLiteConnection->__construct()
#14 /home/yamojr/devyamo/edusaas/edusaas/vendor/laravel/framework/src/Illuminate/Database/Connectors/ConnectionFactory.php(76): Illuminate\\Database\\Connectors\\ConnectionFactory->createConnection()
#15 /home/yamojr/devyamo/edusaas/edusaas/vendor/laravel/framework/src/Illuminate/Database/Connectors/ConnectionFactory.php(51): Illuminate\\Database\\Connectors\\ConnectionFactory->createSingleConnection()
#16 /home/yamojr/devyamo/edusaas/edusaas/vendor/laravel/framework/src/Illuminate/Database/DatabaseManager.php(207): Illuminate\\Database\\Connectors\\ConnectionFactory->make()
#17 /home/yamojr/devyamo/edusaas/edusaas/vendor/laravel/framework/src/Illuminate/Database/DatabaseManager.php(103): Illuminate\\Database\\DatabaseManager->makeConnection()
#18 /home/yamojr/devyamo/edusaas/edusaas/vendor/laravel/framework/src/Illuminate/Database/Migrations/DatabaseMigrationRepository.php(226): Illuminate\\Database\\DatabaseManager->connection()
#19 /home/yamojr/devyamo/edusaas/edusaas/vendor/laravel/framework/src/Illuminate/Database/Migrations/DatabaseMigrationRepository.php(182): Illuminate\\Database\\Migrations\\DatabaseMigrationRepository->getConnection()
#20 /home/yamojr/devyamo/edusaas/edusaas/vendor/laravel/framework/src/Illuminate/Database/Migrations/Migrator.php(742): Illuminate\\Database\\Migrations\\DatabaseMigrationRepository->repositoryExists()
#21 /home/yamojr/devyamo/edusaas/edusaas/vendor/laravel/framework/src/Illuminate/Database/Console/Migrations/FreshCommand.php(68): Illuminate\\Database\\Migrations\\Migrator->repositoryExists()
#22 /home/yamojr/devyamo/edusaas/edusaas/vendor/laravel/framework/src/Illuminate/Database/Migrations/Migrator.php(658): Illuminate\\Database\\Console\\Migrations\\FreshCommand->{closure:Illuminate\\Database\\Console\\Migrations\\FreshCommand::handle():67}()
#23 /home/yamojr/devyamo/edusaas/edusaas/vendor/laravel/framework/src/Illuminate/Database/Console/Migrations/FreshCommand.php(67): Illuminate\\Database\\Migrations\\Migrator->usingConnection()
#24 /home/yamojr/devyamo/edusaas/edusaas/vendor/laravel/framework/src/Illuminate/Container/BoundMethod.php(36): Illuminate\\Database\\Console\\Migrations\\FreshCommand->handle()
#25 /home/yamojr/devyamo/edusaas/edusaas/vendor/laravel/framework/src/Illuminate/Container/Util.php(43): Illuminate\\Container\\BoundMethod::{closure:Illuminate\\Container\\BoundMethod::call():35}()
#26 /home/yamojr/devyamo/edusaas/edusaas/vendor/laravel/framework/src/Illuminate/Container/BoundMethod.php(95): Illuminate\\Container\\Util::unwrapIfClosure()
#27 /home/yamojr/devyamo/edusaas/edusaas/vendor/laravel/framework/src/Illuminate/Container/BoundMethod.php(35): Illuminate\\Container\\BoundMethod::callBoundMethod()
#28 /home/yamojr/devyamo/edusaas/edusaas/vendor/laravel/framework/src/Illuminate/Container/Container.php(696): Illuminate\\Container\\BoundMethod::call()
#29 /home/yamojr/devyamo/edusaas/edusaas/vendor/laravel/framework/src/Illuminate/Console/Command.php(213): Illuminate\\Container\\Container->call()
#30 /home/yamojr/devyamo/edusaas/edusaas/vendor/symfony/console/Command/Command.php(341): Illuminate\\Console\\Command->execute()
#31 /home/yamojr/devyamo/edusaas/edusaas/vendor/laravel/framework/src/Illuminate/Console/Command.php(182): Symfony\\Component\\Console\\Command\\Command->run()
#32 /home/yamojr/devyamo/edusaas/edusaas/vendor/symfony/console/Application.php(1117): Illuminate\\Console\\Command->run()
#33 /home/yamojr/devyamo/edusaas/edusaas/vendor/symfony/console/Application.php(356): Symfony\\Component\\Console\\Application->doRunCommand()
#34 /home/yamojr/devyamo/edusaas/edusaas/vendor/symfony/console/Application.php(195): Symfony\\Component\\Console\\Application->doRun()
#35 /home/yamojr/devyamo/edusaas/edusaas/vendor/laravel/framework/src/Illuminate/Foundation/Console/Kernel.php(198): Symfony\\Component\\Console\\Application->run()
#36 /home/yamojr/devyamo/edusaas/edusaas/vendor/laravel/framework/src/Illuminate/Foundation/Application.php(1235): Illuminate\\Foundation\\Console\\Kernel->handle()
#37 /home/yamojr/devyamo/edusaas/edusaas/artisan(12): Illuminate\\Foundation\\Application->handleCommand()
#38 {main}
"} 
[2026-03-22 02:23:56] local.ERROR: SQLSTATE[HY000] [1049] Unknown database 'edusaas' (Connection: mysql, SQL: select exists (select 1 from information_schema.tables where table_schema = 'edusaas' and table_name = 'migrations' and table_type in ('BASE TABLE', 'SYSTEM VERSIONED')) as `exists`) {"exception":"[object] (Illuminate\\Database\\QueryException(code: 1049): SQLSTATE[HY000] [1049] Unknown database 'edusaas' (Connection: mysql, SQL: select exists (select 1 from information_schema.tables where table_schema = 'edusaas' and table_name = 'migrations' and table_type in ('BASE TABLE', 'SYSTEM VERSIONED')) as `exists`) at /home/yamojr/devyamo/edusaas/edusaas/vendor/laravel/framework/src/Illuminate/Database/Connection.php:825)
[stacktrace]
#0 /home/yamojr/devyamo/edusaas/edusaas/vendor/laravel/framework/src/Illuminate/Database/Connection.php(779): Illuminate\\Database\\Connection->runQueryCallback()
#1 /home/yamojr/devyamo/edusaas/edusaas/vendor/laravel/framework/src/Illuminate/Database/Connection.php(398): Illuminate\\Database\\Connection->run()
#2 /home/yamojr/devyamo/edusaas/edusaas/vendor/laravel/framework/src/Illuminate/Database/Connection.php(344): Illuminate\\Database\\Connection->select()
#3 /home/yamojr/devyamo/edusaas/edusaas/vendor/laravel/framework/src/Illuminate/Database/Connection.php(361): Illuminate\\Database\\Connection->selectOne()
#4 /home/yamojr/devyamo/edusaas/edusaas/vendor/laravel/framework/src/Illuminate/Database/Schema/MySqlBuilder.php(45): Illuminate\\Database\\Connection->scalar()
#5 /home/yamojr/devyamo/edusaas/edusaas/vendor/laravel/framework/src/Illuminate/Database/Migrations/DatabaseMigrationRepository.php(184): Illuminate\\Database\\Schema\\MySqlBuilder->hasTable()
#6 /home/yamojr/devyamo/edusaas/edusaas/vendor/laravel/framework/src/Illuminate/Database/Migrations/Migrator.php(742): Illuminate\\Database\\Migrations\\DatabaseMigrationRepository->repositoryExists()
#7 /home/yamojr/devyamo/edusaas/edusaas/vendor/laravel/framework/src/Illuminate/Database/Console/Migrations/FreshCommand.php(68): Illuminate\\Database\\Migrations\\Migrator->repositoryExists()
#8 /home/yamojr/devyamo/edusaas/edusaas/vendor/laravel/framework/src/Illuminate/Database/Migrations/Migrator.php(658): Illuminate\\Database\\Console\\Migrations\\FreshCommand->{closure:Illuminate\\Database\\Console\\Migrations\\FreshCommand::handle():67}()
#9 /home/yamojr/devyamo/edusaas/edusaas/vendor/laravel/framework/src/Illuminate/Database/Console/Migrations/FreshCommand.php(67): Illuminate\\Database\\Migrations\\Migrator->usingConnection()
#10 /home/yamojr/devyamo/edusaas/edusaas/vendor/laravel/framework/src/Illuminate/Container/BoundMethod.php(36): Illuminate\\Database\\Console\\Migrations\\FreshCommand->handle()
#11 /home/yamojr/devyamo/edusaas/edusaas/vendor/laravel/framework/src/Illuminate/Container/Util.php(43): Illuminate\\Container\\BoundMethod::{closure:Illuminate\\Container\\BoundMethod::call():35}()
#12 /home/yamojr/devyamo/edusaas/edusaas/vendor/laravel/framework/src/Illuminate/Container/BoundMethod.php(95): Illuminate\\Container\\Util::unwrapIfClosure()
#13 /home/yamojr/devyamo/edusaas/edusaas/vendor/laravel/framework/src/Illuminate/Container/BoundMethod.php(35): Illuminate\\Container\\BoundMethod::callBoundMethod()
#14 /home/yamojr/devyamo/edusaas/edusaas/vendor/laravel/framework/src/Illuminate/Container/Container.php(696): Illuminate\\Container\\BoundMethod::call()
#15 /home/yamojr/devyamo/edusaas/edusaas/vendor/laravel/framework/src/Illuminate/Console/Command.php(213): Illuminate\\Container\\Container->call()
#16 /home/yamojr/devyamo/edusaas/edusaas/vendor/symfony/console/Command/Command.php(341): Illuminate\\Console\\Command->execute()
#17 /home/yamojr/devyamo/edusaas/edusaas/vendor/laravel/framework/src/Illuminate/Console/Command.php(182): Symfony\\Component\\Console\\Command\\Command->run()
#18 /home/yamojr/devyamo/edusaas/edusaas/vendor/symfony/console/Application.php(1117): Illuminate\\Console\\Command->run()
#19 /home/yamojr/devyamo/edusaas/edusaas/vendor/symfony/console/Application.php(356): Symfony\\Component\\Console\\Application->doRunCommand()
#20 /home/yamojr/devyamo/edusaas/edusaas/vendor/symfony/console/Application.php(195): Symfony\\Component\\Console\\Application->doRun()
#21 /home/yamojr/devyamo/edusaas/edusaas/vendor/laravel/framework/src/Illuminate/Foundation/Console/Kernel.php(198): Symfony\\Component\\Console\\Application->run()
#22 /home/yamojr/devyamo/edusaas/edusaas/vendor/laravel/framework/src/Illuminate/Foundation/Application.php(1235): Illuminate\\Foundation\\Console\\Kernel->handle()
#23 /home/yamojr/devyamo/edusaas/edusaas/artisan(12): Illuminate\\Foundation\\Application->handleCommand()
#24 {main}

[previous exception] [object] (PDOException(code: 1049): SQLSTATE[HY000] [1049] Unknown database 'edusaas' at /home/yamojr/devyamo/edusaas/edusaas/vendor/laravel/framework/src/Illuminate/Database/Connectors/Connector.php:67)
[stacktrace]
#0 /home/yamojr/devyamo/edusaas/edusaas/vendor/laravel/framework/src/Illuminate/Database/Connectors/Connector.php(67): PDO::connect()
#1 /home/yamojr/devyamo/edusaas/edusaas/vendor/laravel/framework/src/Illuminate/Database/Connectors/Connector.php(44): Illuminate\\Database\\Connectors\\Connector->createPdoConnection()
#2 /home/yamojr/devyamo/edusaas/edusaas/vendor/laravel/framework/src/Illuminate/Database/Connectors/MySqlConnector.php(24): Illuminate\\Database\\Connectors\\Connector->createConnection()
#3 /home/yamojr/devyamo/edusaas/edusaas/vendor/laravel/framework/src/Illuminate/Database/Connectors/ConnectionFactory.php(185): Illuminate\\Database\\Connectors\\MySqlConnector->connect()
#4 [internal function]: Illuminate\\Database\\Connectors\\ConnectionFactory->{closure:Illuminate\\Database\\Connectors\\ConnectionFactory::createPdoResolverWithHosts():180}()
#5 /home/yamojr/devyamo/edusaas/edusaas/vendor/laravel/framework/src/Illuminate/Database/Connection.php(1231): call_user_func()
#6 /home/yamojr/devyamo/edusaas/edusaas/vendor/laravel/framework/src/Illuminate/Database/Connection.php(1267): Illuminate\\Database\\Connection->getPdo()
#7 /home/yamojr/devyamo/edusaas/edusaas/vendor/laravel/framework/src/Illuminate/Database/Connection.php(512): Illuminate\\Database\\Connection->getReadPdo()
#8 /home/yamojr/devyamo/edusaas/edusaas/vendor/laravel/framework/src/Illuminate/Database/Connection.php(407): Illuminate\\Database\\Connection->getPdoForSelect()
#9 /home/yamojr/devyamo/edusaas/edusaas/vendor/laravel/framework/src/Illuminate/Database/Connection.php(812): Illuminate\\Database\\Connection->{closure:Illuminate\\Database\\Connection::select():398}()
#10 /home/yamojr/devyamo/edusaas/edusaas/vendor/laravel/framework/src/Illuminate/Database/Connection.php(779): Illuminate\\Database\\Connection->runQueryCallback()
#11 /home/yamojr/devyamo/edusaas/edusaas/vendor/laravel/framework/src/Illuminate/Database/Connection.php(398): Illuminate\\Database\\Connection->run()
#12 /home/yamojr/devyamo/edusaas/edusaas/vendor/laravel/framework/src/Illuminate/Database/Connection.php(344): Illuminate\\Database\\Connection->select()
#13 /home/yamojr/devyamo/edusaas/edusaas/vendor/laravel/framework/src/Illuminate/Database/Connection.php(361): Illuminate\\Database\\Connection->selectOne()
#14 /home/yamojr/devyamo/edusaas/edusaas/vendor/laravel/framework/src/Illuminate/Database/Schema/MySqlBuilder.php(45): Illuminate\\Database\\Connection->scalar()
#15 /home/yamojr/devyamo/edusaas/edusaas/vendor/laravel/framework/src/Illuminate/Database/Migrations/DatabaseMigrationRepository.php(184): Illuminate\\Database\\Schema\\MySqlBuilder->hasTable()
#16 /home/yamojr/devyamo/edusaas/edusaas/vendor/laravel/framework/src/Illuminate/Database/Migrations/Migrator.php(742): Illuminate\\Database\\Migrations\\DatabaseMigrationRepository->repositoryExists()
#17 /home/yamojr/devyamo/edusaas/edusaas/vendor/laravel/framework/src/Illuminate/Database/Console/Migrations/FreshCommand.php(68): Illuminate\\Database\\Migrations\\Migrator->repositoryExists()
#18 /home/yamojr/devyamo/edusaas/edusaas/vendor/laravel/framework/src/Illuminate/Database/Migrations/Migrator.php(658): Illuminate\\Database\\Console\\Migrations\\FreshCommand->{closure:Illuminate\\Database\\Console\\Migrations\\FreshCommand::handle():67}()
#19 /home/yamojr/devyamo/edusaas/edusaas/vendor/laravel/framework/src/Illuminate/Database/Console/Migrations/FreshCommand.php(67): Illuminate\\Database\\Migrations\\Migrator->usingConnection()
#20 /home/yamojr/devyamo/edusaas/edusaas/vendor/laravel/framework/src/Illuminate/Container/BoundMethod.php(36): Illuminate\\Database\\Console\\Migrations\\FreshCommand->handle()
#21 /home/yamojr/devyamo/edusaas/edusaas/vendor/laravel/framework/src/Illuminate/Container/Util.php(43): Illuminate\\Container\\BoundMethod::{closure:Illuminate\\Container\\BoundMethod::call():35}()
#22 /home/yamojr/devyamo/edusaas/edusaas/vendor/laravel/framework/src/Illuminate/Container/BoundMethod.php(95): Illuminate\\Container\\Util::unwrapIfClosure()
#23 /home/yamojr/devyamo/edusaas/edusaas/vendor/laravel/framework/src/Illuminate/Container/BoundMethod.php(35): Illuminate\\Container\\BoundMethod::callBoundMethod()
#24 /home/yamojr/devyamo/edusaas/edusaas/vendor/laravel/framework/src/Illuminate/Container/Container.php(696): Illuminate\\Container\\BoundMethod::call()
#25 /home/yamojr/devyamo/edusaas/edusaas/vendor/laravel/framework/src/Illuminate/Console/Command.php(213): Illuminate\\Container\\Container->call()
#26 /home/yamojr/devyamo/edusaas/edusaas/vendor/symfony/console/Command/Command.php(341): Illuminate\\Console\\Command->execute()
#27 /home/yamojr/devyamo/edusaas/edusaas/vendor/laravel/framework/src/Illuminate/Console/Command.php(182): Symfony\\Component\\Console\\Command\\Command->run()
#28 /home/yamojr/devyamo/edusaas/edusaas/vendor/symfony/console/Application.php(1117): Illuminate\\Console\\Command->run()
#29 /home/yamojr/devyamo/edusaas/edusaas/vendor/symfony/console/Application.php(356): Symfony\\Component\\Console\\Application->doRunCommand()
#30 /home/yamojr/devyamo/edusaas/edusaas/vendor/symfony/console/Application.php(195): Symfony\\Component\\Console\\Application->doRun()
#31 /home/yamojr/devyamo/edusaas/edusaas/vendor/laravel/framework/src/Illuminate/Foundation/Console/Kernel.php(198): Symfony\\Component\\Console\\Application->run()
#32 /home/yamojr/devyamo/edusaas/edusaas/vendor/laravel/framework/src/Illuminate/Foundation/Application.php(1235): Illuminate\\Foundation\\Console\\Kernel->handle()
#33 /home/yamojr/devyamo/edusaas/edusaas/artisan(12): Illuminate\\Foundation\\Application->handleCommand()
#34 {main}
"} 
[2026-03-22 02:24:48] local.ERROR: Class "Redis" not found {"exception":"[object] (Error(code: 0): Class \"Redis\" not found at /home/yamojr/devyamo/edusaas/edusaas/vendor/laravel/framework/src/Illuminate/Redis/Connectors/PhpRedisConnector.php:79)
[stacktrace]
#0 /home/yamojr/devyamo/edusaas/edusaas/vendor/laravel/framework/src/Illuminate/Redis/Connectors/PhpRedisConnector.php(33): Illuminate\\Redis\\Connectors\\PhpRedisConnector->createClient()
#1 /home/yamojr/devyamo/edusaas/edusaas/vendor/laravel/framework/src/Illuminate/Redis/Connectors/PhpRedisConnector.php(38): Illuminate\\Redis\\Connectors\\PhpRedisConnector->{closure:Illuminate\\Redis\\Connectors\\PhpRedisConnector::connect():32}()
#2 /home/yamojr/devyamo/edusaas/edusaas/vendor/laravel/framework/src/Illuminate/Redis/RedisManager.php(110): Illuminate\\Redis\\Connectors\\PhpRedisConnector->connect()
#3 /home/yamojr/devyamo/edusaas/edusaas/vendor/laravel/framework/src/Illuminate/Redis/RedisManager.php(91): Illuminate\\Redis\\RedisManager->resolve()
#4 /home/yamojr/devyamo/edusaas/edusaas/vendor/laravel/framework/src/Illuminate/Cache/RedisStore.php(357): Illuminate\\Redis\\RedisManager->connection()
#5 /home/yamojr/devyamo/edusaas/edusaas/vendor/laravel/framework/src/Illuminate/Cache/RedisStore.php(260): Illuminate\\Cache\\RedisStore->connection()
#6 /home/yamojr/devyamo/edusaas/edusaas/vendor/laravel/framework/src/Illuminate/Cache/Repository.php(534): Illuminate\\Cache\\RedisStore->forget()
#7 /home/yamojr/devyamo/edusaas/edusaas/vendor/spatie/laravel-permission/src/PermissionRegistrar.php(145): Illuminate\\Cache\\Repository->forget()
#8 /home/yamojr/devyamo/edusaas/edusaas/database/seeders/RolesAndPermissionsSeeder.php(15): Spatie\\Permission\\PermissionRegistrar->forgetCachedPermissions()
#9 /home/yamojr/devyamo/edusaas/edusaas/vendor/laravel/framework/src/Illuminate/Container/BoundMethod.php(36): Database\\Seeders\\RolesAndPermissionsSeeder->run()
#10 /home/yamojr/devyamo/edusaas/edusaas/vendor/laravel/framework/src/Illuminate/Container/Util.php(43): Illuminate\\Container\\BoundMethod::{closure:Illuminate\\Container\\BoundMethod::call():35}()
#11 /home/yamojr/devyamo/edusaas/edusaas/vendor/laravel/framework/src/Illuminate/Container/BoundMethod.php(95): Illuminate\\Container\\Util::unwrapIfClosure()
#12 /home/yamojr/devyamo/edusaas/edusaas/vendor/laravel/framework/src/Illuminate/Container/BoundMethod.php(35): Illuminate\\Container\\BoundMethod::callBoundMethod()
#13 /home/yamojr/devyamo/edusaas/edusaas/vendor/laravel/framework/src/Illuminate/Container/Container.php(696): Illuminate\\Container\\BoundMethod::call()
#14 /home/yamojr/devyamo/edusaas/edusaas/vendor/laravel/framework/src/Illuminate/Database/Seeder.php(188): Illuminate\\Container\\Container->call()
#15 /home/yamojr/devyamo/edusaas/edusaas/vendor/laravel/framework/src/Illuminate/Database/Seeder.php(197): Illuminate\\Database\\Seeder->{closure:Illuminate\\Database\\Seeder::__invoke():187}()
#16 /home/yamojr/devyamo/edusaas/edusaas/vendor/laravel/framework/src/Illuminate/Database/Seeder.php(61): Illuminate\\Database\\Seeder->__invoke()
#17 /home/yamojr/devyamo/edusaas/edusaas/database/seeders/DatabaseSeeder.php(14): Illuminate\\Database\\Seeder->call()
#18 /home/yamojr/devyamo/edusaas/edusaas/vendor/laravel/framework/src/Illuminate/Container/BoundMethod.php(36): Database\\Seeders\\DatabaseSeeder->run()
#19 /home/yamojr/devyamo/edusaas/edusaas/vendor/laravel/framework/src/Illuminate/Container/Util.php(43): Illuminate\\Container\\BoundMethod::{closure:Illuminate\\Container\\BoundMethod::call():35}()
#20 /home/yamojr/devyamo/edusaas/edusaas/vendor/laravel/framework/src/Illuminate/Container/BoundMethod.php(95): Illuminate\\Container\\Util::unwrapIfClosure()
#21 /home/yamojr/devyamo/edusaas/edusaas/vendor/laravel/framework/src/Illuminate/Container/BoundMethod.php(35): Illuminate\\Container\\BoundMethod::callBoundMethod()
#22 /home/yamojr/devyamo/edusaas/edusaas/vendor/laravel/framework/src/Illuminate/Container/Container.php(696): Illuminate\\Container\\BoundMethod::call()
#23 /home/yamojr/devyamo/edusaas/edusaas/vendor/laravel/framework/src/Illuminate/Database/Seeder.php(188): Illuminate\\Container\\Container->call()
#24 /home/yamojr/devyamo/edusaas/edusaas/vendor/laravel/framework/src/Illuminate/Database/Seeder.php(197): Illuminate\\Database\\Seeder->{closure:Illuminate\\Database\\Seeder::__invoke():187}()
#25 /home/yamojr/devyamo/edusaas/edusaas/vendor/laravel/framework/src/Illuminate/Database/Console/Seeds/SeedCommand.php(70): Illuminate\\Database\\Seeder->__invoke()
#26 /home/yamojr/devyamo/edusaas/edusaas/vendor/laravel/framework/src/Illuminate/Database/Eloquent/Concerns/GuardsAttributes.php(155): Illuminate\\Database\\Console\\Seeds\\SeedCommand->{closure:Illuminate\\Database\\Console\\Seeds\\SeedCommand::handle():69}()
#27 /home/yamojr/devyamo/edusaas/edusaas/vendor/laravel/framework/src/Illuminate/Database/Console/Seeds/SeedCommand.php(69): Illuminate\\Database\\Eloquent\\Model::unguarded()
#28 /home/yamojr/devyamo/edusaas/edusaas/vendor/laravel/framework/src/Illuminate/Container/BoundMethod.php(36): Illuminate\\Database\\Console\\Seeds\\SeedCommand->handle()
#29 /home/yamojr/devyamo/edusaas/edusaas/vendor/laravel/framework/src/Illuminate/Container/Util.php(43): Illuminate\\Container\\BoundMethod::{closure:Illuminate\\Container\\BoundMethod::call():35}()
#30 /home/yamojr/devyamo/edusaas/edusaas/vendor/laravel/framework/src/Illuminate/Container/BoundMethod.php(95): Illuminate\\Container\\Util::unwrapIfClosure()
#31 /home/yamojr/devyamo/edusaas/edusaas/vendor/laravel/framework/src/Illuminate/Container/BoundMethod.php(35): Illuminate\\Container\\BoundMethod::callBoundMethod()
#32 /home/yamojr/devyamo/edusaas/edusaas/vendor/laravel/framework/src/Illuminate/Container/Container.php(696): Illuminate\\Container\\BoundMethod::call()
#33 /home/yamojr/devyamo/edusaas/edusaas/vendor/laravel/framework/src/Illuminate/Console/Command.php(213): Illuminate\\Container\\Container->call()
#34 /home/yamojr/devyamo/edusaas/edusaas/vendor/symfony/console/Command/Command.php(341): Illuminate\\Console\\Command->execute()
#35 /home/yamojr/devyamo/edusaas/edusaas/vendor/laravel/framework/src/Illuminate/Console/Command.php(182): Symfony\\Component\\Console\\Command\\Command->run()
#36 /home/yamojr/devyamo/edusaas/edusaas/vendor/symfony/console/Application.php(1117): Illuminate\\Console\\Command->run()
#37 /home/yamojr/devyamo/edusaas/edusaas/vendor/symfony/console/Application.php(356): Symfony\\Component\\Console\\Application->doRunCommand()
#38 /home/yamojr/devyamo/edusaas/edusaas/vendor/symfony/console/Application.php(195): Symfony\\Component\\Console\\Application->doRun()
#39 /home/yamojr/devyamo/edusaas/edusaas/vendor/laravel/framework/src/Illuminate/Foundation/Console/Kernel.php(198): Symfony\\Component\\Console\\Application->run()
#40 /home/yamojr/devyamo/edusaas/edusaas/vendor/laravel/framework/src/Illuminate/Foundation/Application.php(1235): Illuminate\\Foundation\\Console\\Kernel->handle()
#41 /home/yamojr/devyamo/edusaas/edusaas/artisan(12): Illuminate\\Foundation\\Application->handleCommand()
#42 {main}
"} 
[2026-03-22 02:25:41] local.ERROR: SQLSTATE[42S02]: Base table or view not found: 1146 Table 'edusaas.role_has_permissions' doesn't exist (Connection: mysql, SQL: truncate table `role_has_permissions`) {"exception":"[object] (Illuminate\\Database\\QueryException(code: 42S02): SQLSTATE[42S02]: Base table or view not found: 1146 Table 'edusaas.role_has_permissions' doesn't exist (Connection: mysql, SQL: truncate table `role_has_permissions`) at /home/yamojr/devyamo/edusaas/edusaas/vendor/laravel/framework/src/Illuminate/Database/Connection.php:825)
[stacktrace]
#0 /home/yamojr/devyamo/edusaas/edusaas/vendor/laravel/framework/src/Illuminate/Database/Connection.php(779): Illuminate\\Database\\Connection->runQueryCallback()
#1 /home/yamojr/devyamo/edusaas/edusaas/vendor/laravel/framework/src/Illuminate/Database/Connection.php(560): Illuminate\\Database\\Connection->run()
#2 /home/yamojr/devyamo/edusaas/edusaas/vendor/laravel/framework/src/Illuminate/Database/Query/Builder.php(4041): Illuminate\\Database\\Connection->statement()
#3 /home/yamojr/devyamo/edusaas/edusaas/database/seeders/RolesAndPermissionsSeeder.php(19): Illuminate\\Database\\Query\\Builder->truncate()
#4 /home/yamojr/devyamo/edusaas/edusaas/vendor/laravel/framework/src/Illuminate/Container/BoundMethod.php(36): Database\\Seeders\\RolesAndPermissionsSeeder->run()
#5 /home/yamojr/devyamo/edusaas/edusaas/vendor/laravel/framework/src/Illuminate/Container/Util.php(43): Illuminate\\Container\\BoundMethod::{closure:Illuminate\\Container\\BoundMethod::call():35}()
#6 /home/yamojr/devyamo/edusaas/edusaas/vendor/laravel/framework/src/Illuminate/Container/BoundMethod.php(95): Illuminate\\Container\\Util::unwrapIfClosure()
#7 /home/yamojr/devyamo/edusaas/edusaas/vendor/laravel/framework/src/Illuminate/Container/BoundMethod.php(35): Illuminate\\Container\\BoundMethod::callBoundMethod()
#8 /home/yamojr/devyamo/edusaas/edusaas/vendor/laravel/framework/src/Illuminate/Container/Container.php(696): Illuminate\\Container\\BoundMethod::call()
#9 /home/yamojr/devyamo/edusaas/edusaas/vendor/laravel/framework/src/Illuminate/Database/Seeder.php(188): Illuminate\\Container\\Container->call()
#10 /home/yamojr/devyamo/edusaas/edusaas/vendor/laravel/framework/src/Illuminate/Database/Seeder.php(197): Illuminate\\Database\\Seeder->{closure:Illuminate\\Database\\Seeder::__invoke():187}()
#11 /home/yamojr/devyamo/edusaas/edusaas/vendor/laravel/framework/src/Illuminate/Database/Seeder.php(61): Illuminate\\Database\\Seeder->__invoke()
#12 /home/yamojr/devyamo/edusaas/edusaas/database/seeders/DatabaseSeeder.php(14): Illuminate\\Database\\Seeder->call()
#13 /home/yamojr/devyamo/edusaas/edusaas/vendor/laravel/framework/src/Illuminate/Container/BoundMethod.php(36): Database\\Seeders\\DatabaseSeeder->run()
#14 /home/yamojr/devyamo/edusaas/edusaas/vendor/laravel/framework/src/Illuminate/Container/Util.php(43): Illuminate\\Container\\BoundMethod::{closure:Illuminate\\Container\\BoundMethod::call():35}()
#15 /home/yamojr/devyamo/edusaas/edusaas/vendor/laravel/framework/src/Illuminate/Container/BoundMethod.php(95): Illuminate\\Container\\Util::unwrapIfClosure()
#16 /home/yamojr/devyamo/edusaas/edusaas/vendor/laravel/framework/src/Illuminate/Container/BoundMethod.php(35): Illuminate\\Container\\BoundMethod::callBoundMethod()
#17 /home/yamojr/devyamo/edusaas/edusaas/vendor/laravel/framework/src/Illuminate/Container/Container.php(696): Illuminate\\Container\\BoundMethod::call()
#18 /home/yamojr/devyamo/edusaas/edusaas/vendor/laravel/framework/src/Illuminate/Database/Seeder.php(188): Illuminate\\Container\\Container->call()
#19 /home/yamojr/devyamo/edusaas/edusaas/vendor/laravel/framework/src/Illuminate/Database/Seeder.php(197): Illuminate\\Database\\Seeder->{closure:Illuminate\\Database\\Seeder::__invoke():187}()
#20 /home/yamojr/devyamo/edusaas/edusaas/vendor/laravel/framework/src/Illuminate/Database/Console/Seeds/SeedCommand.php(70): Illuminate\\Database\\Seeder->__invoke()
#21 /home/yamojr/devyamo/edusaas/edusaas/vendor/laravel/framework/src/Illuminate/Database/Eloquent/Concerns/GuardsAttributes.php(155): Illuminate\\Database\\Console\\Seeds\\SeedCommand->{closure:Illuminate\\Database\\Console\\Seeds\\SeedCommand::handle():69}()
#22 /home/yamojr/devyamo/edusaas/edusaas/vendor/laravel/framework/src/Illuminate/Database/Console/Seeds/SeedCommand.php(69): Illuminate\\Database\\Eloquent\\Model::unguarded()
#23 /home/yamojr/devyamo/edusaas/edusaas/vendor/laravel/framework/src/Illuminate/Container/BoundMethod.php(36): Illuminate\\Database\\Console\\Seeds\\SeedCommand->handle()
#24 /home/yamojr/devyamo/edusaas/edusaas/vendor/laravel/framework/src/Illuminate/Container/Util.php(43): Illuminate\\Container\\BoundMethod::{closure:Illuminate\\Container\\BoundMethod::call():35}()
#25 /home/yamojr/devyamo/edusaas/edusaas/vendor/laravel/framework/src/Illuminate/Container/BoundMethod.php(95): Illuminate\\Container\\Util::unwrapIfClosure()
#26 /home/yamojr/devyamo/edusaas/edusaas/vendor/laravel/framework/src/Illuminate/Container/BoundMethod.php(35): Illuminate\\Container\\BoundMethod::callBoundMethod()
#27 /home/yamojr/devyamo/edusaas/edusaas/vendor/laravel/framework/src/Illuminate/Container/Container.php(696): Illuminate\\Container\\BoundMethod::call()
#28 /home/yamojr/devyamo/edusaas/edusaas/vendor/laravel/framework/src/Illuminate/Console/Command.php(213): Illuminate\\Container\\Container->call()
#29 /home/yamojr/devyamo/edusaas/edusaas/vendor/symfony/console/Command/Command.php(341): Illuminate\\Console\\Command->execute()
#30 /home/yamojr/devyamo/edusaas/edusaas/vendor/laravel/framework/src/Illuminate/Console/Command.php(182): Symfony\\Component\\Console\\Command\\Command->run()
#31 /home/yamojr/devyamo/edusaas/edusaas/vendor/symfony/console/Application.php(1117): Illuminate\\Console\\Command->run()
#32 /home/yamojr/devyamo/edusaas/edusaas/vendor/symfony/console/Application.php(356): Symfony\\Component\\Console\\Application->doRunCommand()
#33 /home/yamojr/devyamo/edusaas/edusaas/vendor/symfony/console/Application.php(195): Symfony\\Component\\Console\\Application->doRun()
#34 /home/yamojr/devyamo/edusaas/edusaas/vendor/laravel/framework/src/Illuminate/Foundation/Console/Kernel.php(198): Symfony\\Component\\Console\\Application->run()
#35 /home/yamojr/devyamo/edusaas/edusaas/vendor/laravel/framework/src/Illuminate/Foundation/Application.php(1235): Illuminate\\Foundation\\Console\\Kernel->handle()
#36 /home/yamojr/devyamo/edusaas/edusaas/artisan(12): Illuminate\\Foundation\\Application->handleCommand()
#37 {main}

[previous exception] [object] (PDOException(code: 42S02): SQLSTATE[42S02]: Base table or view not found: 1146 Table 'edusaas.role_has_permissions' doesn't exist at /home/yamojr/devyamo/edusaas/edusaas/vendor/laravel/framework/src/Illuminate/Database/Connection.php:571)
[stacktrace]
#0 /home/yamojr/devyamo/edusaas/edusaas/vendor/laravel/framework/src/Illuminate/Database/Connection.php(571): PDOStatement->execute()
#1 /home/yamojr/devyamo/edusaas/edusaas/vendor/laravel/framework/src/Illuminate/Database/Connection.php(812): Illuminate\\Database\\Connection->{closure:Illuminate\\Database\\Connection::statement():560}()
#2 /home/yamojr/devyamo/edusaas/edusaas/vendor/laravel/framework/src/Illuminate/Database/Connection.php(779): Illuminate\\Database\\Connection->runQueryCallback()
#3 /home/yamojr/devyamo/edusaas/edusaas/vendor/laravel/framework/src/Illuminate/Database/Connection.php(560): Illuminate\\Database\\Connection->run()
#4 /home/yamojr/devyamo/edusaas/edusaas/vendor/laravel/framework/src/Illuminate/Database/Query/Builder.php(4041): Illuminate\\Database\\Connection->statement()
#5 /home/yamojr/devyamo/edusaas/edusaas/database/seeders/RolesAndPermissionsSeeder.php(19): Illuminate\\Database\\Query\\Builder->truncate()
#6 /home/yamojr/devyamo/edusaas/edusaas/vendor/laravel/framework/src/Illuminate/Container/BoundMethod.php(36): Database\\Seeders\\RolesAndPermissionsSeeder->run()
#7 /home/yamojr/devyamo/edusaas/edusaas/vendor/laravel/framework/src/Illuminate/Container/Util.php(43): Illuminate\\Container\\BoundMethod::{closure:Illuminate\\Container\\BoundMethod::call():35}()
#8 /home/yamojr/devyamo/edusaas/edusaas/vendor/laravel/framework/src/Illuminate/Container/BoundMethod.php(95): Illuminate\\Container\\Util::unwrapIfClosure()
#9 /home/yamojr/devyamo/edusaas/edusaas/vendor/laravel/framework/src/Illuminate/Container/BoundMethod.php(35): Illuminate\\Container\\BoundMethod::callBoundMethod()
#10 /home/yamojr/devyamo/edusaas/edusaas/vendor/laravel/framework/src/Illuminate/Container/Container.php(696): Illuminate\\Container\\BoundMethod::call()
#11 /home/yamojr/devyamo/edusaas/edusaas/vendor/laravel/framework/src/Illuminate/Database/Seeder.php(188): Illuminate\\Container\\Container->call()
#12 /home/yamojr/devyamo/edusaas/edusaas/vendor/laravel/framework/src/Illuminate/Database/Seeder.php(197): Illuminate\\Database\\Seeder->{closure:Illuminate\\Database\\Seeder::__invoke():187}()
#13 /home/yamojr/devyamo/edusaas/edusaas/vendor/laravel/framework/src/Illuminate/Database/Seeder.php(61): Illuminate\\Database\\Seeder->__invoke()
#14 /home/yamojr/devyamo/edusaas/edusaas/database/seeders/DatabaseSeeder.php(14): Illuminate\\Database\\Seeder->call()
#15 /home/yamojr/devyamo/edusaas/edusaas/vendor/laravel/framework/src/Illuminate/Container/BoundMethod.php(36): Database\\Seeders\\DatabaseSeeder->run()
#16 /home/yamojr/devyamo/edusaas/edusaas/vendor/laravel/framework/src/Illuminate/Container/Util.php(43): Illuminate\\Container\\BoundMethod::{closure:Illuminate\\Container\\BoundMethod::call():35}()
#17 /home/yamojr/devyamo/edusaas/edusaas/vendor/laravel/framework/src/Illuminate/Container/BoundMethod.php(95): Illuminate\\Container\\Util::unwrapIfClosure()
#18 /home/yamojr/devyamo/edusaas/edusaas/vendor/laravel/framework/src/Illuminate/Container/BoundMethod.php(35): Illuminate\\Container\\BoundMethod::callBoundMethod()
#19 /home/yamojr/devyamo/edusaas/edusaas/vendor/laravel/framework/src/Illuminate/Container/Container.php(696): Illuminate\\Container\\BoundMethod::call()
#20 /home/yamojr/devyamo/edusaas/edusaas/vendor/laravel/framework/src/Illuminate/Database/Seeder.php(188): Illuminate\\Container\\Container->call()
#21 /home/yamojr/devyamo/edusaas/edusaas/vendor/laravel/framework/src/Illuminate/Database/Seeder.php(197): Illuminate\\Database\\Seeder->{closure:Illuminate\\Database\\Seeder::__invoke():187}()
#22 /home/yamojr/devyamo/edusaas/edusaas/vendor/laravel/framework/src/Illuminate/Database/Console/Seeds/SeedCommand.php(70): Illuminate\\Database\\Seeder->__invoke()
#23 /home/yamojr/devyamo/edusaas/edusaas/vendor/laravel/framework/src/Illuminate/Database/Eloquent/Concerns/GuardsAttributes.php(155): Illuminate\\Database\\Console\\Seeds\\SeedCommand->{closure:Illuminate\\Database\\Console\\Seeds\\SeedCommand::handle():69}()
#24 /home/yamojr/devyamo/edusaas/edusaas/vendor/laravel/framework/src/Illuminate/Database/Console/Seeds/SeedCommand.php(69): Illuminate\\Database\\Eloquent\\Model::unguarded()
#25 /home/yamojr/devyamo/edusaas/edusaas/vendor/laravel/framework/src/Illuminate/Container/BoundMethod.php(36): Illuminate\\Database\\Console\\Seeds\\SeedCommand->handle()
#26 /home/yamojr/devyamo/edusaas/edusaas/vendor/laravel/framework/src/Illuminate/Container/Util.php(43): Illuminate\\Container\\BoundMethod::{closure:Illuminate\\Container\\BoundMethod::call():35}()
#27 /home/yamojr/devyamo/edusaas/edusaas/vendor/laravel/framework/src/Illuminate/Container/BoundMethod.php(95): Illuminate\\Container\\Util::unwrapIfClosure()
#28 /home/yamojr/devyamo/edusaas/edusaas/vendor/laravel/framework/src/Illuminate/Container/BoundMethod.php(35): Illuminate\\Container\\BoundMethod::callBoundMethod()
#29 /home/yamojr/devyamo/edusaas/edusaas/vendor/laravel/framework/src/Illuminate/Container/Container.php(696): Illuminate\\Container\\BoundMethod::call()
#30 /home/yamojr/devyamo/edusaas/edusaas/vendor/laravel/framework/src/Illuminate/Console/Command.php(213): Illuminate\\Container\\Container->call()
#31 /home/yamojr/devyamo/edusaas/edusaas/vendor/symfony/console/Command/Command.php(341): Illuminate\\Console\\Command->execute()
#32 /home/yamojr/devyamo/edusaas/edusaas/vendor/laravel/framework/src/Illuminate/Console/Command.php(182): Symfony\\Component\\Console\\Command\\Command->run()
#33 /home/yamojr/devyamo/edusaas/edusaas/vendor/symfony/console/Application.php(1117): Illuminate\\Console\\Command->run()
#34 /home/yamojr/devyamo/edusaas/edusaas/vendor/symfony/console/Application.php(356): Symfony\\Component\\Console\\Application->doRunCommand()
#35 /home/yamojr/devyamo/edusaas/edusaas/vendor/symfony/console/Application.php(195): Symfony\\Component\\Console\\Application->doRun()
#36 /home/yamojr/devyamo/edusaas/edusaas/vendor/laravel/framework/src/Illuminate/Foundation/Console/Kernel.php(198): Symfony\\Component\\Console\\Application->run()
#37 /home/yamojr/devyamo/edusaas/edusaas/vendor/laravel/framework/src/Illuminate/Foundation/Application.php(1235): Illuminate\\Foundation\\Console\\Kernel->handle()
#38 /home/yamojr/devyamo/edusaas/edusaas/artisan(12): Illuminate\\Foundation\\Application->handleCommand()
#39 {main}
"} 
[2026-03-22 02:26:12] local.ERROR: There is no permission named `view timetables` for guard `web`. {"exception":"[object] (Spatie\\Permission\\Exceptions\\PermissionDoesNotExist(code: 0): There is no permission named `view timetables` for guard `web`. at /home/yamojr/devyamo/edusaas/edusaas/vendor/spatie/laravel-permission/src/Exceptions/PermissionDoesNotExist.php:11)
[stacktrace]
#0 /home/yamojr/devyamo/edusaas/edusaas/vendor/spatie/laravel-permission/src/Models/Permission.php(97): Spatie\\Permission\\Exceptions\\PermissionDoesNotExist::create()
#1 /home/yamojr/devyamo/edusaas/edusaas/vendor/spatie/laravel-permission/src/Traits/HasPermissions.php(508): Spatie\\Permission\\Models\\Permission::findByName()
#2 /home/yamojr/devyamo/edusaas/edusaas/vendor/spatie/laravel-permission/src/Traits/HasPermissions.php(375): Spatie\\Permission\\Models\\Role->getStoredPermission()
#3 /home/yamojr/devyamo/edusaas/edusaas/vendor/laravel/framework/src/Illuminate/Collections/Traits/EnumeratesValues.php(822): Spatie\\Permission\\Models\\Role->{closure:Spatie\\Permission\\Traits\\HasPermissions::collectPermissions():370}()
#4 /home/yamojr/devyamo/edusaas/edusaas/vendor/spatie/laravel-permission/src/Traits/HasPermissions.php(370): Illuminate\\Support\\Collection->reduce()
#5 /home/yamojr/devyamo/edusaas/edusaas/vendor/spatie/laravel-permission/src/Traits/HasPermissions.php(397): Spatie\\Permission\\Models\\Role->collectPermissions()
#6 /home/yamojr/devyamo/edusaas/edusaas/database/seeders/RolesAndPermissionsSeeder.php(85): Spatie\\Permission\\Models\\Role->givePermissionTo()
#7 /home/yamojr/devyamo/edusaas/edusaas/vendor/laravel/framework/src/Illuminate/Container/BoundMethod.php(36): Database\\Seeders\\RolesAndPermissionsSeeder->run()
#8 /home/yamojr/devyamo/edusaas/edusaas/vendor/laravel/framework/src/Illuminate/Container/Util.php(43): Illuminate\\Container\\BoundMethod::{closure:Illuminate\\Container\\BoundMethod::call():35}()
#9 /home/yamojr/devyamo/edusaas/edusaas/vendor/laravel/framework/src/Illuminate/Container/BoundMethod.php(95): Illuminate\\Container\\Util::unwrapIfClosure()
#10 /home/yamojr/devyamo/edusaas/edusaas/vendor/laravel/framework/src/Illuminate/Container/BoundMethod.php(35): Illuminate\\Container\\BoundMethod::callBoundMethod()
#11 /home/yamojr/devyamo/edusaas/edusaas/vendor/laravel/framework/src/Illuminate/Container/Container.php(696): Illuminate\\Container\\BoundMethod::call()
#12 /home/yamojr/devyamo/edusaas/edusaas/vendor/laravel/framework/src/Illuminate/Database/Seeder.php(188): Illuminate\\Container\\Container->call()
#13 /home/yamojr/devyamo/edusaas/edusaas/vendor/laravel/framework/src/Illuminate/Database/Seeder.php(197): Illuminate\\Database\\Seeder->{closure:Illuminate\\Database\\Seeder::__invoke():187}()
#14 /home/yamojr/devyamo/edusaas/edusaas/vendor/laravel/framework/src/Illuminate/Database/Seeder.php(61): Illuminate\\Database\\Seeder->__invoke()
#15 /home/yamojr/devyamo/edusaas/edusaas/database/seeders/DatabaseSeeder.php(14): Illuminate\\Database\\Seeder->call()
#16 /home/yamojr/devyamo/edusaas/edusaas/vendor/laravel/framework/src/Illuminate/Container/BoundMethod.php(36): Database\\Seeders\\DatabaseSeeder->run()
#17 /home/yamojr/devyamo/edusaas/edusaas/vendor/laravel/framework/src/Illuminate/Container/Util.php(43): Illuminate\\Container\\BoundMethod::{closure:Illuminate\\Container\\BoundMethod::call():35}()
#18 /home/yamojr/devyamo/edusaas/edusaas/vendor/laravel/framework/src/Illuminate/Container/BoundMethod.php(95): Illuminate\\Container\\Util::unwrapIfClosure()
#19 /home/yamojr/devyamo/edusaas/edusaas/vendor/laravel/framework/src/Illuminate/Container/BoundMethod.php(35): Illuminate\\Container\\BoundMethod::callBoundMethod()
#20 /home/yamojr/devyamo/edusaas/edusaas/vendor/laravel/framework/src/Illuminate/Container/Container.php(696): Illuminate\\Container\\BoundMethod::call()
#21 /home/yamojr/devyamo/edusaas/edusaas/vendor/laravel/framework/src/Illuminate/Database/Seeder.php(188): Illuminate\\Container\\Container->call()
#22 /home/yamojr/devyamo/edusaas/edusaas/vendor/laravel/framework/src/Illuminate/Database/Seeder.php(197): Illuminate\\Database\\Seeder->{closure:Illuminate\\Database\\Seeder::__invoke():187}()
#23 /home/yamojr/devyamo/edusaas/edusaas/vendor/laravel/framework/src/Illuminate/Database/Console/Seeds/SeedCommand.php(70): Illuminate\\Database\\Seeder->__invoke()
#24 /home/yamojr/devyamo/edusaas/edusaas/vendor/laravel/framework/src/Illuminate/Database/Eloquent/Concerns/GuardsAttributes.php(155): Illuminate\\Database\\Console\\Seeds\\SeedCommand->{closure:Illuminate\\Database\\Console\\Seeds\\SeedCommand::handle():69}()
#25 /home/yamojr/devyamo/edusaas/edusaas/vendor/laravel/framework/src/Illuminate/Database/Console/Seeds/SeedCommand.php(69): Illuminate\\Database\\Eloquent\\Model::unguarded()
#26 /home/yamojr/devyamo/edusaas/edusaas/vendor/laravel/framework/src/Illuminate/Container/BoundMethod.php(36): Illuminate\\Database\\Console\\Seeds\\SeedCommand->handle()
#27 /home/yamojr/devyamo/edusaas/edusaas/vendor/laravel/framework/src/Illuminate/Container/Util.php(43): Illuminate\\Container\\BoundMethod::{closure:Illuminate\\Container\\BoundMethod::call():35}()
#28 /home/yamojr/devyamo/edusaas/edusaas/vendor/laravel/framework/src/Illuminate/Container/BoundMethod.php(95): Illuminate\\Container\\Util::unwrapIfClosure()
#29 /home/yamojr/devyamo/edusaas/edusaas/vendor/laravel/framework/src/Illuminate/Container/BoundMethod.php(35): Illuminate\\Container\\BoundMethod::callBoundMethod()
#30 /home/yamojr/devyamo/edusaas/edusaas/vendor/laravel/framework/src/Illuminate/Container/Container.php(696): Illuminate\\Container\\BoundMethod::call()
#31 /home/yamojr/devyamo/edusaas/edusaas/vendor/laravel/framework/src/Illuminate/Console/Command.php(213): Illuminate\\Container\\Container->call()
#32 /home/yamojr/devyamo/edusaas/edusaas/vendor/symfony/console/Command/Command.php(341): Illuminate\\Console\\Command->execute()
#33 /home/yamojr/devyamo/edusaas/edusaas/vendor/laravel/framework/src/Illuminate/Console/Command.php(182): Symfony\\Component\\Console\\Command\\Command->run()
#34 /home/yamojr/devyamo/edusaas/edusaas/vendor/symfony/console/Application.php(1117): Illuminate\\Console\\Command->run()
#35 /home/yamojr/devyamo/edusaas/edusaas/vendor/symfony/console/Application.php(356): Symfony\\Component\\Console\\Application->doRunCommand()
#36 /home/yamojr/devyamo/edusaas/edusaas/vendor/symfony/console/Application.php(195): Symfony\\Component\\Console\\Application->doRun()
#37 /home/yamojr/devyamo/edusaas/edusaas/vendor/laravel/framework/src/Illuminate/Foundation/Console/Kernel.php(198): Symfony\\Component\\Console\\Application->run()
#38 /home/yamojr/devyamo/edusaas/edusaas/vendor/laravel/framework/src/Illuminate/Foundation/Application.php(1235): Illuminate\\Foundation\\Console\\Kernel->handle()
#39 /home/yamojr/devyamo/edusaas/edusaas/artisan(12): Illuminate\\Foundation\\Application->handleCommand()
#40 {main}
"} 
[2026-03-22 02:26:41] local.ERROR: SQLSTATE[42S22]: Column not found: 1054 Unknown column 'domain' in 'field list' (Connection: mysql, SQL: insert into `tenants` (`name`, `domain`, `database`, `is_active`, `updated_at`, `created_at`) values (Springfield High, springfield.localhost, default, 1, 2026-03-22 02:26:41, 2026-03-22 02:26:41)) {"exception":"[object] (Illuminate\\Database\\QueryException(code: 42S22): SQLSTATE[42S22]: Column not found: 1054 Unknown column 'domain' in 'field list' (Connection: mysql, SQL: insert into `tenants` (`name`, `domain`, `database`, `is_active`, `updated_at`, `created_at`) values (Springfield High, springfield.localhost, default, 1, 2026-03-22 02:26:41, 2026-03-22 02:26:41)) at /home/yamojr/devyamo/edusaas/edusaas/vendor/laravel/framework/src/Illuminate/Database/Connection.php:825)
[stacktrace]
#0 /home/yamojr/devyamo/edusaas/edusaas/vendor/laravel/framework/src/Illuminate/Database/Connection.php(779): Illuminate\\Database\\Connection->runQueryCallback()
#1 /home/yamojr/devyamo/edusaas/edusaas/vendor/laravel/framework/src/Illuminate/Database/MySqlConnection.php(42): Illuminate\\Database\\Connection->run()
#2 /home/yamojr/devyamo/edusaas/edusaas/vendor/laravel/framework/src/Illuminate/Database/Query/Processors/MySqlProcessor.php(35): Illuminate\\Database\\MySqlConnection->insert()
#3 /home/yamojr/devyamo/edusaas/edusaas/vendor/laravel/framework/src/Illuminate/Database/Query/Builder.php(3766): Illuminate\\Database\\Query\\Processors\\MySqlProcessor->processInsertGetId()
#4 /home/yamojr/devyamo/edusaas/edusaas/vendor/laravel/framework/src/Illuminate/Database/Eloquent/Builder.php(2120): Illuminate\\Database\\Query\\Builder->insertGetId()
#5 /home/yamojr/devyamo/edusaas/edusaas/vendor/laravel/framework/src/Illuminate/Database/Eloquent/Model.php(1359): Illuminate\\Database\\Eloquent\\Builder->__call()
#6 /home/yamojr/devyamo/edusaas/edusaas/vendor/laravel/framework/src/Illuminate/Database/Eloquent/Model.php(1324): Illuminate\\Database\\Eloquent\\Model->insertAndSetId()
#7 /home/yamojr/devyamo/edusaas/edusaas/vendor/laravel/framework/src/Illuminate/Database/Eloquent/Model.php(1163): Illuminate\\Database\\Eloquent\\Model->performInsert()
#8 /home/yamojr/devyamo/edusaas/edusaas/vendor/laravel/framework/src/Illuminate/Database/Eloquent/Builder.php(1128): Illuminate\\Database\\Eloquent\\Model->save()
#9 /home/yamojr/devyamo/edusaas/edusaas/vendor/laravel/framework/src/Illuminate/Support/helpers.php(399): Illuminate\\Database\\Eloquent\\Builder->{closure:Illuminate\\Database\\Eloquent\\Builder::create():1127}()
#10 /home/yamojr/devyamo/edusaas/edusaas/vendor/laravel/framework/src/Illuminate/Database/Eloquent/Builder.php(1127): tap()
#11 /home/yamojr/devyamo/edusaas/edusaas/vendor/laravel/framework/src/Illuminate/Support/Traits/ForwardsCalls.php(23): Illuminate\\Database\\Eloquent\\Builder->create()
#12 /home/yamojr/devyamo/edusaas/edusaas/vendor/laravel/framework/src/Illuminate/Database/Eloquent/Model.php(2372): Illuminate\\Database\\Eloquent\\Model->forwardCallTo()
#13 /home/yamojr/devyamo/edusaas/edusaas/vendor/laravel/framework/src/Illuminate/Database/Eloquent/Model.php(2384): Illuminate\\Database\\Eloquent\\Model->__call()
#14 /home/yamojr/devyamo/edusaas/edusaas/database/seeders/SchoolSeeder.php(24): Illuminate\\Database\\Eloquent\\Model::__callStatic()
#15 /home/yamojr/devyamo/edusaas/edusaas/vendor/laravel/framework/src/Illuminate/Container/BoundMethod.php(36): Database\\Seeders\\SchoolSeeder->run()
#16 /home/yamojr/devyamo/edusaas/edusaas/vendor/laravel/framework/src/Illuminate/Container/Util.php(43): Illuminate\\Container\\BoundMethod::{closure:Illuminate\\Container\\BoundMethod::call():35}()
#17 /home/yamojr/devyamo/edusaas/edusaas/vendor/laravel/framework/src/Illuminate/Container/BoundMethod.php(95): Illuminate\\Container\\Util::unwrapIfClosure()
#18 /home/yamojr/devyamo/edusaas/edusaas/vendor/laravel/framework/src/Illuminate/Container/BoundMethod.php(35): Illuminate\\Container\\BoundMethod::callBoundMethod()
#19 /home/yamojr/devyamo/edusaas/edusaas/vendor/laravel/framework/src/Illuminate/Container/Container.php(696): Illuminate\\Container\\BoundMethod::call()
#20 /home/yamojr/devyamo/edusaas/edusaas/vendor/laravel/framework/src/Illuminate/Database/Seeder.php(188): Illuminate\\Container\\Container->call()
#21 /home/yamojr/devyamo/edusaas/edusaas/vendor/laravel/framework/src/Illuminate/Database/Seeder.php(197): Illuminate\\Database\\Seeder->{closure:Illuminate\\Database\\Seeder::__invoke():187}()
#22 /home/yamojr/devyamo/edusaas/edusaas/vendor/laravel/framework/src/Illuminate/Database/Seeder.php(61): Illuminate\\Database\\Seeder->__invoke()
#23 /home/yamojr/devyamo/edusaas/edusaas/database/seeders/DatabaseSeeder.php(14): Illuminate\\Database\\Seeder->call()
#24 /home/yamojr/devyamo/edusaas/edusaas/vendor/laravel/framework/src/Illuminate/Container/BoundMethod.php(36): Database\\Seeders\\DatabaseSeeder->run()
#25 /home/yamojr/devyamo/edusaas/edusaas/vendor/laravel/framework/src/Illuminate/Container/Util.php(43): Illuminate\\Container\\BoundMethod::{closure:Illuminate\\Container\\BoundMethod::call():35}()
#26 /home/yamojr/devyamo/edusaas/edusaas/vendor/laravel/framework/src/Illuminate/Container/BoundMethod.php(95): Illuminate\\Container\\Util::unwrapIfClosure()
#27 /home/yamojr/devyamo/edusaas/edusaas/vendor/laravel/framework/src/Illuminate/Container/BoundMethod.php(35): Illuminate\\Container\\BoundMethod::callBoundMethod()
#28 /home/yamojr/devyamo/edusaas/edusaas/vendor/laravel/framework/src/Illuminate/Container/Container.php(696): Illuminate\\Container\\BoundMethod::call()
#29 /home/yamojr/devyamo/edusaas/edusaas/vendor/laravel/framework/src/Illuminate/Database/Seeder.php(188): Illuminate\\Container\\Container->call()
#30 /home/yamojr/devyamo/edusaas/edusaas/vendor/laravel/framework/src/Illuminate/Database/Seeder.php(197): Illuminate\\Database\\Seeder->{closure:Illuminate\\Database\\Seeder::__invoke():187}()
#31 /home/yamojr/devyamo/edusaas/edusaas/vendor/laravel/framework/src/Illuminate/Database/Console/Seeds/SeedCommand.php(70): Illuminate\\Database\\Seeder->__invoke()
#32 /home/yamojr/devyamo/edusaas/edusaas/vendor/laravel/framework/src/Illuminate/Database/Eloquent/Concerns/GuardsAttributes.php(155): Illuminate\\Database\\Console\\Seeds\\SeedCommand->{closure:Illuminate\\Database\\Console\\Seeds\\SeedCommand::handle():69}()
#33 /home/yamojr/devyamo/edusaas/edusaas/vendor/laravel/framework/src/Illuminate/Database/Console/Seeds/SeedCommand.php(69): Illuminate\\Database\\Eloquent\\Model::unguarded()
#34 /home/yamojr/devyamo/edusaas/edusaas/vendor/laravel/framework/src/Illuminate/Container/BoundMethod.php(36): Illuminate\\Database\\Console\\Seeds\\SeedCommand->handle()
#35 /home/yamojr/devyamo/edusaas/edusaas/vendor/laravel/framework/src/Illuminate/Container/Util.php(43): Illuminate\\Container\\BoundMethod::{closure:Illuminate\\Container\\BoundMethod::call():35}()
#36 /home/yamojr/devyamo/edusaas/edusaas/vendor/laravel/framework/src/Illuminate/Container/BoundMethod.php(95): Illuminate\\Container\\Util::unwrapIfClosure()
#37 /home/yamojr/devyamo/edusaas/edusaas/vendor/laravel/framework/src/Illuminate/Container/BoundMethod.php(35): Illuminate\\Container\\BoundMethod::callBoundMethod()
#38 /home/yamojr/devyamo/edusaas/edusaas/vendor/laravel/framework/src/Illuminate/Container/Container.php(696): Illuminate\\Container\\BoundMethod::call()
#39 /home/yamojr/devyamo/edusaas/edusaas/vendor/laravel/framework/src/Illuminate/Console/Command.php(213): Illuminate\\Container\\Container->call()
#40 /home/yamojr/devyamo/edusaas/edusaas/vendor/symfony/console/Command/Command.php(341): Illuminate\\Console\\Command->execute()
#41 /home/yamojr/devyamo/edusaas/edusaas/vendor/laravel/framework/src/Illuminate/Console/Command.php(182): Symfony\\Component\\Console\\Command\\Command->run()
#42 /home/yamojr/devyamo/edusaas/edusaas/vendor/symfony/console/Application.php(1117): Illuminate\\Console\\Command->run()
#43 /home/yamojr/devyamo/edusaas/edusaas/vendor/symfony/console/Application.php(356): Symfony\\Component\\Console\\Application->doRunCommand()
#44 /home/yamojr/devyamo/edusaas/edusaas/vendor/symfony/console/Application.php(195): Symfony\\Component\\Console\\Application->doRun()
#45 /home/yamojr/devyamo/edusaas/edusaas/vendor/laravel/framework/src/Illuminate/Foundation/Console/Kernel.php(198): Symfony\\Component\\Console\\Application->run()
#46 /home/yamojr/devyamo/edusaas/edusaas/vendor/laravel/framework/src/Illuminate/Foundation/Application.php(1235): Illuminate\\Foundation\\Console\\Kernel->handle()
#47 /home/yamojr/devyamo/edusaas/edusaas/artisan(12): Illuminate\\Foundation\\Application->handleCommand()
#48 {main}

[previous exception] [object] (PDOException(code: 42S22): SQLSTATE[42S22]: Column not found: 1054 Unknown column 'domain' in 'field list' at /home/yamojr/devyamo/edusaas/edusaas/vendor/laravel/framework/src/Illuminate/Database/MySqlConnection.php:47)
[stacktrace]
#0 /home/yamojr/devyamo/edusaas/edusaas/vendor/laravel/framework/src/Illuminate/Database/MySqlConnection.php(47): PDO->prepare()
#1 /home/yamojr/devyamo/edusaas/edusaas/vendor/laravel/framework/src/Illuminate/Database/Connection.php(812): Illuminate\\Database\\MySqlConnection->{closure:Illuminate\\Database\\MySqlConnection::insert():42}()
#2 /home/yamojr/devyamo/edusaas/edusaas/vendor/laravel/framework/src/Illuminate/Database/Connection.php(779): Illuminate\\Database\\Connection->runQueryCallback()
#3 /home/yamojr/devyamo/edusaas/edusaas/vendor/laravel/framework/src/Illuminate/Database/MySqlConnection.php(42): Illuminate\\Database\\Connection->run()
#4 /home/yamojr/devyamo/edusaas/edusaas/vendor/laravel/framework/src/Illuminate/Database/Query/Processors/MySqlProcessor.php(35): Illuminate\\Database\\MySqlConnection->insert()
#5 /home/yamojr/devyamo/edusaas/edusaas/vendor/laravel/framework/src/Illuminate/Database/Query/Builder.php(3766): Illuminate\\Database\\Query\\Processors\\MySqlProcessor->processInsertGetId()
#6 /home/yamojr/devyamo/edusaas/edusaas/vendor/laravel/framework/src/Illuminate/Database/Eloquent/Builder.php(2120): Illuminate\\Database\\Query\\Builder->insertGetId()
#7 /home/yamojr/devyamo/edusaas/edusaas/vendor/laravel/framework/src/Illuminate/Database/Eloquent/Model.php(1359): Illuminate\\Database\\Eloquent\\Builder->__call()
#8 /home/yamojr/devyamo/edusaas/edusaas/vendor/laravel/framework/src/Illuminate/Database/Eloquent/Model.php(1324): Illuminate\\Database\\Eloquent\\Model->insertAndSetId()
#9 /home/yamojr/devyamo/edusaas/edusaas/vendor/laravel/framework/src/Illuminate/Database/Eloquent/Model.php(1163): Illuminate\\Database\\Eloquent\\Model->performInsert()
#10 /home/yamojr/devyamo/edusaas/edusaas/vendor/laravel/framework/src/Illuminate/Database/Eloquent/Builder.php(1128): Illuminate\\Database\\Eloquent\\Model->save()
#11 /home/yamojr/devyamo/edusaas/edusaas/vendor/laravel/framework/src/Illuminate/Support/helpers.php(399): Illuminate\\Database\\Eloquent\\Builder->{closure:Illuminate\\Database\\Eloquent\\Builder::create():1127}()
#12 /home/yamojr/devyamo/edusaas/edusaas/vendor/laravel/framework/src/Illuminate/Database/Eloquent/Builder.php(1127): tap()
#13 /home/yamojr/devyamo/edusaas/edusaas/vendor/laravel/framework/src/Illuminate/Support/Traits/ForwardsCalls.php(23): Illuminate\\Database\\Eloquent\\Builder->create()
#14 /home/yamojr/devyamo/edusaas/edusaas/vendor/laravel/framework/src/Illuminate/Database/Eloquent/Model.php(2372): Illuminate\\Database\\Eloquent\\Model->forwardCallTo()
#15 /home/yamojr/devyamo/edusaas/edusaas/vendor/laravel/framework/src/Illuminate/Database/Eloquent/Model.php(2384): Illuminate\\Database\\Eloquent\\Model->__call()
#16 /home/yamojr/devyamo/edusaas/edusaas/database/seeders/SchoolSeeder.php(24): Illuminate\\Database\\Eloquent\\Model::__callStatic()
#17 /home/yamojr/devyamo/edusaas/edusaas/vendor/laravel/framework/src/Illuminate/Container/BoundMethod.php(36): Database\\Seeders\\SchoolSeeder->run()
#18 /home/yamojr/devyamo/edusaas/edusaas/vendor/laravel/framework/src/Illuminate/Container/Util.php(43): Illuminate\\Container\\BoundMethod::{closure:Illuminate\\Container\\BoundMethod::call():35}()
#19 /home/yamojr/devyamo/edusaas/edusaas/vendor/laravel/framework/src/Illuminate/Container/BoundMethod.php(95): Illuminate\\Container\\Util::unwrapIfClosure()
#20 /home/yamojr/devyamo/edusaas/edusaas/vendor/laravel/framework/src/Illuminate/Container/BoundMethod.php(35): Illuminate\\Container\\BoundMethod::callBoundMethod()
#21 /home/yamojr/devyamo/edusaas/edusaas/vendor/laravel/framework/src/Illuminate/Container/Container.php(696): Illuminate\\Container\\BoundMethod::call()
#22 /home/yamojr/devyamo/edusaas/edusaas/vendor/laravel/framework/src/Illuminate/Database/Seeder.php(188): Illuminate\\Container\\Container->call()
#23 /home/yamojr/devyamo/edusaas/edusaas/vendor/laravel/framework/src/Illuminate/Database/Seeder.php(197): Illuminate\\Database\\Seeder->{closure:Illuminate\\Database\\Seeder::__invoke():187}()
#24 /home/yamojr/devyamo/edusaas/edusaas/vendor/laravel/framework/src/Illuminate/Database/Seeder.php(61): Illuminate\\Database\\Seeder->__invoke()
#25 /home/yamojr/devyamo/edusaas/edusaas/database/seeders/DatabaseSeeder.php(14): Illuminate\\Database\\Seeder->call()
#26 /home/yamojr/devyamo/edusaas/edusaas/vendor/laravel/framework/src/Illuminate/Container/BoundMethod.php(36): Database\\Seeders\\DatabaseSeeder->run()
#27 /home/yamojr/devyamo/edusaas/edusaas/vendor/laravel/framework/src/Illuminate/Container/Util.php(43): Illuminate\\Container\\BoundMethod::{closure:Illuminate\\Container\\BoundMethod::call():35}()
#28 /home/yamojr/devyamo/edusaas/edusaas/vendor/laravel/framework/src/Illuminate/Container/BoundMethod.php(95): Illuminate\\Container\\Util::unwrapIfClosure()
#29 /home/yamojr/devyamo/edusaas/edusaas/vendor/laravel/framework/src/Illuminate/Container/BoundMethod.php(35): Illuminate\\Container\\BoundMethod::callBoundMethod()
#30 /home/yamojr/devyamo/edusaas/edusaas/vendor/laravel/framework/src/Illuminate/Container/Container.php(696): Illuminate\\Container\\BoundMethod::call()
#31 /home/yamojr/devyamo/edusaas/edusaas/vendor/laravel/framework/src/Illuminate/Database/Seeder.php(188): Illuminate\\Container\\Container->call()
#32 /home/yamojr/devyamo/edusaas/edusaas/vendor/laravel/framework/src/Illuminate/Database/Seeder.php(197): Illuminate\\Database\\Seeder->{closure:Illuminate\\Database\\Seeder::__invoke():187}()
#33 /home/yamojr/devyamo/edusaas/edusaas/vendor/laravel/framework/src/Illuminate/Database/Console/Seeds/SeedCommand.php(70): Illuminate\\Database\\Seeder->__invoke()
#34 /home/yamojr/devyamo/edusaas/edusaas/vendor/laravel/framework/src/Illuminate/Database/Eloquent/Concerns/GuardsAttributes.php(155): Illuminate\\Database\\Console\\Seeds\\SeedCommand->{closure:Illuminate\\Database\\Console\\Seeds\\SeedCommand::handle():69}()
#35 /home/yamojr/devyamo/edusaas/edusaas/vendor/laravel/framework/src/Illuminate/Database/Console/Seeds/SeedCommand.php(69): Illuminate\\Database\\Eloquent\\Model::unguarded()
#36 /home/yamojr/devyamo/edusaas/edusaas/vendor/laravel/framework/src/Illuminate/Container/BoundMethod.php(36): Illuminate\\Database\\Console\\Seeds\\SeedCommand->handle()
#37 /home/yamojr/devyamo/edusaas/edusaas/vendor/laravel/framework/src/Illuminate/Container/Util.php(43): Illuminate\\Container\\BoundMethod::{closure:Illuminate\\Container\\BoundMethod::call():35}()
#38 /home/yamojr/devyamo/edusaas/edusaas/vendor/laravel/framework/src/Illuminate/Container/BoundMethod.php(95): Illuminate\\Container\\Util::unwrapIfClosure()
#39 /home/yamojr/devyamo/edusaas/edusaas/vendor/laravel/framework/src/Illuminate/Container/BoundMethod.php(35): Illuminate\\Container\\BoundMethod::callBoundMethod()
#40 /home/yamojr/devyamo/edusaas/edusaas/vendor/laravel/framework/src/Illuminate/Container/Container.php(696): Illuminate\\Container\\BoundMethod::call()
#41 /home/yamojr/devyamo/edusaas/edusaas/vendor/laravel/framework/src/Illuminate/Console/Command.php(213): Illuminate\\Container\\Container->call()
#42 /home/yamojr/devyamo/edusaas/edusaas/vendor/symfony/console/Command/Command.php(341): Illuminate\\Console\\Command->execute()
#43 /home/yamojr/devyamo/edusaas/edusaas/vendor/laravel/framework/src/Illuminate/Console/Command.php(182): Symfony\\Component\\Console\\Command\\Command->run()
#44 /home/yamojr/devyamo/edusaas/edusaas/vendor/symfony/console/Application.php(1117): Illuminate\\Console\\Command->run()
#45 /home/yamojr/devyamo/edusaas/edusaas/vendor/symfony/console/Application.php(356): Symfony\\Component\\Console\\Application->doRunCommand()
#46 /home/yamojr/devyamo/edusaas/edusaas/vendor/symfony/console/Application.php(195): Symfony\\Component\\Console\\Application->doRun()
#47 /home/yamojr/devyamo/edusaas/edusaas/vendor/laravel/framework/src/Illuminate/Foundation/Console/Kernel.php(198): Symfony\\Component\\Console\\Application->run()
#48 /home/yamojr/devyamo/edusaas/edusaas/vendor/laravel/framework/src/Illuminate/Foundation/Application.php(1235): Illuminate\\Foundation\\Console\\Kernel->handle()
#49 /home/yamojr/devyamo/edusaas/edusaas/artisan(12): Illuminate\\Foundation\\Application->handleCommand()
#50 {main}
"} 
[2026-03-22 02:27:32] local.ERROR: SQLSTATE[01000]: Warning: 1265 Data truncated for column 'role' at row 1 (Connection: mysql, SQL: insert into `users` (`email`, `tenant_id`, `name`, `password`, `role`, `updated_at`, `created_at`) values (superadmin@edusaas.com, 4, Platform Owner, $2y$12$HjW4wKUxb2RlKPMIW.udouemQjfBvNK1xijGQcOmZxyq/6acHZEZW, super_admin, 2026-03-22 02:27:32, 2026-03-22 02:27:32)) {"exception":"[object] (Illuminate\\Database\\QueryException(code: 01000): SQLSTATE[01000]: Warning: 1265 Data truncated for column 'role' at row 1 (Connection: mysql, SQL: insert into `users` (`email`, `tenant_id`, `name`, `password`, `role`, `updated_at`, `created_at`) values (superadmin@edusaas.com, 4, Platform Owner, $2y$12$HjW4wKUxb2RlKPMIW.udouemQjfBvNK1xijGQcOmZxyq/6acHZEZW, super_admin, 2026-03-22 02:27:32, 2026-03-22 02:27:32)) at /home/yamojr/devyamo/edusaas/edusaas/vendor/laravel/framework/src/Illuminate/Database/Connection.php:825)
[stacktrace]
#0 /home/yamojr/devyamo/edusaas/edusaas/vendor/laravel/framework/src/Illuminate/Database/Connection.php(779): Illuminate\\Database\\Connection->runQueryCallback()
#1 /home/yamojr/devyamo/edusaas/edusaas/vendor/laravel/framework/src/Illuminate/Database/MySqlConnection.php(42): Illuminate\\Database\\Connection->run()
#2 /home/yamojr/devyamo/edusaas/edusaas/vendor/laravel/framework/src/Illuminate/Database/Query/Processors/MySqlProcessor.php(35): Illuminate\\Database\\MySqlConnection->insert()
#3 /home/yamojr/devyamo/edusaas/edusaas/vendor/laravel/framework/src/Illuminate/Database/Query/Builder.php(3766): Illuminate\\Database\\Query\\Processors\\MySqlProcessor->processInsertGetId()
#4 /home/yamojr/devyamo/edusaas/edusaas/vendor/laravel/framework/src/Illuminate/Database/Eloquent/Builder.php(2120): Illuminate\\Database\\Query\\Builder->insertGetId()
#5 /home/yamojr/devyamo/edusaas/edusaas/vendor/laravel/framework/src/Illuminate/Database/Eloquent/Model.php(1359): Illuminate\\Database\\Eloquent\\Builder->__call()
#6 /home/yamojr/devyamo/edusaas/edusaas/vendor/laravel/framework/src/Illuminate/Database/Eloquent/Model.php(1324): Illuminate\\Database\\Eloquent\\Model->insertAndSetId()
#7 /home/yamojr/devyamo/edusaas/edusaas/vendor/laravel/framework/src/Illuminate/Database/Eloquent/Model.php(1163): Illuminate\\Database\\Eloquent\\Model->performInsert()
#8 /home/yamojr/devyamo/edusaas/edusaas/vendor/laravel/framework/src/Illuminate/Database/Eloquent/Builder.php(1128): Illuminate\\Database\\Eloquent\\Model->save()
#9 /home/yamojr/devyamo/edusaas/edusaas/vendor/laravel/framework/src/Illuminate/Support/helpers.php(399): Illuminate\\Database\\Eloquent\\Builder->{closure:Illuminate\\Database\\Eloquent\\Builder::create():1127}()
#10 /home/yamojr/devyamo/edusaas/edusaas/vendor/laravel/framework/src/Illuminate/Database/Eloquent/Builder.php(1127): tap()
#11 /home/yamojr/devyamo/edusaas/edusaas/vendor/laravel/framework/src/Illuminate/Database/Eloquent/Builder.php(634): Illuminate\\Database\\Eloquent\\Builder->create()
#12 /home/yamojr/devyamo/edusaas/edusaas/vendor/laravel/framework/src/Illuminate/Database/Eloquent/Builder.php(1864): Illuminate\\Database\\Eloquent\\Builder->{closure:Illuminate\\Database\\Eloquent\\Builder::createOrFirst():634}()
#13 /home/yamojr/devyamo/edusaas/edusaas/vendor/laravel/framework/src/Illuminate/Database/Eloquent/Builder.php(634): Illuminate\\Database\\Eloquent\\Builder->withSavepointIfNeeded()
#14 /home/yamojr/devyamo/edusaas/edusaas/vendor/laravel/framework/src/Illuminate/Database/Eloquent/Builder.php(621): Illuminate\\Database\\Eloquent\\Builder->createOrFirst()
#15 /home/yamojr/devyamo/edusaas/edusaas/vendor/laravel/framework/src/Illuminate/Support/Traits/ForwardsCalls.php(23): Illuminate\\Database\\Eloquent\\Builder->firstOrCreate()
#16 /home/yamojr/devyamo/edusaas/edusaas/vendor/laravel/framework/src/Illuminate/Database/Eloquent/Model.php(2372): Illuminate\\Database\\Eloquent\\Model->forwardCallTo()
#17 /home/yamojr/devyamo/edusaas/edusaas/vendor/laravel/framework/src/Illuminate/Database/Eloquent/Model.php(2384): Illuminate\\Database\\Eloquent\\Model->__call()
#18 /home/yamojr/devyamo/edusaas/edusaas/database/seeders/SchoolSeeder.php(98): Illuminate\\Database\\Eloquent\\Model::__callStatic()
#19 /home/yamojr/devyamo/edusaas/edusaas/vendor/laravel/framework/src/Illuminate/Container/BoundMethod.php(36): Database\\Seeders\\SchoolSeeder->run()
#20 /home/yamojr/devyamo/edusaas/edusaas/vendor/laravel/framework/src/Illuminate/Container/Util.php(43): Illuminate\\Container\\BoundMethod::{closure:Illuminate\\Container\\BoundMethod::call():35}()
#21 /home/yamojr/devyamo/edusaas/edusaas/vendor/laravel/framework/src/Illuminate/Container/BoundMethod.php(95): Illuminate\\Container\\Util::unwrapIfClosure()
#22 /home/yamojr/devyamo/edusaas/edusaas/vendor/laravel/framework/src/Illuminate/Container/BoundMethod.php(35): Illuminate\\Container\\BoundMethod::callBoundMethod()
#23 /home/yamojr/devyamo/edusaas/edusaas/vendor/laravel/framework/src/Illuminate/Container/Container.php(696): Illuminate\\Container\\BoundMethod::call()
#24 /home/yamojr/devyamo/edusaas/edusaas/vendor/laravel/framework/src/Illuminate/Database/Seeder.php(188): Illuminate\\Container\\Container->call()
#25 /home/yamojr/devyamo/edusaas/edusaas/vendor/laravel/framework/src/Illuminate/Database/Seeder.php(197): Illuminate\\Database\\Seeder->{closure:Illuminate\\Database\\Seeder::__invoke():187}()
#26 /home/yamojr/devyamo/edusaas/edusaas/vendor/laravel/framework/src/Illuminate/Database/Seeder.php(61): Illuminate\\Database\\Seeder->__invoke()
#27 /home/yamojr/devyamo/edusaas/edusaas/database/seeders/DatabaseSeeder.php(14): Illuminate\\Database\\Seeder->call()
#28 /home/yamojr/devyamo/edusaas/edusaas/vendor/laravel/framework/src/Illuminate/Container/BoundMethod.php(36): Database\\Seeders\\DatabaseSeeder->run()
#29 /home/yamojr/devyamo/edusaas/edusaas/vendor/laravel/framework/src/Illuminate/Container/Util.php(43): Illuminate\\Container\\BoundMethod::{closure:Illuminate\\Container\\BoundMethod::call():35}()
#30 /home/yamojr/devyamo/edusaas/edusaas/vendor/laravel/framework/src/Illuminate/Container/BoundMethod.php(95): Illuminate\\Container\\Util::unwrapIfClosure()
#31 /home/yamojr/devyamo/edusaas/edusaas/vendor/laravel/framework/src/Illuminate/Container/BoundMethod.php(35): Illuminate\\Container\\BoundMethod::callBoundMethod()
#32 /home/yamojr/devyamo/edusaas/edusaas/vendor/laravel/framework/src/Illuminate/Container/Container.php(696): Illuminate\\Container\\BoundMethod::call()
#33 /home/yamojr/devyamo/edusaas/edusaas/vendor/laravel/framework/src/Illuminate/Database/Seeder.php(188): Illuminate\\Container\\Container->call()
#34 /home/yamojr/devyamo/edusaas/edusaas/vendor/laravel/framework/src/Illuminate/Database/Seeder.php(197): Illuminate\\Database\\Seeder->{closure:Illuminate\\Database\\Seeder::__invoke():187}()
#35 /home/yamojr/devyamo/edusaas/edusaas/vendor/laravel/framework/src/Illuminate/Database/Console/Seeds/SeedCommand.php(70): Illuminate\\Database\\Seeder->__invoke()
#36 /home/yamojr/devyamo/edusaas/edusaas/vendor/laravel/framework/src/Illuminate/Database/Eloquent/Concerns/GuardsAttributes.php(155): Illuminate\\Database\\Console\\Seeds\\SeedCommand->{closure:Illuminate\\Database\\Console\\Seeds\\SeedCommand::handle():69}()
#37 /home/yamojr/devyamo/edusaas/edusaas/vendor/laravel/framework/src/Illuminate/Database/Console/Seeds/SeedCommand.php(69): Illuminate\\Database\\Eloquent\\Model::unguarded()
#38 /home/yamojr/devyamo/edusaas/edusaas/vendor/laravel/framework/src/Illuminate/Container/BoundMethod.php(36): Illuminate\\Database\\Console\\Seeds\\SeedCommand->handle()
#39 /home/yamojr/devyamo/edusaas/edusaas/vendor/laravel/framework/src/Illuminate/Container/Util.php(43): Illuminate\\Container\\BoundMethod::{closure:Illuminate\\Container\\BoundMethod::call():35}()
#40 /home/yamojr/devyamo/edusaas/edusaas/vendor/laravel/framework/src/Illuminate/Container/BoundMethod.php(95): Illuminate\\Container\\Util::unwrapIfClosure()
#41 /home/yamojr/devyamo/edusaas/edusaas/vendor/laravel/framework/src/Illuminate/Container/BoundMethod.php(35): Illuminate\\Container\\BoundMethod::callBoundMethod()
#42 /home/yamojr/devyamo/edusaas/edusaas/vendor/laravel/framework/src/Illuminate/Container/Container.php(696): Illuminate\\Container\\BoundMethod::call()
#43 /home/yamojr/devyamo/edusaas/edusaas/vendor/laravel/framework/src/Illuminate/Console/Command.php(213): Illuminate\\Container\\Container->call()
#44 /home/yamojr/devyamo/edusaas/edusaas/vendor/symfony/console/Command/Command.php(341): Illuminate\\Console\\Command->execute()
#45 /home/yamojr/devyamo/edusaas/edusaas/vendor/laravel/framework/src/Illuminate/Console/Command.php(182): Symfony\\Component\\Console\\Command\\Command->run()
#46 /home/yamojr/devyamo/edusaas/edusaas/vendor/symfony/console/Application.php(1117): Illuminate\\Console\\Command->run()
#47 /home/yamojr/devyamo/edusaas/edusaas/vendor/symfony/console/Application.php(356): Symfony\\Component\\Console\\Application->doRunCommand()
#48 /home/yamojr/devyamo/edusaas/edusaas/vendor/symfony/console/Application.php(195): Symfony\\Component\\Console\\Application->doRun()
#49 /home/yamojr/devyamo/edusaas/edusaas/vendor/laravel/framework/src/Illuminate/Foundation/Console/Kernel.php(198): Symfony\\Component\\Console\\Application->run()
#50 /home/yamojr/devyamo/edusaas/edusaas/vendor/laravel/framework/src/Illuminate/Foundation/Application.php(1235): Illuminate\\Foundation\\Console\\Kernel->handle()
#51 /home/yamojr/devyamo/edusaas/edusaas/artisan(12): Illuminate\\Foundation\\Application->handleCommand()
#52 {main}

[previous exception] [object] (PDOException(code: 01000): SQLSTATE[01000]: Warning: 1265 Data truncated for column 'role' at row 1 at /home/yamojr/devyamo/edusaas/edusaas/vendor/laravel/framework/src/Illuminate/Database/MySqlConnection.php:53)
[stacktrace]
#0 /home/yamojr/devyamo/edusaas/edusaas/vendor/laravel/framework/src/Illuminate/Database/MySqlConnection.php(53): PDOStatement->execute()
#1 /home/yamojr/devyamo/edusaas/edusaas/vendor/laravel/framework/src/Illuminate/Database/Connection.php(812): Illuminate\\Database\\MySqlConnection->{closure:Illuminate\\Database\\MySqlConnection::insert():42}()
#2 /home/yamojr/devyamo/edusaas/edusaas/vendor/laravel/framework/src/Illuminate/Database/Connection.php(779): Illuminate\\Database\\Connection->runQueryCallback()
#3 /home/yamojr/devyamo/edusaas/edusaas/vendor/laravel/framework/src/Illuminate/Database/MySqlConnection.php(42): Illuminate\\Database\\Connection->run()
#4 /home/yamojr/devyamo/edusaas/edusaas/vendor/laravel/framework/src/Illuminate/Database/Query/Processors/MySqlProcessor.php(35): Illuminate\\Database\\MySqlConnection->insert()
#5 /home/yamojr/devyamo/edusaas/edusaas/vendor/laravel/framework/src/Illuminate/Database/Query/Builder.php(3766): Illuminate\\Database\\Query\\Processors\\MySqlProcessor->processInsertGetId()
#6 /home/yamojr/devyamo/edusaas/edusaas/vendor/laravel/framework/src/Illuminate/Database/Eloquent/Builder.php(2120): Illuminate\\Database\\Query\\Builder->insertGetId()
#7 /home/yamojr/devyamo/edusaas/edusaas/vendor/laravel/framework/src/Illuminate/Database/Eloquent/Model.php(1359): Illuminate\\Database\\Eloquent\\Builder->__call()
#8 /home/yamojr/devyamo/edusaas/edusaas/vendor/laravel/framework/src/Illuminate/Database/Eloquent/Model.php(1324): Illuminate\\Database\\Eloquent\\Model->insertAndSetId()
#9 /home/yamojr/devyamo/edusaas/edusaas/vendor/laravel/framework/src/Illuminate/Database/Eloquent/Model.php(1163): Illuminate\\Database\\Eloquent\\Model->performInsert()
#10 /home/yamojr/devyamo/edusaas/edusaas/vendor/laravel/framework/src/Illuminate/Database/Eloquent/Builder.php(1128): Illuminate\\Database\\Eloquent\\Model->save()
#11 /home/yamojr/devyamo/edusaas/edusaas/vendor/laravel/framework/src/Illuminate/Support/helpers.php(399): Illuminate\\Database\\Eloquent\\Builder->{closure:Illuminate\\Database\\Eloquent\\Builder::create():1127}()
#12 /home/yamojr/devyamo/edusaas/edusaas/vendor/laravel/framework/src/Illuminate/Database/Eloquent/Builder.php(1127): tap()
#13 /home/yamojr/devyamo/edusaas/edusaas/vendor/laravel/framework/src/Illuminate/Database/Eloquent/Builder.php(634): Illuminate\\Database\\Eloquent\\Builder->create()
#14 /home/yamojr/devyamo/edusaas/edusaas/vendor/laravel/framework/src/Illuminate/Database/Eloquent/Builder.php(1864): Illuminate\\Database\\Eloquent\\Builder->{closure:Illuminate\\Database\\Eloquent\\Builder::createOrFirst():634}()
#15 /home/yamojr/devyamo/edusaas/edusaas/vendor/laravel/framework/src/Illuminate/Database/Eloquent/Builder.php(634): Illuminate\\Database\\Eloquent\\Builder->withSavepointIfNeeded()
#16 /home/yamojr/devyamo/edusaas/edusaas/vendor/laravel/framework/src/Illuminate/Database/Eloquent/Builder.php(621): Illuminate\\Database\\Eloquent\\Builder->createOrFirst()
#17 /home/yamojr/devyamo/edusaas/edusaas/vendor/laravel/framework/src/Illuminate/Support/Traits/ForwardsCalls.php(23): Illuminate\\Database\\Eloquent\\Builder->firstOrCreate()
#18 /home/yamojr/devyamo/edusaas/edusaas/vendor/laravel/framework/src/Illuminate/Database/Eloquent/Model.php(2372): Illuminate\\Database\\Eloquent\\Model->forwardCallTo()
#19 /home/yamojr/devyamo/edusaas/edusaas/vendor/laravel/framework/src/Illuminate/Database/Eloquent/Model.php(2384): Illuminate\\Database\\Eloquent\\Model->__call()
#20 /home/yamojr/devyamo/edusaas/edusaas/database/seeders/SchoolSeeder.php(98): Illuminate\\Database\\Eloquent\\Model::__callStatic()
#21 /home/yamojr/devyamo/edusaas/edusaas/vendor/laravel/framework/src/Illuminate/Container/BoundMethod.php(36): Database\\Seeders\\SchoolSeeder->run()
#22 /home/yamojr/devyamo/edusaas/edusaas/vendor/laravel/framework/src/Illuminate/Container/Util.php(43): Illuminate\\Container\\BoundMethod::{closure:Illuminate\\Container\\BoundMethod::call():35}()
#23 /home/yamojr/devyamo/edusaas/edusaas/vendor/laravel/framework/src/Illuminate/Container/BoundMethod.php(95): Illuminate\\Container\\Util::unwrapIfClosure()
#24 /home/yamojr/devyamo/edusaas/edusaas/vendor/laravel/framework/src/Illuminate/Container/BoundMethod.php(35): Illuminate\\Container\\BoundMethod::callBoundMethod()
#25 /home/yamojr/devyamo/edusaas/edusaas/vendor/laravel/framework/src/Illuminate/Container/Container.php(696): Illuminate\\Container\\BoundMethod::call()
#26 /home/yamojr/devyamo/edusaas/edusaas/vendor/laravel/framework/src/Illuminate/Database/Seeder.php(188): Illuminate\\Container\\Container->call()
#27 /home/yamojr/devyamo/edusaas/edusaas/vendor/laravel/framework/src/Illuminate/Database/Seeder.php(197): Illuminate\\Database\\Seeder->{closure:Illuminate\\Database\\Seeder::__invoke():187}()
#28 /home/yamojr/devyamo/edusaas/edusaas/vendor/laravel/framework/src/Illuminate/Database/Seeder.php(61): Illuminate\\Database\\Seeder->__invoke()
#29 /home/yamojr/devyamo/edusaas/edusaas/database/seeders/DatabaseSeeder.php(14): Illuminate\\Database\\Seeder->call()
#30 /home/yamojr/devyamo/edusaas/edusaas/vendor/laravel/framework/src/Illuminate/Container/BoundMethod.php(36): Database\\Seeders\\DatabaseSeeder->run()
#31 /home/yamojr/devyamo/edusaas/edusaas/vendor/laravel/framework/src/Illuminate/Container/Util.php(43): Illuminate\\Container\\BoundMethod::{closure:Illuminate\\Container\\BoundMethod::call():35}()
#32 /home/yamojr/devyamo/edusaas/edusaas/vendor/laravel/framework/src/Illuminate/Container/BoundMethod.php(95): Illuminate\\Container\\Util::unwrapIfClosure()
#33 /home/yamojr/devyamo/edusaas/edusaas/vendor/laravel/framework/src/Illuminate/Container/BoundMethod.php(35): Illuminate\\Container\\BoundMethod::callBoundMethod()
#34 /home/yamojr/devyamo/edusaas/edusaas/vendor/laravel/framework/src/Illuminate/Container/Container.php(696): Illuminate\\Container\\BoundMethod::call()
#35 /home/yamojr/devyamo/edusaas/edusaas/vendor/laravel/framework/src/Illuminate/Database/Seeder.php(188): Illuminate\\Container\\Container->call()
#36 /home/yamojr/devyamo/edusaas/edusaas/vendor/laravel/framework/src/Illuminate/Database/Seeder.php(197): Illuminate\\Database\\Seeder->{closure:Illuminate\\Database\\Seeder::__invoke():187}()
#37 /home/yamojr/devyamo/edusaas/edusaas/vendor/laravel/framework/src/Illuminate/Database/Console/Seeds/SeedCommand.php(70): Illuminate\\Database\\Seeder->__invoke()
#38 /home/yamojr/devyamo/edusaas/edusaas/vendor/laravel/framework/src/Illuminate/Database/Eloquent/Concerns/GuardsAttributes.php(155): Illuminate\\Database\\Console\\Seeds\\SeedCommand->{closure:Illuminate\\Database\\Console\\Seeds\\SeedCommand::handle():69}()
#39 /home/yamojr/devyamo/edusaas/edusaas/vendor/laravel/framework/src/Illuminate/Database/Console/Seeds/SeedCommand.php(69): Illuminate\\Database\\Eloquent\\Model::unguarded()
#40 /home/yamojr/devyamo/edusaas/edusaas/vendor/laravel/framework/src/Illuminate/Container/BoundMethod.php(36): Illuminate\\Database\\Console\\Seeds\\SeedCommand->handle()
#41 /home/yamojr/devyamo/edusaas/edusaas/vendor/laravel/framework/src/Illuminate/Container/Util.php(43): Illuminate\\Container\\BoundMethod::{closure:Illuminate\\Container\\BoundMethod::call():35}()
#42 /home/yamojr/devyamo/edusaas/edusaas/vendor/laravel/framework/src/Illuminate/Container/BoundMethod.php(95): Illuminate\\Container\\Util::unwrapIfClosure()
#43 /home/yamojr/devyamo/edusaas/edusaas/vendor/laravel/framework/src/Illuminate/Container/BoundMethod.php(35): Illuminate\\Container\\BoundMethod::callBoundMethod()
#44 /home/yamojr/devyamo/edusaas/edusaas/vendor/laravel/framework/src/Illuminate/Container/Container.php(696): Illuminate\\Container\\BoundMethod::call()
#45 /home/yamojr/devyamo/edusaas/edusaas/vendor/laravel/framework/src/Illuminate/Console/Command.php(213): Illuminate\\Container\\Container->call()
#46 /home/yamojr/devyamo/edusaas/edusaas/vendor/symfony/console/Command/Command.php(341): Illuminate\\Console\\Command->execute()
#47 /home/yamojr/devyamo/edusaas/edusaas/vendor/laravel/framework/src/Illuminate/Console/Command.php(182): Symfony\\Component\\Console\\Command\\Command->run()
#48 /home/yamojr/devyamo/edusaas/edusaas/vendor/symfony/console/Application.php(1117): Illuminate\\Console\\Command->run()
#49 /home/yamojr/devyamo/edusaas/edusaas/vendor/symfony/console/Application.php(356): Symfony\\Component\\Console\\Application->doRunCommand()
#50 /home/yamojr/devyamo/edusaas/edusaas/vendor/symfony/console/Application.php(195): Symfony\\Component\\Console\\Application->doRun()
#51 /home/yamojr/devyamo/edusaas/edusaas/vendor/laravel/framework/src/Illuminate/Foundation/Console/Kernel.php(198): Symfony\\Component\\Console\\Application->run()
#52 /home/yamojr/devyamo/edusaas/edusaas/vendor/laravel/framework/src/Illuminate/Foundation/Application.php(1235): Illuminate\\Foundation\\Console\\Kernel->handle()
#53 /home/yamojr/devyamo/edusaas/edusaas/artisan(12): Illuminate\\Foundation\\Application->handleCommand()
#54 {main}
"} 
[2026-03-22 02:33:04] local.ERROR: Class "App\Http\Controllers\Controller" not found {"exception":"[object] (Error(code: 0): Class \"App\\Http\\Controllers\\Controller\" not found at /home/yamojr/devyamo/edusaas/edusaas/app/Http/Controllers/LandingController.php:9)
[stacktrace]
#0 /home/yamojr/devyamo/edusaas/edusaas/vendor/composer/ClassLoader.php(576): include()
#1 /home/yamojr/devyamo/edusaas/edusaas/vendor/composer/ClassLoader.php(427): {closure:Composer\\Autoload\\ClassLoader::initializeIncludeClosure():575}()
#2 [internal function]: Composer\\Autoload\\ClassLoader->loadClass()
#3 /home/yamojr/devyamo/edusaas/edusaas/vendor/laravel/framework/src/Illuminate/Routing/Route.php(1117): is_a()
#4 /home/yamojr/devyamo/edusaas/edusaas/vendor/laravel/framework/src/Illuminate/Routing/Route.php(1054): Illuminate\\Routing\\Route->controllerMiddleware()
#5 /home/yamojr/devyamo/edusaas/edusaas/vendor/laravel/framework/src/Illuminate/Routing/Router.php(820): Illuminate\\Routing\\Route->gatherMiddleware()
#6 /home/yamojr/devyamo/edusaas/edusaas/vendor/laravel/framework/src/Illuminate/Routing/Router.php(802): Illuminate\\Routing\\Router->gatherRouteMiddleware()
#7 /home/yamojr/devyamo/edusaas/edusaas/vendor/laravel/framework/src/Illuminate/Routing/Router.php(786): Illuminate\\Routing\\Router->runRouteWithinStack()
#8 /home/yamojr/devyamo/edusaas/edusaas/vendor/laravel/framework/src/Illuminate/Routing/Router.php(750): Illuminate\\Routing\\Router->runRoute()
#9 /home/yamojr/devyamo/edusaas/edusaas/vendor/laravel/framework/src/Illuminate/Routing/Router.php(739): Illuminate\\Routing\\Router->dispatchToRoute()
#10 /home/yamojr/devyamo/edusaas/edusaas/vendor/laravel/framework/src/Illuminate/Foundation/Http/Kernel.php(201): Illuminate\\Routing\\Router->dispatch()
#11 /home/yamojr/devyamo/edusaas/edusaas/vendor/laravel/framework/src/Illuminate/Pipeline/Pipeline.php(170): Illuminate\\Foundation\\Http\\Kernel->{closure:Illuminate\\Foundation\\Http\\Kernel::dispatchToRouter():198}()
#12 /home/yamojr/devyamo/edusaas/edusaas/vendor/laravel/framework/src/Illuminate/Foundation/Http/Middleware/TransformsRequest.php(21): Illuminate\\Pipeline\\Pipeline->{closure:Illuminate\\Pipeline\\Pipeline::prepareDestination():168}()
#13 /home/yamojr/devyamo/edusaas/edusaas/vendor/laravel/framework/src/Illuminate/Foundation/Http/Middleware/ConvertEmptyStringsToNull.php(31): Illuminate\\Foundation\\Http\\Middleware\\TransformsRequest->handle()
#14 /home/yamojr/devyamo/edusaas/edusaas/vendor/laravel/framework/src/Illuminate/Pipeline/Pipeline.php(209): Illuminate\\Foundation\\Http\\Middleware\\ConvertEmptyStringsToNull->handle()
#15 /home/yamojr/devyamo/edusaas/edusaas/vendor/laravel/framework/src/Illuminate/Foundation/Http/Middleware/TransformsRequest.php(21): Illuminate\\Pipeline\\Pipeline->{closure:{closure:Illuminate\\Pipeline\\Pipeline::carry():184}:185}()
#16 /home/yamojr/devyamo/edusaas/edusaas/vendor/laravel/framework/src/Illuminate/Foundation/Http/Middleware/TrimStrings.php(51): Illuminate\\Foundation\\Http\\Middleware\\TransformsRequest->handle()
#17 /home/yamojr/devyamo/edusaas/edusaas/vendor/laravel/framework/src/Illuminate/Pipeline/Pipeline.php(209): Illuminate\\Foundation\\Http\\Middleware\\TrimStrings->handle()
#18 /home/yamojr/devyamo/edusaas/edusaas/vendor/laravel/framework/src/Illuminate/Http/Middleware/ValidatePostSize.php(27): Illuminate\\Pipeline\\Pipeline->{closure:{closure:Illuminate\\Pipeline\\Pipeline::carry():184}:185}()
#19 /home/yamojr/devyamo/edusaas/edusaas/vendor/laravel/framework/src/Illuminate/Pipeline/Pipeline.php(209): Illuminate\\Http\\Middleware\\ValidatePostSize->handle()
#20 /home/yamojr/devyamo/edusaas/edusaas/vendor/laravel/framework/src/Illuminate/Foundation/Http/Middleware/PreventRequestsDuringMaintenance.php(110): Illuminate\\Pipeline\\Pipeline->{closure:{closure:Illuminate\\Pipeline\\Pipeline::carry():184}:185}()
#21 /home/yamojr/devyamo/edusaas/edusaas/vendor/laravel/framework/src/Illuminate/Pipeline/Pipeline.php(209): Illuminate\\Foundation\\Http\\Middleware\\PreventRequestsDuringMaintenance->handle()
#22 /home/yamojr/devyamo/edusaas/edusaas/vendor/laravel/framework/src/Illuminate/Http/Middleware/HandleCors.php(49): Illuminate\\Pipeline\\Pipeline->{closure:{closure:Illuminate\\Pipeline\\Pipeline::carry():184}:185}()
#23 /home/yamojr/devyamo/edusaas/edusaas/vendor/laravel/framework/src/Illuminate/Pipeline/Pipeline.php(209): Illuminate\\Http\\Middleware\\HandleCors->handle()
#24 /home/yamojr/devyamo/edusaas/edusaas/vendor/laravel/framework/src/Illuminate/Http/Middleware/TrustProxies.php(58): Illuminate\\Pipeline\\Pipeline->{closure:{closure:Illuminate\\Pipeline\\Pipeline::carry():184}:185}()
#25 /home/yamojr/devyamo/edusaas/edusaas/vendor/laravel/framework/src/Illuminate/Pipeline/Pipeline.php(209): Illuminate\\Http\\Middleware\\TrustProxies->handle()
#26 /home/yamojr/devyamo/edusaas/edusaas/vendor/laravel/framework/src/Illuminate/Foundation/Http/Middleware/InvokeDeferredCallbacks.php(22): Illuminate\\Pipeline\\Pipeline->{closure:{closure:Illuminate\\Pipeline\\Pipeline::carry():184}:185}()
#27 /home/yamojr/devyamo/edusaas/edusaas/vendor/laravel/framework/src/Illuminate/Pipeline/Pipeline.php(209): Illuminate\\Foundation\\Http\\Middleware\\InvokeDeferredCallbacks->handle()
#28 /home/yamojr/devyamo/edusaas/edusaas/vendor/laravel/framework/src/Illuminate/Pipeline/Pipeline.php(127): Illuminate\\Pipeline\\Pipeline->{closure:{closure:Illuminate\\Pipeline\\Pipeline::carry():184}:185}()
#29 /home/yamojr/devyamo/edusaas/edusaas/vendor/laravel/framework/src/Illuminate/Foundation/Http/Kernel.php(176): Illuminate\\Pipeline\\Pipeline->then()
#30 /home/yamojr/devyamo/edusaas/edusaas/vendor/laravel/framework/src/Illuminate/Foundation/Http/Kernel.php(145): Illuminate\\Foundation\\Http\\Kernel->sendRequestThroughRouter()
#31 /home/yamojr/devyamo/edusaas/edusaas/vendor/laravel/framework/src/Illuminate/Foundation/Application.php(1220): Illuminate\\Foundation\\Http\\Kernel->handle()
#32 /home/yamojr/devyamo/edusaas/edusaas/public/index.php(19): Illuminate\\Foundation\\Application->handleRequest()
#33 /home/yamojr/devyamo/edusaas/edusaas/vendor/laravel/framework/src/Illuminate/Foundation/resources/server.php(23): require_once('...')
#34 {main}
"} 
[2026-03-22 02:33:05] local.ERROR: Please provide a valid cache path. {"exception":"[object] (InvalidArgumentException(code: 0): Please provide a valid cache path. at /home/yamojr/devyamo/edusaas/edusaas/vendor/laravel/framework/src/Illuminate/View/Compilers/Compiler.php:67)
[stacktrace]
#0 /home/yamojr/devyamo/edusaas/edusaas/vendor/laravel/framework/src/Illuminate/View/ViewServiceProvider.php(97): Illuminate\\View\\Compilers\\Compiler->__construct()
#1 /home/yamojr/devyamo/edusaas/edusaas/vendor/laravel/framework/src/Illuminate/Container/Container.php(952): Illuminate\\View\\ViewServiceProvider->{closure:Illuminate\\View\\ViewServiceProvider::registerBladeCompiler():96}()
#2 /home/yamojr/devyamo/edusaas/edusaas/vendor/laravel/framework/src/Illuminate/Container/Container.php(832): Illuminate\\Container\\Container->build()
#3 /home/yamojr/devyamo/edusaas/edusaas/vendor/laravel/framework/src/Illuminate/Foundation/Application.php(1078): Illuminate\\Container\\Container->resolve()
#4 /home/yamojr/devyamo/edusaas/edusaas/vendor/laravel/framework/src/Illuminate/Container/Container.php(763): Illuminate\\Foundation\\Application->resolve()
#5 /home/yamojr/devyamo/edusaas/edusaas/vendor/laravel/framework/src/Illuminate/Foundation/Application.php(1058): Illuminate\\Container\\Container->make()
#6 /home/yamojr/devyamo/edusaas/edusaas/vendor/laravel/framework/src/Illuminate/View/ViewServiceProvider.php(168): Illuminate\\Foundation\\Application->make()
#7 [internal function]: Illuminate\\View\\ViewServiceProvider->{closure:Illuminate\\View\\ViewServiceProvider::registerBladeEngine():164}()
#8 /home/yamojr/devyamo/edusaas/edusaas/vendor/laravel/framework/src/Illuminate/View/Engines/EngineResolver.php(55): call_user_func()
#9 /home/yamojr/devyamo/edusaas/edusaas/vendor/laravel/framework/src/Illuminate/View/Factory.php(326): Illuminate\\View\\Engines\\EngineResolver->resolve()
#10 /home/yamojr/devyamo/edusaas/edusaas/vendor/laravel/framework/src/Illuminate/View/Factory.php(288): Illuminate\\View\\Factory->getEngineFromPath()
#11 /home/yamojr/devyamo/edusaas/edusaas/vendor/laravel/framework/src/Illuminate/View/Factory.php(160): Illuminate\\View\\Factory->viewInstance()
#12 /home/yamojr/devyamo/edusaas/edusaas/vendor/laravel/framework/src/Illuminate/Routing/ResponseFactory.php(90): Illuminate\\View\\Factory->make()
#13 /home/yamojr/devyamo/edusaas/edusaas/vendor/laravel/framework/src/Illuminate/Foundation/Exceptions/Handler.php(894): Illuminate\\Routing\\ResponseFactory->view()
#14 /home/yamojr/devyamo/edusaas/edusaas/vendor/laravel/framework/src/Illuminate/Foundation/Exceptions/Handler.php(815): Illuminate\\Foundation\\Exceptions\\Handler->renderHttpException()
#15 /home/yamojr/devyamo/edusaas/edusaas/vendor/laravel/framework/src/Illuminate/Foundation/Exceptions/Handler.php(706): Illuminate\\Foundation\\Exceptions\\Handler->prepareResponse()
#16 /home/yamojr/devyamo/edusaas/edusaas/vendor/laravel/framework/src/Illuminate/Foundation/Exceptions/Handler.php(594): Illuminate\\Foundation\\Exceptions\\Handler->renderExceptionResponse()
#17 /home/yamojr/devyamo/edusaas/edusaas/vendor/laravel/framework/src/Illuminate/Routing/Pipeline.php(51): Illuminate\\Foundation\\Exceptions\\Handler->render()
#18 /home/yamojr/devyamo/edusaas/edusaas/vendor/laravel/framework/src/Illuminate/Pipeline/Pipeline.php(172): Illuminate\\Routing\\Pipeline->handleException()
#19 /home/yamojr/devyamo/edusaas/edusaas/vendor/laravel/framework/src/Illuminate/Foundation/Http/Middleware/TransformsRequest.php(21): Illuminate\\Pipeline\\Pipeline->{closure:Illuminate\\Pipeline\\Pipeline::prepareDestination():168}()
#20 /home/yamojr/devyamo/edusaas/edusaas/vendor/laravel/framework/src/Illuminate/Foundation/Http/Middleware/ConvertEmptyStringsToNull.php(31): Illuminate\\Foundation\\Http\\Middleware\\TransformsRequest->handle()
#21 /home/yamojr/devyamo/edusaas/edusaas/vendor/laravel/framework/src/Illuminate/Pipeline/Pipeline.php(209): Illuminate\\Foundation\\Http\\Middleware\\ConvertEmptyStringsToNull->handle()
#22 /home/yamojr/devyamo/edusaas/edusaas/vendor/laravel/framework/src/Illuminate/Foundation/Http/Middleware/TransformsRequest.php(21): Illuminate\\Pipeline\\Pipeline->{closure:{closure:Illuminate\\Pipeline\\Pipeline::carry():184}:185}()
#23 /home/yamojr/devyamo/edusaas/edusaas/vendor/laravel/framework/src/Illuminate/Foundation/Http/Middleware/TrimStrings.php(51): Illuminate\\Foundation\\Http\\Middleware\\TransformsRequest->handle()
#24 /home/yamojr/devyamo/edusaas/edusaas/vendor/laravel/framework/src/Illuminate/Pipeline/Pipeline.php(209): Illuminate\\Foundation\\Http\\Middleware\\TrimStrings->handle()
#25 /home/yamojr/devyamo/edusaas/edusaas/vendor/laravel/framework/src/Illuminate/Http/Middleware/ValidatePostSize.php(27): Illuminate\\Pipeline\\Pipeline->{closure:{closure:Illuminate\\Pipeline\\Pipeline::carry():184}:185}()
#26 /home/yamojr/devyamo/edusaas/edusaas/vendor/laravel/framework/src/Illuminate/Pipeline/Pipeline.php(209): Illuminate\\Http\\Middleware\\ValidatePostSize->handle()
#27 /home/yamojr/devyamo/edusaas/edusaas/vendor/laravel/framework/src/Illuminate/Foundation/Http/Middleware/PreventRequestsDuringMaintenance.php(110): Illuminate\\Pipeline\\Pipeline->{closure:{closure:Illuminate\\Pipeline\\Pipeline::carry():184}:185}()
#28 /home/yamojr/devyamo/edusaas/edusaas/vendor/laravel/framework/src/Illuminate/Pipeline/Pipeline.php(209): Illuminate\\Foundation\\Http\\Middleware\\PreventRequestsDuringMaintenance->handle()
#29 /home/yamojr/devyamo/edusaas/edusaas/vendor/laravel/framework/src/Illuminate/Http/Middleware/HandleCors.php(49): Illuminate\\Pipeline\\Pipeline->{closure:{closure:Illuminate\\Pipeline\\Pipeline::carry():184}:185}()
#30 /home/yamojr/devyamo/edusaas/edusaas/vendor/laravel/framework/src/Illuminate/Pipeline/Pipeline.php(209): Illuminate\\Http\\Middleware\\HandleCors->handle()
#31 /home/yamojr/devyamo/edusaas/edusaas/vendor/laravel/framework/src/Illuminate/Http/Middleware/TrustProxies.php(58): Illuminate\\Pipeline\\Pipeline->{closure:{closure:Illuminate\\Pipeline\\Pipeline::carry():184}:185}()
#32 /home/yamojr/devyamo/edusaas/edusaas/vendor/laravel/framework/src/Illuminate/Pipeline/Pipeline.php(209): Illuminate\\Http\\Middleware\\TrustProxies->handle()
#33 /home/yamojr/devyamo/edusaas/edusaas/vendor/laravel/framework/src/Illuminate/Foundation/Http/Middleware/InvokeDeferredCallbacks.php(22): Illuminate\\Pipeline\\Pipeline->{closure:{closure:Illuminate\\Pipeline\\Pipeline::carry():184}:185}()
#34 /home/yamojr/devyamo/edusaas/edusaas/vendor/laravel/framework/src/Illuminate/Pipeline/Pipeline.php(209): Illuminate\\Foundation\\Http\\Middleware\\InvokeDeferredCallbacks->handle()
#35 /home/yamojr/devyamo/edusaas/edusaas/vendor/laravel/framework/src/Illuminate/Pipeline/Pipeline.php(127): Illuminate\\Pipeline\\Pipeline->{closure:{closure:Illuminate\\Pipeline\\Pipeline::carry():184}:185}()
#36 /home/yamojr/devyamo/edusaas/edusaas/vendor/laravel/framework/src/Illuminate/Foundation/Http/Kernel.php(176): Illuminate\\Pipeline\\Pipeline->then()
#37 /home/yamojr/devyamo/edusaas/edusaas/vendor/laravel/framework/src/Illuminate/Foundation/Http/Kernel.php(145): Illuminate\\Foundation\\Http\\Kernel->sendRequestThroughRouter()
#38 /home/yamojr/devyamo/edusaas/edusaas/vendor/laravel/framework/src/Illuminate/Foundation/Application.php(1220): Illuminate\\Foundation\\Http\\Kernel->handle()
#39 /home/yamojr/devyamo/edusaas/edusaas/public/index.php(19): Illuminate\\Foundation\\Application->handleRequest()
#40 /home/yamojr/devyamo/edusaas/edusaas/vendor/laravel/framework/src/Illuminate/Foundation/resources/server.php(23): require_once('...')
#41 {main}
"} 
[2026-03-22 02:33:19] local.ERROR: Class "App\Http\Controllers\Controller" not found {"exception":"[object] (Error(code: 0): Class \"App\\Http\\Controllers\\Controller\" not found at /home/yamojr/devyamo/edusaas/edusaas/app/Http/Controllers/LandingController.php:9)
[stacktrace]
#0 /home/yamojr/devyamo/edusaas/edusaas/vendor/composer/ClassLoader.php(576): include()
#1 /home/yamojr/devyamo/edusaas/edusaas/vendor/composer/ClassLoader.php(427): {closure:Composer\\Autoload\\ClassLoader::initializeIncludeClosure():575}()
#2 [internal function]: Composer\\Autoload\\ClassLoader->loadClass()
#3 /home/yamojr/devyamo/edusaas/edusaas/vendor/laravel/framework/src/Illuminate/Routing/Route.php(1117): is_a()
#4 /home/yamojr/devyamo/edusaas/edusaas/vendor/laravel/framework/src/Illuminate/Routing/Route.php(1054): Illuminate\\Routing\\Route->controllerMiddleware()
#5 /home/yamojr/devyamo/edusaas/edusaas/vendor/laravel/framework/src/Illuminate/Routing/Router.php(820): Illuminate\\Routing\\Route->gatherMiddleware()
#6 /home/yamojr/devyamo/edusaas/edusaas/vendor/laravel/framework/src/Illuminate/Routing/Router.php(802): Illuminate\\Routing\\Router->gatherRouteMiddleware()
#7 /home/yamojr/devyamo/edusaas/edusaas/vendor/laravel/framework/src/Illuminate/Routing/Router.php(786): Illuminate\\Routing\\Router->runRouteWithinStack()
#8 /home/yamojr/devyamo/edusaas/edusaas/vendor/laravel/framework/src/Illuminate/Routing/Router.php(750): Illuminate\\Routing\\Router->runRoute()
#9 /home/yamojr/devyamo/edusaas/edusaas/vendor/laravel/framework/src/Illuminate/Routing/Router.php(739): Illuminate\\Routing\\Router->dispatchToRoute()
#10 /home/yamojr/devyamo/edusaas/edusaas/vendor/laravel/framework/src/Illuminate/Foundation/Http/Kernel.php(201): Illuminate\\Routing\\Router->dispatch()
#11 /home/yamojr/devyamo/edusaas/edusaas/vendor/laravel/framework/src/Illuminate/Pipeline/Pipeline.php(170): Illuminate\\Foundation\\Http\\Kernel->{closure:Illuminate\\Foundation\\Http\\Kernel::dispatchToRouter():198}()
#12 /home/yamojr/devyamo/edusaas/edusaas/vendor/laravel/framework/src/Illuminate/Foundation/Http/Middleware/TransformsRequest.php(21): Illuminate\\Pipeline\\Pipeline->{closure:Illuminate\\Pipeline\\Pipeline::prepareDestination():168}()
#13 /home/yamojr/devyamo/edusaas/edusaas/vendor/laravel/framework/src/Illuminate/Foundation/Http/Middleware/ConvertEmptyStringsToNull.php(31): Illuminate\\Foundation\\Http\\Middleware\\TransformsRequest->handle()
#14 /home/yamojr/devyamo/edusaas/edusaas/vendor/laravel/framework/src/Illuminate/Pipeline/Pipeline.php(209): Illuminate\\Foundation\\Http\\Middleware\\ConvertEmptyStringsToNull->handle()
#15 /home/yamojr/devyamo/edusaas/edusaas/vendor/laravel/framework/src/Illuminate/Foundation/Http/Middleware/TransformsRequest.php(21): Illuminate\\Pipeline\\Pipeline->{closure:{closure:Illuminate\\Pipeline\\Pipeline::carry():184}:185}()
#16 /home/yamojr/devyamo/edusaas/edusaas/vendor/laravel/framework/src/Illuminate/Foundation/Http/Middleware/TrimStrings.php(51): Illuminate\\Foundation\\Http\\Middleware\\TransformsRequest->handle()
#17 /home/yamojr/devyamo/edusaas/edusaas/vendor/laravel/framework/src/Illuminate/Pipeline/Pipeline.php(209): Illuminate\\Foundation\\Http\\Middleware\\TrimStrings->handle()
#18 /home/yamojr/devyamo/edusaas/edusaas/vendor/laravel/framework/src/Illuminate/Http/Middleware/ValidatePostSize.php(27): Illuminate\\Pipeline\\Pipeline->{closure:{closure:Illuminate\\Pipeline\\Pipeline::carry():184}:185}()
#19 /home/yamojr/devyamo/edusaas/edusaas/vendor/laravel/framework/src/Illuminate/Pipeline/Pipeline.php(209): Illuminate\\Http\\Middleware\\ValidatePostSize->handle()
#20 /home/yamojr/devyamo/edusaas/edusaas/vendor/laravel/framework/src/Illuminate/Foundation/Http/Middleware/PreventRequestsDuringMaintenance.php(110): Illuminate\\Pipeline\\Pipeline->{closure:{closure:Illuminate\\Pipeline\\Pipeline::carry():184}:185}()
#21 /home/yamojr/devyamo/edusaas/edusaas/vendor/laravel/framework/src/Illuminate/Pipeline/Pipeline.php(209): Illuminate\\Foundation\\Http\\Middleware\\PreventRequestsDuringMaintenance->handle()
#22 /home/yamojr/devyamo/edusaas/edusaas/vendor/laravel/framework/src/Illuminate/Http/Middleware/HandleCors.php(49): Illuminate\\Pipeline\\Pipeline->{closure:{closure:Illuminate\\Pipeline\\Pipeline::carry():184}:185}()
#23 /home/yamojr/devyamo/edusaas/edusaas/vendor/laravel/framework/src/Illuminate/Pipeline/Pipeline.php(209): Illuminate\\Http\\Middleware\\HandleCors->handle()
#24 /home/yamojr/devyamo/edusaas/edusaas/vendor/laravel/framework/src/Illuminate/Http/Middleware/TrustProxies.php(58): Illuminate\\Pipeline\\Pipeline->{closure:{closure:Illuminate\\Pipeline\\Pipeline::carry():184}:185}()
#25 /home/yamojr/devyamo/edusaas/edusaas/vendor/laravel/framework/src/Illuminate/Pipeline/Pipeline.php(209): Illuminate\\Http\\Middleware\\TrustProxies->handle()
#26 /home/yamojr/devyamo/edusaas/edusaas/vendor/laravel/framework/src/Illuminate/Foundation/Http/Middleware/InvokeDeferredCallbacks.php(22): Illuminate\\Pipeline\\Pipeline->{closure:{closure:Illuminate\\Pipeline\\Pipeline::carry():184}:185}()
#27 /home/yamojr/devyamo/edusaas/edusaas/vendor/laravel/framework/src/Illuminate/Pipeline/Pipeline.php(209): Illuminate\\Foundation\\Http\\Middleware\\InvokeDeferredCallbacks->handle()
#28 /home/yamojr/devyamo/edusaas/edusaas/vendor/laravel/framework/src/Illuminate/Pipeline/Pipeline.php(127): Illuminate\\Pipeline\\Pipeline->{closure:{closure:Illuminate\\Pipeline\\Pipeline::carry():184}:185}()
#29 /home/yamojr/devyamo/edusaas/edusaas/vendor/laravel/framework/src/Illuminate/Foundation/Http/Kernel.php(176): Illuminate\\Pipeline\\Pipeline->then()
#30 /home/yamojr/devyamo/edusaas/edusaas/vendor/laravel/framework/src/Illuminate/Foundation/Http/Kernel.php(145): Illuminate\\Foundation\\Http\\Kernel->sendRequestThroughRouter()
#31 /home/yamojr/devyamo/edusaas/edusaas/vendor/laravel/framework/src/Illuminate/Foundation/Application.php(1220): Illuminate\\Foundation\\Http\\Kernel->handle()
#32 /home/yamojr/devyamo/edusaas/edusaas/public/index.php(19): Illuminate\\Foundation\\Application->handleRequest()
#33 /home/yamojr/devyamo/edusaas/edusaas/vendor/laravel/framework/src/Illuminate/Foundation/resources/server.php(23): require_once('...')
#34 {main}
"} 
[2026-03-22 02:34:52] local.ERROR: Class "App\Http\Controllers\Controller" not found {"exception":"[object] (Error(code: 0): Class \"App\\Http\\Controllers\\Controller\" not found at /home/yamojr/devyamo/edusaas/edusaas/app/Http/Controllers/LandingController.php:9)
[stacktrace]
#0 /home/yamojr/devyamo/edusaas/edusaas/vendor/composer/ClassLoader.php(576): include()
#1 /home/yamojr/devyamo/edusaas/edusaas/vendor/composer/ClassLoader.php(427): {closure:Composer\\Autoload\\ClassLoader::initializeIncludeClosure():575}()
#2 [internal function]: Composer\\Autoload\\ClassLoader->loadClass()
#3 /home/yamojr/devyamo/edusaas/edusaas/vendor/laravel/framework/src/Illuminate/Routing/Route.php(1117): is_a()
#4 /home/yamojr/devyamo/edusaas/edusaas/vendor/laravel/framework/src/Illuminate/Routing/Route.php(1054): Illuminate\\Routing\\Route->controllerMiddleware()
#5 /home/yamojr/devyamo/edusaas/edusaas/vendor/laravel/framework/src/Illuminate/Routing/Router.php(820): Illuminate\\Routing\\Route->gatherMiddleware()
#6 /home/yamojr/devyamo/edusaas/edusaas/vendor/laravel/framework/src/Illuminate/Routing/Router.php(802): Illuminate\\Routing\\Router->gatherRouteMiddleware()
#7 /home/yamojr/devyamo/edusaas/edusaas/vendor/laravel/framework/src/Illuminate/Routing/Router.php(786): Illuminate\\Routing\\Router->runRouteWithinStack()
#8 /home/yamojr/devyamo/edusaas/edusaas/vendor/laravel/framework/src/Illuminate/Routing/Router.php(750): Illuminate\\Routing\\Router->runRoute()
#9 /home/yamojr/devyamo/edusaas/edusaas/vendor/laravel/framework/src/Illuminate/Routing/Router.php(739): Illuminate\\Routing\\Router->dispatchToRoute()
#10 /home/yamojr/devyamo/edusaas/edusaas/vendor/laravel/framework/src/Illuminate/Foundation/Http/Kernel.php(201): Illuminate\\Routing\\Router->dispatch()
#11 /home/yamojr/devyamo/edusaas/edusaas/vendor/laravel/framework/src/Illuminate/Pipeline/Pipeline.php(170): Illuminate\\Foundation\\Http\\Kernel->{closure:Illuminate\\Foundation\\Http\\Kernel::dispatchToRouter():198}()
#12 /home/yamojr/devyamo/edusaas/edusaas/vendor/laravel/framework/src/Illuminate/Foundation/Http/Middleware/TransformsRequest.php(21): Illuminate\\Pipeline\\Pipeline->{closure:Illuminate\\Pipeline\\Pipeline::prepareDestination():168}()
#13 /home/yamojr/devyamo/edusaas/edusaas/vendor/laravel/framework/src/Illuminate/Foundation/Http/Middleware/ConvertEmptyStringsToNull.php(31): Illuminate\\Foundation\\Http\\Middleware\\TransformsRequest->handle()
#14 /home/yamojr/devyamo/edusaas/edusaas/vendor/laravel/framework/src/Illuminate/Pipeline/Pipeline.php(209): Illuminate\\Foundation\\Http\\Middleware\\ConvertEmptyStringsToNull->handle()
#15 /home/yamojr/devyamo/edusaas/edusaas/vendor/laravel/framework/src/Illuminate/Foundation/Http/Middleware/TransformsRequest.php(21): Illuminate\\Pipeline\\Pipeline->{closure:{closure:Illuminate\\Pipeline\\Pipeline::carry():184}:185}()
#16 /home/yamojr/devyamo/edusaas/edusaas/vendor/laravel/framework/src/Illuminate/Foundation/Http/Middleware/TrimStrings.php(51): Illuminate\\Foundation\\Http\\Middleware\\TransformsRequest->handle()
#17 /home/yamojr/devyamo/edusaas/edusaas/vendor/laravel/framework/src/Illuminate/Pipeline/Pipeline.php(209): Illuminate\\Foundation\\Http\\Middleware\\TrimStrings->handle()
#18 /home/yamojr/devyamo/edusaas/edusaas/vendor/laravel/framework/src/Illuminate/Http/Middleware/ValidatePostSize.php(27): Illuminate\\Pipeline\\Pipeline->{closure:{closure:Illuminate\\Pipeline\\Pipeline::carry():184}:185}()
#19 /home/yamojr/devyamo/edusaas/edusaas/vendor/laravel/framework/src/Illuminate/Pipeline/Pipeline.php(209): Illuminate\\Http\\Middleware\\ValidatePostSize->handle()
#20 /home/yamojr/devyamo/edusaas/edusaas/vendor/laravel/framework/src/Illuminate/Foundation/Http/Middleware/PreventRequestsDuringMaintenance.php(110): Illuminate\\Pipeline\\Pipeline->{closure:{closure:Illuminate\\Pipeline\\Pipeline::carry():184}:185}()
#21 /home/yamojr/devyamo/edusaas/edusaas/vendor/laravel/framework/src/Illuminate/Pipeline/Pipeline.php(209): Illuminate\\Foundation\\Http\\Middleware\\PreventRequestsDuringMaintenance->handle()
#22 /home/yamojr/devyamo/edusaas/edusaas/vendor/laravel/framework/src/Illuminate/Http/Middleware/HandleCors.php(49): Illuminate\\Pipeline\\Pipeline->{closure:{closure:Illuminate\\Pipeline\\Pipeline::carry():184}:185}()
#23 /home/yamojr/devyamo/edusaas/edusaas/vendor/laravel/framework/src/Illuminate/Pipeline/Pipeline.php(209): Illuminate\\Http\\Middleware\\HandleCors->handle()
#24 /home/yamojr/devyamo/edusaas/edusaas/vendor/laravel/framework/src/Illuminate/Http/Middleware/TrustProxies.php(58): Illuminate\\Pipeline\\Pipeline->{closure:{closure:Illuminate\\Pipeline\\Pipeline::carry():184}:185}()
#25 /home/yamojr/devyamo/edusaas/edusaas/vendor/laravel/framework/src/Illuminate/Pipeline/Pipeline.php(209): Illuminate\\Http\\Middleware\\TrustProxies->handle()
#26 /home/yamojr/devyamo/edusaas/edusaas/vendor/laravel/framework/src/Illuminate/Foundation/Http/Middleware/InvokeDeferredCallbacks.php(22): Illuminate\\Pipeline\\Pipeline->{closure:{closure:Illuminate\\Pipeline\\Pipeline::carry():184}:185}()
#27 /home/yamojr/devyamo/edusaas/edusaas/vendor/laravel/framework/src/Illuminate/Pipeline/Pipeline.php(209): Illuminate\\Foundation\\Http\\Middleware\\InvokeDeferredCallbacks->handle()
#28 /home/yamojr/devyamo/edusaas/edusaas/vendor/laravel/framework/src/Illuminate/Pipeline/Pipeline.php(127): Illuminate\\Pipeline\\Pipeline->{closure:{closure:Illuminate\\Pipeline\\Pipeline::carry():184}:185}()
#29 /home/yamojr/devyamo/edusaas/edusaas/vendor/laravel/framework/src/Illuminate/Foundation/Http/Kernel.php(176): Illuminate\\Pipeline\\Pipeline->then()
#30 /home/yamojr/devyamo/edusaas/edusaas/vendor/laravel/framework/src/Illuminate/Foundation/Http/Kernel.php(145): Illuminate\\Foundation\\Http\\Kernel->sendRequestThroughRouter()
#31 /home/yamojr/devyamo/edusaas/edusaas/vendor/laravel/framework/src/Illuminate/Foundation/Application.php(1220): Illuminate\\Foundation\\Http\\Kernel->handle()
#32 /home/yamojr/devyamo/edusaas/edusaas/public/index.php(19): Illuminate\\Foundation\\Application->handleRequest()
#33 /home/yamojr/devyamo/edusaas/edusaas/vendor/laravel/framework/src/Illuminate/Foundation/resources/server.php(23): require_once('...')
#34 {main}
"} 
[2026-03-22 02:35:37] local.ERROR: Class "Redis" not found {"exception":"[object] (Error(code: 0): Class \"Redis\" not found at /home/yamojr/devyamo/edusaas/edusaas/vendor/laravel/framework/src/Illuminate/Redis/Connectors/PhpRedisConnector.php:79)
[stacktrace]
#0 /home/yamojr/devyamo/edusaas/edusaas/vendor/laravel/framework/src/Illuminate/Redis/Connectors/PhpRedisConnector.php(33): Illuminate\\Redis\\Connectors\\PhpRedisConnector->createClient()
#1 /home/yamojr/devyamo/edusaas/edusaas/vendor/laravel/framework/src/Illuminate/Redis/Connectors/PhpRedisConnector.php(38): Illuminate\\Redis\\Connectors\\PhpRedisConnector->{closure:Illuminate\\Redis\\Connectors\\PhpRedisConnector::connect():32}()
#2 /home/yamojr/devyamo/edusaas/edusaas/vendor/laravel/framework/src/Illuminate/Redis/RedisManager.php(110): Illuminate\\Redis\\Connectors\\PhpRedisConnector->connect()
#3 /home/yamojr/devyamo/edusaas/edusaas/vendor/laravel/framework/src/Illuminate/Redis/RedisManager.php(91): Illuminate\\Redis\\RedisManager->resolve()
#4 /home/yamojr/devyamo/edusaas/edusaas/vendor/laravel/framework/src/Illuminate/Cache/RedisStore.php(357): Illuminate\\Redis\\RedisManager->connection()
#5 /home/yamojr/devyamo/edusaas/edusaas/vendor/laravel/framework/src/Illuminate/Cache/RedisStore.php(71): Illuminate\\Cache\\RedisStore->connection()
#6 /home/yamojr/devyamo/edusaas/edusaas/vendor/laravel/framework/src/Illuminate/Cache/Repository.php(117): Illuminate\\Cache\\RedisStore->get()
#7 /home/yamojr/devyamo/edusaas/edusaas/vendor/laravel/framework/src/Illuminate/Session/CacheBasedSessionHandler.php(64): Illuminate\\Cache\\Repository->get()
#8 /home/yamojr/devyamo/edusaas/edusaas/vendor/laravel/framework/src/Illuminate/Session/Store.php(117): Illuminate\\Session\\CacheBasedSessionHandler->read()
#9 /home/yamojr/devyamo/edusaas/edusaas/vendor/laravel/framework/src/Illuminate/Session/Store.php(105): Illuminate\\Session\\Store->readFromHandler()
#10 /home/yamojr/devyamo/edusaas/edusaas/vendor/laravel/framework/src/Illuminate/Session/Store.php(89): Illuminate\\Session\\Store->loadSession()
#11 /home/yamojr/devyamo/edusaas/edusaas/vendor/laravel/framework/src/Illuminate/Session/Middleware/StartSession.php(147): Illuminate\\Session\\Store->start()
#12 /home/yamojr/devyamo/edusaas/edusaas/vendor/laravel/framework/src/Illuminate/Support/helpers.php(399): Illuminate\\Session\\Middleware\\StartSession->{closure:Illuminate\\Session\\Middleware\\StartSession::startSession():144}()
#13 /home/yamojr/devyamo/edusaas/edusaas/vendor/laravel/framework/src/Illuminate/Session/Middleware/StartSession.php(144): tap()
#14 /home/yamojr/devyamo/edusaas/edusaas/vendor/laravel/framework/src/Illuminate/Session/Middleware/StartSession.php(116): Illuminate\\Session\\Middleware\\StartSession->startSession()
#15 /home/yamojr/devyamo/edusaas/edusaas/vendor/laravel/framework/src/Illuminate/Session/Middleware/StartSession.php(64): Illuminate\\Session\\Middleware\\StartSession->handleStatefulRequest()
#16 /home/yamojr/devyamo/edusaas/edusaas/vendor/laravel/framework/src/Illuminate/Pipeline/Pipeline.php(209): Illuminate\\Session\\Middleware\\StartSession->handle()
#17 /home/yamojr/devyamo/edusaas/edusaas/vendor/laravel/framework/src/Illuminate/Cookie/Middleware/AddQueuedCookiesToResponse.php(37): Illuminate\\Pipeline\\Pipeline->{closure:{closure:Illuminate\\Pipeline\\Pipeline::carry():184}:185}()
#18 /home/yamojr/devyamo/edusaas/edusaas/vendor/laravel/framework/src/Illuminate/Pipeline/Pipeline.php(209): Illuminate\\Cookie\\Middleware\\AddQueuedCookiesToResponse->handle()
#19 /home/yamojr/devyamo/edusaas/edusaas/vendor/laravel/framework/src/Illuminate/Cookie/Middleware/EncryptCookies.php(75): Illuminate\\Pipeline\\Pipeline->{closure:{closure:Illuminate\\Pipeline\\Pipeline::carry():184}:185}()
#20 /home/yamojr/devyamo/edusaas/edusaas/vendor/laravel/framework/src/Illuminate/Pipeline/Pipeline.php(209): Illuminate\\Cookie\\Middleware\\EncryptCookies->handle()
#21 /home/yamojr/devyamo/edusaas/edusaas/vendor/laravel/framework/src/Illuminate/Pipeline/Pipeline.php(127): Illuminate\\Pipeline\\Pipeline->{closure:{closure:Illuminate\\Pipeline\\Pipeline::carry():184}:185}()
#22 /home/yamojr/devyamo/edusaas/edusaas/vendor/laravel/framework/src/Illuminate/Routing/Router.php(807): Illuminate\\Pipeline\\Pipeline->then()
#23 /home/yamojr/devyamo/edusaas/edusaas/vendor/laravel/framework/src/Illuminate/Routing/Router.php(786): Illuminate\\Routing\\Router->runRouteWithinStack()
#24 /home/yamojr/devyamo/edusaas/edusaas/vendor/laravel/framework/src/Illuminate/Routing/Router.php(750): Illuminate\\Routing\\Router->runRoute()
#25 /home/yamojr/devyamo/edusaas/edusaas/vendor/laravel/framework/src/Illuminate/Routing/Router.php(739): Illuminate\\Routing\\Router->dispatchToRoute()
#26 /home/yamojr/devyamo/edusaas/edusaas/vendor/laravel/framework/src/Illuminate/Foundation/Http/Kernel.php(201): Illuminate\\Routing\\Router->dispatch()
#27 /home/yamojr/devyamo/edusaas/edusaas/vendor/laravel/framework/src/Illuminate/Pipeline/Pipeline.php(170): Illuminate\\Foundation\\Http\\Kernel->{closure:Illuminate\\Foundation\\Http\\Kernel::dispatchToRouter():198}()
#28 /home/yamojr/devyamo/edusaas/edusaas/vendor/laravel/framework/src/Illuminate/Foundation/Http/Middleware/TransformsRequest.php(21): Illuminate\\Pipeline\\Pipeline->{closure:Illuminate\\Pipeline\\Pipeline::prepareDestination():168}()
#29 /home/yamojr/devyamo/edusaas/edusaas/vendor/laravel/framework/src/Illuminate/Foundation/Http/Middleware/ConvertEmptyStringsToNull.php(31): Illuminate\\Foundation\\Http\\Middleware\\TransformsRequest->handle()
#30 /home/yamojr/devyamo/edusaas/edusaas/vendor/laravel/framework/src/Illuminate/Pipeline/Pipeline.php(209): Illuminate\\Foundation\\Http\\Middleware\\ConvertEmptyStringsToNull->handle()
#31 /home/yamojr/devyamo/edusaas/edusaas/vendor/laravel/framework/src/Illuminate/Foundation/Http/Middleware/TransformsRequest.php(21): Illuminate\\Pipeline\\Pipeline->{closure:{closure:Illuminate\\Pipeline\\Pipeline::carry():184}:185}()
#32 /home/yamojr/devyamo/edusaas/edusaas/vendor/laravel/framework/src/Illuminate/Foundation/Http/Middleware/TrimStrings.php(51): Illuminate\\Foundation\\Http\\Middleware\\TransformsRequest->handle()
#33 /home/yamojr/devyamo/edusaas/edusaas/vendor/laravel/framework/src/Illuminate/Pipeline/Pipeline.php(209): Illuminate\\Foundation\\Http\\Middleware\\TrimStrings->handle()
#34 /home/yamojr/devyamo/edusaas/edusaas/vendor/laravel/framework/src/Illuminate/Http/Middleware/ValidatePostSize.php(27): Illuminate\\Pipeline\\Pipeline->{closure:{closure:Illuminate\\Pipeline\\Pipeline::carry():184}:185}()
#35 /home/yamojr/devyamo/edusaas/edusaas/vendor/laravel/framework/src/Illuminate/Pipeline/Pipeline.php(209): Illuminate\\Http\\Middleware\\ValidatePostSize->handle()
#36 /home/yamojr/devyamo/edusaas/edusaas/vendor/laravel/framework/src/Illuminate/Foundation/Http/Middleware/PreventRequestsDuringMaintenance.php(110): Illuminate\\Pipeline\\Pipeline->{closure:{closure:Illuminate\\Pipeline\\Pipeline::carry():184}:185}()
#37 /home/yamojr/devyamo/edusaas/edusaas/vendor/laravel/framework/src/Illuminate/Pipeline/Pipeline.php(209): Illuminate\\Foundation\\Http\\Middleware\\PreventRequestsDuringMaintenance->handle()
#38 /home/yamojr/devyamo/edusaas/edusaas/vendor/laravel/framework/src/Illuminate/Http/Middleware/HandleCors.php(49): Illuminate\\Pipeline\\Pipeline->{closure:{closure:Illuminate\\Pipeline\\Pipeline::carry():184}:185}()
#39 /home/yamojr/devyamo/edusaas/edusaas/vendor/laravel/framework/src/Illuminate/Pipeline/Pipeline.php(209): Illuminate\\Http\\Middleware\\HandleCors->handle()
#40 /home/yamojr/devyamo/edusaas/edusaas/vendor/laravel/framework/src/Illuminate/Http/Middleware/TrustProxies.php(58): Illuminate\\Pipeline\\Pipeline->{closure:{closure:Illuminate\\Pipeline\\Pipeline::carry():184}:185}()
#41 /home/yamojr/devyamo/edusaas/edusaas/vendor/laravel/framework/src/Illuminate/Pipeline/Pipeline.php(209): Illuminate\\Http\\Middleware\\TrustProxies->handle()
#42 /home/yamojr/devyamo/edusaas/edusaas/vendor/laravel/framework/src/Illuminate/Foundation/Http/Middleware/InvokeDeferredCallbacks.php(22): Illuminate\\Pipeline\\Pipeline->{closure:{closure:Illuminate\\Pipeline\\Pipeline::carry():184}:185}()
#43 /home/yamojr/devyamo/edusaas/edusaas/vendor/laravel/framework/src/Illuminate/Pipeline/Pipeline.php(209): Illuminate\\Foundation\\Http\\Middleware\\InvokeDeferredCallbacks->handle()
#44 /home/yamojr/devyamo/edusaas/edusaas/vendor/laravel/framework/src/Illuminate/Pipeline/Pipeline.php(127): Illuminate\\Pipeline\\Pipeline->{closure:{closure:Illuminate\\Pipeline\\Pipeline::carry():184}:185}()
#45 /home/yamojr/devyamo/edusaas/edusaas/vendor/laravel/framework/src/Illuminate/Foundation/Http/Kernel.php(176): Illuminate\\Pipeline\\Pipeline->then()
#46 /home/yamojr/devyamo/edusaas/edusaas/vendor/laravel/framework/src/Illuminate/Foundation/Http/Kernel.php(145): Illuminate\\Foundation\\Http\\Kernel->sendRequestThroughRouter()
#47 /home/yamojr/devyamo/edusaas/edusaas/vendor/laravel/framework/src/Illuminate/Foundation/Application.php(1220): Illuminate\\Foundation\\Http\\Kernel->handle()
#48 /home/yamojr/devyamo/edusaas/edusaas/public/index.php(19): Illuminate\\Foundation\\Application->handleRequest()
#49 /home/yamojr/devyamo/edusaas/edusaas/vendor/laravel/framework/src/Illuminate/Foundation/resources/server.php(23): require_once('...')
#50 {main}
"} 
[2026-03-22 02:36:43] local.ERROR: Class "Redis" not found {"exception":"[object] (Error(code: 0): Class \"Redis\" not found at /home/yamojr/devyamo/edusaas/edusaas/vendor/laravel/framework/src/Illuminate/Redis/Connectors/PhpRedisConnector.php:79)
[stacktrace]
#0 /home/yamojr/devyamo/edusaas/edusaas/vendor/laravel/framework/src/Illuminate/Redis/Connectors/PhpRedisConnector.php(33): Illuminate\\Redis\\Connectors\\PhpRedisConnector->createClient()
#1 /home/yamojr/devyamo/edusaas/edusaas/vendor/laravel/framework/src/Illuminate/Redis/Connectors/PhpRedisConnector.php(38): Illuminate\\Redis\\Connectors\\PhpRedisConnector->{closure:Illuminate\\Redis\\Connectors\\PhpRedisConnector::connect():32}()
#2 /home/yamojr/devyamo/edusaas/edusaas/vendor/laravel/framework/src/Illuminate/Redis/RedisManager.php(110): Illuminate\\Redis\\Connectors\\PhpRedisConnector->connect()
#3 /home/yamojr/devyamo/edusaas/edusaas/vendor/laravel/framework/src/Illuminate/Redis/RedisManager.php(91): Illuminate\\Redis\\RedisManager->resolve()
#4 /home/yamojr/devyamo/edusaas/edusaas/vendor/laravel/framework/src/Illuminate/Cache/RedisStore.php(357): Illuminate\\Redis\\RedisManager->connection()
#5 /home/yamojr/devyamo/edusaas/edusaas/vendor/laravel/framework/src/Illuminate/Cache/RedisStore.php(71): Illuminate\\Cache\\RedisStore->connection()
#6 /home/yamojr/devyamo/edusaas/edusaas/vendor/laravel/framework/src/Illuminate/Cache/Repository.php(117): Illuminate\\Cache\\RedisStore->get()
#7 /home/yamojr/devyamo/edusaas/edusaas/vendor/laravel/framework/src/Illuminate/Session/CacheBasedSessionHandler.php(64): Illuminate\\Cache\\Repository->get()
#8 /home/yamojr/devyamo/edusaas/edusaas/vendor/laravel/framework/src/Illuminate/Session/Store.php(117): Illuminate\\Session\\CacheBasedSessionHandler->read()
#9 /home/yamojr/devyamo/edusaas/edusaas/vendor/laravel/framework/src/Illuminate/Session/Store.php(105): Illuminate\\Session\\Store->readFromHandler()
#10 /home/yamojr/devyamo/edusaas/edusaas/vendor/laravel/framework/src/Illuminate/Session/Store.php(89): Illuminate\\Session\\Store->loadSession()
#11 /home/yamojr/devyamo/edusaas/edusaas/vendor/laravel/framework/src/Illuminate/Session/Middleware/StartSession.php(147): Illuminate\\Session\\Store->start()
#12 /home/yamojr/devyamo/edusaas/edusaas/vendor/laravel/framework/src/Illuminate/Support/helpers.php(399): Illuminate\\Session\\Middleware\\StartSession->{closure:Illuminate\\Session\\Middleware\\StartSession::startSession():144}()
#13 /home/yamojr/devyamo/edusaas/edusaas/vendor/laravel/framework/src/Illuminate/Session/Middleware/StartSession.php(144): tap()
#14 /home/yamojr/devyamo/edusaas/edusaas/vendor/laravel/framework/src/Illuminate/Session/Middleware/StartSession.php(116): Illuminate\\Session\\Middleware\\StartSession->startSession()
#15 /home/yamojr/devyamo/edusaas/edusaas/vendor/laravel/framework/src/Illuminate/Session/Middleware/StartSession.php(64): Illuminate\\Session\\Middleware\\StartSession->handleStatefulRequest()
#16 /home/yamojr/devyamo/edusaas/edusaas/vendor/laravel/framework/src/Illuminate/Pipeline/Pipeline.php(209): Illuminate\\Session\\Middleware\\StartSession->handle()
#17 /home/yamojr/devyamo/edusaas/edusaas/vendor/laravel/framework/src/Illuminate/Cookie/Middleware/AddQueuedCookiesToResponse.php(37): Illuminate\\Pipeline\\Pipeline->{closure:{closure:Illuminate\\Pipeline\\Pipeline::carry():184}:185}()
#18 /home/yamojr/devyamo/edusaas/edusaas/vendor/laravel/framework/src/Illuminate/Pipeline/Pipeline.php(209): Illuminate\\Cookie\\Middleware\\AddQueuedCookiesToResponse->handle()
#19 /home/yamojr/devyamo/edusaas/edusaas/vendor/laravel/framework/src/Illuminate/Cookie/Middleware/EncryptCookies.php(75): Illuminate\\Pipeline\\Pipeline->{closure:{closure:Illuminate\\Pipeline\\Pipeline::carry():184}:185}()
#20 /home/yamojr/devyamo/edusaas/edusaas/vendor/laravel/framework/src/Illuminate/Pipeline/Pipeline.php(209): Illuminate\\Cookie\\Middleware\\EncryptCookies->handle()
#21 /home/yamojr/devyamo/edusaas/edusaas/vendor/laravel/framework/src/Illuminate/Pipeline/Pipeline.php(127): Illuminate\\Pipeline\\Pipeline->{closure:{closure:Illuminate\\Pipeline\\Pipeline::carry():184}:185}()
#22 /home/yamojr/devyamo/edusaas/edusaas/vendor/laravel/framework/src/Illuminate/Routing/Router.php(807): Illuminate\\Pipeline\\Pipeline->then()
#23 /home/yamojr/devyamo/edusaas/edusaas/vendor/laravel/framework/src/Illuminate/Routing/Router.php(786): Illuminate\\Routing\\Router->runRouteWithinStack()
#24 /home/yamojr/devyamo/edusaas/edusaas/vendor/laravel/framework/src/Illuminate/Routing/Router.php(750): Illuminate\\Routing\\Router->runRoute()
#25 /home/yamojr/devyamo/edusaas/edusaas/vendor/laravel/framework/src/Illuminate/Routing/Router.php(739): Illuminate\\Routing\\Router->dispatchToRoute()
#26 /home/yamojr/devyamo/edusaas/edusaas/vendor/laravel/framework/src/Illuminate/Foundation/Http/Kernel.php(201): Illuminate\\Routing\\Router->dispatch()
#27 /home/yamojr/devyamo/edusaas/edusaas/vendor/laravel/framework/src/Illuminate/Pipeline/Pipeline.php(170): Illuminate\\Foundation\\Http\\Kernel->{closure:Illuminate\\Foundation\\Http\\Kernel::dispatchToRouter():198}()
#28 /home/yamojr/devyamo/edusaas/edusaas/vendor/laravel/framework/src/Illuminate/Foundation/Http/Middleware/TransformsRequest.php(21): Illuminate\\Pipeline\\Pipeline->{closure:Illuminate\\Pipeline\\Pipeline::prepareDestination():168}()
#29 /home/yamojr/devyamo/edusaas/edusaas/vendor/laravel/framework/src/Illuminate/Foundation/Http/Middleware/ConvertEmptyStringsToNull.php(31): Illuminate\\Foundation\\Http\\Middleware\\TransformsRequest->handle()
#30 /home/yamojr/devyamo/edusaas/edusaas/vendor/laravel/framework/src/Illuminate/Pipeline/Pipeline.php(209): Illuminate\\Foundation\\Http\\Middleware\\ConvertEmptyStringsToNull->handle()
#31 /home/yamojr/devyamo/edusaas/edusaas/vendor/laravel/framework/src/Illuminate/Foundation/Http/Middleware/TransformsRequest.php(21): Illuminate\\Pipeline\\Pipeline->{closure:{closure:Illuminate\\Pipeline\\Pipeline::carry():184}:185}()
#32 /home/yamojr/devyamo/edusaas/edusaas/vendor/laravel/framework/src/Illuminate/Foundation/Http/Middleware/TrimStrings.php(51): Illuminate\\Foundation\\Http\\Middleware\\TransformsRequest->handle()
#33 /home/yamojr/devyamo/edusaas/edusaas/vendor/laravel/framework/src/Illuminate/Pipeline/Pipeline.php(209): Illuminate\\Foundation\\Http\\Middleware\\TrimStrings->handle()
#34 /home/yamojr/devyamo/edusaas/edusaas/vendor/laravel/framework/src/Illuminate/Http/Middleware/ValidatePostSize.php(27): Illuminate\\Pipeline\\Pipeline->{closure:{closure:Illuminate\\Pipeline\\Pipeline::carry():184}:185}()
#35 /home/yamojr/devyamo/edusaas/edusaas/vendor/laravel/framework/src/Illuminate/Pipeline/Pipeline.php(209): Illuminate\\Http\\Middleware\\ValidatePostSize->handle()
#36 /home/yamojr/devyamo/edusaas/edusaas/vendor/laravel/framework/src/Illuminate/Foundation/Http/Middleware/PreventRequestsDuringMaintenance.php(110): Illuminate\\Pipeline\\Pipeline->{closure:{closure:Illuminate\\Pipeline\\Pipeline::carry():184}:185}()
#37 /home/yamojr/devyamo/edusaas/edusaas/vendor/laravel/framework/src/Illuminate/Pipeline/Pipeline.php(209): Illuminate\\Foundation\\Http\\Middleware\\PreventRequestsDuringMaintenance->handle()
#38 /home/yamojr/devyamo/edusaas/edusaas/vendor/laravel/framework/src/Illuminate/Http/Middleware/HandleCors.php(49): Illuminate\\Pipeline\\Pipeline->{closure:{closure:Illuminate\\Pipeline\\Pipeline::carry():184}:185}()
#39 /home/yamojr/devyamo/edusaas/edusaas/vendor/laravel/framework/src/Illuminate/Pipeline/Pipeline.php(209): Illuminate\\Http\\Middleware\\HandleCors->handle()
#40 /home/yamojr/devyamo/edusaas/edusaas/vendor/laravel/framework/src/Illuminate/Http/Middleware/TrustProxies.php(58): Illuminate\\Pipeline\\Pipeline->{closure:{closure:Illuminate\\Pipeline\\Pipeline::carry():184}:185}()
#41 /home/yamojr/devyamo/edusaas/edusaas/vendor/laravel/framework/src/Illuminate/Pipeline/Pipeline.php(209): Illuminate\\Http\\Middleware\\TrustProxies->handle()
#42 /home/yamojr/devyamo/edusaas/edusaas/vendor/laravel/framework/src/Illuminate/Foundation/Http/Middleware/InvokeDeferredCallbacks.php(22): Illuminate\\Pipeline\\Pipeline->{closure:{closure:Illuminate\\Pipeline\\Pipeline::carry():184}:185}()
#43 /home/yamojr/devyamo/edusaas/edusaas/vendor/laravel/framework/src/Illuminate/Pipeline/Pipeline.php(209): Illuminate\\Foundation\\Http\\Middleware\\InvokeDeferredCallbacks->handle()
#44 /home/yamojr/devyamo/edusaas/edusaas/vendor/laravel/framework/src/Illuminate/Pipeline/Pipeline.php(127): Illuminate\\Pipeline\\Pipeline->{closure:{closure:Illuminate\\Pipeline\\Pipeline::carry():184}:185}()
#45 /home/yamojr/devyamo/edusaas/edusaas/vendor/laravel/framework/src/Illuminate/Foundation/Http/Kernel.php(176): Illuminate\\Pipeline\\Pipeline->then()
#46 /home/yamojr/devyamo/edusaas/edusaas/vendor/laravel/framework/src/Illuminate/Foundation/Http/Kernel.php(145): Illuminate\\Foundation\\Http\\Kernel->sendRequestThroughRouter()
#47 /home/yamojr/devyamo/edusaas/edusaas/vendor/laravel/framework/src/Illuminate/Foundation/Application.php(1220): Illuminate\\Foundation\\Http\\Kernel->handle()
#48 /home/yamojr/devyamo/edusaas/edusaas/public/index.php(19): Illuminate\\Foundation\\Application->handleRequest()
#49 /home/yamojr/devyamo/edusaas/edusaas/vendor/laravel/framework/src/Illuminate/Foundation/resources/server.php(23): require_once('...')
#50 {main}
"} 
[2026-03-22 02:38:05] local.ERROR: Class "Redis" not found {"exception":"[object] (Error(code: 0): Class \"Redis\" not found at /home/yamojr/devyamo/edusaas/edusaas/vendor/laravel/framework/src/Illuminate/Redis/Connectors/PhpRedisConnector.php:79)
[stacktrace]
#0 /home/yamojr/devyamo/edusaas/edusaas/vendor/laravel/framework/src/Illuminate/Redis/Connectors/PhpRedisConnector.php(33): Illuminate\\Redis\\Connectors\\PhpRedisConnector->createClient()
#1 /home/yamojr/devyamo/edusaas/edusaas/vendor/laravel/framework/src/Illuminate/Redis/Connectors/PhpRedisConnector.php(38): Illuminate\\Redis\\Connectors\\PhpRedisConnector->{closure:Illuminate\\Redis\\Connectors\\PhpRedisConnector::connect():32}()
#2 /home/yamojr/devyamo/edusaas/edusaas/vendor/laravel/framework/src/Illuminate/Redis/RedisManager.php(110): Illuminate\\Redis\\Connectors\\PhpRedisConnector->connect()
#3 /home/yamojr/devyamo/edusaas/edusaas/vendor/laravel/framework/src/Illuminate/Redis/RedisManager.php(91): Illuminate\\Redis\\RedisManager->resolve()
#4 /home/yamojr/devyamo/edusaas/edusaas/vendor/laravel/framework/src/Illuminate/Cache/RedisStore.php(357): Illuminate\\Redis\\RedisManager->connection()
#5 /home/yamojr/devyamo/edusaas/edusaas/vendor/laravel/framework/src/Illuminate/Cache/RedisStore.php(71): Illuminate\\Cache\\RedisStore->connection()
#6 /home/yamojr/devyamo/edusaas/edusaas/vendor/laravel/framework/src/Illuminate/Cache/Repository.php(117): Illuminate\\Cache\\RedisStore->get()
#7 /home/yamojr/devyamo/edusaas/edusaas/vendor/laravel/framework/src/Illuminate/Session/CacheBasedSessionHandler.php(64): Illuminate\\Cache\\Repository->get()
#8 /home/yamojr/devyamo/edusaas/edusaas/vendor/laravel/framework/src/Illuminate/Session/Store.php(117): Illuminate\\Session\\CacheBasedSessionHandler->read()
#9 /home/yamojr/devyamo/edusaas/edusaas/vendor/laravel/framework/src/Illuminate/Session/Store.php(105): Illuminate\\Session\\Store->readFromHandler()
#10 /home/yamojr/devyamo/edusaas/edusaas/vendor/laravel/framework/src/Illuminate/Session/Store.php(89): Illuminate\\Session\\Store->loadSession()
#11 /home/yamojr/devyamo/edusaas/edusaas/vendor/laravel/framework/src/Illuminate/Session/Middleware/StartSession.php(147): Illuminate\\Session\\Store->start()
#12 /home/yamojr/devyamo/edusaas/edusaas/vendor/laravel/framework/src/Illuminate/Support/helpers.php(399): Illuminate\\Session\\Middleware\\StartSession->{closure:Illuminate\\Session\\Middleware\\StartSession::startSession():144}()
#13 /home/yamojr/devyamo/edusaas/edusaas/vendor/laravel/framework/src/Illuminate/Session/Middleware/StartSession.php(144): tap()
#14 /home/yamojr/devyamo/edusaas/edusaas/vendor/laravel/framework/src/Illuminate/Session/Middleware/StartSession.php(116): Illuminate\\Session\\Middleware\\StartSession->startSession()
#15 /home/yamojr/devyamo/edusaas/edusaas/vendor/laravel/framework/src/Illuminate/Session/Middleware/StartSession.php(64): Illuminate\\Session\\Middleware\\StartSession->handleStatefulRequest()
#16 /home/yamojr/devyamo/edusaas/edusaas/vendor/laravel/framework/src/Illuminate/Pipeline/Pipeline.php(209): Illuminate\\Session\\Middleware\\StartSession->handle()
#17 /home/yamojr/devyamo/edusaas/edusaas/vendor/laravel/framework/src/Illuminate/Cookie/Middleware/AddQueuedCookiesToResponse.php(37): Illuminate\\Pipeline\\Pipeline->{closure:{closure:Illuminate\\Pipeline\\Pipeline::carry():184}:185}()
#18 /home/yamojr/devyamo/edusaas/edusaas/vendor/laravel/framework/src/Illuminate/Pipeline/Pipeline.php(209): Illuminate\\Cookie\\Middleware\\AddQueuedCookiesToResponse->handle()
#19 /home/yamojr/devyamo/edusaas/edusaas/vendor/laravel/framework/src/Illuminate/Cookie/Middleware/EncryptCookies.php(75): Illuminate\\Pipeline\\Pipeline->{closure:{closure:Illuminate\\Pipeline\\Pipeline::carry():184}:185}()
#20 /home/yamojr/devyamo/edusaas/edusaas/vendor/laravel/framework/src/Illuminate/Pipeline/Pipeline.php(209): Illuminate\\Cookie\\Middleware\\EncryptCookies->handle()
#21 /home/yamojr/devyamo/edusaas/edusaas/vendor/laravel/framework/src/Illuminate/Pipeline/Pipeline.php(127): Illuminate\\Pipeline\\Pipeline->{closure:{closure:Illuminate\\Pipeline\\Pipeline::carry():184}:185}()
#22 /home/yamojr/devyamo/edusaas/edusaas/vendor/laravel/framework/src/Illuminate/Routing/Router.php(807): Illuminate\\Pipeline\\Pipeline->then()
#23 /home/yamojr/devyamo/edusaas/edusaas/vendor/laravel/framework/src/Illuminate/Routing/Router.php(786): Illuminate\\Routing\\Router->runRouteWithinStack()
#24 /home/yamojr/devyamo/edusaas/edusaas/vendor/laravel/framework/src/Illuminate/Routing/Router.php(750): Illuminate\\Routing\\Router->runRoute()
#25 /home/yamojr/devyamo/edusaas/edusaas/vendor/laravel/framework/src/Illuminate/Routing/Router.php(739): Illuminate\\Routing\\Router->dispatchToRoute()
#26 /home/yamojr/devyamo/edusaas/edusaas/vendor/laravel/framework/src/Illuminate/Foundation/Http/Kernel.php(201): Illuminate\\Routing\\Router->dispatch()
#27 /home/yamojr/devyamo/edusaas/edusaas/vendor/laravel/framework/src/Illuminate/Pipeline/Pipeline.php(170): Illuminate\\Foundation\\Http\\Kernel->{closure:Illuminate\\Foundation\\Http\\Kernel::dispatchToRouter():198}()
#28 /home/yamojr/devyamo/edusaas/edusaas/vendor/laravel/framework/src/Illuminate/Foundation/Http/Middleware/TransformsRequest.php(21): Illuminate\\Pipeline\\Pipeline->{closure:Illuminate\\Pipeline\\Pipeline::prepareDestination():168}()
#29 /home/yamojr/devyamo/edusaas/edusaas/vendor/laravel/framework/src/Illuminate/Foundation/Http/Middleware/ConvertEmptyStringsToNull.php(31): Illuminate\\Foundation\\Http\\Middleware\\TransformsRequest->handle()
#30 /home/yamojr/devyamo/edusaas/edusaas/vendor/laravel/framework/src/Illuminate/Pipeline/Pipeline.php(209): Illuminate\\Foundation\\Http\\Middleware\\ConvertEmptyStringsToNull->handle()
#31 /home/yamojr/devyamo/edusaas/edusaas/vendor/laravel/framework/src/Illuminate/Foundation/Http/Middleware/TransformsRequest.php(21): Illuminate\\Pipeline\\Pipeline->{closure:{closure:Illuminate\\Pipeline\\Pipeline::carry():184}:185}()
#32 /home/yamojr/devyamo/edusaas/edusaas/vendor/laravel/framework/src/Illuminate/Foundation/Http/Middleware/TrimStrings.php(51): Illuminate\\Foundation\\Http\\Middleware\\TransformsRequest->handle()
#33 /home/yamojr/devyamo/edusaas/edusaas/vendor/laravel/framework/src/Illuminate/Pipeline/Pipeline.php(209): Illuminate\\Foundation\\Http\\Middleware\\TrimStrings->handle()
#34 /home/yamojr/devyamo/edusaas/edusaas/vendor/laravel/framework/src/Illuminate/Http/Middleware/ValidatePostSize.php(27): Illuminate\\Pipeline\\Pipeline->{closure:{closure:Illuminate\\Pipeline\\Pipeline::carry():184}:185}()
#35 /home/yamojr/devyamo/edusaas/edusaas/vendor/laravel/framework/src/Illuminate/Pipeline/Pipeline.php(209): Illuminate\\Http\\Middleware\\ValidatePostSize->handle()
#36 /home/yamojr/devyamo/edusaas/edusaas/vendor/laravel/framework/src/Illuminate/Foundation/Http/Middleware/PreventRequestsDuringMaintenance.php(110): Illuminate\\Pipeline\\Pipeline->{closure:{closure:Illuminate\\Pipeline\\Pipeline::carry():184}:185}()
#37 /home/yamojr/devyamo/edusaas/edusaas/vendor/laravel/framework/src/Illuminate/Pipeline/Pipeline.php(209): Illuminate\\Foundation\\Http\\Middleware\\PreventRequestsDuringMaintenance->handle()
#38 /home/yamojr/devyamo/edusaas/edusaas/vendor/laravel/framework/src/Illuminate/Http/Middleware/HandleCors.php(49): Illuminate\\Pipeline\\Pipeline->{closure:{closure:Illuminate\\Pipeline\\Pipeline::carry():184}:185}()
#39 /home/yamojr/devyamo/edusaas/edusaas/vendor/laravel/framework/src/Illuminate/Pipeline/Pipeline.php(209): Illuminate\\Http\\Middleware\\HandleCors->handle()
#40 /home/yamojr/devyamo/edusaas/edusaas/vendor/laravel/framework/src/Illuminate/Http/Middleware/TrustProxies.php(58): Illuminate\\Pipeline\\Pipeline->{closure:{closure:Illuminate\\Pipeline\\Pipeline::carry():184}:185}()
#41 /home/yamojr/devyamo/edusaas/edusaas/vendor/laravel/framework/src/Illuminate/Pipeline/Pipeline.php(209): Illuminate\\Http\\Middleware\\TrustProxies->handle()
#42 /home/yamojr/devyamo/edusaas/edusaas/vendor/laravel/framework/src/Illuminate/Foundation/Http/Middleware/InvokeDeferredCallbacks.php(22): Illuminate\\Pipeline\\Pipeline->{closure:{closure:Illuminate\\Pipeline\\Pipeline::carry():184}:185}()
#43 /home/yamojr/devyamo/edusaas/edusaas/vendor/laravel/framework/src/Illuminate/Pipeline/Pipeline.php(209): Illuminate\\Foundation\\Http\\Middleware\\InvokeDeferredCallbacks->handle()
#44 /home/yamojr/devyamo/edusaas/edusaas/vendor/laravel/framework/src/Illuminate/Pipeline/Pipeline.php(127): Illuminate\\Pipeline\\Pipeline->{closure:{closure:Illuminate\\Pipeline\\Pipeline::carry():184}:185}()
#45 /home/yamojr/devyamo/edusaas/edusaas/vendor/laravel/framework/src/Illuminate/Foundation/Http/Kernel.php(176): Illuminate\\Pipeline\\Pipeline->then()
#46 /home/yamojr/devyamo/edusaas/edusaas/vendor/laravel/framework/src/Illuminate/Foundation/Http/Kernel.php(145): Illuminate\\Foundation\\Http\\Kernel->sendRequestThroughRouter()
#47 /home/yamojr/devyamo/edusaas/edusaas/vendor/laravel/framework/src/Illuminate/Foundation/Application.php(1220): Illuminate\\Foundation\\Http\\Kernel->handle()
#48 /home/yamojr/devyamo/edusaas/edusaas/public/index.php(19): Illuminate\\Foundation\\Application->handleRequest()
#49 /home/yamojr/devyamo/edusaas/edusaas/vendor/laravel/framework/src/Illuminate/Foundation/resources/server.php(23): require_once('...')
#50 {main}
"} 
[2026-03-22 02:38:08] local.ERROR: Class "Redis" not found {"exception":"[object] (Error(code: 0): Class \"Redis\" not found at /home/yamojr/devyamo/edusaas/edusaas/vendor/laravel/framework/src/Illuminate/Redis/Connectors/PhpRedisConnector.php:79)
[stacktrace]
#0 /home/yamojr/devyamo/edusaas/edusaas/vendor/laravel/framework/src/Illuminate/Redis/Connectors/PhpRedisConnector.php(33): Illuminate\\Redis\\Connectors\\PhpRedisConnector->createClient()
#1 /home/yamojr/devyamo/edusaas/edusaas/vendor/laravel/framework/src/Illuminate/Redis/Connectors/PhpRedisConnector.php(38): Illuminate\\Redis\\Connectors\\PhpRedisConnector->{closure:Illuminate\\Redis\\Connectors\\PhpRedisConnector::connect():32}()
#2 /home/yamojr/devyamo/edusaas/edusaas/vendor/laravel/framework/src/Illuminate/Redis/RedisManager.php(110): Illuminate\\Redis\\Connectors\\PhpRedisConnector->connect()
#3 /home/yamojr/devyamo/edusaas/edusaas/vendor/laravel/framework/src/Illuminate/Redis/RedisManager.php(91): Illuminate\\Redis\\RedisManager->resolve()
#4 /home/yamojr/devyamo/edusaas/edusaas/vendor/laravel/framework/src/Illuminate/Cache/RedisStore.php(357): Illuminate\\Redis\\RedisManager->connection()
#5 /home/yamojr/devyamo/edusaas/edusaas/vendor/laravel/framework/src/Illuminate/Cache/RedisStore.php(71): Illuminate\\Cache\\RedisStore->connection()
#6 /home/yamojr/devyamo/edusaas/edusaas/vendor/laravel/framework/src/Illuminate/Cache/Repository.php(117): Illuminate\\Cache\\RedisStore->get()
#7 /home/yamojr/devyamo/edusaas/edusaas/vendor/laravel/framework/src/Illuminate/Session/CacheBasedSessionHandler.php(64): Illuminate\\Cache\\Repository->get()
#8 /home/yamojr/devyamo/edusaas/edusaas/vendor/laravel/framework/src/Illuminate/Session/Store.php(117): Illuminate\\Session\\CacheBasedSessionHandler->read()
#9 /home/yamojr/devyamo/edusaas/edusaas/vendor/laravel/framework/src/Illuminate/Session/Store.php(105): Illuminate\\Session\\Store->readFromHandler()
#10 /home/yamojr/devyamo/edusaas/edusaas/vendor/laravel/framework/src/Illuminate/Session/Store.php(89): Illuminate\\Session\\Store->loadSession()
#11 /home/yamojr/devyamo/edusaas/edusaas/vendor/laravel/framework/src/Illuminate/Session/Middleware/StartSession.php(147): Illuminate\\Session\\Store->start()
#12 /home/yamojr/devyamo/edusaas/edusaas/vendor/laravel/framework/src/Illuminate/Support/helpers.php(399): Illuminate\\Session\\Middleware\\StartSession->{closure:Illuminate\\Session\\Middleware\\StartSession::startSession():144}()
#13 /home/yamojr/devyamo/edusaas/edusaas/vendor/laravel/framework/src/Illuminate/Session/Middleware/StartSession.php(144): tap()
#14 /home/yamojr/devyamo/edusaas/edusaas/vendor/laravel/framework/src/Illuminate/Session/Middleware/StartSession.php(116): Illuminate\\Session\\Middleware\\StartSession->startSession()
#15 /home/yamojr/devyamo/edusaas/edusaas/vendor/laravel/framework/src/Illuminate/Session/Middleware/StartSession.php(64): Illuminate\\Session\\Middleware\\StartSession->handleStatefulRequest()
#16 /home/yamojr/devyamo/edusaas/edusaas/vendor/laravel/framework/src/Illuminate/Pipeline/Pipeline.php(209): Illuminate\\Session\\Middleware\\StartSession->handle()
#17 /home/yamojr/devyamo/edusaas/edusaas/vendor/laravel/framework/src/Illuminate/Cookie/Middleware/AddQueuedCookiesToResponse.php(37): Illuminate\\Pipeline\\Pipeline->{closure:{closure:Illuminate\\Pipeline\\Pipeline::carry():184}:185}()
#18 /home/yamojr/devyamo/edusaas/edusaas/vendor/laravel/framework/src/Illuminate/Pipeline/Pipeline.php(209): Illuminate\\Cookie\\Middleware\\AddQueuedCookiesToResponse->handle()
#19 /home/yamojr/devyamo/edusaas/edusaas/vendor/laravel/framework/src/Illuminate/Cookie/Middleware/EncryptCookies.php(75): Illuminate\\Pipeline\\Pipeline->{closure:{closure:Illuminate\\Pipeline\\Pipeline::carry():184}:185}()
#20 /home/yamojr/devyamo/edusaas/edusaas/vendor/laravel/framework/src/Illuminate/Pipeline/Pipeline.php(209): Illuminate\\Cookie\\Middleware\\EncryptCookies->handle()
#21 /home/yamojr/devyamo/edusaas/edusaas/vendor/laravel/framework/src/Illuminate/Pipeline/Pipeline.php(127): Illuminate\\Pipeline\\Pipeline->{closure:{closure:Illuminate\\Pipeline\\Pipeline::carry():184}:185}()
#22 /home/yamojr/devyamo/edusaas/edusaas/vendor/laravel/framework/src/Illuminate/Routing/Router.php(807): Illuminate\\Pipeline\\Pipeline->then()
#23 /home/yamojr/devyamo/edusaas/edusaas/vendor/laravel/framework/src/Illuminate/Routing/Router.php(786): Illuminate\\Routing\\Router->runRouteWithinStack()
#24 /home/yamojr/devyamo/edusaas/edusaas/vendor/laravel/framework/src/Illuminate/Routing/Router.php(750): Illuminate\\Routing\\Router->runRoute()
#25 /home/yamojr/devyamo/edusaas/edusaas/vendor/laravel/framework/src/Illuminate/Routing/Router.php(739): Illuminate\\Routing\\Router->dispatchToRoute()
#26 /home/yamojr/devyamo/edusaas/edusaas/vendor/laravel/framework/src/Illuminate/Foundation/Http/Kernel.php(201): Illuminate\\Routing\\Router->dispatch()
#27 /home/yamojr/devyamo/edusaas/edusaas/vendor/laravel/framework/src/Illuminate/Pipeline/Pipeline.php(170): Illuminate\\Foundation\\Http\\Kernel->{closure:Illuminate\\Foundation\\Http\\Kernel::dispatchToRouter():198}()
#28 /home/yamojr/devyamo/edusaas/edusaas/vendor/laravel/framework/src/Illuminate/Foundation/Http/Middleware/TransformsRequest.php(21): Illuminate\\Pipeline\\Pipeline->{closure:Illuminate\\Pipeline\\Pipeline::prepareDestination():168}()
#29 /home/yamojr/devyamo/edusaas/edusaas/vendor/laravel/framework/src/Illuminate/Foundation/Http/Middleware/ConvertEmptyStringsToNull.php(31): Illuminate\\Foundation\\Http\\Middleware\\TransformsRequest->handle()
#30 /home/yamojr/devyamo/edusaas/edusaas/vendor/laravel/framework/src/Illuminate/Pipeline/Pipeline.php(209): Illuminate\\Foundation\\Http\\Middleware\\ConvertEmptyStringsToNull->handle()
#31 /home/yamojr/devyamo/edusaas/edusaas/vendor/laravel/framework/src/Illuminate/Foundation/Http/Middleware/TransformsRequest.php(21): Illuminate\\Pipeline\\Pipeline->{closure:{closure:Illuminate\\Pipeline\\Pipeline::carry():184}:185}()
#32 /home/yamojr/devyamo/edusaas/edusaas/vendor/laravel/framework/src/Illuminate/Foundation/Http/Middleware/TrimStrings.php(51): Illuminate\\Foundation\\Http\\Middleware\\TransformsRequest->handle()
#33 /home/yamojr/devyamo/edusaas/edusaas/vendor/laravel/framework/src/Illuminate/Pipeline/Pipeline.php(209): Illuminate\\Foundation\\Http\\Middleware\\TrimStrings->handle()
#34 /home/yamojr/devyamo/edusaas/edusaas/vendor/laravel/framework/src/Illuminate/Http/Middleware/ValidatePostSize.php(27): Illuminate\\Pipeline\\Pipeline->{closure:{closure:Illuminate\\Pipeline\\Pipeline::carry():184}:185}()
#35 /home/yamojr/devyamo/edusaas/edusaas/vendor/laravel/framework/src/Illuminate/Pipeline/Pipeline.php(209): Illuminate\\Http\\Middleware\\ValidatePostSize->handle()
#36 /home/yamojr/devyamo/edusaas/edusaas/vendor/laravel/framework/src/Illuminate/Foundation/Http/Middleware/PreventRequestsDuringMaintenance.php(110): Illuminate\\Pipeline\\Pipeline->{closure:{closure:Illuminate\\Pipeline\\Pipeline::carry():184}:185}()
#37 /home/yamojr/devyamo/edusaas/edusaas/vendor/laravel/framework/src/Illuminate/Pipeline/Pipeline.php(209): Illuminate\\Foundation\\Http\\Middleware\\PreventRequestsDuringMaintenance->handle()
#38 /home/yamojr/devyamo/edusaas/edusaas/vendor/laravel/framework/src/Illuminate/Http/Middleware/HandleCors.php(49): Illuminate\\Pipeline\\Pipeline->{closure:{closure:Illuminate\\Pipeline\\Pipeline::carry():184}:185}()
#39 /home/yamojr/devyamo/edusaas/edusaas/vendor/laravel/framework/src/Illuminate/Pipeline/Pipeline.php(209): Illuminate\\Http\\Middleware\\HandleCors->handle()
#40 /home/yamojr/devyamo/edusaas/edusaas/vendor/laravel/framework/src/Illuminate/Http/Middleware/TrustProxies.php(58): Illuminate\\Pipeline\\Pipeline->{closure:{closure:Illuminate\\Pipeline\\Pipeline::carry():184}:185}()
#41 /home/yamojr/devyamo/edusaas/edusaas/vendor/laravel/framework/src/Illuminate/Pipeline/Pipeline.php(209): Illuminate\\Http\\Middleware\\TrustProxies->handle()
#42 /home/yamojr/devyamo/edusaas/edusaas/vendor/laravel/framework/src/Illuminate/Foundation/Http/Middleware/InvokeDeferredCallbacks.php(22): Illuminate\\Pipeline\\Pipeline->{closure:{closure:Illuminate\\Pipeline\\Pipeline::carry():184}:185}()
#43 /home/yamojr/devyamo/edusaas/edusaas/vendor/laravel/framework/src/Illuminate/Pipeline/Pipeline.php(209): Illuminate\\Foundation\\Http\\Middleware\\InvokeDeferredCallbacks->handle()
#44 /home/yamojr/devyamo/edusaas/edusaas/vendor/laravel/framework/src/Illuminate/Pipeline/Pipeline.php(127): Illuminate\\Pipeline\\Pipeline->{closure:{closure:Illuminate\\Pipeline\\Pipeline::carry():184}:185}()
#45 /home/yamojr/devyamo/edusaas/edusaas/vendor/laravel/framework/src/Illuminate/Foundation/Http/Kernel.php(176): Illuminate\\Pipeline\\Pipeline->then()
#46 /home/yamojr/devyamo/edusaas/edusaas/vendor/laravel/framework/src/Illuminate/Foundation/Http/Kernel.php(145): Illuminate\\Foundation\\Http\\Kernel->sendRequestThroughRouter()
#47 /home/yamojr/devyamo/edusaas/edusaas/vendor/laravel/framework/src/Illuminate/Foundation/Application.php(1220): Illuminate\\Foundation\\Http\\Kernel->handle()
#48 /home/yamojr/devyamo/edusaas/edusaas/public/index.php(19): Illuminate\\Foundation\\Application->handleRequest()
#49 /home/yamojr/devyamo/edusaas/edusaas/vendor/laravel/framework/src/Illuminate/Foundation/resources/server.php(23): require_once('...')
#50 {main}
"} 
[2026-03-22 02:38:48] local.ERROR: Class "Redis" not found {"exception":"[object] (Error(code: 0): Class \"Redis\" not found at /home/yamojr/devyamo/edusaas/edusaas/vendor/laravel/framework/src/Illuminate/Redis/Connectors/PhpRedisConnector.php:79)
[stacktrace]
#0 /home/yamojr/devyamo/edusaas/edusaas/vendor/laravel/framework/src/Illuminate/Redis/Connectors/PhpRedisConnector.php(33): Illuminate\\Redis\\Connectors\\PhpRedisConnector->createClient()
#1 /home/yamojr/devyamo/edusaas/edusaas/vendor/laravel/framework/src/Illuminate/Redis/Connectors/PhpRedisConnector.php(38): Illuminate\\Redis\\Connectors\\PhpRedisConnector->{closure:Illuminate\\Redis\\Connectors\\PhpRedisConnector::connect():32}()
#2 /home/yamojr/devyamo/edusaas/edusaas/vendor/laravel/framework/src/Illuminate/Redis/RedisManager.php(110): Illuminate\\Redis\\Connectors\\PhpRedisConnector->connect()
#3 /home/yamojr/devyamo/edusaas/edusaas/vendor/laravel/framework/src/Illuminate/Redis/RedisManager.php(91): Illuminate\\Redis\\RedisManager->resolve()
#4 /home/yamojr/devyamo/edusaas/edusaas/vendor/laravel/framework/src/Illuminate/Cache/RedisStore.php(357): Illuminate\\Redis\\RedisManager->connection()
#5 /home/yamojr/devyamo/edusaas/edusaas/vendor/laravel/framework/src/Illuminate/Cache/RedisStore.php(71): Illuminate\\Cache\\RedisStore->connection()
#6 /home/yamojr/devyamo/edusaas/edusaas/vendor/laravel/framework/src/Illuminate/Cache/Repository.php(117): Illuminate\\Cache\\RedisStore->get()
#7 /home/yamojr/devyamo/edusaas/edusaas/vendor/laravel/framework/src/Illuminate/Session/CacheBasedSessionHandler.php(64): Illuminate\\Cache\\Repository->get()
#8 /home/yamojr/devyamo/edusaas/edusaas/vendor/laravel/framework/src/Illuminate/Session/Store.php(117): Illuminate\\Session\\CacheBasedSessionHandler->read()
#9 /home/yamojr/devyamo/edusaas/edusaas/vendor/laravel/framework/src/Illuminate/Session/Store.php(105): Illuminate\\Session\\Store->readFromHandler()
#10 /home/yamojr/devyamo/edusaas/edusaas/vendor/laravel/framework/src/Illuminate/Session/Store.php(89): Illuminate\\Session\\Store->loadSession()
#11 /home/yamojr/devyamo/edusaas/edusaas/vendor/laravel/framework/src/Illuminate/Session/Middleware/StartSession.php(147): Illuminate\\Session\\Store->start()
#12 /home/yamojr/devyamo/edusaas/edusaas/vendor/laravel/framework/src/Illuminate/Support/helpers.php(399): Illuminate\\Session\\Middleware\\StartSession->{closure:Illuminate\\Session\\Middleware\\StartSession::startSession():144}()
#13 /home/yamojr/devyamo/edusaas/edusaas/vendor/laravel/framework/src/Illuminate/Session/Middleware/StartSession.php(144): tap()
#14 /home/yamojr/devyamo/edusaas/edusaas/vendor/laravel/framework/src/Illuminate/Session/Middleware/StartSession.php(116): Illuminate\\Session\\Middleware\\StartSession->startSession()
#15 /home/yamojr/devyamo/edusaas/edusaas/vendor/laravel/framework/src/Illuminate/Session/Middleware/StartSession.php(64): Illuminate\\Session\\Middleware\\StartSession->handleStatefulRequest()
#16 /home/yamojr/devyamo/edusaas/edusaas/vendor/laravel/framework/src/Illuminate/Pipeline/Pipeline.php(209): Illuminate\\Session\\Middleware\\StartSession->handle()
#17 /home/yamojr/devyamo/edusaas/edusaas/vendor/laravel/framework/src/Illuminate/Cookie/Middleware/AddQueuedCookiesToResponse.php(37): Illuminate\\Pipeline\\Pipeline->{closure:{closure:Illuminate\\Pipeline\\Pipeline::carry():184}:185}()
#18 /home/yamojr/devyamo/edusaas/edusaas/vendor/laravel/framework/src/Illuminate/Pipeline/Pipeline.php(209): Illuminate\\Cookie\\Middleware\\AddQueuedCookiesToResponse->handle()
#19 /home/yamojr/devyamo/edusaas/edusaas/vendor/laravel/framework/src/Illuminate/Cookie/Middleware/EncryptCookies.php(75): Illuminate\\Pipeline\\Pipeline->{closure:{closure:Illuminate\\Pipeline\\Pipeline::carry():184}:185}()
#20 /home/yamojr/devyamo/edusaas/edusaas/vendor/laravel/framework/src/Illuminate/Pipeline/Pipeline.php(209): Illuminate\\Cookie\\Middleware\\EncryptCookies->handle()
#21 /home/yamojr/devyamo/edusaas/edusaas/vendor/laravel/framework/src/Illuminate/Pipeline/Pipeline.php(127): Illuminate\\Pipeline\\Pipeline->{closure:{closure:Illuminate\\Pipeline\\Pipeline::carry():184}:185}()
#22 /home/yamojr/devyamo/edusaas/edusaas/vendor/laravel/framework/src/Illuminate/Routing/Router.php(807): Illuminate\\Pipeline\\Pipeline->then()
#23 /home/yamojr/devyamo/edusaas/edusaas/vendor/laravel/framework/src/Illuminate/Routing/Router.php(786): Illuminate\\Routing\\Router->runRouteWithinStack()
#24 /home/yamojr/devyamo/edusaas/edusaas/vendor/laravel/framework/src/Illuminate/Routing/Router.php(750): Illuminate\\Routing\\Router->runRoute()
#25 /home/yamojr/devyamo/edusaas/edusaas/vendor/laravel/framework/src/Illuminate/Routing/Router.php(739): Illuminate\\Routing\\Router->dispatchToRoute()
#26 /home/yamojr/devyamo/edusaas/edusaas/vendor/laravel/framework/src/Illuminate/Foundation/Http/Kernel.php(201): Illuminate\\Routing\\Router->dispatch()
#27 /home/yamojr/devyamo/edusaas/edusaas/vendor/laravel/framework/src/Illuminate/Pipeline/Pipeline.php(170): Illuminate\\Foundation\\Http\\Kernel->{closure:Illuminate\\Foundation\\Http\\Kernel::dispatchToRouter():198}()
#28 /home/yamojr/devyamo/edusaas/edusaas/vendor/laravel/framework/src/Illuminate/Foundation/Http/Middleware/TransformsRequest.php(21): Illuminate\\Pipeline\\Pipeline->{closure:Illuminate\\Pipeline\\Pipeline::prepareDestination():168}()
#29 /home/yamojr/devyamo/edusaas/edusaas/vendor/laravel/framework/src/Illuminate/Foundation/Http/Middleware/ConvertEmptyStringsToNull.php(31): Illuminate\\Foundation\\Http\\Middleware\\TransformsRequest->handle()
#30 /home/yamojr/devyamo/edusaas/edusaas/vendor/laravel/framework/src/Illuminate/Pipeline/Pipeline.php(209): Illuminate\\Foundation\\Http\\Middleware\\ConvertEmptyStringsToNull->handle()
#31 /home/yamojr/devyamo/edusaas/edusaas/vendor/laravel/framework/src/Illuminate/Foundation/Http/Middleware/TransformsRequest.php(21): Illuminate\\Pipeline\\Pipeline->{closure:{closure:Illuminate\\Pipeline\\Pipeline::carry():184}:185}()
#32 /home/yamojr/devyamo/edusaas/edusaas/vendor/laravel/framework/src/Illuminate/Foundation/Http/Middleware/TrimStrings.php(51): Illuminate\\Foundation\\Http\\Middleware\\TransformsRequest->handle()
#33 /home/yamojr/devyamo/edusaas/edusaas/vendor/laravel/framework/src/Illuminate/Pipeline/Pipeline.php(209): Illuminate\\Foundation\\Http\\Middleware\\TrimStrings->handle()
#34 /home/yamojr/devyamo/edusaas/edusaas/vendor/laravel/framework/src/Illuminate/Http/Middleware/ValidatePostSize.php(27): Illuminate\\Pipeline\\Pipeline->{closure:{closure:Illuminate\\Pipeline\\Pipeline::carry():184}:185}()
#35 /home/yamojr/devyamo/edusaas/edusaas/vendor/laravel/framework/src/Illuminate/Pipeline/Pipeline.php(209): Illuminate\\Http\\Middleware\\ValidatePostSize->handle()
#36 /home/yamojr/devyamo/edusaas/edusaas/vendor/laravel/framework/src/Illuminate/Foundation/Http/Middleware/PreventRequestsDuringMaintenance.php(110): Illuminate\\Pipeline\\Pipeline->{closure:{closure:Illuminate\\Pipeline\\Pipeline::carry():184}:185}()
#37 /home/yamojr/devyamo/edusaas/edusaas/vendor/laravel/framework/src/Illuminate/Pipeline/Pipeline.php(209): Illuminate\\Foundation\\Http\\Middleware\\PreventRequestsDuringMaintenance->handle()
#38 /home/yamojr/devyamo/edusaas/edusaas/vendor/laravel/framework/src/Illuminate/Http/Middleware/HandleCors.php(49): Illuminate\\Pipeline\\Pipeline->{closure:{closure:Illuminate\\Pipeline\\Pipeline::carry():184}:185}()
#39 /home/yamojr/devyamo/edusaas/edusaas/vendor/laravel/framework/src/Illuminate/Pipeline/Pipeline.php(209): Illuminate\\Http\\Middleware\\HandleCors->handle()
#40 /home/yamojr/devyamo/edusaas/edusaas/vendor/laravel/framework/src/Illuminate/Http/Middleware/TrustProxies.php(58): Illuminate\\Pipeline\\Pipeline->{closure:{closure:Illuminate\\Pipeline\\Pipeline::carry():184}:185}()
#41 /home/yamojr/devyamo/edusaas/edusaas/vendor/laravel/framework/src/Illuminate/Pipeline/Pipeline.php(209): Illuminate\\Http\\Middleware\\TrustProxies->handle()
#42 /home/yamojr/devyamo/edusaas/edusaas/vendor/laravel/framework/src/Illuminate/Foundation/Http/Middleware/InvokeDeferredCallbacks.php(22): Illuminate\\Pipeline\\Pipeline->{closure:{closure:Illuminate\\Pipeline\\Pipeline::carry():184}:185}()
#43 /home/yamojr/devyamo/edusaas/edusaas/vendor/laravel/framework/src/Illuminate/Pipeline/Pipeline.php(209): Illuminate\\Foundation\\Http\\Middleware\\InvokeDeferredCallbacks->handle()
#44 /home/yamojr/devyamo/edusaas/edusaas/vendor/laravel/framework/src/Illuminate/Pipeline/Pipeline.php(127): Illuminate\\Pipeline\\Pipeline->{closure:{closure:Illuminate\\Pipeline\\Pipeline::carry():184}:185}()
#45 /home/yamojr/devyamo/edusaas/edusaas/vendor/laravel/framework/src/Illuminate/Foundation/Http/Kernel.php(176): Illuminate\\Pipeline\\Pipeline->then()
#46 /home/yamojr/devyamo/edusaas/edusaas/vendor/laravel/framework/src/Illuminate/Foundation/Http/Kernel.php(145): Illuminate\\Foundation\\Http\\Kernel->sendRequestThroughRouter()
#47 /home/yamojr/devyamo/edusaas/edusaas/vendor/laravel/framework/src/Illuminate/Foundation/Application.php(1220): Illuminate\\Foundation\\Http\\Kernel->handle()
#48 /home/yamojr/devyamo/edusaas/edusaas/public/index.php(19): Illuminate\\Foundation\\Application->handleRequest()
#49 /home/yamojr/devyamo/edusaas/edusaas/vendor/laravel/framework/src/Illuminate/Foundation/resources/server.php(23): require_once('...')
#50 {main}
"} 
[2026-03-22 03:15:06] local.ERROR: Method App\Http\Controllers\Admin\DashboardController::dashboard does not exist. {"userId":10,"exception":"[object] (BadMethodCallException(code: 0): Method App\\Http\\Controllers\\Admin\\DashboardController::dashboard does not exist. at /home/yamojr/devyamo/edusaas/edusaas/vendor/laravel/framework/src/Illuminate/Routing/Controller.php:68)
[stacktrace]
#0 /home/yamojr/devyamo/edusaas/edusaas/vendor/laravel/framework/src/Illuminate/Routing/Controller.php(54): Illuminate\\Routing\\Controller->__call()
#1 /home/yamojr/devyamo/edusaas/edusaas/vendor/laravel/framework/src/Illuminate/Routing/ControllerDispatcher.php(44): Illuminate\\Routing\\Controller->callAction()
#2 /home/yamojr/devyamo/edusaas/edusaas/vendor/laravel/framework/src/Illuminate/Routing/Route.php(266): Illuminate\\Routing\\ControllerDispatcher->dispatch()
#3 /home/yamojr/devyamo/edusaas/edusaas/vendor/laravel/framework/src/Illuminate/Routing/Route.php(212): Illuminate\\Routing\\Route->runController()
#4 /home/yamojr/devyamo/edusaas/edusaas/vendor/laravel/framework/src/Illuminate/Routing/Router.php(808): Illuminate\\Routing\\Route->run()
#5 /home/yamojr/devyamo/edusaas/edusaas/vendor/laravel/framework/src/Illuminate/Pipeline/Pipeline.php(170): Illuminate\\Routing\\Router->{closure:Illuminate\\Routing\\Router::runRouteWithinStack():807}()
#6 /home/yamojr/devyamo/edusaas/edusaas/vendor/spatie/laravel-permission/src/Middleware/RoleMiddleware.php(37): Illuminate\\Pipeline\\Pipeline->{closure:Illuminate\\Pipeline\\Pipeline::prepareDestination():168}()
#7 /home/yamojr/devyamo/edusaas/edusaas/vendor/laravel/framework/src/Illuminate/Pipeline/Pipeline.php(209): Spatie\\Permission\\Middleware\\RoleMiddleware->handle()
#8 /home/yamojr/devyamo/edusaas/edusaas/vendor/inertiajs/inertia-laravel/src/Middleware.php(122): Illuminate\\Pipeline\\Pipeline->{closure:{closure:Illuminate\\Pipeline\\Pipeline::carry():184}:185}()
#9 /home/yamojr/devyamo/edusaas/edusaas/vendor/laravel/framework/src/Illuminate/Pipeline/Pipeline.php(209): Inertia\\Middleware->handle()
#10 /home/yamojr/devyamo/edusaas/edusaas/vendor/laravel/framework/src/Illuminate/Routing/Middleware/SubstituteBindings.php(51): Illuminate\\Pipeline\\Pipeline->{closure:{closure:Illuminate\\Pipeline\\Pipeline::carry():184}:185}()
#11 /home/yamojr/devyamo/edusaas/edusaas/vendor/laravel/framework/src/Illuminate/Pipeline/Pipeline.php(209): Illuminate\\Routing\\Middleware\\SubstituteBindings->handle()
#12 /home/yamojr/devyamo/edusaas/edusaas/vendor/laravel/framework/src/Illuminate/Auth/Middleware/Authenticate.php(64): Illuminate\\Pipeline\\Pipeline->{closure:{closure:Illuminate\\Pipeline\\Pipeline::carry():184}:185}()
#13 /home/yamojr/devyamo/edusaas/edusaas/vendor/laravel/framework/src/Illuminate/Pipeline/Pipeline.php(209): Illuminate\\Auth\\Middleware\\Authenticate->handle()
#14 /home/yamojr/devyamo/edusaas/edusaas/vendor/laravel/framework/src/Illuminate/Foundation/Http/Middleware/VerifyCsrfToken.php(88): Illuminate\\Pipeline\\Pipeline->{closure:{closure:Illuminate\\Pipeline\\Pipeline::carry():184}:185}()
#15 /home/yamojr/devyamo/edusaas/edusaas/vendor/laravel/framework/src/Illuminate/Pipeline/Pipeline.php(209): Illuminate\\Foundation\\Http\\Middleware\\VerifyCsrfToken->handle()
#16 /home/yamojr/devyamo/edusaas/edusaas/vendor/laravel/framework/src/Illuminate/View/Middleware/ShareErrorsFromSession.php(49): Illuminate\\Pipeline\\Pipeline->{closure:{closure:Illuminate\\Pipeline\\Pipeline::carry():184}:185}()
#17 /home/yamojr/devyamo/edusaas/edusaas/vendor/laravel/framework/src/Illuminate/Pipeline/Pipeline.php(209): Illuminate\\View\\Middleware\\ShareErrorsFromSession->handle()
#18 /home/yamojr/devyamo/edusaas/edusaas/vendor/laravel/framework/src/Illuminate/Session/Middleware/StartSession.php(121): Illuminate\\Pipeline\\Pipeline->{closure:{closure:Illuminate\\Pipeline\\Pipeline::carry():184}:185}()
#19 /home/yamojr/devyamo/edusaas/edusaas/vendor/laravel/framework/src/Illuminate/Session/Middleware/StartSession.php(64): Illuminate\\Session\\Middleware\\StartSession->handleStatefulRequest()
#20 /home/yamojr/devyamo/edusaas/edusaas/vendor/laravel/framework/src/Illuminate/Pipeline/Pipeline.php(209): Illuminate\\Session\\Middleware\\StartSession->handle()
#21 /home/yamojr/devyamo/edusaas/edusaas/vendor/laravel/framework/src/Illuminate/Cookie/Middleware/AddQueuedCookiesToResponse.php(37): Illuminate\\Pipeline\\Pipeline->{closure:{closure:Illuminate\\Pipeline\\Pipeline::carry():184}:185}()
#22 /home/yamojr/devyamo/edusaas/edusaas/vendor/laravel/framework/src/Illuminate/Pipeline/Pipeline.php(209): Illuminate\\Cookie\\Middleware\\AddQueuedCookiesToResponse->handle()
#23 /home/yamojr/devyamo/edusaas/edusaas/vendor/laravel/framework/src/Illuminate/Cookie/Middleware/EncryptCookies.php(75): Illuminate\\Pipeline\\Pipeline->{closure:{closure:Illuminate\\Pipeline\\Pipeline::carry():184}:185}()
#24 /home/yamojr/devyamo/edusaas/edusaas/vendor/laravel/framework/src/Illuminate/Pipeline/Pipeline.php(209): Illuminate\\Cookie\\Middleware\\EncryptCookies->handle()
#25 /home/yamojr/devyamo/edusaas/edusaas/vendor/laravel/framework/src/Illuminate/Pipeline/Pipeline.php(127): Illuminate\\Pipeline\\Pipeline->{closure:{closure:Illuminate\\Pipeline\\Pipeline::carry():184}:185}()
#26 /home/yamojr/devyamo/edusaas/edusaas/vendor/laravel/framework/src/Illuminate/Routing/Router.php(807): Illuminate\\Pipeline\\Pipeline->then()
#27 /home/yamojr/devyamo/edusaas/edusaas/vendor/laravel/framework/src/Illuminate/Routing/Router.php(786): Illuminate\\Routing\\Router->runRouteWithinStack()
#28 /home/yamojr/devyamo/edusaas/edusaas/vendor/laravel/framework/src/Illuminate/Routing/Router.php(750): Illuminate\\Routing\\Router->runRoute()
#29 /home/yamojr/devyamo/edusaas/edusaas/vendor/laravel/framework/src/Illuminate/Routing/Router.php(739): Illuminate\\Routing\\Router->dispatchToRoute()
#30 /home/yamojr/devyamo/edusaas/edusaas/vendor/laravel/framework/src/Illuminate/Foundation/Http/Kernel.php(201): Illuminate\\Routing\\Router->dispatch()
#31 /home/yamojr/devyamo/edusaas/edusaas/vendor/laravel/framework/src/Illuminate/Pipeline/Pipeline.php(170): Illuminate\\Foundation\\Http\\Kernel->{closure:Illuminate\\Foundation\\Http\\Kernel::dispatchToRouter():198}()
#32 /home/yamojr/devyamo/edusaas/edusaas/vendor/laravel/framework/src/Illuminate/Foundation/Http/Middleware/TransformsRequest.php(21): Illuminate\\Pipeline\\Pipeline->{closure:Illuminate\\Pipeline\\Pipeline::prepareDestination():168}()
#33 /home/yamojr/devyamo/edusaas/edusaas/vendor/laravel/framework/src/Illuminate/Foundation/Http/Middleware/ConvertEmptyStringsToNull.php(31): Illuminate\\Foundation\\Http\\Middleware\\TransformsRequest->handle()
#34 /home/yamojr/devyamo/edusaas/edusaas/vendor/laravel/framework/src/Illuminate/Pipeline/Pipeline.php(209): Illuminate\\Foundation\\Http\\Middleware\\ConvertEmptyStringsToNull->handle()
#35 /home/yamojr/devyamo/edusaas/edusaas/vendor/laravel/framework/src/Illuminate/Foundation/Http/Middleware/TransformsRequest.php(21): Illuminate\\Pipeline\\Pipeline->{closure:{closure:Illuminate\\Pipeline\\Pipeline::carry():184}:185}()
#36 /home/yamojr/devyamo/edusaas/edusaas/vendor/laravel/framework/src/Illuminate/Foundation/Http/Middleware/TrimStrings.php(51): Illuminate\\Foundation\\Http\\Middleware\\TransformsRequest->handle()
#37 /home/yamojr/devyamo/edusaas/edusaas/vendor/laravel/framework/src/Illuminate/Pipeline/Pipeline.php(209): Illuminate\\Foundation\\Http\\Middleware\\TrimStrings->handle()
#38 /home/yamojr/devyamo/edusaas/edusaas/vendor/laravel/framework/src/Illuminate/Http/Middleware/ValidatePostSize.php(27): Illuminate\\Pipeline\\Pipeline->{closure:{closure:Illuminate\\Pipeline\\Pipeline::carry():184}:185}()
#39 /home/yamojr/devyamo/edusaas/edusaas/vendor/laravel/framework/src/Illuminate/Pipeline/Pipeline.php(209): Illuminate\\Http\\Middleware\\ValidatePostSize->handle()
#40 /home/yamojr/devyamo/edusaas/edusaas/vendor/laravel/framework/src/Illuminate/Foundation/Http/Middleware/PreventRequestsDuringMaintenance.php(110): Illuminate\\Pipeline\\Pipeline->{closure:{closure:Illuminate\\Pipeline\\Pipeline::carry():184}:185}()
#41 /home/yamojr/devyamo/edusaas/edusaas/vendor/laravel/framework/src/Illuminate/Pipeline/Pipeline.php(209): Illuminate\\Foundation\\Http\\Middleware\\PreventRequestsDuringMaintenance->handle()
#42 /home/yamojr/devyamo/edusaas/edusaas/vendor/laravel/framework/src/Illuminate/Http/Middleware/HandleCors.php(49): Illuminate\\Pipeline\\Pipeline->{closure:{closure:Illuminate\\Pipeline\\Pipeline::carry():184}:185}()
#43 /home/yamojr/devyamo/edusaas/edusaas/vendor/laravel/framework/src/Illuminate/Pipeline/Pipeline.php(209): Illuminate\\Http\\Middleware\\HandleCors->handle()
#44 /home/yamojr/devyamo/edusaas/edusaas/vendor/laravel/framework/src/Illuminate/Http/Middleware/TrustProxies.php(58): Illuminate\\Pipeline\\Pipeline->{closure:{closure:Illuminate\\Pipeline\\Pipeline::carry():184}:185}()
#45 /home/yamojr/devyamo/edusaas/edusaas/vendor/laravel/framework/src/Illuminate/Pipeline/Pipeline.php(209): Illuminate\\Http\\Middleware\\TrustProxies->handle()
#46 /home/yamojr/devyamo/edusaas/edusaas/vendor/laravel/framework/src/Illuminate/Foundation/Http/Middleware/InvokeDeferredCallbacks.php(22): Illuminate\\Pipeline\\Pipeline->{closure:{closure:Illuminate\\Pipeline\\Pipeline::carry():184}:185}()
#47 /home/yamojr/devyamo/edusaas/edusaas/vendor/laravel/framework/src/Illuminate/Pipeline/Pipeline.php(209): Illuminate\\Foundation\\Http\\Middleware\\InvokeDeferredCallbacks->handle()
#48 /home/yamojr/devyamo/edusaas/edusaas/vendor/laravel/framework/src/Illuminate/Pipeline/Pipeline.php(127): Illuminate\\Pipeline\\Pipeline->{closure:{closure:Illuminate\\Pipeline\\Pipeline::carry():184}:185}()
#49 /home/yamojr/devyamo/edusaas/edusaas/vendor/laravel/framework/src/Illuminate/Foundation/Http/Kernel.php(176): Illuminate\\Pipeline\\Pipeline->then()
#50 /home/yamojr/devyamo/edusaas/edusaas/vendor/laravel/framework/src/Illuminate/Foundation/Http/Kernel.php(145): Illuminate\\Foundation\\Http\\Kernel->sendRequestThroughRouter()
#51 /home/yamojr/devyamo/edusaas/edusaas/vendor/laravel/framework/src/Illuminate/Foundation/Application.php(1220): Illuminate\\Foundation\\Http\\Kernel->handle()
#52 /home/yamojr/devyamo/edusaas/edusaas/public/index.php(19): Illuminate\\Foundation\\Application->handleRequest()
#53 /home/yamojr/devyamo/edusaas/edusaas/vendor/laravel/framework/src/Illuminate/Foundation/resources/server.php(23): require_once('...')
#54 {main}
"} 
[2026-03-22 03:49:43] local.ERROR: SQLSTATE[42000]: Syntax error or access violation: 1072 Key column 'role' doesn't exist in table (Connection: mysql, SQL: alter table `users` add index `users_tenant_id_role_index`(`tenant_id`, `role`)) {"exception":"[object] (Illuminate\\Database\\QueryException(code: 42000): SQLSTATE[42000]: Syntax error or access violation: 1072 Key column 'role' doesn't exist in table (Connection: mysql, SQL: alter table `users` add index `users_tenant_id_role_index`(`tenant_id`, `role`)) at /home/yamojr/devyamo/edusaas/edusaas/vendor/laravel/framework/src/Illuminate/Database/Connection.php:825)
[stacktrace]
#0 /home/yamojr/devyamo/edusaas/edusaas/vendor/laravel/framework/src/Illuminate/Database/Connection.php(779): Illuminate\\Database\\Connection->runQueryCallback()
#1 /home/yamojr/devyamo/edusaas/edusaas/vendor/laravel/framework/src/Illuminate/Database/Connection.php(560): Illuminate\\Database\\Connection->run()
#2 /home/yamojr/devyamo/edusaas/edusaas/vendor/laravel/framework/src/Illuminate/Database/Schema/Blueprint.php(118): Illuminate\\Database\\Connection->statement()
#3 /home/yamojr/devyamo/edusaas/edusaas/vendor/laravel/framework/src/Illuminate/Database/Schema/Builder.php(564): Illuminate\\Database\\Schema\\Blueprint->build()
#4 /home/yamojr/devyamo/edusaas/edusaas/vendor/laravel/framework/src/Illuminate/Database/Schema/Builder.php(418): Illuminate\\Database\\Schema\\Builder->build()
#5 /home/yamojr/devyamo/edusaas/edusaas/vendor/laravel/framework/src/Illuminate/Support/Facades/Facade.php(361): Illuminate\\Database\\Schema\\Builder->create()
#6 /home/yamojr/devyamo/edusaas/edusaas/database/migrations/2024_01_01_000001_create_all_tables.php(22): Illuminate\\Support\\Facades\\Facade::__callStatic()
#7 /home/yamojr/devyamo/edusaas/edusaas/vendor/laravel/framework/src/Illuminate/Database/Migrations/Migrator.php(507): Illuminate\\Database\\Migrations\\Migration@anonymous->up()
#8 /home/yamojr/devyamo/edusaas/edusaas/vendor/laravel/framework/src/Illuminate/Database/Migrations/Migrator.php(432): Illuminate\\Database\\Migrations\\Migrator->runMethod()
#9 /home/yamojr/devyamo/edusaas/edusaas/vendor/laravel/framework/src/Illuminate/Database/Migrations/Migrator.php(441): Illuminate\\Database\\Migrations\\Migrator->{closure:Illuminate\\Database\\Migrations\\Migrator::runMigration():428}()
#10 /home/yamojr/devyamo/edusaas/edusaas/vendor/laravel/framework/src/Illuminate/Database/Migrations/Migrator.php(244): Illuminate\\Database\\Migrations\\Migrator->runMigration()
#11 /home/yamojr/devyamo/edusaas/edusaas/vendor/laravel/framework/src/Illuminate/Console/View/Components/Task.php(40): Illuminate\\Database\\Migrations\\Migrator->{closure:Illuminate\\Database\\Migrations\\Migrator::runUp():244}()
#12 /home/yamojr/devyamo/edusaas/edusaas/vendor/laravel/framework/src/Illuminate/Database/Migrations/Migrator.php(798): Illuminate\\Console\\View\\Components\\Task->render()
#13 /home/yamojr/devyamo/edusaas/edusaas/vendor/laravel/framework/src/Illuminate/Database/Migrations/Migrator.php(244): Illuminate\\Database\\Migrations\\Migrator->write()
#14 /home/yamojr/devyamo/edusaas/edusaas/vendor/laravel/framework/src/Illuminate/Database/Migrations/Migrator.php(211): Illuminate\\Database\\Migrations\\Migrator->runUp()
#15 /home/yamojr/devyamo/edusaas/edusaas/vendor/laravel/framework/src/Illuminate/Database/Migrations/Migrator.php(138): Illuminate\\Database\\Migrations\\Migrator->runPending()
#16 /home/yamojr/devyamo/edusaas/edusaas/vendor/laravel/framework/src/Illuminate/Database/Console/Migrations/MigrateCommand.php(117): Illuminate\\Database\\Migrations\\Migrator->run()
#17 /home/yamojr/devyamo/edusaas/edusaas/vendor/laravel/framework/src/Illuminate/Database/Migrations/Migrator.php(658): Illuminate\\Database\\Console\\Migrations\\MigrateCommand->{closure:Illuminate\\Database\\Console\\Migrations\\MigrateCommand::runMigrations():110}()
#18 /home/yamojr/devyamo/edusaas/edusaas/vendor/laravel/framework/src/Illuminate/Database/Console/Migrations/MigrateCommand.php(110): Illuminate\\Database\\Migrations\\Migrator->usingConnection()
#19 /home/yamojr/devyamo/edusaas/edusaas/vendor/laravel/framework/src/Illuminate/Database/Console/Migrations/MigrateCommand.php(89): Illuminate\\Database\\Console\\Migrations\\MigrateCommand->runMigrations()
#20 /home/yamojr/devyamo/edusaas/edusaas/vendor/laravel/framework/src/Illuminate/Container/BoundMethod.php(36): Illuminate\\Database\\Console\\Migrations\\MigrateCommand->handle()
#21 /home/yamojr/devyamo/edusaas/edusaas/vendor/laravel/framework/src/Illuminate/Container/Util.php(43): Illuminate\\Container\\BoundMethod::{closure:Illuminate\\Container\\BoundMethod::call():35}()
#22 /home/yamojr/devyamo/edusaas/edusaas/vendor/laravel/framework/src/Illuminate/Container/BoundMethod.php(95): Illuminate\\Container\\Util::unwrapIfClosure()
#23 /home/yamojr/devyamo/edusaas/edusaas/vendor/laravel/framework/src/Illuminate/Container/BoundMethod.php(35): Illuminate\\Container\\BoundMethod::callBoundMethod()
#24 /home/yamojr/devyamo/edusaas/edusaas/vendor/laravel/framework/src/Illuminate/Container/Container.php(696): Illuminate\\Container\\BoundMethod::call()
#25 /home/yamojr/devyamo/edusaas/edusaas/vendor/laravel/framework/src/Illuminate/Console/Command.php(213): Illuminate\\Container\\Container->call()
#26 /home/yamojr/devyamo/edusaas/edusaas/vendor/symfony/console/Command/Command.php(341): Illuminate\\Console\\Command->execute()
#27 /home/yamojr/devyamo/edusaas/edusaas/vendor/laravel/framework/src/Illuminate/Console/Command.php(182): Symfony\\Component\\Console\\Command\\Command->run()
#28 /home/yamojr/devyamo/edusaas/edusaas/vendor/laravel/framework/src/Illuminate/Console/Concerns/CallsCommands.php(68): Illuminate\\Console\\Command->run()
#29 /home/yamojr/devyamo/edusaas/edusaas/vendor/laravel/framework/src/Illuminate/Console/Concerns/CallsCommands.php(29): Illuminate\\Console\\Command->runCommand()
#30 /home/yamojr/devyamo/edusaas/edusaas/vendor/laravel/framework/src/Illuminate/Database/Console/Migrations/FreshCommand.php(82): Illuminate\\Console\\Command->call()
#31 /home/yamojr/devyamo/edusaas/edusaas/vendor/laravel/framework/src/Illuminate/Container/BoundMethod.php(36): Illuminate\\Database\\Console\\Migrations\\FreshCommand->handle()
#32 /home/yamojr/devyamo/edusaas/edusaas/vendor/laravel/framework/src/Illuminate/Container/Util.php(43): Illuminate\\Container\\BoundMethod::{closure:Illuminate\\Container\\BoundMethod::call():35}()
#33 /home/yamojr/devyamo/edusaas/edusaas/vendor/laravel/framework/src/Illuminate/Container/BoundMethod.php(95): Illuminate\\Container\\Util::unwrapIfClosure()
#34 /home/yamojr/devyamo/edusaas/edusaas/vendor/laravel/framework/src/Illuminate/Container/BoundMethod.php(35): Illuminate\\Container\\BoundMethod::callBoundMethod()
#35 /home/yamojr/devyamo/edusaas/edusaas/vendor/laravel/framework/src/Illuminate/Container/Container.php(696): Illuminate\\Container\\BoundMethod::call()
#36 /home/yamojr/devyamo/edusaas/edusaas/vendor/laravel/framework/src/Illuminate/Console/Command.php(213): Illuminate\\Container\\Container->call()
#37 /home/yamojr/devyamo/edusaas/edusaas/vendor/symfony/console/Command/Command.php(341): Illuminate\\Console\\Command->execute()
#38 /home/yamojr/devyamo/edusaas/edusaas/vendor/laravel/framework/src/Illuminate/Console/Command.php(182): Symfony\\Component\\Console\\Command\\Command->run()
#39 /home/yamojr/devyamo/edusaas/edusaas/vendor/symfony/console/Application.php(1117): Illuminate\\Console\\Command->run()
#40 /home/yamojr/devyamo/edusaas/edusaas/vendor/symfony/console/Application.php(356): Symfony\\Component\\Console\\Application->doRunCommand()
#41 /home/yamojr/devyamo/edusaas/edusaas/vendor/symfony/console/Application.php(195): Symfony\\Component\\Console\\Application->doRun()
#42 /home/yamojr/devyamo/edusaas/edusaas/vendor/laravel/framework/src/Illuminate/Foundation/Console/Kernel.php(198): Symfony\\Component\\Console\\Application->run()
#43 /home/yamojr/devyamo/edusaas/edusaas/vendor/laravel/framework/src/Illuminate/Foundation/Application.php(1235): Illuminate\\Foundation\\Console\\Kernel->handle()
#44 /home/yamojr/devyamo/edusaas/edusaas/artisan(12): Illuminate\\Foundation\\Application->handleCommand()
#45 {main}

[previous exception] [object] (PDOException(code: 42000): SQLSTATE[42000]: Syntax error or access violation: 1072 Key column 'role' doesn't exist in table at /home/yamojr/devyamo/edusaas/edusaas/vendor/laravel/framework/src/Illuminate/Database/Connection.php:571)
[stacktrace]
#0 /home/yamojr/devyamo/edusaas/edusaas/vendor/laravel/framework/src/Illuminate/Database/Connection.php(571): PDOStatement->execute()
#1 /home/yamojr/devyamo/edusaas/edusaas/vendor/laravel/framework/src/Illuminate/Database/Connection.php(812): Illuminate\\Database\\Connection->{closure:Illuminate\\Database\\Connection::statement():560}()
#2 /home/yamojr/devyamo/edusaas/edusaas/vendor/laravel/framework/src/Illuminate/Database/Connection.php(779): Illuminate\\Database\\Connection->runQueryCallback()
#3 /home/yamojr/devyamo/edusaas/edusaas/vendor/laravel/framework/src/Illuminate/Database/Connection.php(560): Illuminate\\Database\\Connection->run()
#4 /home/yamojr/devyamo/edusaas/edusaas/vendor/laravel/framework/src/Illuminate/Database/Schema/Blueprint.php(118): Illuminate\\Database\\Connection->statement()
#5 /home/yamojr/devyamo/edusaas/edusaas/vendor/laravel/framework/src/Illuminate/Database/Schema/Builder.php(564): Illuminate\\Database\\Schema\\Blueprint->build()
#6 /home/yamojr/devyamo/edusaas/edusaas/vendor/laravel/framework/src/Illuminate/Database/Schema/Builder.php(418): Illuminate\\Database\\Schema\\Builder->build()
#7 /home/yamojr/devyamo/edusaas/edusaas/vendor/laravel/framework/src/Illuminate/Support/Facades/Facade.php(361): Illuminate\\Database\\Schema\\Builder->create()
#8 /home/yamojr/devyamo/edusaas/edusaas/database/migrations/2024_01_01_000001_create_all_tables.php(22): Illuminate\\Support\\Facades\\Facade::__callStatic()
#9 /home/yamojr/devyamo/edusaas/edusaas/vendor/laravel/framework/src/Illuminate/Database/Migrations/Migrator.php(507): Illuminate\\Database\\Migrations\\Migration@anonymous->up()
#10 /home/yamojr/devyamo/edusaas/edusaas/vendor/laravel/framework/src/Illuminate/Database/Migrations/Migrator.php(432): Illuminate\\Database\\Migrations\\Migrator->runMethod()
#11 /home/yamojr/devyamo/edusaas/edusaas/vendor/laravel/framework/src/Illuminate/Database/Migrations/Migrator.php(441): Illuminate\\Database\\Migrations\\Migrator->{closure:Illuminate\\Database\\Migrations\\Migrator::runMigration():428}()
#12 /home/yamojr/devyamo/edusaas/edusaas/vendor/laravel/framework/src/Illuminate/Database/Migrations/Migrator.php(244): Illuminate\\Database\\Migrations\\Migrator->runMigration()
#13 /home/yamojr/devyamo/edusaas/edusaas/vendor/laravel/framework/src/Illuminate/Console/View/Components/Task.php(40): Illuminate\\Database\\Migrations\\Migrator->{closure:Illuminate\\Database\\Migrations\\Migrator::runUp():244}()
#14 /home/yamojr/devyamo/edusaas/edusaas/vendor/laravel/framework/src/Illuminate/Database/Migrations/Migrator.php(798): Illuminate\\Console\\View\\Components\\Task->render()
#15 /home/yamojr/devyamo/edusaas/edusaas/vendor/laravel/framework/src/Illuminate/Database/Migrations/Migrator.php(244): Illuminate\\Database\\Migrations\\Migrator->write()
#16 /home/yamojr/devyamo/edusaas/edusaas/vendor/laravel/framework/src/Illuminate/Database/Migrations/Migrator.php(211): Illuminate\\Database\\Migrations\\Migrator->runUp()
#17 /home/yamojr/devyamo/edusaas/edusaas/vendor/laravel/framework/src/Illuminate/Database/Migrations/Migrator.php(138): Illuminate\\Database\\Migrations\\Migrator->runPending()
#18 /home/yamojr/devyamo/edusaas/edusaas/vendor/laravel/framework/src/Illuminate/Database/Console/Migrations/MigrateCommand.php(117): Illuminate\\Database\\Migrations\\Migrator->run()
#19 /home/yamojr/devyamo/edusaas/edusaas/vendor/laravel/framework/src/Illuminate/Database/Migrations/Migrator.php(658): Illuminate\\Database\\Console\\Migrations\\MigrateCommand->{closure:Illuminate\\Database\\Console\\Migrations\\MigrateCommand::runMigrations():110}()
#20 /home/yamojr/devyamo/edusaas/edusaas/vendor/laravel/framework/src/Illuminate/Database/Console/Migrations/MigrateCommand.php(110): Illuminate\\Database\\Migrations\\Migrator->usingConnection()
#21 /home/yamojr/devyamo/edusaas/edusaas/vendor/laravel/framework/src/Illuminate/Database/Console/Migrations/MigrateCommand.php(89): Illuminate\\Database\\Console\\Migrations\\MigrateCommand->runMigrations()
#22 /home/yamojr/devyamo/edusaas/edusaas/vendor/laravel/framework/src/Illuminate/Container/BoundMethod.php(36): Illuminate\\Database\\Console\\Migrations\\MigrateCommand->handle()
#23 /home/yamojr/devyamo/edusaas/edusaas/vendor/laravel/framework/src/Illuminate/Container/Util.php(43): Illuminate\\Container\\BoundMethod::{closure:Illuminate\\Container\\BoundMethod::call():35}()
#24 /home/yamojr/devyamo/edusaas/edusaas/vendor/laravel/framework/src/Illuminate/Container/BoundMethod.php(95): Illuminate\\Container\\Util::unwrapIfClosure()
#25 /home/yamojr/devyamo/edusaas/edusaas/vendor/laravel/framework/src/Illuminate/Container/BoundMethod.php(35): Illuminate\\Container\\BoundMethod::callBoundMethod()
#26 /home/yamojr/devyamo/edusaas/edusaas/vendor/laravel/framework/src/Illuminate/Container/Container.php(696): Illuminate\\Container\\BoundMethod::call()
#27 /home/yamojr/devyamo/edusaas/edusaas/vendor/laravel/framework/src/Illuminate/Console/Command.php(213): Illuminate\\Container\\Container->call()
#28 /home/yamojr/devyamo/edusaas/edusaas/vendor/symfony/console/Command/Command.php(341): Illuminate\\Console\\Command->execute()
#29 /home/yamojr/devyamo/edusaas/edusaas/vendor/laravel/framework/src/Illuminate/Console/Command.php(182): Symfony\\Component\\Console\\Command\\Command->run()
#30 /home/yamojr/devyamo/edusaas/edusaas/vendor/laravel/framework/src/Illuminate/Console/Concerns/CallsCommands.php(68): Illuminate\\Console\\Command->run()
#31 /home/yamojr/devyamo/edusaas/edusaas/vendor/laravel/framework/src/Illuminate/Console/Concerns/CallsCommands.php(29): Illuminate\\Console\\Command->runCommand()
#32 /home/yamojr/devyamo/edusaas/edusaas/vendor/laravel/framework/src/Illuminate/Database/Console/Migrations/FreshCommand.php(82): Illuminate\\Console\\Command->call()
#33 /home/yamojr/devyamo/edusaas/edusaas/vendor/laravel/framework/src/Illuminate/Container/BoundMethod.php(36): Illuminate\\Database\\Console\\Migrations\\FreshCommand->handle()
#34 /home/yamojr/devyamo/edusaas/edusaas/vendor/laravel/framework/src/Illuminate/Container/Util.php(43): Illuminate\\Container\\BoundMethod::{closure:Illuminate\\Container\\BoundMethod::call():35}()
#35 /home/yamojr/devyamo/edusaas/edusaas/vendor/laravel/framework/src/Illuminate/Container/BoundMethod.php(95): Illuminate\\Container\\Util::unwrapIfClosure()
#36 /home/yamojr/devyamo/edusaas/edusaas/vendor/laravel/framework/src/Illuminate/Container/BoundMethod.php(35): Illuminate\\Container\\BoundMethod::callBoundMethod()
#37 /home/yamojr/devyamo/edusaas/edusaas/vendor/laravel/framework/src/Illuminate/Container/Container.php(696): Illuminate\\Container\\BoundMethod::call()
#38 /home/yamojr/devyamo/edusaas/edusaas/vendor/laravel/framework/src/Illuminate/Console/Command.php(213): Illuminate\\Container\\Container->call()
#39 /home/yamojr/devyamo/edusaas/edusaas/vendor/symfony/console/Command/Command.php(341): Illuminate\\Console\\Command->execute()
#40 /home/yamojr/devyamo/edusaas/edusaas/vendor/laravel/framework/src/Illuminate/Console/Command.php(182): Symfony\\Component\\Console\\Command\\Command->run()
#41 /home/yamojr/devyamo/edusaas/edusaas/vendor/symfony/console/Application.php(1117): Illuminate\\Console\\Command->run()
#42 /home/yamojr/devyamo/edusaas/edusaas/vendor/symfony/console/Application.php(356): Symfony\\Component\\Console\\Application->doRunCommand()
#43 /home/yamojr/devyamo/edusaas/edusaas/vendor/symfony/console/Application.php(195): Symfony\\Component\\Console\\Application->doRun()
#44 /home/yamojr/devyamo/edusaas/edusaas/vendor/laravel/framework/src/Illuminate/Foundation/Console/Kernel.php(198): Symfony\\Component\\Console\\Application->run()
#45 /home/yamojr/devyamo/edusaas/edusaas/vendor/laravel/framework/src/Illuminate/Foundation/Application.php(1235): Illuminate\\Foundation\\Console\\Kernel->handle()
#46 /home/yamojr/devyamo/edusaas/edusaas/artisan(12): Illuminate\\Foundation\\Application->handleCommand()
#47 {main}
"} 
[2026-03-22 03:50:16] local.ERROR: SQLSTATE[42S22]: Column not found: 1054 Unknown column 'users.deleted_at' in 'where clause' (Connection: mysql, SQL: select * from `users` where `id` = 10 and `users`.`deleted_at` is null limit 1) {"exception":"[object] (Illuminate\\Database\\QueryException(code: 42S22): SQLSTATE[42S22]: Column not found: 1054 Unknown column 'users.deleted_at' in 'where clause' (Connection: mysql, SQL: select * from `users` where `id` = 10 and `users`.`deleted_at` is null limit 1) at /home/yamojr/devyamo/edusaas/edusaas/vendor/laravel/framework/src/Illuminate/Database/Connection.php:825)
[stacktrace]
#0 /home/yamojr/devyamo/edusaas/edusaas/vendor/laravel/framework/src/Illuminate/Database/Connection.php(779): Illuminate\\Database\\Connection->runQueryCallback()
#1 /home/yamojr/devyamo/edusaas/edusaas/vendor/laravel/framework/src/Illuminate/Database/Connection.php(398): Illuminate\\Database\\Connection->run()
#2 /home/yamojr/devyamo/edusaas/edusaas/vendor/laravel/framework/src/Illuminate/Database/Query/Builder.php(3106): Illuminate\\Database\\Connection->select()
#3 /home/yamojr/devyamo/edusaas/edusaas/vendor/laravel/framework/src/Illuminate/Database/Query/Builder.php(3091): Illuminate\\Database\\Query\\Builder->runSelect()
#4 /home/yamojr/devyamo/edusaas/edusaas/vendor/laravel/framework/src/Illuminate/Database/Query/Builder.php(3676): Illuminate\\Database\\Query\\Builder->{closure:Illuminate\\Database\\Query\\Builder::get():3090}()
#5 /home/yamojr/devyamo/edusaas/edusaas/vendor/laravel/framework/src/Illuminate/Database/Query/Builder.php(3090): Illuminate\\Database\\Query\\Builder->onceWithColumns()
#6 /home/yamojr/devyamo/edusaas/edusaas/vendor/laravel/framework/src/Illuminate/Database/Eloquent/Builder.php(811): Illuminate\\Database\\Query\\Builder->get()
#7 /home/yamojr/devyamo/edusaas/edusaas/vendor/laravel/framework/src/Illuminate/Database/Eloquent/Builder.php(793): Illuminate\\Database\\Eloquent\\Builder->getModels()
#8 /home/yamojr/devyamo/edusaas/edusaas/vendor/laravel/framework/src/Illuminate/Database/Concerns/BuildsQueries.php(343): Illuminate\\Database\\Eloquent\\Builder->get()
#9 /home/yamojr/devyamo/edusaas/edusaas/vendor/laravel/framework/src/Illuminate/Auth/EloquentUserProvider.php(59): Illuminate\\Database\\Eloquent\\Builder->first()
#10 /home/yamojr/devyamo/edusaas/edusaas/vendor/laravel/framework/src/Illuminate/Auth/SessionGuard.php(180): Illuminate\\Auth\\EloquentUserProvider->retrieveById()
#11 /home/yamojr/devyamo/edusaas/edusaas/vendor/laravel/framework/src/Illuminate/Auth/GuardHelpers.php(56): Illuminate\\Auth\\SessionGuard->user()
#12 /home/yamojr/devyamo/edusaas/edusaas/vendor/laravel/framework/src/Illuminate/Auth/Middleware/Authenticate.php(83): Illuminate\\Auth\\SessionGuard->check()
#13 /home/yamojr/devyamo/edusaas/edusaas/vendor/laravel/framework/src/Illuminate/Auth/Middleware/Authenticate.php(62): Illuminate\\Auth\\Middleware\\Authenticate->authenticate()
#14 /home/yamojr/devyamo/edusaas/edusaas/vendor/laravel/framework/src/Illuminate/Pipeline/Pipeline.php(209): Illuminate\\Auth\\Middleware\\Authenticate->handle()
#15 /home/yamojr/devyamo/edusaas/edusaas/vendor/laravel/framework/src/Illuminate/Foundation/Http/Middleware/VerifyCsrfToken.php(88): Illuminate\\Pipeline\\Pipeline->{closure:{closure:Illuminate\\Pipeline\\Pipeline::carry():184}:185}()
#16 /home/yamojr/devyamo/edusaas/edusaas/vendor/laravel/framework/src/Illuminate/Pipeline/Pipeline.php(209): Illuminate\\Foundation\\Http\\Middleware\\VerifyCsrfToken->handle()
#17 /home/yamojr/devyamo/edusaas/edusaas/vendor/laravel/framework/src/Illuminate/View/Middleware/ShareErrorsFromSession.php(49): Illuminate\\Pipeline\\Pipeline->{closure:{closure:Illuminate\\Pipeline\\Pipeline::carry():184}:185}()
#18 /home/yamojr/devyamo/edusaas/edusaas/vendor/laravel/framework/src/Illuminate/Pipeline/Pipeline.php(209): Illuminate\\View\\Middleware\\ShareErrorsFromSession->handle()
#19 /home/yamojr/devyamo/edusaas/edusaas/vendor/laravel/framework/src/Illuminate/Session/Middleware/StartSession.php(121): Illuminate\\Pipeline\\Pipeline->{closure:{closure:Illuminate\\Pipeline\\Pipeline::carry():184}:185}()
#20 /home/yamojr/devyamo/edusaas/edusaas/vendor/laravel/framework/src/Illuminate/Session/Middleware/StartSession.php(64): Illuminate\\Session\\Middleware\\StartSession->handleStatefulRequest()
#21 /home/yamojr/devyamo/edusaas/edusaas/vendor/laravel/framework/src/Illuminate/Pipeline/Pipeline.php(209): Illuminate\\Session\\Middleware\\StartSession->handle()
#22 /home/yamojr/devyamo/edusaas/edusaas/vendor/laravel/framework/src/Illuminate/Cookie/Middleware/AddQueuedCookiesToResponse.php(37): Illuminate\\Pipeline\\Pipeline->{closure:{closure:Illuminate\\Pipeline\\Pipeline::carry():184}:185}()
#23 /home/yamojr/devyamo/edusaas/edusaas/vendor/laravel/framework/src/Illuminate/Pipeline/Pipeline.php(209): Illuminate\\Cookie\\Middleware\\AddQueuedCookiesToResponse->handle()
#24 /home/yamojr/devyamo/edusaas/edusaas/vendor/laravel/framework/src/Illuminate/Cookie/Middleware/EncryptCookies.php(75): Illuminate\\Pipeline\\Pipeline->{closure:{closure:Illuminate\\Pipeline\\Pipeline::carry():184}:185}()
#25 /home/yamojr/devyamo/edusaas/edusaas/vendor/laravel/framework/src/Illuminate/Pipeline/Pipeline.php(209): Illuminate\\Cookie\\Middleware\\EncryptCookies->handle()
#26 /home/yamojr/devyamo/edusaas/edusaas/vendor/laravel/framework/src/Illuminate/Pipeline/Pipeline.php(127): Illuminate\\Pipeline\\Pipeline->{closure:{closure:Illuminate\\Pipeline\\Pipeline::carry():184}:185}()
#27 /home/yamojr/devyamo/edusaas/edusaas/vendor/laravel/framework/src/Illuminate/Routing/Router.php(807): Illuminate\\Pipeline\\Pipeline->then()
#28 /home/yamojr/devyamo/edusaas/edusaas/vendor/laravel/framework/src/Illuminate/Routing/Router.php(786): Illuminate\\Routing\\Router->runRouteWithinStack()
#29 /home/yamojr/devyamo/edusaas/edusaas/vendor/laravel/framework/src/Illuminate/Routing/Router.php(750): Illuminate\\Routing\\Router->runRoute()
#30 /home/yamojr/devyamo/edusaas/edusaas/vendor/laravel/framework/src/Illuminate/Routing/Router.php(739): Illuminate\\Routing\\Router->dispatchToRoute()
#31 /home/yamojr/devyamo/edusaas/edusaas/vendor/laravel/framework/src/Illuminate/Foundation/Http/Kernel.php(201): Illuminate\\Routing\\Router->dispatch()
#32 /home/yamojr/devyamo/edusaas/edusaas/vendor/laravel/framework/src/Illuminate/Pipeline/Pipeline.php(170): Illuminate\\Foundation\\Http\\Kernel->{closure:Illuminate\\Foundation\\Http\\Kernel::dispatchToRouter():198}()
#33 /home/yamojr/devyamo/edusaas/edusaas/vendor/laravel/framework/src/Illuminate/Foundation/Http/Middleware/TransformsRequest.php(21): Illuminate\\Pipeline\\Pipeline->{closure:Illuminate\\Pipeline\\Pipeline::prepareDestination():168}()
#34 /home/yamojr/devyamo/edusaas/edusaas/vendor/laravel/framework/src/Illuminate/Foundation/Http/Middleware/ConvertEmptyStringsToNull.php(31): Illuminate\\Foundation\\Http\\Middleware\\TransformsRequest->handle()
#35 /home/yamojr/devyamo/edusaas/edusaas/vendor/laravel/framework/src/Illuminate/Pipeline/Pipeline.php(209): Illuminate\\Foundation\\Http\\Middleware\\ConvertEmptyStringsToNull->handle()
#36 /home/yamojr/devyamo/edusaas/edusaas/vendor/laravel/framework/src/Illuminate/Foundation/Http/Middleware/TransformsRequest.php(21): Illuminate\\Pipeline\\Pipeline->{closure:{closure:Illuminate\\Pipeline\\Pipeline::carry():184}:185}()
#37 /home/yamojr/devyamo/edusaas/edusaas/vendor/laravel/framework/src/Illuminate/Foundation/Http/Middleware/TrimStrings.php(51): Illuminate\\Foundation\\Http\\Middleware\\TransformsRequest->handle()
#38 /home/yamojr/devyamo/edusaas/edusaas/vendor/laravel/framework/src/Illuminate/Pipeline/Pipeline.php(209): Illuminate\\Foundation\\Http\\Middleware\\TrimStrings->handle()
#39 /home/yamojr/devyamo/edusaas/edusaas/vendor/laravel/framework/src/Illuminate/Http/Middleware/ValidatePostSize.php(27): Illuminate\\Pipeline\\Pipeline->{closure:{closure:Illuminate\\Pipeline\\Pipeline::carry():184}:185}()
#40 /home/yamojr/devyamo/edusaas/edusaas/vendor/laravel/framework/src/Illuminate/Pipeline/Pipeline.php(209): Illuminate\\Http\\Middleware\\ValidatePostSize->handle()
#41 /home/yamojr/devyamo/edusaas/edusaas/vendor/laravel/framework/src/Illuminate/Foundation/Http/Middleware/PreventRequestsDuringMaintenance.php(110): Illuminate\\Pipeline\\Pipeline->{closure:{closure:Illuminate\\Pipeline\\Pipeline::carry():184}:185}()
#42 /home/yamojr/devyamo/edusaas/edusaas/vendor/laravel/framework/src/Illuminate/Pipeline/Pipeline.php(209): Illuminate\\Foundation\\Http\\Middleware\\PreventRequestsDuringMaintenance->handle()
#43 /home/yamojr/devyamo/edusaas/edusaas/vendor/laravel/framework/src/Illuminate/Http/Middleware/HandleCors.php(49): Illuminate\\Pipeline\\Pipeline->{closure:{closure:Illuminate\\Pipeline\\Pipeline::carry():184}:185}()
#44 /home/yamojr/devyamo/edusaas/edusaas/vendor/laravel/framework/src/Illuminate/Pipeline/Pipeline.php(209): Illuminate\\Http\\Middleware\\HandleCors->handle()
#45 /home/yamojr/devyamo/edusaas/edusaas/vendor/laravel/framework/src/Illuminate/Http/Middleware/TrustProxies.php(58): Illuminate\\Pipeline\\Pipeline->{closure:{closure:Illuminate\\Pipeline\\Pipeline::carry():184}:185}()
#46 /home/yamojr/devyamo/edusaas/edusaas/vendor/laravel/framework/src/Illuminate/Pipeline/Pipeline.php(209): Illuminate\\Http\\Middleware\\TrustProxies->handle()
#47 /home/yamojr/devyamo/edusaas/edusaas/vendor/laravel/framework/src/Illuminate/Foundation/Http/Middleware/InvokeDeferredCallbacks.php(22): Illuminate\\Pipeline\\Pipeline->{closure:{closure:Illuminate\\Pipeline\\Pipeline::carry():184}:185}()
#48 /home/yamojr/devyamo/edusaas/edusaas/vendor/laravel/framework/src/Illuminate/Pipeline/Pipeline.php(209): Illuminate\\Foundation\\Http\\Middleware\\InvokeDeferredCallbacks->handle()
#49 /home/yamojr/devyamo/edusaas/edusaas/vendor/laravel/framework/src/Illuminate/Pipeline/Pipeline.php(127): Illuminate\\Pipeline\\Pipeline->{closure:{closure:Illuminate\\Pipeline\\Pipeline::carry():184}:185}()
#50 /home/yamojr/devyamo/edusaas/edusaas/vendor/laravel/framework/src/Illuminate/Foundation/Http/Kernel.php(176): Illuminate\\Pipeline\\Pipeline->then()
#51 /home/yamojr/devyamo/edusaas/edusaas/vendor/laravel/framework/src/Illuminate/Foundation/Http/Kernel.php(145): Illuminate\\Foundation\\Http\\Kernel->sendRequestThroughRouter()
#52 /home/yamojr/devyamo/edusaas/edusaas/vendor/laravel/framework/src/Illuminate/Foundation/Application.php(1220): Illuminate\\Foundation\\Http\\Kernel->handle()
#53 /home/yamojr/devyamo/edusaas/edusaas/public/index.php(19): Illuminate\\Foundation\\Application->handleRequest()
#54 /home/yamojr/devyamo/edusaas/edusaas/vendor/laravel/framework/src/Illuminate/Foundation/resources/server.php(23): require_once('...')
#55 {main}

[previous exception] [object] (PDOException(code: 42S22): SQLSTATE[42S22]: Column not found: 1054 Unknown column 'users.deleted_at' in 'where clause' at /home/yamojr/devyamo/edusaas/edusaas/vendor/laravel/framework/src/Illuminate/Database/Connection.php:407)
[stacktrace]
#0 /home/yamojr/devyamo/edusaas/edusaas/vendor/laravel/framework/src/Illuminate/Database/Connection.php(407): PDO->prepare()
#1 /home/yamojr/devyamo/edusaas/edusaas/vendor/laravel/framework/src/Illuminate/Database/Connection.php(812): Illuminate\\Database\\Connection->{closure:Illuminate\\Database\\Connection::select():398}()
#2 /home/yamojr/devyamo/edusaas/edusaas/vendor/laravel/framework/src/Illuminate/Database/Connection.php(779): Illuminate\\Database\\Connection->runQueryCallback()
#3 /home/yamojr/devyamo/edusaas/edusaas/vendor/laravel/framework/src/Illuminate/Database/Connection.php(398): Illuminate\\Database\\Connection->run()
#4 /home/yamojr/devyamo/edusaas/edusaas/vendor/laravel/framework/src/Illuminate/Database/Query/Builder.php(3106): Illuminate\\Database\\Connection->select()
#5 /home/yamojr/devyamo/edusaas/edusaas/vendor/laravel/framework/src/Illuminate/Database/Query/Builder.php(3091): Illuminate\\Database\\Query\\Builder->runSelect()
#6 /home/yamojr/devyamo/edusaas/edusaas/vendor/laravel/framework/src/Illuminate/Database/Query/Builder.php(3676): Illuminate\\Database\\Query\\Builder->{closure:Illuminate\\Database\\Query\\Builder::get():3090}()
#7 /home/yamojr/devyamo/edusaas/edusaas/vendor/laravel/framework/src/Illuminate/Database/Query/Builder.php(3090): Illuminate\\Database\\Query\\Builder->onceWithColumns()
#8 /home/yamojr/devyamo/edusaas/edusaas/vendor/laravel/framework/src/Illuminate/Database/Eloquent/Builder.php(811): Illuminate\\Database\\Query\\Builder->get()
#9 /home/yamojr/devyamo/edusaas/edusaas/vendor/laravel/framework/src/Illuminate/Database/Eloquent/Builder.php(793): Illuminate\\Database\\Eloquent\\Builder->getModels()
#10 /home/yamojr/devyamo/edusaas/edusaas/vendor/laravel/framework/src/Illuminate/Database/Concerns/BuildsQueries.php(343): Illuminate\\Database\\Eloquent\\Builder->get()
#11 /home/yamojr/devyamo/edusaas/edusaas/vendor/laravel/framework/src/Illuminate/Auth/EloquentUserProvider.php(59): Illuminate\\Database\\Eloquent\\Builder->first()
#12 /home/yamojr/devyamo/edusaas/edusaas/vendor/laravel/framework/src/Illuminate/Auth/SessionGuard.php(180): Illuminate\\Auth\\EloquentUserProvider->retrieveById()
#13 /home/yamojr/devyamo/edusaas/edusaas/vendor/laravel/framework/src/Illuminate/Auth/GuardHelpers.php(56): Illuminate\\Auth\\SessionGuard->user()
#14 /home/yamojr/devyamo/edusaas/edusaas/vendor/laravel/framework/src/Illuminate/Auth/Middleware/Authenticate.php(83): Illuminate\\Auth\\SessionGuard->check()
#15 /home/yamojr/devyamo/edusaas/edusaas/vendor/laravel/framework/src/Illuminate/Auth/Middleware/Authenticate.php(62): Illuminate\\Auth\\Middleware\\Authenticate->authenticate()
#16 /home/yamojr/devyamo/edusaas/edusaas/vendor/laravel/framework/src/Illuminate/Pipeline/Pipeline.php(209): Illuminate\\Auth\\Middleware\\Authenticate->handle()
#17 /home/yamojr/devyamo/edusaas/edusaas/vendor/laravel/framework/src/Illuminate/Foundation/Http/Middleware/VerifyCsrfToken.php(88): Illuminate\\Pipeline\\Pipeline->{closure:{closure:Illuminate\\Pipeline\\Pipeline::carry():184}:185}()
#18 /home/yamojr/devyamo/edusaas/edusaas/vendor/laravel/framework/src/Illuminate/Pipeline/Pipeline.php(209): Illuminate\\Foundation\\Http\\Middleware\\VerifyCsrfToken->handle()
#19 /home/yamojr/devyamo/edusaas/edusaas/vendor/laravel/framework/src/Illuminate/View/Middleware/ShareErrorsFromSession.php(49): Illuminate\\Pipeline\\Pipeline->{closure:{closure:Illuminate\\Pipeline\\Pipeline::carry():184}:185}()
#20 /home/yamojr/devyamo/edusaas/edusaas/vendor/laravel/framework/src/Illuminate/Pipeline/Pipeline.php(209): Illuminate\\View\\Middleware\\ShareErrorsFromSession->handle()
#21 /home/yamojr/devyamo/edusaas/edusaas/vendor/laravel/framework/src/Illuminate/Session/Middleware/StartSession.php(121): Illuminate\\Pipeline\\Pipeline->{closure:{closure:Illuminate\\Pipeline\\Pipeline::carry():184}:185}()
#22 /home/yamojr/devyamo/edusaas/edusaas/vendor/laravel/framework/src/Illuminate/Session/Middleware/StartSession.php(64): Illuminate\\Session\\Middleware\\StartSession->handleStatefulRequest()
#23 /home/yamojr/devyamo/edusaas/edusaas/vendor/laravel/framework/src/Illuminate/Pipeline/Pipeline.php(209): Illuminate\\Session\\Middleware\\StartSession->handle()
#24 /home/yamojr/devyamo/edusaas/edusaas/vendor/laravel/framework/src/Illuminate/Cookie/Middleware/AddQueuedCookiesToResponse.php(37): Illuminate\\Pipeline\\Pipeline->{closure:{closure:Illuminate\\Pipeline\\Pipeline::carry():184}:185}()
#25 /home/yamojr/devyamo/edusaas/edusaas/vendor/laravel/framework/src/Illuminate/Pipeline/Pipeline.php(209): Illuminate\\Cookie\\Middleware\\AddQueuedCookiesToResponse->handle()
#26 /home/yamojr/devyamo/edusaas/edusaas/vendor/laravel/framework/src/Illuminate/Cookie/Middleware/EncryptCookies.php(75): Illuminate\\Pipeline\\Pipeline->{closure:{closure:Illuminate\\Pipeline\\Pipeline::carry():184}:185}()
#27 /home/yamojr/devyamo/edusaas/edusaas/vendor/laravel/framework/src/Illuminate/Pipeline/Pipeline.php(209): Illuminate\\Cookie\\Middleware\\EncryptCookies->handle()
#28 /home/yamojr/devyamo/edusaas/edusaas/vendor/laravel/framework/src/Illuminate/Pipeline/Pipeline.php(127): Illuminate\\Pipeline\\Pipeline->{closure:{closure:Illuminate\\Pipeline\\Pipeline::carry():184}:185}()
#29 /home/yamojr/devyamo/edusaas/edusaas/vendor/laravel/framework/src/Illuminate/Routing/Router.php(807): Illuminate\\Pipeline\\Pipeline->then()
#30 /home/yamojr/devyamo/edusaas/edusaas/vendor/laravel/framework/src/Illuminate/Routing/Router.php(786): Illuminate\\Routing\\Router->runRouteWithinStack()
#31 /home/yamojr/devyamo/edusaas/edusaas/vendor/laravel/framework/src/Illuminate/Routing/Router.php(750): Illuminate\\Routing\\Router->runRoute()
#32 /home/yamojr/devyamo/edusaas/edusaas/vendor/laravel/framework/src/Illuminate/Routing/Router.php(739): Illuminate\\Routing\\Router->dispatchToRoute()
#33 /home/yamojr/devyamo/edusaas/edusaas/vendor/laravel/framework/src/Illuminate/Foundation/Http/Kernel.php(201): Illuminate\\Routing\\Router->dispatch()
#34 /home/yamojr/devyamo/edusaas/edusaas/vendor/laravel/framework/src/Illuminate/Pipeline/Pipeline.php(170): Illuminate\\Foundation\\Http\\Kernel->{closure:Illuminate\\Foundation\\Http\\Kernel::dispatchToRouter():198}()
#35 /home/yamojr/devyamo/edusaas/edusaas/vendor/laravel/framework/src/Illuminate/Foundation/Http/Middleware/TransformsRequest.php(21): Illuminate\\Pipeline\\Pipeline->{closure:Illuminate\\Pipeline\\Pipeline::prepareDestination():168}()
#36 /home/yamojr/devyamo/edusaas/edusaas/vendor/laravel/framework/src/Illuminate/Foundation/Http/Middleware/ConvertEmptyStringsToNull.php(31): Illuminate\\Foundation\\Http\\Middleware\\TransformsRequest->handle()
#37 /home/yamojr/devyamo/edusaas/edusaas/vendor/laravel/framework/src/Illuminate/Pipeline/Pipeline.php(209): Illuminate\\Foundation\\Http\\Middleware\\ConvertEmptyStringsToNull->handle()
#38 /home/yamojr/devyamo/edusaas/edusaas/vendor/laravel/framework/src/Illuminate/Foundation/Http/Middleware/TransformsRequest.php(21): Illuminate\\Pipeline\\Pipeline->{closure:{closure:Illuminate\\Pipeline\\Pipeline::carry():184}:185}()
#39 /home/yamojr/devyamo/edusaas/edusaas/vendor/laravel/framework/src/Illuminate/Foundation/Http/Middleware/TrimStrings.php(51): Illuminate\\Foundation\\Http\\Middleware\\TransformsRequest->handle()
#40 /home/yamojr/devyamo/edusaas/edusaas/vendor/laravel/framework/src/Illuminate/Pipeline/Pipeline.php(209): Illuminate\\Foundation\\Http\\Middleware\\TrimStrings->handle()
#41 /home/yamojr/devyamo/edusaas/edusaas/vendor/laravel/framework/src/Illuminate/Http/Middleware/ValidatePostSize.php(27): Illuminate\\Pipeline\\Pipeline->{closure:{closure:Illuminate\\Pipeline\\Pipeline::carry():184}:185}()
#42 /home/yamojr/devyamo/edusaas/edusaas/vendor/laravel/framework/src/Illuminate/Pipeline/Pipeline.php(209): Illuminate\\Http\\Middleware\\ValidatePostSize->handle()
#43 /home/yamojr/devyamo/edusaas/edusaas/vendor/laravel/framework/src/Illuminate/Foundation/Http/Middleware/PreventRequestsDuringMaintenance.php(110): Illuminate\\Pipeline\\Pipeline->{closure:{closure:Illuminate\\Pipeline\\Pipeline::carry():184}:185}()
#44 /home/yamojr/devyamo/edusaas/edusaas/vendor/laravel/framework/src/Illuminate/Pipeline/Pipeline.php(209): Illuminate\\Foundation\\Http\\Middleware\\PreventRequestsDuringMaintenance->handle()
#45 /home/yamojr/devyamo/edusaas/edusaas/vendor/laravel/framework/src/Illuminate/Http/Middleware/HandleCors.php(49): Illuminate\\Pipeline\\Pipeline->{closure:{closure:Illuminate\\Pipeline\\Pipeline::carry():184}:185}()
#46 /home/yamojr/devyamo/edusaas/edusaas/vendor/laravel/framework/src/Illuminate/Pipeline/Pipeline.php(209): Illuminate\\Http\\Middleware\\HandleCors->handle()
#47 /home/yamojr/devyamo/edusaas/edusaas/vendor/laravel/framework/src/Illuminate/Http/Middleware/TrustProxies.php(58): Illuminate\\Pipeline\\Pipeline->{closure:{closure:Illuminate\\Pipeline\\Pipeline::carry():184}:185}()
#48 /home/yamojr/devyamo/edusaas/edusaas/vendor/laravel/framework/src/Illuminate/Pipeline/Pipeline.php(209): Illuminate\\Http\\Middleware\\TrustProxies->handle()
#49 /home/yamojr/devyamo/edusaas/edusaas/vendor/laravel/framework/src/Illuminate/Foundation/Http/Middleware/InvokeDeferredCallbacks.php(22): Illuminate\\Pipeline\\Pipeline->{closure:{closure:Illuminate\\Pipeline\\Pipeline::carry():184}:185}()
#50 /home/yamojr/devyamo/edusaas/edusaas/vendor/laravel/framework/src/Illuminate/Pipeline/Pipeline.php(209): Illuminate\\Foundation\\Http\\Middleware\\InvokeDeferredCallbacks->handle()
#51 /home/yamojr/devyamo/edusaas/edusaas/vendor/laravel/framework/src/Illuminate/Pipeline/Pipeline.php(127): Illuminate\\Pipeline\\Pipeline->{closure:{closure:Illuminate\\Pipeline\\Pipeline::carry():184}:185}()
#52 /home/yamojr/devyamo/edusaas/edusaas/vendor/laravel/framework/src/Illuminate/Foundation/Http/Kernel.php(176): Illuminate\\Pipeline\\Pipeline->then()
#53 /home/yamojr/devyamo/edusaas/edusaas/vendor/laravel/framework/src/Illuminate/Foundation/Http/Kernel.php(145): Illuminate\\Foundation\\Http\\Kernel->sendRequestThroughRouter()
#54 /home/yamojr/devyamo/edusaas/edusaas/vendor/laravel/framework/src/Illuminate/Foundation/Application.php(1220): Illuminate\\Foundation\\Http\\Kernel->handle()
#55 /home/yamojr/devyamo/edusaas/edusaas/public/index.php(19): Illuminate\\Foundation\\Application->handleRequest()
#56 /home/yamojr/devyamo/edusaas/edusaas/vendor/laravel/framework/src/Illuminate/Foundation/resources/server.php(23): require_once('...')
#57 {main}
"} 
[2026-03-22 03:50:31] local.ERROR: SQLSTATE[42S22]: Column not found: 1054 Unknown column 'users.deleted_at' in 'where clause' (Connection: mysql, SQL: select * from `users` where `id` = 10 and `users`.`deleted_at` is null limit 1) {"exception":"[object] (Illuminate\\Database\\QueryException(code: 42S22): SQLSTATE[42S22]: Column not found: 1054 Unknown column 'users.deleted_at' in 'where clause' (Connection: mysql, SQL: select * from `users` where `id` = 10 and `users`.`deleted_at` is null limit 1) at /home/yamojr/devyamo/edusaas/edusaas/vendor/laravel/framework/src/Illuminate/Database/Connection.php:825)
[stacktrace]
#0 /home/yamojr/devyamo/edusaas/edusaas/vendor/laravel/framework/src/Illuminate/Database/Connection.php(779): Illuminate\\Database\\Connection->runQueryCallback()
#1 /home/yamojr/devyamo/edusaas/edusaas/vendor/laravel/framework/src/Illuminate/Database/Connection.php(398): Illuminate\\Database\\Connection->run()
#2 /home/yamojr/devyamo/edusaas/edusaas/vendor/laravel/framework/src/Illuminate/Database/Query/Builder.php(3106): Illuminate\\Database\\Connection->select()
#3 /home/yamojr/devyamo/edusaas/edusaas/vendor/laravel/framework/src/Illuminate/Database/Query/Builder.php(3091): Illuminate\\Database\\Query\\Builder->runSelect()
#4 /home/yamojr/devyamo/edusaas/edusaas/vendor/laravel/framework/src/Illuminate/Database/Query/Builder.php(3676): Illuminate\\Database\\Query\\Builder->{closure:Illuminate\\Database\\Query\\Builder::get():3090}()
#5 /home/yamojr/devyamo/edusaas/edusaas/vendor/laravel/framework/src/Illuminate/Database/Query/Builder.php(3090): Illuminate\\Database\\Query\\Builder->onceWithColumns()
#6 /home/yamojr/devyamo/edusaas/edusaas/vendor/laravel/framework/src/Illuminate/Database/Eloquent/Builder.php(811): Illuminate\\Database\\Query\\Builder->get()
#7 /home/yamojr/devyamo/edusaas/edusaas/vendor/laravel/framework/src/Illuminate/Database/Eloquent/Builder.php(793): Illuminate\\Database\\Eloquent\\Builder->getModels()
#8 /home/yamojr/devyamo/edusaas/edusaas/vendor/laravel/framework/src/Illuminate/Database/Concerns/BuildsQueries.php(343): Illuminate\\Database\\Eloquent\\Builder->get()
#9 /home/yamojr/devyamo/edusaas/edusaas/vendor/laravel/framework/src/Illuminate/Auth/EloquentUserProvider.php(59): Illuminate\\Database\\Eloquent\\Builder->first()
#10 /home/yamojr/devyamo/edusaas/edusaas/vendor/laravel/framework/src/Illuminate/Auth/SessionGuard.php(180): Illuminate\\Auth\\EloquentUserProvider->retrieveById()
#11 /home/yamojr/devyamo/edusaas/edusaas/vendor/laravel/framework/src/Illuminate/Auth/AuthManager.php(57): Illuminate\\Auth\\SessionGuard->user()
#12 [internal function]: Illuminate\\Auth\\AuthManager->{closure:Illuminate\\Auth\\AuthManager::__construct():57}()
#13 /home/yamojr/devyamo/edusaas/edusaas/vendor/laravel/framework/src/Illuminate/Auth/AuthServiceProvider.php(89): call_user_func()
#14 [internal function]: Illuminate\\Auth\\AuthServiceProvider->{closure:{closure:Illuminate\\Auth\\AuthServiceProvider::registerRequestRebindHandler():87}:88}()
#15 /home/yamojr/devyamo/edusaas/edusaas/vendor/laravel/framework/src/Illuminate/Http/Request.php(624): call_user_func()
#16 /home/yamojr/devyamo/edusaas/edusaas/app/Http/Middleware/HandleInertiaRequests.php(26): Illuminate\\Http\\Request->user()
#17 /home/yamojr/devyamo/edusaas/edusaas/vendor/inertiajs/inertia-laravel/src/Middleware.php(106): App\\Http\\Middleware\\HandleInertiaRequests->share()
#18 /home/yamojr/devyamo/edusaas/edusaas/vendor/laravel/framework/src/Illuminate/Pipeline/Pipeline.php(209): Inertia\\Middleware->handle()
#19 /home/yamojr/devyamo/edusaas/edusaas/vendor/laravel/framework/src/Illuminate/Routing/Middleware/SubstituteBindings.php(51): Illuminate\\Pipeline\\Pipeline->{closure:{closure:Illuminate\\Pipeline\\Pipeline::carry():184}:185}()
#20 /home/yamojr/devyamo/edusaas/edusaas/vendor/laravel/framework/src/Illuminate/Pipeline/Pipeline.php(209): Illuminate\\Routing\\Middleware\\SubstituteBindings->handle()
#21 /home/yamojr/devyamo/edusaas/edusaas/vendor/laravel/framework/src/Illuminate/Foundation/Http/Middleware/VerifyCsrfToken.php(88): Illuminate\\Pipeline\\Pipeline->{closure:{closure:Illuminate\\Pipeline\\Pipeline::carry():184}:185}()
#22 /home/yamojr/devyamo/edusaas/edusaas/vendor/laravel/framework/src/Illuminate/Pipeline/Pipeline.php(209): Illuminate\\Foundation\\Http\\Middleware\\VerifyCsrfToken->handle()
#23 /home/yamojr/devyamo/edusaas/edusaas/vendor/laravel/framework/src/Illuminate/View/Middleware/ShareErrorsFromSession.php(49): Illuminate\\Pipeline\\Pipeline->{closure:{closure:Illuminate\\Pipeline\\Pipeline::carry():184}:185}()
#24 /home/yamojr/devyamo/edusaas/edusaas/vendor/laravel/framework/src/Illuminate/Pipeline/Pipeline.php(209): Illuminate\\View\\Middleware\\ShareErrorsFromSession->handle()
#25 /home/yamojr/devyamo/edusaas/edusaas/vendor/laravel/framework/src/Illuminate/Session/Middleware/StartSession.php(121): Illuminate\\Pipeline\\Pipeline->{closure:{closure:Illuminate\\Pipeline\\Pipeline::carry():184}:185}()
#26 /home/yamojr/devyamo/edusaas/edusaas/vendor/laravel/framework/src/Illuminate/Session/Middleware/StartSession.php(64): Illuminate\\Session\\Middleware\\StartSession->handleStatefulRequest()
#27 /home/yamojr/devyamo/edusaas/edusaas/vendor/laravel/framework/src/Illuminate/Pipeline/Pipeline.php(209): Illuminate\\Session\\Middleware\\StartSession->handle()
#28 /home/yamojr/devyamo/edusaas/edusaas/vendor/laravel/framework/src/Illuminate/Cookie/Middleware/AddQueuedCookiesToResponse.php(37): Illuminate\\Pipeline\\Pipeline->{closure:{closure:Illuminate\\Pipeline\\Pipeline::carry():184}:185}()
#29 /home/yamojr/devyamo/edusaas/edusaas/vendor/laravel/framework/src/Illuminate/Pipeline/Pipeline.php(209): Illuminate\\Cookie\\Middleware\\AddQueuedCookiesToResponse->handle()
#30 /home/yamojr/devyamo/edusaas/edusaas/vendor/laravel/framework/src/Illuminate/Cookie/Middleware/EncryptCookies.php(75): Illuminate\\Pipeline\\Pipeline->{closure:{closure:Illuminate\\Pipeline\\Pipeline::carry():184}:185}()
#31 /home/yamojr/devyamo/edusaas/edusaas/vendor/laravel/framework/src/Illuminate/Pipeline/Pipeline.php(209): Illuminate\\Cookie\\Middleware\\EncryptCookies->handle()
#32 /home/yamojr/devyamo/edusaas/edusaas/vendor/laravel/framework/src/Illuminate/Pipeline/Pipeline.php(127): Illuminate\\Pipeline\\Pipeline->{closure:{closure:Illuminate\\Pipeline\\Pipeline::carry():184}:185}()
#33 /home/yamojr/devyamo/edusaas/edusaas/vendor/laravel/framework/src/Illuminate/Routing/Router.php(807): Illuminate\\Pipeline\\Pipeline->then()
#34 /home/yamojr/devyamo/edusaas/edusaas/vendor/laravel/framework/src/Illuminate/Routing/Router.php(786): Illuminate\\Routing\\Router->runRouteWithinStack()
#35 /home/yamojr/devyamo/edusaas/edusaas/vendor/laravel/framework/src/Illuminate/Routing/Router.php(750): Illuminate\\Routing\\Router->runRoute()
#36 /home/yamojr/devyamo/edusaas/edusaas/vendor/laravel/framework/src/Illuminate/Routing/Router.php(739): Illuminate\\Routing\\Router->dispatchToRoute()
#37 /home/yamojr/devyamo/edusaas/edusaas/vendor/laravel/framework/src/Illuminate/Foundation/Http/Kernel.php(201): Illuminate\\Routing\\Router->dispatch()
#38 /home/yamojr/devyamo/edusaas/edusaas/vendor/laravel/framework/src/Illuminate/Pipeline/Pipeline.php(170): Illuminate\\Foundation\\Http\\Kernel->{closure:Illuminate\\Foundation\\Http\\Kernel::dispatchToRouter():198}()
#39 /home/yamojr/devyamo/edusaas/edusaas/vendor/laravel/framework/src/Illuminate/Foundation/Http/Middleware/TransformsRequest.php(21): Illuminate\\Pipeline\\Pipeline->{closure:Illuminate\\Pipeline\\Pipeline::prepareDestination():168}()
#40 /home/yamojr/devyamo/edusaas/edusaas/vendor/laravel/framework/src/Illuminate/Foundation/Http/Middleware/ConvertEmptyStringsToNull.php(31): Illuminate\\Foundation\\Http\\Middleware\\TransformsRequest->handle()
#41 /home/yamojr/devyamo/edusaas/edusaas/vendor/laravel/framework/src/Illuminate/Pipeline/Pipeline.php(209): Illuminate\\Foundation\\Http\\Middleware\\ConvertEmptyStringsToNull->handle()
#42 /home/yamojr/devyamo/edusaas/edusaas/vendor/laravel/framework/src/Illuminate/Foundation/Http/Middleware/TransformsRequest.php(21): Illuminate\\Pipeline\\Pipeline->{closure:{closure:Illuminate\\Pipeline\\Pipeline::carry():184}:185}()
#43 /home/yamojr/devyamo/edusaas/edusaas/vendor/laravel/framework/src/Illuminate/Foundation/Http/Middleware/TrimStrings.php(51): Illuminate\\Foundation\\Http\\Middleware\\TransformsRequest->handle()
#44 /home/yamojr/devyamo/edusaas/edusaas/vendor/laravel/framework/src/Illuminate/Pipeline/Pipeline.php(209): Illuminate\\Foundation\\Http\\Middleware\\TrimStrings->handle()
#45 /home/yamojr/devyamo/edusaas/edusaas/vendor/laravel/framework/src/Illuminate/Http/Middleware/ValidatePostSize.php(27): Illuminate\\Pipeline\\Pipeline->{closure:{closure:Illuminate\\Pipeline\\Pipeline::carry():184}:185}()
#46 /home/yamojr/devyamo/edusaas/edusaas/vendor/laravel/framework/src/Illuminate/Pipeline/Pipeline.php(209): Illuminate\\Http\\Middleware\\ValidatePostSize->handle()
#47 /home/yamojr/devyamo/edusaas/edusaas/vendor/laravel/framework/src/Illuminate/Foundation/Http/Middleware/PreventRequestsDuringMaintenance.php(110): Illuminate\\Pipeline\\Pipeline->{closure:{closure:Illuminate\\Pipeline\\Pipeline::carry():184}:185}()
#48 /home/yamojr/devyamo/edusaas/edusaas/vendor/laravel/framework/src/Illuminate/Pipeline/Pipeline.php(209): Illuminate\\Foundation\\Http\\Middleware\\PreventRequestsDuringMaintenance->handle()
#49 /home/yamojr/devyamo/edusaas/edusaas/vendor/laravel/framework/src/Illuminate/Http/Middleware/HandleCors.php(49): Illuminate\\Pipeline\\Pipeline->{closure:{closure:Illuminate\\Pipeline\\Pipeline::carry():184}:185}()
#50 /home/yamojr/devyamo/edusaas/edusaas/vendor/laravel/framework/src/Illuminate/Pipeline/Pipeline.php(209): Illuminate\\Http\\Middleware\\HandleCors->handle()
#51 /home/yamojr/devyamo/edusaas/edusaas/vendor/laravel/framework/src/Illuminate/Http/Middleware/TrustProxies.php(58): Illuminate\\Pipeline\\Pipeline->{closure:{closure:Illuminate\\Pipeline\\Pipeline::carry():184}:185}()
#52 /home/yamojr/devyamo/edusaas/edusaas/vendor/laravel/framework/src/Illuminate/Pipeline/Pipeline.php(209): Illuminate\\Http\\Middleware\\TrustProxies->handle()
#53 /home/yamojr/devyamo/edusaas/edusaas/vendor/laravel/framework/src/Illuminate/Foundation/Http/Middleware/InvokeDeferredCallbacks.php(22): Illuminate\\Pipeline\\Pipeline->{closure:{closure:Illuminate\\Pipeline\\Pipeline::carry():184}:185}()
#54 /home/yamojr/devyamo/edusaas/edusaas/vendor/laravel/framework/src/Illuminate/Pipeline/Pipeline.php(209): Illuminate\\Foundation\\Http\\Middleware\\InvokeDeferredCallbacks->handle()
#55 /home/yamojr/devyamo/edusaas/edusaas/vendor/laravel/framework/src/Illuminate/Pipeline/Pipeline.php(127): Illuminate\\Pipeline\\Pipeline->{closure:{closure:Illuminate\\Pipeline\\Pipeline::carry():184}:185}()
#56 /home/yamojr/devyamo/edusaas/edusaas/vendor/laravel/framework/src/Illuminate/Foundation/Http/Kernel.php(176): Illuminate\\Pipeline\\Pipeline->then()
#57 /home/yamojr/devyamo/edusaas/edusaas/vendor/laravel/framework/src/Illuminate/Foundation/Http/Kernel.php(145): Illuminate\\Foundation\\Http\\Kernel->sendRequestThroughRouter()
#58 /home/yamojr/devyamo/edusaas/edusaas/vendor/laravel/framework/src/Illuminate/Foundation/Application.php(1220): Illuminate\\Foundation\\Http\\Kernel->handle()
#59 /home/yamojr/devyamo/edusaas/edusaas/public/index.php(19): Illuminate\\Foundation\\Application->handleRequest()
#60 /home/yamojr/devyamo/edusaas/edusaas/vendor/laravel/framework/src/Illuminate/Foundation/resources/server.php(23): require_once('...')
#61 {main}

[previous exception] [object] (PDOException(code: 42S22): SQLSTATE[42S22]: Column not found: 1054 Unknown column 'users.deleted_at' in 'where clause' at /home/yamojr/devyamo/edusaas/edusaas/vendor/laravel/framework/src/Illuminate/Database/Connection.php:407)
[stacktrace]
#0 /home/yamojr/devyamo/edusaas/edusaas/vendor/laravel/framework/src/Illuminate/Database/Connection.php(407): PDO->prepare()
#1 /home/yamojr/devyamo/edusaas/edusaas/vendor/laravel/framework/src/Illuminate/Database/Connection.php(812): Illuminate\\Database\\Connection->{closure:Illuminate\\Database\\Connection::select():398}()
#2 /home/yamojr/devyamo/edusaas/edusaas/vendor/laravel/framework/src/Illuminate/Database/Connection.php(779): Illuminate\\Database\\Connection->runQueryCallback()
#3 /home/yamojr/devyamo/edusaas/edusaas/vendor/laravel/framework/src/Illuminate/Database/Connection.php(398): Illuminate\\Database\\Connection->run()
#4 /home/yamojr/devyamo/edusaas/edusaas/vendor/laravel/framework/src/Illuminate/Database/Query/Builder.php(3106): Illuminate\\Database\\Connection->select()
#5 /home/yamojr/devyamo/edusaas/edusaas/vendor/laravel/framework/src/Illuminate/Database/Query/Builder.php(3091): Illuminate\\Database\\Query\\Builder->runSelect()
#6 /home/yamojr/devyamo/edusaas/edusaas/vendor/laravel/framework/src/Illuminate/Database/Query/Builder.php(3676): Illuminate\\Database\\Query\\Builder->{closure:Illuminate\\Database\\Query\\Builder::get():3090}()
#7 /home/yamojr/devyamo/edusaas/edusaas/vendor/laravel/framework/src/Illuminate/Database/Query/Builder.php(3090): Illuminate\\Database\\Query\\Builder->onceWithColumns()
#8 /home/yamojr/devyamo/edusaas/edusaas/vendor/laravel/framework/src/Illuminate/Database/Eloquent/Builder.php(811): Illuminate\\Database\\Query\\Builder->get()
#9 /home/yamojr/devyamo/edusaas/edusaas/vendor/laravel/framework/src/Illuminate/Database/Eloquent/Builder.php(793): Illuminate\\Database\\Eloquent\\Builder->getModels()
#10 /home/yamojr/devyamo/edusaas/edusaas/vendor/laravel/framework/src/Illuminate/Database/Concerns/BuildsQueries.php(343): Illuminate\\Database\\Eloquent\\Builder->get()
#11 /home/yamojr/devyamo/edusaas/edusaas/vendor/laravel/framework/src/Illuminate/Auth/EloquentUserProvider.php(59): Illuminate\\Database\\Eloquent\\Builder->first()
#12 /home/yamojr/devyamo/edusaas/edusaas/vendor/laravel/framework/src/Illuminate/Auth/SessionGuard.php(180): Illuminate\\Auth\\EloquentUserProvider->retrieveById()
#13 /home/yamojr/devyamo/edusaas/edusaas/vendor/laravel/framework/src/Illuminate/Auth/AuthManager.php(57): Illuminate\\Auth\\SessionGuard->user()
#14 [internal function]: Illuminate\\Auth\\AuthManager->{closure:Illuminate\\Auth\\AuthManager::__construct():57}()
#15 /home/yamojr/devyamo/edusaas/edusaas/vendor/laravel/framework/src/Illuminate/Auth/AuthServiceProvider.php(89): call_user_func()
#16 [internal function]: Illuminate\\Auth\\AuthServiceProvider->{closure:{closure:Illuminate\\Auth\\AuthServiceProvider::registerRequestRebindHandler():87}:88}()
#17 /home/yamojr/devyamo/edusaas/edusaas/vendor/laravel/framework/src/Illuminate/Http/Request.php(624): call_user_func()
#18 /home/yamojr/devyamo/edusaas/edusaas/app/Http/Middleware/HandleInertiaRequests.php(26): Illuminate\\Http\\Request->user()
#19 /home/yamojr/devyamo/edusaas/edusaas/vendor/inertiajs/inertia-laravel/src/Middleware.php(106): App\\Http\\Middleware\\HandleInertiaRequests->share()
#20 /home/yamojr/devyamo/edusaas/edusaas/vendor/laravel/framework/src/Illuminate/Pipeline/Pipeline.php(209): Inertia\\Middleware->handle()
#21 /home/yamojr/devyamo/edusaas/edusaas/vendor/laravel/framework/src/Illuminate/Routing/Middleware/SubstituteBindings.php(51): Illuminate\\Pipeline\\Pipeline->{closure:{closure:Illuminate\\Pipeline\\Pipeline::carry():184}:185}()
#22 /home/yamojr/devyamo/edusaas/edusaas/vendor/laravel/framework/src/Illuminate/Pipeline/Pipeline.php(209): Illuminate\\Routing\\Middleware\\SubstituteBindings->handle()
#23 /home/yamojr/devyamo/edusaas/edusaas/vendor/laravel/framework/src/Illuminate/Foundation/Http/Middleware/VerifyCsrfToken.php(88): Illuminate\\Pipeline\\Pipeline->{closure:{closure:Illuminate\\Pipeline\\Pipeline::carry():184}:185}()
#24 /home/yamojr/devyamo/edusaas/edusaas/vendor/laravel/framework/src/Illuminate/Pipeline/Pipeline.php(209): Illuminate\\Foundation\\Http\\Middleware\\VerifyCsrfToken->handle()
#25 /home/yamojr/devyamo/edusaas/edusaas/vendor/laravel/framework/src/Illuminate/View/Middleware/ShareErrorsFromSession.php(49): Illuminate\\Pipeline\\Pipeline->{closure:{closure:Illuminate\\Pipeline\\Pipeline::carry():184}:185}()
#26 /home/yamojr/devyamo/edusaas/edusaas/vendor/laravel/framework/src/Illuminate/Pipeline/Pipeline.php(209): Illuminate\\View\\Middleware\\ShareErrorsFromSession->handle()
#27 /home/yamojr/devyamo/edusaas/edusaas/vendor/laravel/framework/src/Illuminate/Session/Middleware/StartSession.php(121): Illuminate\\Pipeline\\Pipeline->{closure:{closure:Illuminate\\Pipeline\\Pipeline::carry():184}:185}()
#28 /home/yamojr/devyamo/edusaas/edusaas/vendor/laravel/framework/src/Illuminate/Session/Middleware/StartSession.php(64): Illuminate\\Session\\Middleware\\StartSession->handleStatefulRequest()
#29 /home/yamojr/devyamo/edusaas/edusaas/vendor/laravel/framework/src/Illuminate/Pipeline/Pipeline.php(209): Illuminate\\Session\\Middleware\\StartSession->handle()
#30 /home/yamojr/devyamo/edusaas/edusaas/vendor/laravel/framework/src/Illuminate/Cookie/Middleware/AddQueuedCookiesToResponse.php(37): Illuminate\\Pipeline\\Pipeline->{closure:{closure:Illuminate\\Pipeline\\Pipeline::carry():184}:185}()
#31 /home/yamojr/devyamo/edusaas/edusaas/vendor/laravel/framework/src/Illuminate/Pipeline/Pipeline.php(209): Illuminate\\Cookie\\Middleware\\AddQueuedCookiesToResponse->handle()
#32 /home/yamojr/devyamo/edusaas/edusaas/vendor/laravel/framework/src/Illuminate/Cookie/Middleware/EncryptCookies.php(75): Illuminate\\Pipeline\\Pipeline->{closure:{closure:Illuminate\\Pipeline\\Pipeline::carry():184}:185}()
#33 /home/yamojr/devyamo/edusaas/edusaas/vendor/laravel/framework/src/Illuminate/Pipeline/Pipeline.php(209): Illuminate\\Cookie\\Middleware\\EncryptCookies->handle()
#34 /home/yamojr/devyamo/edusaas/edusaas/vendor/laravel/framework/src/Illuminate/Pipeline/Pipeline.php(127): Illuminate\\Pipeline\\Pipeline->{closure:{closure:Illuminate\\Pipeline\\Pipeline::carry():184}:185}()
#35 /home/yamojr/devyamo/edusaas/edusaas/vendor/laravel/framework/src/Illuminate/Routing/Router.php(807): Illuminate\\Pipeline\\Pipeline->then()
#36 /home/yamojr/devyamo/edusaas/edusaas/vendor/laravel/framework/src/Illuminate/Routing/Router.php(786): Illuminate\\Routing\\Router->runRouteWithinStack()
#37 /home/yamojr/devyamo/edusaas/edusaas/vendor/laravel/framework/src/Illuminate/Routing/Router.php(750): Illuminate\\Routing\\Router->runRoute()
#38 /home/yamojr/devyamo/edusaas/edusaas/vendor/laravel/framework/src/Illuminate/Routing/Router.php(739): Illuminate\\Routing\\Router->dispatchToRoute()
#39 /home/yamojr/devyamo/edusaas/edusaas/vendor/laravel/framework/src/Illuminate/Foundation/Http/Kernel.php(201): Illuminate\\Routing\\Router->dispatch()
#40 /home/yamojr/devyamo/edusaas/edusaas/vendor/laravel/framework/src/Illuminate/Pipeline/Pipeline.php(170): Illuminate\\Foundation\\Http\\Kernel->{closure:Illuminate\\Foundation\\Http\\Kernel::dispatchToRouter():198}()
#41 /home/yamojr/devyamo/edusaas/edusaas/vendor/laravel/framework/src/Illuminate/Foundation/Http/Middleware/TransformsRequest.php(21): Illuminate\\Pipeline\\Pipeline->{closure:Illuminate\\Pipeline\\Pipeline::prepareDestination():168}()
#42 /home/yamojr/devyamo/edusaas/edusaas/vendor/laravel/framework/src/Illuminate/Foundation/Http/Middleware/ConvertEmptyStringsToNull.php(31): Illuminate\\Foundation\\Http\\Middleware\\TransformsRequest->handle()
#43 /home/yamojr/devyamo/edusaas/edusaas/vendor/laravel/framework/src/Illuminate/Pipeline/Pipeline.php(209): Illuminate\\Foundation\\Http\\Middleware\\ConvertEmptyStringsToNull->handle()
#44 /home/yamojr/devyamo/edusaas/edusaas/vendor/laravel/framework/src/Illuminate/Foundation/Http/Middleware/TransformsRequest.php(21): Illuminate\\Pipeline\\Pipeline->{closure:{closure:Illuminate\\Pipeline\\Pipeline::carry():184}:185}()
#45 /home/yamojr/devyamo/edusaas/edusaas/vendor/laravel/framework/src/Illuminate/Foundation/Http/Middleware/TrimStrings.php(51): Illuminate\\Foundation\\Http\\Middleware\\TransformsRequest->handle()
#46 /home/yamojr/devyamo/edusaas/edusaas/vendor/laravel/framework/src/Illuminate/Pipeline/Pipeline.php(209): Illuminate\\Foundation\\Http\\Middleware\\TrimStrings->handle()
#47 /home/yamojr/devyamo/edusaas/edusaas/vendor/laravel/framework/src/Illuminate/Http/Middleware/ValidatePostSize.php(27): Illuminate\\Pipeline\\Pipeline->{closure:{closure:Illuminate\\Pipeline\\Pipeline::carry():184}:185}()
#48 /home/yamojr/devyamo/edusaas/edusaas/vendor/laravel/framework/src/Illuminate/Pipeline/Pipeline.php(209): Illuminate\\Http\\Middleware\\ValidatePostSize->handle()
#49 /home/yamojr/devyamo/edusaas/edusaas/vendor/laravel/framework/src/Illuminate/Foundation/Http/Middleware/PreventRequestsDuringMaintenance.php(110): Illuminate\\Pipeline\\Pipeline->{closure:{closure:Illuminate\\Pipeline\\Pipeline::carry():184}:185}()
#50 /home/yamojr/devyamo/edusaas/edusaas/vendor/laravel/framework/src/Illuminate/Pipeline/Pipeline.php(209): Illuminate\\Foundation\\Http\\Middleware\\PreventRequestsDuringMaintenance->handle()
#51 /home/yamojr/devyamo/edusaas/edusaas/vendor/laravel/framework/src/Illuminate/Http/Middleware/HandleCors.php(49): Illuminate\\Pipeline\\Pipeline->{closure:{closure:Illuminate\\Pipeline\\Pipeline::carry():184}:185}()
#52 /home/yamojr/devyamo/edusaas/edusaas/vendor/laravel/framework/src/Illuminate/Pipeline/Pipeline.php(209): Illuminate\\Http\\Middleware\\HandleCors->handle()
#53 /home/yamojr/devyamo/edusaas/edusaas/vendor/laravel/framework/src/Illuminate/Http/Middleware/TrustProxies.php(58): Illuminate\\Pipeline\\Pipeline->{closure:{closure:Illuminate\\Pipeline\\Pipeline::carry():184}:185}()
#54 /home/yamojr/devyamo/edusaas/edusaas/vendor/laravel/framework/src/Illuminate/Pipeline/Pipeline.php(209): Illuminate\\Http\\Middleware\\TrustProxies->handle()
#55 /home/yamojr/devyamo/edusaas/edusaas/vendor/laravel/framework/src/Illuminate/Foundation/Http/Middleware/InvokeDeferredCallbacks.php(22): Illuminate\\Pipeline\\Pipeline->{closure:{closure:Illuminate\\Pipeline\\Pipeline::carry():184}:185}()
#56 /home/yamojr/devyamo/edusaas/edusaas/vendor/laravel/framework/src/Illuminate/Pipeline/Pipeline.php(209): Illuminate\\Foundation\\Http\\Middleware\\InvokeDeferredCallbacks->handle()
#57 /home/yamojr/devyamo/edusaas/edusaas/vendor/laravel/framework/src/Illuminate/Pipeline/Pipeline.php(127): Illuminate\\Pipeline\\Pipeline->{closure:{closure:Illuminate\\Pipeline\\Pipeline::carry():184}:185}()
#58 /home/yamojr/devyamo/edusaas/edusaas/vendor/laravel/framework/src/Illuminate/Foundation/Http/Kernel.php(176): Illuminate\\Pipeline\\Pipeline->then()
#59 /home/yamojr/devyamo/edusaas/edusaas/vendor/laravel/framework/src/Illuminate/Foundation/Http/Kernel.php(145): Illuminate\\Foundation\\Http\\Kernel->sendRequestThroughRouter()
#60 /home/yamojr/devyamo/edusaas/edusaas/vendor/laravel/framework/src/Illuminate/Foundation/Application.php(1220): Illuminate\\Foundation\\Http\\Kernel->handle()
#61 /home/yamojr/devyamo/edusaas/edusaas/public/index.php(19): Illuminate\\Foundation\\Application->handleRequest()
#62 /home/yamojr/devyamo/edusaas/edusaas/vendor/laravel/framework/src/Illuminate/Foundation/resources/server.php(23): require_once('...')
#63 {main}
"} 
[2026-03-22 03:51:07] local.ERROR: SQLSTATE[42S22]: Column not found: 1054 Unknown column 'role' in 'field list' (Connection: mysql, SQL: insert into `users` (`tenant_id`, `name`, `email`, `password`, `role`, `updated_at`, `created_at`) values (1, Springfield High Admin, admin@springfield.com, $2y$12$v2FPMGoMYrBH99bVL6MXiOx9k7YLDMTgTnbh1L1v4Ma4OVliVo6MO, school_admin, 2026-03-22 03:51:07, 2026-03-22 03:51:07)) {"exception":"[object] (Illuminate\\Database\\QueryException(code: 42S22): SQLSTATE[42S22]: Column not found: 1054 Unknown column 'role' in 'field list' (Connection: mysql, SQL: insert into `users` (`tenant_id`, `name`, `email`, `password`, `role`, `updated_at`, `created_at`) values (1, Springfield High Admin, admin@springfield.com, $2y$12$v2FPMGoMYrBH99bVL6MXiOx9k7YLDMTgTnbh1L1v4Ma4OVliVo6MO, school_admin, 2026-03-22 03:51:07, 2026-03-22 03:51:07)) at /home/yamojr/devyamo/edusaas/edusaas/vendor/laravel/framework/src/Illuminate/Database/Connection.php:825)
[stacktrace]
#0 /home/yamojr/devyamo/edusaas/edusaas/vendor/laravel/framework/src/Illuminate/Database/Connection.php(779): Illuminate\\Database\\Connection->runQueryCallback()
#1 /home/yamojr/devyamo/edusaas/edusaas/vendor/laravel/framework/src/Illuminate/Database/MySqlConnection.php(42): Illuminate\\Database\\Connection->run()
#2 /home/yamojr/devyamo/edusaas/edusaas/vendor/laravel/framework/src/Illuminate/Database/Query/Processors/MySqlProcessor.php(35): Illuminate\\Database\\MySqlConnection->insert()
#3 /home/yamojr/devyamo/edusaas/edusaas/vendor/laravel/framework/src/Illuminate/Database/Query/Builder.php(3766): Illuminate\\Database\\Query\\Processors\\MySqlProcessor->processInsertGetId()
#4 /home/yamojr/devyamo/edusaas/edusaas/vendor/laravel/framework/src/Illuminate/Database/Eloquent/Builder.php(2120): Illuminate\\Database\\Query\\Builder->insertGetId()
#5 /home/yamojr/devyamo/edusaas/edusaas/vendor/laravel/framework/src/Illuminate/Database/Eloquent/Model.php(1359): Illuminate\\Database\\Eloquent\\Builder->__call()
#6 /home/yamojr/devyamo/edusaas/edusaas/vendor/laravel/framework/src/Illuminate/Database/Eloquent/Model.php(1324): Illuminate\\Database\\Eloquent\\Model->insertAndSetId()
#7 /home/yamojr/devyamo/edusaas/edusaas/vendor/laravel/framework/src/Illuminate/Database/Eloquent/Model.php(1163): Illuminate\\Database\\Eloquent\\Model->performInsert()
#8 /home/yamojr/devyamo/edusaas/edusaas/vendor/laravel/framework/src/Illuminate/Database/Eloquent/Builder.php(1128): Illuminate\\Database\\Eloquent\\Model->save()
#9 /home/yamojr/devyamo/edusaas/edusaas/vendor/laravel/framework/src/Illuminate/Support/helpers.php(399): Illuminate\\Database\\Eloquent\\Builder->{closure:Illuminate\\Database\\Eloquent\\Builder::create():1127}()
#10 /home/yamojr/devyamo/edusaas/edusaas/vendor/laravel/framework/src/Illuminate/Database/Eloquent/Builder.php(1127): tap()
#11 /home/yamojr/devyamo/edusaas/edusaas/vendor/laravel/framework/src/Illuminate/Support/Traits/ForwardsCalls.php(23): Illuminate\\Database\\Eloquent\\Builder->create()
#12 /home/yamojr/devyamo/edusaas/edusaas/vendor/laravel/framework/src/Illuminate/Database/Eloquent/Model.php(2372): Illuminate\\Database\\Eloquent\\Model->forwardCallTo()
#13 /home/yamojr/devyamo/edusaas/edusaas/vendor/laravel/framework/src/Illuminate/Database/Eloquent/Model.php(2384): Illuminate\\Database\\Eloquent\\Model->__call()
#14 /home/yamojr/devyamo/edusaas/edusaas/database/seeders/SchoolSeeder.php(32): Illuminate\\Database\\Eloquent\\Model::__callStatic()
#15 /home/yamojr/devyamo/edusaas/edusaas/vendor/laravel/framework/src/Illuminate/Container/BoundMethod.php(36): Database\\Seeders\\SchoolSeeder->run()
#16 /home/yamojr/devyamo/edusaas/edusaas/vendor/laravel/framework/src/Illuminate/Container/Util.php(43): Illuminate\\Container\\BoundMethod::{closure:Illuminate\\Container\\BoundMethod::call():35}()
#17 /home/yamojr/devyamo/edusaas/edusaas/vendor/laravel/framework/src/Illuminate/Container/BoundMethod.php(95): Illuminate\\Container\\Util::unwrapIfClosure()
#18 /home/yamojr/devyamo/edusaas/edusaas/vendor/laravel/framework/src/Illuminate/Container/BoundMethod.php(35): Illuminate\\Container\\BoundMethod::callBoundMethod()
#19 /home/yamojr/devyamo/edusaas/edusaas/vendor/laravel/framework/src/Illuminate/Container/Container.php(696): Illuminate\\Container\\BoundMethod::call()
#20 /home/yamojr/devyamo/edusaas/edusaas/vendor/laravel/framework/src/Illuminate/Database/Seeder.php(188): Illuminate\\Container\\Container->call()
#21 /home/yamojr/devyamo/edusaas/edusaas/vendor/laravel/framework/src/Illuminate/Database/Seeder.php(197): Illuminate\\Database\\Seeder->{closure:Illuminate\\Database\\Seeder::__invoke():187}()
#22 /home/yamojr/devyamo/edusaas/edusaas/vendor/laravel/framework/src/Illuminate/Database/Seeder.php(61): Illuminate\\Database\\Seeder->__invoke()
#23 /home/yamojr/devyamo/edusaas/edusaas/database/seeders/DatabaseSeeder.php(14): Illuminate\\Database\\Seeder->call()
#24 /home/yamojr/devyamo/edusaas/edusaas/vendor/laravel/framework/src/Illuminate/Container/BoundMethod.php(36): Database\\Seeders\\DatabaseSeeder->run()
#25 /home/yamojr/devyamo/edusaas/edusaas/vendor/laravel/framework/src/Illuminate/Container/Util.php(43): Illuminate\\Container\\BoundMethod::{closure:Illuminate\\Container\\BoundMethod::call():35}()
#26 /home/yamojr/devyamo/edusaas/edusaas/vendor/laravel/framework/src/Illuminate/Container/BoundMethod.php(95): Illuminate\\Container\\Util::unwrapIfClosure()
#27 /home/yamojr/devyamo/edusaas/edusaas/vendor/laravel/framework/src/Illuminate/Container/BoundMethod.php(35): Illuminate\\Container\\BoundMethod::callBoundMethod()
#28 /home/yamojr/devyamo/edusaas/edusaas/vendor/laravel/framework/src/Illuminate/Container/Container.php(696): Illuminate\\Container\\BoundMethod::call()
#29 /home/yamojr/devyamo/edusaas/edusaas/vendor/laravel/framework/src/Illuminate/Database/Seeder.php(188): Illuminate\\Container\\Container->call()
#30 /home/yamojr/devyamo/edusaas/edusaas/vendor/laravel/framework/src/Illuminate/Database/Seeder.php(197): Illuminate\\Database\\Seeder->{closure:Illuminate\\Database\\Seeder::__invoke():187}()
#31 /home/yamojr/devyamo/edusaas/edusaas/vendor/laravel/framework/src/Illuminate/Database/Console/Seeds/SeedCommand.php(70): Illuminate\\Database\\Seeder->__invoke()
#32 /home/yamojr/devyamo/edusaas/edusaas/vendor/laravel/framework/src/Illuminate/Database/Eloquent/Concerns/GuardsAttributes.php(155): Illuminate\\Database\\Console\\Seeds\\SeedCommand->{closure:Illuminate\\Database\\Console\\Seeds\\SeedCommand::handle():69}()
#33 /home/yamojr/devyamo/edusaas/edusaas/vendor/laravel/framework/src/Illuminate/Database/Console/Seeds/SeedCommand.php(69): Illuminate\\Database\\Eloquent\\Model::unguarded()
#34 /home/yamojr/devyamo/edusaas/edusaas/vendor/laravel/framework/src/Illuminate/Container/BoundMethod.php(36): Illuminate\\Database\\Console\\Seeds\\SeedCommand->handle()
#35 /home/yamojr/devyamo/edusaas/edusaas/vendor/laravel/framework/src/Illuminate/Container/Util.php(43): Illuminate\\Container\\BoundMethod::{closure:Illuminate\\Container\\BoundMethod::call():35}()
#36 /home/yamojr/devyamo/edusaas/edusaas/vendor/laravel/framework/src/Illuminate/Container/BoundMethod.php(95): Illuminate\\Container\\Util::unwrapIfClosure()
#37 /home/yamojr/devyamo/edusaas/edusaas/vendor/laravel/framework/src/Illuminate/Container/BoundMethod.php(35): Illuminate\\Container\\BoundMethod::callBoundMethod()
#38 /home/yamojr/devyamo/edusaas/edusaas/vendor/laravel/framework/src/Illuminate/Container/Container.php(696): Illuminate\\Container\\BoundMethod::call()
#39 /home/yamojr/devyamo/edusaas/edusaas/vendor/laravel/framework/src/Illuminate/Console/Command.php(213): Illuminate\\Container\\Container->call()
#40 /home/yamojr/devyamo/edusaas/edusaas/vendor/symfony/console/Command/Command.php(341): Illuminate\\Console\\Command->execute()
#41 /home/yamojr/devyamo/edusaas/edusaas/vendor/laravel/framework/src/Illuminate/Console/Command.php(182): Symfony\\Component\\Console\\Command\\Command->run()
#42 /home/yamojr/devyamo/edusaas/edusaas/vendor/laravel/framework/src/Illuminate/Console/Concerns/CallsCommands.php(68): Illuminate\\Console\\Command->run()
#43 /home/yamojr/devyamo/edusaas/edusaas/vendor/laravel/framework/src/Illuminate/Console/Concerns/CallsCommands.php(29): Illuminate\\Console\\Command->runCommand()
#44 /home/yamojr/devyamo/edusaas/edusaas/vendor/laravel/framework/src/Illuminate/Database/Console/Migrations/FreshCommand.php(122): Illuminate\\Console\\Command->call()
#45 /home/yamojr/devyamo/edusaas/edusaas/vendor/laravel/framework/src/Illuminate/Database/Console/Migrations/FreshCommand.php(98): Illuminate\\Database\\Console\\Migrations\\FreshCommand->runSeeder()
#46 /home/yamojr/devyamo/edusaas/edusaas/vendor/laravel/framework/src/Illuminate/Container/BoundMethod.php(36): Illuminate\\Database\\Console\\Migrations\\FreshCommand->handle()
#47 /home/yamojr/devyamo/edusaas/edusaas/vendor/laravel/framework/src/Illuminate/Container/Util.php(43): Illuminate\\Container\\BoundMethod::{closure:Illuminate\\Container\\BoundMethod::call():35}()
#48 /home/yamojr/devyamo/edusaas/edusaas/vendor/laravel/framework/src/Illuminate/Container/BoundMethod.php(95): Illuminate\\Container\\Util::unwrapIfClosure()
#49 /home/yamojr/devyamo/edusaas/edusaas/vendor/laravel/framework/src/Illuminate/Container/BoundMethod.php(35): Illuminate\\Container\\BoundMethod::callBoundMethod()
#50 /home/yamojr/devyamo/edusaas/edusaas/vendor/laravel/framework/src/Illuminate/Container/Container.php(696): Illuminate\\Container\\BoundMethod::call()
#51 /home/yamojr/devyamo/edusaas/edusaas/vendor/laravel/framework/src/Illuminate/Console/Command.php(213): Illuminate\\Container\\Container->call()
#52 /home/yamojr/devyamo/edusaas/edusaas/vendor/symfony/console/Command/Command.php(341): Illuminate\\Console\\Command->execute()
#53 /home/yamojr/devyamo/edusaas/edusaas/vendor/laravel/framework/src/Illuminate/Console/Command.php(182): Symfony\\Component\\Console\\Command\\Command->run()
#54 /home/yamojr/devyamo/edusaas/edusaas/vendor/symfony/console/Application.php(1117): Illuminate\\Console\\Command->run()
#55 /home/yamojr/devyamo/edusaas/edusaas/vendor/symfony/console/Application.php(356): Symfony\\Component\\Console\\Application->doRunCommand()
#56 /home/yamojr/devyamo/edusaas/edusaas/vendor/symfony/console/Application.php(195): Symfony\\Component\\Console\\Application->doRun()
#57 /home/yamojr/devyamo/edusaas/edusaas/vendor/laravel/framework/src/Illuminate/Foundation/Console/Kernel.php(198): Symfony\\Component\\Console\\Application->run()
#58 /home/yamojr/devyamo/edusaas/edusaas/vendor/laravel/framework/src/Illuminate/Foundation/Application.php(1235): Illuminate\\Foundation\\Console\\Kernel->handle()
#59 /home/yamojr/devyamo/edusaas/edusaas/artisan(12): Illuminate\\Foundation\\Application->handleCommand()
#60 {main}

[previous exception] [object] (PDOException(code: 42S22): SQLSTATE[42S22]: Column not found: 1054 Unknown column 'role' in 'field list' at /home/yamojr/devyamo/edusaas/edusaas/vendor/laravel/framework/src/Illuminate/Database/MySqlConnection.php:47)
[stacktrace]
#0 /home/yamojr/devyamo/edusaas/edusaas/vendor/laravel/framework/src/Illuminate/Database/MySqlConnection.php(47): PDO->prepare()
#1 /home/yamojr/devyamo/edusaas/edusaas/vendor/laravel/framework/src/Illuminate/Database/Connection.php(812): Illuminate\\Database\\MySqlConnection->{closure:Illuminate\\Database\\MySqlConnection::insert():42}()
#2 /home/yamojr/devyamo/edusaas/edusaas/vendor/laravel/framework/src/Illuminate/Database/Connection.php(779): Illuminate\\Database\\Connection->runQueryCallback()
#3 /home/yamojr/devyamo/edusaas/edusaas/vendor/laravel/framework/src/Illuminate/Database/MySqlConnection.php(42): Illuminate\\Database\\Connection->run()
#4 /home/yamojr/devyamo/edusaas/edusaas/vendor/laravel/framework/src/Illuminate/Database/Query/Processors/MySqlProcessor.php(35): Illuminate\\Database\\MySqlConnection->insert()
#5 /home/yamojr/devyamo/edusaas/edusaas/vendor/laravel/framework/src/Illuminate/Database/Query/Builder.php(3766): Illuminate\\Database\\Query\\Processors\\MySqlProcessor->processInsertGetId()
#6 /home/yamojr/devyamo/edusaas/edusaas/vendor/laravel/framework/src/Illuminate/Database/Eloquent/Builder.php(2120): Illuminate\\Database\\Query\\Builder->insertGetId()
#7 /home/yamojr/devyamo/edusaas/edusaas/vendor/laravel/framework/src/Illuminate/Database/Eloquent/Model.php(1359): Illuminate\\Database\\Eloquent\\Builder->__call()
#8 /home/yamojr/devyamo/edusaas/edusaas/vendor/laravel/framework/src/Illuminate/Database/Eloquent/Model.php(1324): Illuminate\\Database\\Eloquent\\Model->insertAndSetId()
#9 /home/yamojr/devyamo/edusaas/edusaas/vendor/laravel/framework/src/Illuminate/Database/Eloquent/Model.php(1163): Illuminate\\Database\\Eloquent\\Model->performInsert()
#10 /home/yamojr/devyamo/edusaas/edusaas/vendor/laravel/framework/src/Illuminate/Database/Eloquent/Builder.php(1128): Illuminate\\Database\\Eloquent\\Model->save()
#11 /home/yamojr/devyamo/edusaas/edusaas/vendor/laravel/framework/src/Illuminate/Support/helpers.php(399): Illuminate\\Database\\Eloquent\\Builder->{closure:Illuminate\\Database\\Eloquent\\Builder::create():1127}()
#12 /home/yamojr/devyamo/edusaas/edusaas/vendor/laravel/framework/src/Illuminate/Database/Eloquent/Builder.php(1127): tap()
#13 /home/yamojr/devyamo/edusaas/edusaas/vendor/laravel/framework/src/Illuminate/Support/Traits/ForwardsCalls.php(23): Illuminate\\Database\\Eloquent\\Builder->create()
#14 /home/yamojr/devyamo/edusaas/edusaas/vendor/laravel/framework/src/Illuminate/Database/Eloquent/Model.php(2372): Illuminate\\Database\\Eloquent\\Model->forwardCallTo()
#15 /home/yamojr/devyamo/edusaas/edusaas/vendor/laravel/framework/src/Illuminate/Database/Eloquent/Model.php(2384): Illuminate\\Database\\Eloquent\\Model->__call()
#16 /home/yamojr/devyamo/edusaas/edusaas/database/seeders/SchoolSeeder.php(32): Illuminate\\Database\\Eloquent\\Model::__callStatic()
#17 /home/yamojr/devyamo/edusaas/edusaas/vendor/laravel/framework/src/Illuminate/Container/BoundMethod.php(36): Database\\Seeders\\SchoolSeeder->run()
#18 /home/yamojr/devyamo/edusaas/edusaas/vendor/laravel/framework/src/Illuminate/Container/Util.php(43): Illuminate\\Container\\BoundMethod::{closure:Illuminate\\Container\\BoundMethod::call():35}()
#19 /home/yamojr/devyamo/edusaas/edusaas/vendor/laravel/framework/src/Illuminate/Container/BoundMethod.php(95): Illuminate\\Container\\Util::unwrapIfClosure()
#20 /home/yamojr/devyamo/edusaas/edusaas/vendor/laravel/framework/src/Illuminate/Container/BoundMethod.php(35): Illuminate\\Container\\BoundMethod::callBoundMethod()
#21 /home/yamojr/devyamo/edusaas/edusaas/vendor/laravel/framework/src/Illuminate/Container/Container.php(696): Illuminate\\Container\\BoundMethod::call()
#22 /home/yamojr/devyamo/edusaas/edusaas/vendor/laravel/framework/src/Illuminate/Database/Seeder.php(188): Illuminate\\Container\\Container->call()
#23 /home/yamojr/devyamo/edusaas/edusaas/vendor/laravel/framework/src/Illuminate/Database/Seeder.php(197): Illuminate\\Database\\Seeder->{closure:Illuminate\\Database\\Seeder::__invoke():187}()
#24 /home/yamojr/devyamo/edusaas/edusaas/vendor/laravel/framework/src/Illuminate/Database/Seeder.php(61): Illuminate\\Database\\Seeder->__invoke()
#25 /home/yamojr/devyamo/edusaas/edusaas/database/seeders/DatabaseSeeder.php(14): Illuminate\\Database\\Seeder->call()
#26 /home/yamojr/devyamo/edusaas/edusaas/vendor/laravel/framework/src/Illuminate/Container/BoundMethod.php(36): Database\\Seeders\\DatabaseSeeder->run()
#27 /home/yamojr/devyamo/edusaas/edusaas/vendor/laravel/framework/src/Illuminate/Container/Util.php(43): Illuminate\\Container\\BoundMethod::{closure:Illuminate\\Container\\BoundMethod::call():35}()
#28 /home/yamojr/devyamo/edusaas/edusaas/vendor/laravel/framework/src/Illuminate/Container/BoundMethod.php(95): Illuminate\\Container\\Util::unwrapIfClosure()
#29 /home/yamojr/devyamo/edusaas/edusaas/vendor/laravel/framework/src/Illuminate/Container/BoundMethod.php(35): Illuminate\\Container\\BoundMethod::callBoundMethod()
#30 /home/yamojr/devyamo/edusaas/edusaas/vendor/laravel/framework/src/Illuminate/Container/Container.php(696): Illuminate\\Container\\BoundMethod::call()
#31 /home/yamojr/devyamo/edusaas/edusaas/vendor/laravel/framework/src/Illuminate/Database/Seeder.php(188): Illuminate\\Container\\Container->call()
#32 /home/yamojr/devyamo/edusaas/edusaas/vendor/laravel/framework/src/Illuminate/Database/Seeder.php(197): Illuminate\\Database\\Seeder->{closure:Illuminate\\Database\\Seeder::__invoke():187}()
#33 /home/yamojr/devyamo/edusaas/edusaas/vendor/laravel/framework/src/Illuminate/Database/Console/Seeds/SeedCommand.php(70): Illuminate\\Database\\Seeder->__invoke()
#34 /home/yamojr/devyamo/edusaas/edusaas/vendor/laravel/framework/src/Illuminate/Database/Eloquent/Concerns/GuardsAttributes.php(155): Illuminate\\Database\\Console\\Seeds\\SeedCommand->{closure:Illuminate\\Database\\Console\\Seeds\\SeedCommand::handle():69}()
#35 /home/yamojr/devyamo/edusaas/edusaas/vendor/laravel/framework/src/Illuminate/Database/Console/Seeds/SeedCommand.php(69): Illuminate\\Database\\Eloquent\\Model::unguarded()
#36 /home/yamojr/devyamo/edusaas/edusaas/vendor/laravel/framework/src/Illuminate/Container/BoundMethod.php(36): Illuminate\\Database\\Console\\Seeds\\SeedCommand->handle()
#37 /home/yamojr/devyamo/edusaas/edusaas/vendor/laravel/framework/src/Illuminate/Container/Util.php(43): Illuminate\\Container\\BoundMethod::{closure:Illuminate\\Container\\BoundMethod::call():35}()
#38 /home/yamojr/devyamo/edusaas/edusaas/vendor/laravel/framework/src/Illuminate/Container/BoundMethod.php(95): Illuminate\\Container\\Util::unwrapIfClosure()
#39 /home/yamojr/devyamo/edusaas/edusaas/vendor/laravel/framework/src/Illuminate/Container/BoundMethod.php(35): Illuminate\\Container\\BoundMethod::callBoundMethod()
#40 /home/yamojr/devyamo/edusaas/edusaas/vendor/laravel/framework/src/Illuminate/Container/Container.php(696): Illuminate\\Container\\BoundMethod::call()
#41 /home/yamojr/devyamo/edusaas/edusaas/vendor/laravel/framework/src/Illuminate/Console/Command.php(213): Illuminate\\Container\\Container->call()
#42 /home/yamojr/devyamo/edusaas/edusaas/vendor/symfony/console/Command/Command.php(341): Illuminate\\Console\\Command->execute()
#43 /home/yamojr/devyamo/edusaas/edusaas/vendor/laravel/framework/src/Illuminate/Console/Command.php(182): Symfony\\Component\\Console\\Command\\Command->run()
#44 /home/yamojr/devyamo/edusaas/edusaas/vendor/laravel/framework/src/Illuminate/Console/Concerns/CallsCommands.php(68): Illuminate\\Console\\Command->run()
#45 /home/yamojr/devyamo/edusaas/edusaas/vendor/laravel/framework/src/Illuminate/Console/Concerns/CallsCommands.php(29): Illuminate\\Console\\Command->runCommand()
#46 /home/yamojr/devyamo/edusaas/edusaas/vendor/laravel/framework/src/Illuminate/Database/Console/Migrations/FreshCommand.php(122): Illuminate\\Console\\Command->call()
#47 /home/yamojr/devyamo/edusaas/edusaas/vendor/laravel/framework/src/Illuminate/Database/Console/Migrations/FreshCommand.php(98): Illuminate\\Database\\Console\\Migrations\\FreshCommand->runSeeder()
#48 /home/yamojr/devyamo/edusaas/edusaas/vendor/laravel/framework/src/Illuminate/Container/BoundMethod.php(36): Illuminate\\Database\\Console\\Migrations\\FreshCommand->handle()
#49 /home/yamojr/devyamo/edusaas/edusaas/vendor/laravel/framework/src/Illuminate/Container/Util.php(43): Illuminate\\Container\\BoundMethod::{closure:Illuminate\\Container\\BoundMethod::call():35}()
#50 /home/yamojr/devyamo/edusaas/edusaas/vendor/laravel/framework/src/Illuminate/Container/BoundMethod.php(95): Illuminate\\Container\\Util::unwrapIfClosure()
#51 /home/yamojr/devyamo/edusaas/edusaas/vendor/laravel/framework/src/Illuminate/Container/BoundMethod.php(35): Illuminate\\Container\\BoundMethod::callBoundMethod()
#52 /home/yamojr/devyamo/edusaas/edusaas/vendor/laravel/framework/src/Illuminate/Container/Container.php(696): Illuminate\\Container\\BoundMethod::call()
#53 /home/yamojr/devyamo/edusaas/edusaas/vendor/laravel/framework/src/Illuminate/Console/Command.php(213): Illuminate\\Container\\Container->call()
#54 /home/yamojr/devyamo/edusaas/edusaas/vendor/symfony/console/Command/Command.php(341): Illuminate\\Console\\Command->execute()
#55 /home/yamojr/devyamo/edusaas/edusaas/vendor/laravel/framework/src/Illuminate/Console/Command.php(182): Symfony\\Component\\Console\\Command\\Command->run()
#56 /home/yamojr/devyamo/edusaas/edusaas/vendor/symfony/console/Application.php(1117): Illuminate\\Console\\Command->run()
#57 /home/yamojr/devyamo/edusaas/edusaas/vendor/symfony/console/Application.php(356): Symfony\\Component\\Console\\Application->doRunCommand()
#58 /home/yamojr/devyamo/edusaas/edusaas/vendor/symfony/console/Application.php(195): Symfony\\Component\\Console\\Application->doRun()
#59 /home/yamojr/devyamo/edusaas/edusaas/vendor/laravel/framework/src/Illuminate/Foundation/Console/Kernel.php(198): Symfony\\Component\\Console\\Application->run()
#60 /home/yamojr/devyamo/edusaas/edusaas/vendor/laravel/framework/src/Illuminate/Foundation/Application.php(1235): Illuminate\\Foundation\\Console\\Kernel->handle()
#61 /home/yamojr/devyamo/edusaas/edusaas/artisan(12): Illuminate\\Foundation\\Application->handleCommand()
#62 {main}
"} 
[2026-03-22 04:09:32] local.ERROR: App\Http\Controllers\Auth\AuthController::login(): Return value must be of type Illuminate\Http\RedirectResponse, Illuminate\Http\Response returned {"userId":4,"exception":"[object] (TypeError(code: 0): App\\Http\\Controllers\\Auth\\AuthController::login(): Return value must be of type Illuminate\\Http\\RedirectResponse, Illuminate\\Http\\Response returned at /home/yamojr/devyamo/edusaas/edusaas/app/Http/Controllers/Auth/AuthController.php:52)
[stacktrace]
#0 /home/yamojr/devyamo/edusaas/edusaas/vendor/laravel/framework/src/Illuminate/Routing/Controller.php(54): App\\Http\\Controllers\\Auth\\AuthController->login()
#1 /home/yamojr/devyamo/edusaas/edusaas/vendor/laravel/framework/src/Illuminate/Routing/ControllerDispatcher.php(44): Illuminate\\Routing\\Controller->callAction()
#2 /home/yamojr/devyamo/edusaas/edusaas/vendor/laravel/framework/src/Illuminate/Routing/Route.php(266): Illuminate\\Routing\\ControllerDispatcher->dispatch()
#3 /home/yamojr/devyamo/edusaas/edusaas/vendor/laravel/framework/src/Illuminate/Routing/Route.php(212): Illuminate\\Routing\\Route->runController()
#4 /home/yamojr/devyamo/edusaas/edusaas/vendor/laravel/framework/src/Illuminate/Routing/Router.php(808): Illuminate\\Routing\\Route->run()
#5 /home/yamojr/devyamo/edusaas/edusaas/vendor/laravel/framework/src/Illuminate/Pipeline/Pipeline.php(170): Illuminate\\Routing\\Router->{closure:Illuminate\\Routing\\Router::runRouteWithinStack():807}()
#6 /home/yamojr/devyamo/edusaas/edusaas/app/Http/Middleware/IdentifyTenant.php(25): Illuminate\\Pipeline\\Pipeline->{closure:Illuminate\\Pipeline\\Pipeline::prepareDestination():168}()
#7 /home/yamojr/devyamo/edusaas/edusaas/vendor/laravel/framework/src/Illuminate/Pipeline/Pipeline.php(209): App\\Http\\Middleware\\IdentifyTenant->handle()
#8 /home/yamojr/devyamo/edusaas/edusaas/vendor/inertiajs/inertia-laravel/src/Middleware.php(122): Illuminate\\Pipeline\\Pipeline->{closure:{closure:Illuminate\\Pipeline\\Pipeline::carry():184}:185}()
#9 /home/yamojr/devyamo/edusaas/edusaas/vendor/laravel/framework/src/Illuminate/Pipeline/Pipeline.php(209): Inertia\\Middleware->handle()
#10 /home/yamojr/devyamo/edusaas/edusaas/vendor/laravel/framework/src/Illuminate/Routing/Middleware/SubstituteBindings.php(51): Illuminate\\Pipeline\\Pipeline->{closure:{closure:Illuminate\\Pipeline\\Pipeline::carry():184}:185}()
#11 /home/yamojr/devyamo/edusaas/edusaas/vendor/laravel/framework/src/Illuminate/Pipeline/Pipeline.php(209): Illuminate\\Routing\\Middleware\\SubstituteBindings->handle()
#12 /home/yamojr/devyamo/edusaas/edusaas/vendor/laravel/framework/src/Illuminate/Foundation/Http/Middleware/VerifyCsrfToken.php(88): Illuminate\\Pipeline\\Pipeline->{closure:{closure:Illuminate\\Pipeline\\Pipeline::carry():184}:185}()
#13 /home/yamojr/devyamo/edusaas/edusaas/vendor/laravel/framework/src/Illuminate/Pipeline/Pipeline.php(209): Illuminate\\Foundation\\Http\\Middleware\\VerifyCsrfToken->handle()
#14 /home/yamojr/devyamo/edusaas/edusaas/vendor/laravel/framework/src/Illuminate/View/Middleware/ShareErrorsFromSession.php(49): Illuminate\\Pipeline\\Pipeline->{closure:{closure:Illuminate\\Pipeline\\Pipeline::carry():184}:185}()
#15 /home/yamojr/devyamo/edusaas/edusaas/vendor/laravel/framework/src/Illuminate/Pipeline/Pipeline.php(209): Illuminate\\View\\Middleware\\ShareErrorsFromSession->handle()
#16 /home/yamojr/devyamo/edusaas/edusaas/vendor/laravel/framework/src/Illuminate/Session/Middleware/StartSession.php(121): Illuminate\\Pipeline\\Pipeline->{closure:{closure:Illuminate\\Pipeline\\Pipeline::carry():184}:185}()
#17 /home/yamojr/devyamo/edusaas/edusaas/vendor/laravel/framework/src/Illuminate/Session/Middleware/StartSession.php(64): Illuminate\\Session\\Middleware\\StartSession->handleStatefulRequest()
#18 /home/yamojr/devyamo/edusaas/edusaas/vendor/laravel/framework/src/Illuminate/Pipeline/Pipeline.php(209): Illuminate\\Session\\Middleware\\StartSession->handle()
#19 /home/yamojr/devyamo/edusaas/edusaas/vendor/laravel/framework/src/Illuminate/Cookie/Middleware/AddQueuedCookiesToResponse.php(37): Illuminate\\Pipeline\\Pipeline->{closure:{closure:Illuminate\\Pipeline\\Pipeline::carry():184}:185}()
#20 /home/yamojr/devyamo/edusaas/edusaas/vendor/laravel/framework/src/Illuminate/Pipeline/Pipeline.php(209): Illuminate\\Cookie\\Middleware\\AddQueuedCookiesToResponse->handle()
#21 /home/yamojr/devyamo/edusaas/edusaas/vendor/laravel/framework/src/Illuminate/Cookie/Middleware/EncryptCookies.php(75): Illuminate\\Pipeline\\Pipeline->{closure:{closure:Illuminate\\Pipeline\\Pipeline::carry():184}:185}()
#22 /home/yamojr/devyamo/edusaas/edusaas/vendor/laravel/framework/src/Illuminate/Pipeline/Pipeline.php(209): Illuminate\\Cookie\\Middleware\\EncryptCookies->handle()
#23 /home/yamojr/devyamo/edusaas/edusaas/vendor/laravel/framework/src/Illuminate/Pipeline/Pipeline.php(127): Illuminate\\Pipeline\\Pipeline->{closure:{closure:Illuminate\\Pipeline\\Pipeline::carry():184}:185}()
#24 /home/yamojr/devyamo/edusaas/edusaas/vendor/laravel/framework/src/Illuminate/Routing/Router.php(807): Illuminate\\Pipeline\\Pipeline->then()
#25 /home/yamojr/devyamo/edusaas/edusaas/vendor/laravel/framework/src/Illuminate/Routing/Router.php(786): Illuminate\\Routing\\Router->runRouteWithinStack()
#26 /home/yamojr/devyamo/edusaas/edusaas/vendor/laravel/framework/src/Illuminate/Routing/Router.php(750): Illuminate\\Routing\\Router->runRoute()
#27 /home/yamojr/devyamo/edusaas/edusaas/vendor/laravel/framework/src/Illuminate/Routing/Router.php(739): Illuminate\\Routing\\Router->dispatchToRoute()
#28 /home/yamojr/devyamo/edusaas/edusaas/vendor/laravel/framework/src/Illuminate/Foundation/Http/Kernel.php(201): Illuminate\\Routing\\Router->dispatch()
#29 /home/yamojr/devyamo/edusaas/edusaas/vendor/laravel/framework/src/Illuminate/Pipeline/Pipeline.php(170): Illuminate\\Foundation\\Http\\Kernel->{closure:Illuminate\\Foundation\\Http\\Kernel::dispatchToRouter():198}()
#30 /home/yamojr/devyamo/edusaas/edusaas/vendor/laravel/framework/src/Illuminate/Foundation/Http/Middleware/TransformsRequest.php(21): Illuminate\\Pipeline\\Pipeline->{closure:Illuminate\\Pipeline\\Pipeline::prepareDestination():168}()
#31 /home/yamojr/devyamo/edusaas/edusaas/vendor/laravel/framework/src/Illuminate/Foundation/Http/Middleware/ConvertEmptyStringsToNull.php(31): Illuminate\\Foundation\\Http\\Middleware\\TransformsRequest->handle()
#32 /home/yamojr/devyamo/edusaas/edusaas/vendor/laravel/framework/src/Illuminate/Pipeline/Pipeline.php(209): Illuminate\\Foundation\\Http\\Middleware\\ConvertEmptyStringsToNull->handle()
#33 /home/yamojr/devyamo/edusaas/edusaas/vendor/laravel/framework/src/Illuminate/Foundation/Http/Middleware/TransformsRequest.php(21): Illuminate\\Pipeline\\Pipeline->{closure:{closure:Illuminate\\Pipeline\\Pipeline::carry():184}:185}()
#34 /home/yamojr/devyamo/edusaas/edusaas/vendor/laravel/framework/src/Illuminate/Foundation/Http/Middleware/TrimStrings.php(51): Illuminate\\Foundation\\Http\\Middleware\\TransformsRequest->handle()
#35 /home/yamojr/devyamo/edusaas/edusaas/vendor/laravel/framework/src/Illuminate/Pipeline/Pipeline.php(209): Illuminate\\Foundation\\Http\\Middleware\\TrimStrings->handle()
#36 /home/yamojr/devyamo/edusaas/edusaas/vendor/laravel/framework/src/Illuminate/Http/Middleware/ValidatePostSize.php(27): Illuminate\\Pipeline\\Pipeline->{closure:{closure:Illuminate\\Pipeline\\Pipeline::carry():184}:185}()
#37 /home/yamojr/devyamo/edusaas/edusaas/vendor/laravel/framework/src/Illuminate/Pipeline/Pipeline.php(209): Illuminate\\Http\\Middleware\\ValidatePostSize->handle()
#38 /home/yamojr/devyamo/edusaas/edusaas/vendor/laravel/framework/src/Illuminate/Foundation/Http/Middleware/PreventRequestsDuringMaintenance.php(110): Illuminate\\Pipeline\\Pipeline->{closure:{closure:Illuminate\\Pipeline\\Pipeline::carry():184}:185}()
#39 /home/yamojr/devyamo/edusaas/edusaas/vendor/laravel/framework/src/Illuminate/Pipeline/Pipeline.php(209): Illuminate\\Foundation\\Http\\Middleware\\PreventRequestsDuringMaintenance->handle()
#40 /home/yamojr/devyamo/edusaas/edusaas/vendor/laravel/framework/src/Illuminate/Http/Middleware/HandleCors.php(49): Illuminate\\Pipeline\\Pipeline->{closure:{closure:Illuminate\\Pipeline\\Pipeline::carry():184}:185}()
#41 /home/yamojr/devyamo/edusaas/edusaas/vendor/laravel/framework/src/Illuminate/Pipeline/Pipeline.php(209): Illuminate\\Http\\Middleware\\HandleCors->handle()
#42 /home/yamojr/devyamo/edusaas/edusaas/vendor/laravel/framework/src/Illuminate/Http/Middleware/TrustProxies.php(58): Illuminate\\Pipeline\\Pipeline->{closure:{closure:Illuminate\\Pipeline\\Pipeline::carry():184}:185}()
#43 /home/yamojr/devyamo/edusaas/edusaas/vendor/laravel/framework/src/Illuminate/Pipeline/Pipeline.php(209): Illuminate\\Http\\Middleware\\TrustProxies->handle()
#44 /home/yamojr/devyamo/edusaas/edusaas/vendor/laravel/framework/src/Illuminate/Foundation/Http/Middleware/InvokeDeferredCallbacks.php(22): Illuminate\\Pipeline\\Pipeline->{closure:{closure:Illuminate\\Pipeline\\Pipeline::carry():184}:185}()
#45 /home/yamojr/devyamo/edusaas/edusaas/vendor/laravel/framework/src/Illuminate/Pipeline/Pipeline.php(209): Illuminate\\Foundation\\Http\\Middleware\\InvokeDeferredCallbacks->handle()
#46 /home/yamojr/devyamo/edusaas/edusaas/vendor/laravel/framework/src/Illuminate/Pipeline/Pipeline.php(127): Illuminate\\Pipeline\\Pipeline->{closure:{closure:Illuminate\\Pipeline\\Pipeline::carry():184}:185}()
#47 /home/yamojr/devyamo/edusaas/edusaas/vendor/laravel/framework/src/Illuminate/Foundation/Http/Kernel.php(176): Illuminate\\Pipeline\\Pipeline->then()
#48 /home/yamojr/devyamo/edusaas/edusaas/vendor/laravel/framework/src/Illuminate/Foundation/Http/Kernel.php(145): Illuminate\\Foundation\\Http\\Kernel->sendRequestThroughRouter()
#49 /home/yamojr/devyamo/edusaas/edusaas/vendor/laravel/framework/src/Illuminate/Foundation/Application.php(1220): Illuminate\\Foundation\\Http\\Kernel->handle()
#50 /home/yamojr/devyamo/edusaas/edusaas/public/index.php(19): Illuminate\\Foundation\\Application->handleRequest()
#51 /home/yamojr/devyamo/edusaas/edusaas/vendor/laravel/framework/src/Illuminate/Foundation/resources/server.php(23): require_once('...')
#52 {main}
"} 
[2026-03-22 04:13:05] local.ERROR: This cache store does not support tagging. {"userId":4,"exception":"[object] (BadMethodCallException(code: 0): This cache store does not support tagging. at /home/yamojr/devyamo/edusaas/edusaas/vendor/laravel/framework/src/Illuminate/Cache/Repository.php:592)
[stacktrace]
#0 /home/yamojr/devyamo/edusaas/edusaas/vendor/laravel/framework/src/Illuminate/Cache/CacheManager.php(453): Illuminate\\Cache\\Repository->tags()
#1 /home/yamojr/devyamo/edusaas/edusaas/vendor/laravel/framework/src/Illuminate/Support/Facades/Facade.php(361): Illuminate\\Cache\\CacheManager->__call()
#2 /home/yamojr/devyamo/edusaas/edusaas/app/Http/Controllers/School/DashboardController.php(12): Illuminate\\Support\\Facades\\Facade::__callStatic()
#3 /home/yamojr/devyamo/edusaas/edusaas/vendor/laravel/framework/src/Illuminate/Routing/Controller.php(54): App\\Http\\Controllers\\School\\DashboardController->index()
#4 /home/yamojr/devyamo/edusaas/edusaas/vendor/laravel/framework/src/Illuminate/Routing/ControllerDispatcher.php(44): Illuminate\\Routing\\Controller->callAction()
#5 /home/yamojr/devyamo/edusaas/edusaas/vendor/laravel/framework/src/Illuminate/Routing/Route.php(266): Illuminate\\Routing\\ControllerDispatcher->dispatch()
#6 /home/yamojr/devyamo/edusaas/edusaas/vendor/laravel/framework/src/Illuminate/Routing/Route.php(212): Illuminate\\Routing\\Route->runController()
#7 /home/yamojr/devyamo/edusaas/edusaas/vendor/laravel/framework/src/Illuminate/Routing/Router.php(808): Illuminate\\Routing\\Route->run()
#8 /home/yamojr/devyamo/edusaas/edusaas/vendor/laravel/framework/src/Illuminate/Pipeline/Pipeline.php(170): Illuminate\\Routing\\Router->{closure:Illuminate\\Routing\\Router::runRouteWithinStack():807}()
#9 /home/yamojr/devyamo/edusaas/edusaas/app/Http/Middleware/EnsureTenantAccess.php(26): Illuminate\\Pipeline\\Pipeline->{closure:Illuminate\\Pipeline\\Pipeline::prepareDestination():168}()
#10 /home/yamojr/devyamo/edusaas/edusaas/vendor/laravel/framework/src/Illuminate/Pipeline/Pipeline.php(209): App\\Http\\Middleware\\EnsureTenantAccess->handle()
#11 /home/yamojr/devyamo/edusaas/edusaas/vendor/spatie/laravel-permission/src/Middleware/RoleMiddleware.php(37): Illuminate\\Pipeline\\Pipeline->{closure:{closure:Illuminate\\Pipeline\\Pipeline::carry():184}:185}()
#12 /home/yamojr/devyamo/edusaas/edusaas/vendor/laravel/framework/src/Illuminate/Pipeline/Pipeline.php(209): Spatie\\Permission\\Middleware\\RoleMiddleware->handle()
#13 /home/yamojr/devyamo/edusaas/edusaas/app/Http/Middleware/IdentifyTenant.php(40): Illuminate\\Pipeline\\Pipeline->{closure:{closure:Illuminate\\Pipeline\\Pipeline::carry():184}:185}()
#14 /home/yamojr/devyamo/edusaas/edusaas/vendor/laravel/framework/src/Illuminate/Pipeline/Pipeline.php(209): App\\Http\\Middleware\\IdentifyTenant->handle()
#15 /home/yamojr/devyamo/edusaas/edusaas/vendor/inertiajs/inertia-laravel/src/Middleware.php(122): Illuminate\\Pipeline\\Pipeline->{closure:{closure:Illuminate\\Pipeline\\Pipeline::carry():184}:185}()
#16 /home/yamojr/devyamo/edusaas/edusaas/vendor/laravel/framework/src/Illuminate/Pipeline/Pipeline.php(209): Inertia\\Middleware->handle()
#17 /home/yamojr/devyamo/edusaas/edusaas/vendor/laravel/framework/src/Illuminate/Routing/Middleware/SubstituteBindings.php(51): Illuminate\\Pipeline\\Pipeline->{closure:{closure:Illuminate\\Pipeline\\Pipeline::carry():184}:185}()
#18 /home/yamojr/devyamo/edusaas/edusaas/vendor/laravel/framework/src/Illuminate/Pipeline/Pipeline.php(209): Illuminate\\Routing\\Middleware\\SubstituteBindings->handle()
#19 /home/yamojr/devyamo/edusaas/edusaas/vendor/laravel/framework/src/Illuminate/Auth/Middleware/Authenticate.php(64): Illuminate\\Pipeline\\Pipeline->{closure:{closure:Illuminate\\Pipeline\\Pipeline::carry():184}:185}()
#20 /home/yamojr/devyamo/edusaas/edusaas/vendor/laravel/framework/src/Illuminate/Pipeline/Pipeline.php(209): Illuminate\\Auth\\Middleware\\Authenticate->handle()
#21 /home/yamojr/devyamo/edusaas/edusaas/vendor/laravel/framework/src/Illuminate/Foundation/Http/Middleware/VerifyCsrfToken.php(88): Illuminate\\Pipeline\\Pipeline->{closure:{closure:Illuminate\\Pipeline\\Pipeline::carry():184}:185}()
#22 /home/yamojr/devyamo/edusaas/edusaas/vendor/laravel/framework/src/Illuminate/Pipeline/Pipeline.php(209): Illuminate\\Foundation\\Http\\Middleware\\VerifyCsrfToken->handle()
#23 /home/yamojr/devyamo/edusaas/edusaas/vendor/laravel/framework/src/Illuminate/View/Middleware/ShareErrorsFromSession.php(49): Illuminate\\Pipeline\\Pipeline->{closure:{closure:Illuminate\\Pipeline\\Pipeline::carry():184}:185}()
#24 /home/yamojr/devyamo/edusaas/edusaas/vendor/laravel/framework/src/Illuminate/Pipeline/Pipeline.php(209): Illuminate\\View\\Middleware\\ShareErrorsFromSession->handle()
#25 /home/yamojr/devyamo/edusaas/edusaas/vendor/laravel/framework/src/Illuminate/Session/Middleware/StartSession.php(121): Illuminate\\Pipeline\\Pipeline->{closure:{closure:Illuminate\\Pipeline\\Pipeline::carry():184}:185}()
#26 /home/yamojr/devyamo/edusaas/edusaas/vendor/laravel/framework/src/Illuminate/Session/Middleware/StartSession.php(64): Illuminate\\Session\\Middleware\\StartSession->handleStatefulRequest()
#27 /home/yamojr/devyamo/edusaas/edusaas/vendor/laravel/framework/src/Illuminate/Pipeline/Pipeline.php(209): Illuminate\\Session\\Middleware\\StartSession->handle()
#28 /home/yamojr/devyamo/edusaas/edusaas/vendor/laravel/framework/src/Illuminate/Cookie/Middleware/AddQueuedCookiesToResponse.php(37): Illuminate\\Pipeline\\Pipeline->{closure:{closure:Illuminate\\Pipeline\\Pipeline::carry():184}:185}()
#29 /home/yamojr/devyamo/edusaas/edusaas/vendor/laravel/framework/src/Illuminate/Pipeline/Pipeline.php(209): Illuminate\\Cookie\\Middleware\\AddQueuedCookiesToResponse->handle()
#30 /home/yamojr/devyamo/edusaas/edusaas/vendor/laravel/framework/src/Illuminate/Cookie/Middleware/EncryptCookies.php(75): Illuminate\\Pipeline\\Pipeline->{closure:{closure:Illuminate\\Pipeline\\Pipeline::carry():184}:185}()
#31 /home/yamojr/devyamo/edusaas/edusaas/vendor/laravel/framework/src/Illuminate/Pipeline/Pipeline.php(209): Illuminate\\Cookie\\Middleware\\EncryptCookies->handle()
#32 /home/yamojr/devyamo/edusaas/edusaas/vendor/laravel/framework/src/Illuminate/Pipeline/Pipeline.php(127): Illuminate\\Pipeline\\Pipeline->{closure:{closure:Illuminate\\Pipeline\\Pipeline::carry():184}:185}()
#33 /home/yamojr/devyamo/edusaas/edusaas/vendor/laravel/framework/src/Illuminate/Routing/Router.php(807): Illuminate\\Pipeline\\Pipeline->then()
#34 /home/yamojr/devyamo/edusaas/edusaas/vendor/laravel/framework/src/Illuminate/Routing/Router.php(786): Illuminate\\Routing\\Router->runRouteWithinStack()
#35 /home/yamojr/devyamo/edusaas/edusaas/vendor/laravel/framework/src/Illuminate/Routing/Router.php(750): Illuminate\\Routing\\Router->runRoute()
#36 /home/yamojr/devyamo/edusaas/edusaas/vendor/laravel/framework/src/Illuminate/Routing/Router.php(739): Illuminate\\Routing\\Router->dispatchToRoute()
#37 /home/yamojr/devyamo/edusaas/edusaas/vendor/laravel/framework/src/Illuminate/Foundation/Http/Kernel.php(201): Illuminate\\Routing\\Router->dispatch()
#38 /home/yamojr/devyamo/edusaas/edusaas/vendor/laravel/framework/src/Illuminate/Pipeline/Pipeline.php(170): Illuminate\\Foundation\\Http\\Kernel->{closure:Illuminate\\Foundation\\Http\\Kernel::dispatchToRouter():198}()
#39 /home/yamojr/devyamo/edusaas/edusaas/vendor/laravel/framework/src/Illuminate/Foundation/Http/Middleware/TransformsRequest.php(21): Illuminate\\Pipeline\\Pipeline->{closure:Illuminate\\Pipeline\\Pipeline::prepareDestination():168}()
#40 /home/yamojr/devyamo/edusaas/edusaas/vendor/laravel/framework/src/Illuminate/Foundation/Http/Middleware/ConvertEmptyStringsToNull.php(31): Illuminate\\Foundation\\Http\\Middleware\\TransformsRequest->handle()
#41 /home/yamojr/devyamo/edusaas/edusaas/vendor/laravel/framework/src/Illuminate/Pipeline/Pipeline.php(209): Illuminate\\Foundation\\Http\\Middleware\\ConvertEmptyStringsToNull->handle()
#42 /home/yamojr/devyamo/edusaas/edusaas/vendor/laravel/framework/src/Illuminate/Foundation/Http/Middleware/TransformsRequest.php(21): Illuminate\\Pipeline\\Pipeline->{closure:{closure:Illuminate\\Pipeline\\Pipeline::carry():184}:185}()
#43 /home/yamojr/devyamo/edusaas/edusaas/vendor/laravel/framework/src/Illuminate/Foundation/Http/Middleware/TrimStrings.php(51): Illuminate\\Foundation\\Http\\Middleware\\TransformsRequest->handle()
#44 /home/yamojr/devyamo/edusaas/edusaas/vendor/laravel/framework/src/Illuminate/Pipeline/Pipeline.php(209): Illuminate\\Foundation\\Http\\Middleware\\TrimStrings->handle()
#45 /home/yamojr/devyamo/edusaas/edusaas/vendor/laravel/framework/src/Illuminate/Http/Middleware/ValidatePostSize.php(27): Illuminate\\Pipeline\\Pipeline->{closure:{closure:Illuminate\\Pipeline\\Pipeline::carry():184}:185}()
#46 /home/yamojr/devyamo/edusaas/edusaas/vendor/laravel/framework/src/Illuminate/Pipeline/Pipeline.php(209): Illuminate\\Http\\Middleware\\ValidatePostSize->handle()
#47 /home/yamojr/devyamo/edusaas/edusaas/vendor/laravel/framework/src/Illuminate/Foundation/Http/Middleware/PreventRequestsDuringMaintenance.php(110): Illuminate\\Pipeline\\Pipeline->{closure:{closure:Illuminate\\Pipeline\\Pipeline::carry():184}:185}()
#48 /home/yamojr/devyamo/edusaas/edusaas/vendor/laravel/framework/src/Illuminate/Pipeline/Pipeline.php(209): Illuminate\\Foundation\\Http\\Middleware\\PreventRequestsDuringMaintenance->handle()
#49 /home/yamojr/devyamo/edusaas/edusaas/vendor/laravel/framework/src/Illuminate/Http/Middleware/HandleCors.php(49): Illuminate\\Pipeline\\Pipeline->{closure:{closure:Illuminate\\Pipeline\\Pipeline::carry():184}:185}()
#50 /home/yamojr/devyamo/edusaas/edusaas/vendor/laravel/framework/src/Illuminate/Pipeline/Pipeline.php(209): Illuminate\\Http\\Middleware\\HandleCors->handle()
#51 /home/yamojr/devyamo/edusaas/edusaas/vendor/laravel/framework/src/Illuminate/Http/Middleware/TrustProxies.php(58): Illuminate\\Pipeline\\Pipeline->{closure:{closure:Illuminate\\Pipeline\\Pipeline::carry():184}:185}()
#52 /home/yamojr/devyamo/edusaas/edusaas/vendor/laravel/framework/src/Illuminate/Pipeline/Pipeline.php(209): Illuminate\\Http\\Middleware\\TrustProxies->handle()
#53 /home/yamojr/devyamo/edusaas/edusaas/vendor/laravel/framework/src/Illuminate/Foundation/Http/Middleware/InvokeDeferredCallbacks.php(22): Illuminate\\Pipeline\\Pipeline->{closure:{closure:Illuminate\\Pipeline\\Pipeline::carry():184}:185}()
#54 /home/yamojr/devyamo/edusaas/edusaas/vendor/laravel/framework/src/Illuminate/Pipeline/Pipeline.php(209): Illuminate\\Foundation\\Http\\Middleware\\InvokeDeferredCallbacks->handle()
#55 /home/yamojr/devyamo/edusaas/edusaas/vendor/laravel/framework/src/Illuminate/Pipeline/Pipeline.php(127): Illuminate\\Pipeline\\Pipeline->{closure:{closure:Illuminate\\Pipeline\\Pipeline::carry():184}:185}()
#56 /home/yamojr/devyamo/edusaas/edusaas/vendor/laravel/framework/src/Illuminate/Foundation/Http/Kernel.php(176): Illuminate\\Pipeline\\Pipeline->then()
#57 /home/yamojr/devyamo/edusaas/edusaas/vendor/laravel/framework/src/Illuminate/Foundation/Http/Kernel.php(145): Illuminate\\Foundation\\Http\\Kernel->sendRequestThroughRouter()
#58 /home/yamojr/devyamo/edusaas/edusaas/vendor/laravel/framework/src/Illuminate/Foundation/Application.php(1220): Illuminate\\Foundation\\Http\\Kernel->handle()
#59 /home/yamojr/devyamo/edusaas/edusaas/public/index.php(19): Illuminate\\Foundation\\Application->handleRequest()
#60 /home/yamojr/devyamo/edusaas/edusaas/vendor/laravel/framework/src/Illuminate/Foundation/resources/server.php(23): require_once('...')
#61 {main}
"} 
[2026-03-22 04:14:54] local.ERROR: Target class [App\Http\Controllers\School\StudentController] does not exist. {"userId":4,"exception":"[object] (Illuminate\\Contracts\\Container\\BindingResolutionException(code: 0): Target class [App\\Http\\Controllers\\School\\StudentController] does not exist. at /home/yamojr/devyamo/edusaas/edusaas/vendor/laravel/framework/src/Illuminate/Container/Container.php:961)
[stacktrace]
#0 /home/yamojr/devyamo/edusaas/edusaas/vendor/laravel/framework/src/Illuminate/Container/Container.php(832): Illuminate\\Container\\Container->build()
#1 /home/yamojr/devyamo/edusaas/edusaas/vendor/laravel/framework/src/Illuminate/Foundation/Application.php(1078): Illuminate\\Container\\Container->resolve()
#2 /home/yamojr/devyamo/edusaas/edusaas/vendor/laravel/framework/src/Illuminate/Container/Container.php(763): Illuminate\\Foundation\\Application->resolve()
#3 /home/yamojr/devyamo/edusaas/edusaas/vendor/laravel/framework/src/Illuminate/Foundation/Application.php(1058): Illuminate\\Container\\Container->make()
#4 /home/yamojr/devyamo/edusaas/edusaas/vendor/laravel/framework/src/Illuminate/Routing/Route.php(285): Illuminate\\Foundation\\Application->make()
#5 /home/yamojr/devyamo/edusaas/edusaas/vendor/laravel/framework/src/Illuminate/Routing/Route.php(267): Illuminate\\Routing\\Route->getController()
#6 /home/yamojr/devyamo/edusaas/edusaas/vendor/laravel/framework/src/Illuminate/Routing/Route.php(212): Illuminate\\Routing\\Route->runController()
#7 /home/yamojr/devyamo/edusaas/edusaas/vendor/laravel/framework/src/Illuminate/Routing/Router.php(808): Illuminate\\Routing\\Route->run()
#8 /home/yamojr/devyamo/edusaas/edusaas/vendor/laravel/framework/src/Illuminate/Pipeline/Pipeline.php(170): Illuminate\\Routing\\Router->{closure:Illuminate\\Routing\\Router::runRouteWithinStack():807}()
#9 /home/yamojr/devyamo/edusaas/edusaas/app/Http/Middleware/EnsureTenantAccess.php(26): Illuminate\\Pipeline\\Pipeline->{closure:Illuminate\\Pipeline\\Pipeline::prepareDestination():168}()
#10 /home/yamojr/devyamo/edusaas/edusaas/vendor/laravel/framework/src/Illuminate/Pipeline/Pipeline.php(209): App\\Http\\Middleware\\EnsureTenantAccess->handle()
#11 /home/yamojr/devyamo/edusaas/edusaas/vendor/spatie/laravel-permission/src/Middleware/RoleMiddleware.php(37): Illuminate\\Pipeline\\Pipeline->{closure:{closure:Illuminate\\Pipeline\\Pipeline::carry():184}:185}()
#12 /home/yamojr/devyamo/edusaas/edusaas/vendor/laravel/framework/src/Illuminate/Pipeline/Pipeline.php(209): Spatie\\Permission\\Middleware\\RoleMiddleware->handle()
#13 /home/yamojr/devyamo/edusaas/edusaas/app/Http/Middleware/IdentifyTenant.php(40): Illuminate\\Pipeline\\Pipeline->{closure:{closure:Illuminate\\Pipeline\\Pipeline::carry():184}:185}()
#14 /home/yamojr/devyamo/edusaas/edusaas/vendor/laravel/framework/src/Illuminate/Pipeline/Pipeline.php(209): App\\Http\\Middleware\\IdentifyTenant->handle()
#15 /home/yamojr/devyamo/edusaas/edusaas/vendor/inertiajs/inertia-laravel/src/Middleware.php(122): Illuminate\\Pipeline\\Pipeline->{closure:{closure:Illuminate\\Pipeline\\Pipeline::carry():184}:185}()
#16 /home/yamojr/devyamo/edusaas/edusaas/vendor/laravel/framework/src/Illuminate/Pipeline/Pipeline.php(209): Inertia\\Middleware->handle()
#17 /home/yamojr/devyamo/edusaas/edusaas/vendor/laravel/framework/src/Illuminate/Routing/Middleware/SubstituteBindings.php(51): Illuminate\\Pipeline\\Pipeline->{closure:{closure:Illuminate\\Pipeline\\Pipeline::carry():184}:185}()
#18 /home/yamojr/devyamo/edusaas/edusaas/vendor/laravel/framework/src/Illuminate/Pipeline/Pipeline.php(209): Illuminate\\Routing\\Middleware\\SubstituteBindings->handle()
#19 /home/yamojr/devyamo/edusaas/edusaas/vendor/laravel/framework/src/Illuminate/Auth/Middleware/Authenticate.php(64): Illuminate\\Pipeline\\Pipeline->{closure:{closure:Illuminate\\Pipeline\\Pipeline::carry():184}:185}()
#20 /home/yamojr/devyamo/edusaas/edusaas/vendor/laravel/framework/src/Illuminate/Pipeline/Pipeline.php(209): Illuminate\\Auth\\Middleware\\Authenticate->handle()
#21 /home/yamojr/devyamo/edusaas/edusaas/vendor/laravel/framework/src/Illuminate/Foundation/Http/Middleware/VerifyCsrfToken.php(88): Illuminate\\Pipeline\\Pipeline->{closure:{closure:Illuminate\\Pipeline\\Pipeline::carry():184}:185}()
#22 /home/yamojr/devyamo/edusaas/edusaas/vendor/laravel/framework/src/Illuminate/Pipeline/Pipeline.php(209): Illuminate\\Foundation\\Http\\Middleware\\VerifyCsrfToken->handle()
#23 /home/yamojr/devyamo/edusaas/edusaas/vendor/laravel/framework/src/Illuminate/View/Middleware/ShareErrorsFromSession.php(49): Illuminate\\Pipeline\\Pipeline->{closure:{closure:Illuminate\\Pipeline\\Pipeline::carry():184}:185}()
#24 /home/yamojr/devyamo/edusaas/edusaas/vendor/laravel/framework/src/Illuminate/Pipeline/Pipeline.php(209): Illuminate\\View\\Middleware\\ShareErrorsFromSession->handle()
#25 /home/yamojr/devyamo/edusaas/edusaas/vendor/laravel/framework/src/Illuminate/Session/Middleware/StartSession.php(121): Illuminate\\Pipeline\\Pipeline->{closure:{closure:Illuminate\\Pipeline\\Pipeline::carry():184}:185}()
#26 /home/yamojr/devyamo/edusaas/edusaas/vendor/laravel/framework/src/Illuminate/Session/Middleware/StartSession.php(64): Illuminate\\Session\\Middleware\\StartSession->handleStatefulRequest()
#27 /home/yamojr/devyamo/edusaas/edusaas/vendor/laravel/framework/src/Illuminate/Pipeline/Pipeline.php(209): Illuminate\\Session\\Middleware\\StartSession->handle()
#28 /home/yamojr/devyamo/edusaas/edusaas/vendor/laravel/framework/src/Illuminate/Cookie/Middleware/AddQueuedCookiesToResponse.php(37): Illuminate\\Pipeline\\Pipeline->{closure:{closure:Illuminate\\Pipeline\\Pipeline::carry():184}:185}()
#29 /home/yamojr/devyamo/edusaas/edusaas/vendor/laravel/framework/src/Illuminate/Pipeline/Pipeline.php(209): Illuminate\\Cookie\\Middleware\\AddQueuedCookiesToResponse->handle()
#30 /home/yamojr/devyamo/edusaas/edusaas/vendor/laravel/framework/src/Illuminate/Cookie/Middleware/EncryptCookies.php(75): Illuminate\\Pipeline\\Pipeline->{closure:{closure:Illuminate\\Pipeline\\Pipeline::carry():184}:185}()
#31 /home/yamojr/devyamo/edusaas/edusaas/vendor/laravel/framework/src/Illuminate/Pipeline/Pipeline.php(209): Illuminate\\Cookie\\Middleware\\EncryptCookies->handle()
#32 /home/yamojr/devyamo/edusaas/edusaas/vendor/laravel/framework/src/Illuminate/Pipeline/Pipeline.php(127): Illuminate\\Pipeline\\Pipeline->{closure:{closure:Illuminate\\Pipeline\\Pipeline::carry():184}:185}()
#33 /home/yamojr/devyamo/edusaas/edusaas/vendor/laravel/framework/src/Illuminate/Routing/Router.php(807): Illuminate\\Pipeline\\Pipeline->then()
#34 /home/yamojr/devyamo/edusaas/edusaas/vendor/laravel/framework/src/Illuminate/Routing/Router.php(786): Illuminate\\Routing\\Router->runRouteWithinStack()
#35 /home/yamojr/devyamo/edusaas/edusaas/vendor/laravel/framework/src/Illuminate/Routing/Router.php(750): Illuminate\\Routing\\Router->runRoute()
#36 /home/yamojr/devyamo/edusaas/edusaas/vendor/laravel/framework/src/Illuminate/Routing/Router.php(739): Illuminate\\Routing\\Router->dispatchToRoute()
#37 /home/yamojr/devyamo/edusaas/edusaas/vendor/laravel/framework/src/Illuminate/Foundation/Http/Kernel.php(201): Illuminate\\Routing\\Router->dispatch()
#38 /home/yamojr/devyamo/edusaas/edusaas/vendor/laravel/framework/src/Illuminate/Pipeline/Pipeline.php(170): Illuminate\\Foundation\\Http\\Kernel->{closure:Illuminate\\Foundation\\Http\\Kernel::dispatchToRouter():198}()
#39 /home/yamojr/devyamo/edusaas/edusaas/vendor/laravel/framework/src/Illuminate/Foundation/Http/Middleware/TransformsRequest.php(21): Illuminate\\Pipeline\\Pipeline->{closure:Illuminate\\Pipeline\\Pipeline::prepareDestination():168}()
#40 /home/yamojr/devyamo/edusaas/edusaas/vendor/laravel/framework/src/Illuminate/Foundation/Http/Middleware/ConvertEmptyStringsToNull.php(31): Illuminate\\Foundation\\Http\\Middleware\\TransformsRequest->handle()
#41 /home/yamojr/devyamo/edusaas/edusaas/vendor/laravel/framework/src/Illuminate/Pipeline/Pipeline.php(209): Illuminate\\Foundation\\Http\\Middleware\\ConvertEmptyStringsToNull->handle()
#42 /home/yamojr/devyamo/edusaas/edusaas/vendor/laravel/framework/src/Illuminate/Foundation/Http/Middleware/TransformsRequest.php(21): Illuminate\\Pipeline\\Pipeline->{closure:{closure:Illuminate\\Pipeline\\Pipeline::carry():184}:185}()
#43 /home/yamojr/devyamo/edusaas/edusaas/vendor/laravel/framework/src/Illuminate/Foundation/Http/Middleware/TrimStrings.php(51): Illuminate\\Foundation\\Http\\Middleware\\TransformsRequest->handle()
#44 /home/yamojr/devyamo/edusaas/edusaas/vendor/laravel/framework/src/Illuminate/Pipeline/Pipeline.php(209): Illuminate\\Foundation\\Http\\Middleware\\TrimStrings->handle()
#45 /home/yamojr/devyamo/edusaas/edusaas/vendor/laravel/framework/src/Illuminate/Http/Middleware/ValidatePostSize.php(27): Illuminate\\Pipeline\\Pipeline->{closure:{closure:Illuminate\\Pipeline\\Pipeline::carry():184}:185}()
#46 /home/yamojr/devyamo/edusaas/edusaas/vendor/laravel/framework/src/Illuminate/Pipeline/Pipeline.php(209): Illuminate\\Http\\Middleware\\ValidatePostSize->handle()
#47 /home/yamojr/devyamo/edusaas/edusaas/vendor/laravel/framework/src/Illuminate/Foundation/Http/Middleware/PreventRequestsDuringMaintenance.php(110): Illuminate\\Pipeline\\Pipeline->{closure:{closure:Illuminate\\Pipeline\\Pipeline::carry():184}:185}()
#48 /home/yamojr/devyamo/edusaas/edusaas/vendor/laravel/framework/src/Illuminate/Pipeline/Pipeline.php(209): Illuminate\\Foundation\\Http\\Middleware\\PreventRequestsDuringMaintenance->handle()
#49 /home/yamojr/devyamo/edusaas/edusaas/vendor/laravel/framework/src/Illuminate/Http/Middleware/HandleCors.php(49): Illuminate\\Pipeline\\Pipeline->{closure:{closure:Illuminate\\Pipeline\\Pipeline::carry():184}:185}()
#50 /home/yamojr/devyamo/edusaas/edusaas/vendor/laravel/framework/src/Illuminate/Pipeline/Pipeline.php(209): Illuminate\\Http\\Middleware\\HandleCors->handle()
#51 /home/yamojr/devyamo/edusaas/edusaas/vendor/laravel/framework/src/Illuminate/Http/Middleware/TrustProxies.php(58): Illuminate\\Pipeline\\Pipeline->{closure:{closure:Illuminate\\Pipeline\\Pipeline::carry():184}:185}()
#52 /home/yamojr/devyamo/edusaas/edusaas/vendor/laravel/framework/src/Illuminate/Pipeline/Pipeline.php(209): Illuminate\\Http\\Middleware\\TrustProxies->handle()
#53 /home/yamojr/devyamo/edusaas/edusaas/vendor/laravel/framework/src/Illuminate/Foundation/Http/Middleware/InvokeDeferredCallbacks.php(22): Illuminate\\Pipeline\\Pipeline->{closure:{closure:Illuminate\\Pipeline\\Pipeline::carry():184}:185}()
#54 /home/yamojr/devyamo/edusaas/edusaas/vendor/laravel/framework/src/Illuminate/Pipeline/Pipeline.php(209): Illuminate\\Foundation\\Http\\Middleware\\InvokeDeferredCallbacks->handle()
#55 /home/yamojr/devyamo/edusaas/edusaas/vendor/laravel/framework/src/Illuminate/Pipeline/Pipeline.php(127): Illuminate\\Pipeline\\Pipeline->{closure:{closure:Illuminate\\Pipeline\\Pipeline::carry():184}:185}()
#56 /home/yamojr/devyamo/edusaas/edusaas/vendor/laravel/framework/src/Illuminate/Foundation/Http/Kernel.php(176): Illuminate\\Pipeline\\Pipeline->then()
#57 /home/yamojr/devyamo/edusaas/edusaas/vendor/laravel/framework/src/Illuminate/Foundation/Http/Kernel.php(145): Illuminate\\Foundation\\Http\\Kernel->sendRequestThroughRouter()
#58 /home/yamojr/devyamo/edusaas/edusaas/vendor/laravel/framework/src/Illuminate/Foundation/Application.php(1220): Illuminate\\Foundation\\Http\\Kernel->handle()
#59 /home/yamojr/devyamo/edusaas/edusaas/public/index.php(19): Illuminate\\Foundation\\Application->handleRequest()
#60 /home/yamojr/devyamo/edusaas/edusaas/vendor/laravel/framework/src/Illuminate/Foundation/resources/server.php(23): require_once('...')
#61 {main}

[previous exception] [object] (ReflectionException(code: -1): Class \"App\\Http\\Controllers\\School\\StudentController\" does not exist at /home/yamojr/devyamo/edusaas/edusaas/vendor/laravel/framework/src/Illuminate/Container/Container.php:959)
[stacktrace]
#0 /home/yamojr/devyamo/edusaas/edusaas/vendor/laravel/framework/src/Illuminate/Container/Container.php(959): ReflectionClass->__construct()
#1 /home/yamojr/devyamo/edusaas/edusaas/vendor/laravel/framework/src/Illuminate/Container/Container.php(832): Illuminate\\Container\\Container->build()
#2 /home/yamojr/devyamo/edusaas/edusaas/vendor/laravel/framework/src/Illuminate/Foundation/Application.php(1078): Illuminate\\Container\\Container->resolve()
#3 /home/yamojr/devyamo/edusaas/edusaas/vendor/laravel/framework/src/Illuminate/Container/Container.php(763): Illuminate\\Foundation\\Application->resolve()
#4 /home/yamojr/devyamo/edusaas/edusaas/vendor/laravel/framework/src/Illuminate/Foundation/Application.php(1058): Illuminate\\Container\\Container->make()
#5 /home/yamojr/devyamo/edusaas/edusaas/vendor/laravel/framework/src/Illuminate/Routing/Route.php(285): Illuminate\\Foundation\\Application->make()
#6 /home/yamojr/devyamo/edusaas/edusaas/vendor/laravel/framework/src/Illuminate/Routing/Route.php(267): Illuminate\\Routing\\Route->getController()
#7 /home/yamojr/devyamo/edusaas/edusaas/vendor/laravel/framework/src/Illuminate/Routing/Route.php(212): Illuminate\\Routing\\Route->runController()
#8 /home/yamojr/devyamo/edusaas/edusaas/vendor/laravel/framework/src/Illuminate/Routing/Router.php(808): Illuminate\\Routing\\Route->run()
#9 /home/yamojr/devyamo/edusaas/edusaas/vendor/laravel/framework/src/Illuminate/Pipeline/Pipeline.php(170): Illuminate\\Routing\\Router->{closure:Illuminate\\Routing\\Router::runRouteWithinStack():807}()
#10 /home/yamojr/devyamo/edusaas/edusaas/app/Http/Middleware/EnsureTenantAccess.php(26): Illuminate\\Pipeline\\Pipeline->{closure:Illuminate\\Pipeline\\Pipeline::prepareDestination():168}()
#11 /home/yamojr/devyamo/edusaas/edusaas/vendor/laravel/framework/src/Illuminate/Pipeline/Pipeline.php(209): App\\Http\\Middleware\\EnsureTenantAccess->handle()
#12 /home/yamojr/devyamo/edusaas/edusaas/vendor/spatie/laravel-permission/src/Middleware/RoleMiddleware.php(37): Illuminate\\Pipeline\\Pipeline->{closure:{closure:Illuminate\\Pipeline\\Pipeline::carry():184}:185}()
#13 /home/yamojr/devyamo/edusaas/edusaas/vendor/laravel/framework/src/Illuminate/Pipeline/Pipeline.php(209): Spatie\\Permission\\Middleware\\RoleMiddleware->handle()
#14 /home/yamojr/devyamo/edusaas/edusaas/app/Http/Middleware/IdentifyTenant.php(40): Illuminate\\Pipeline\\Pipeline->{closure:{closure:Illuminate\\Pipeline\\Pipeline::carry():184}:185}()
#15 /home/yamojr/devyamo/edusaas/edusaas/vendor/laravel/framework/src/Illuminate/Pipeline/Pipeline.php(209): App\\Http\\Middleware\\IdentifyTenant->handle()
#16 /home/yamojr/devyamo/edusaas/edusaas/vendor/inertiajs/inertia-laravel/src/Middleware.php(122): Illuminate\\Pipeline\\Pipeline->{closure:{closure:Illuminate\\Pipeline\\Pipeline::carry():184}:185}()
#17 /home/yamojr/devyamo/edusaas/edusaas/vendor/laravel/framework/src/Illuminate/Pipeline/Pipeline.php(209): Inertia\\Middleware->handle()
#18 /home/yamojr/devyamo/edusaas/edusaas/vendor/laravel/framework/src/Illuminate/Routing/Middleware/SubstituteBindings.php(51): Illuminate\\Pipeline\\Pipeline->{closure:{closure:Illuminate\\Pipeline\\Pipeline::carry():184}:185}()
#19 /home/yamojr/devyamo/edusaas/edusaas/vendor/laravel/framework/src/Illuminate/Pipeline/Pipeline.php(209): Illuminate\\Routing\\Middleware\\SubstituteBindings->handle()
#20 /home/yamojr/devyamo/edusaas/edusaas/vendor/laravel/framework/src/Illuminate/Auth/Middleware/Authenticate.php(64): Illuminate\\Pipeline\\Pipeline->{closure:{closure:Illuminate\\Pipeline\\Pipeline::carry():184}:185}()
#21 /home/yamojr/devyamo/edusaas/edusaas/vendor/laravel/framework/src/Illuminate/Pipeline/Pipeline.php(209): Illuminate\\Auth\\Middleware\\Authenticate->handle()
#22 /home/yamojr/devyamo/edusaas/edusaas/vendor/laravel/framework/src/Illuminate/Foundation/Http/Middleware/VerifyCsrfToken.php(88): Illuminate\\Pipeline\\Pipeline->{closure:{closure:Illuminate\\Pipeline\\Pipeline::carry():184}:185}()
#23 /home/yamojr/devyamo/edusaas/edusaas/vendor/laravel/framework/src/Illuminate/Pipeline/Pipeline.php(209): Illuminate\\Foundation\\Http\\Middleware\\VerifyCsrfToken->handle()
#24 /home/yamojr/devyamo/edusaas/edusaas/vendor/laravel/framework/src/Illuminate/View/Middleware/ShareErrorsFromSession.php(49): Illuminate\\Pipeline\\Pipeline->{closure:{closure:Illuminate\\Pipeline\\Pipeline::carry():184}:185}()
#25 /home/yamojr/devyamo/edusaas/edusaas/vendor/laravel/framework/src/Illuminate/Pipeline/Pipeline.php(209): Illuminate\\View\\Middleware\\ShareErrorsFromSession->handle()
#26 /home/yamojr/devyamo/edusaas/edusaas/vendor/laravel/framework/src/Illuminate/Session/Middleware/StartSession.php(121): Illuminate\\Pipeline\\Pipeline->{closure:{closure:Illuminate\\Pipeline\\Pipeline::carry():184}:185}()
#27 /home/yamojr/devyamo/edusaas/edusaas/vendor/laravel/framework/src/Illuminate/Session/Middleware/StartSession.php(64): Illuminate\\Session\\Middleware\\StartSession->handleStatefulRequest()
#28 /home/yamojr/devyamo/edusaas/edusaas/vendor/laravel/framework/src/Illuminate/Pipeline/Pipeline.php(209): Illuminate\\Session\\Middleware\\StartSession->handle()
#29 /home/yamojr/devyamo/edusaas/edusaas/vendor/laravel/framework/src/Illuminate/Cookie/Middleware/AddQueuedCookiesToResponse.php(37): Illuminate\\Pipeline\\Pipeline->{closure:{closure:Illuminate\\Pipeline\\Pipeline::carry():184}:185}()
#30 /home/yamojr/devyamo/edusaas/edusaas/vendor/laravel/framework/src/Illuminate/Pipeline/Pipeline.php(209): Illuminate\\Cookie\\Middleware\\AddQueuedCookiesToResponse->handle()
#31 /home/yamojr/devyamo/edusaas/edusaas/vendor/laravel/framework/src/Illuminate/Cookie/Middleware/EncryptCookies.php(75): Illuminate\\Pipeline\\Pipeline->{closure:{closure:Illuminate\\Pipeline\\Pipeline::carry():184}:185}()
#32 /home/yamojr/devyamo/edusaas/edusaas/vendor/laravel/framework/src/Illuminate/Pipeline/Pipeline.php(209): Illuminate\\Cookie\\Middleware\\EncryptCookies->handle()
#33 /home/yamojr/devyamo/edusaas/edusaas/vendor/laravel/framework/src/Illuminate/Pipeline/Pipeline.php(127): Illuminate\\Pipeline\\Pipeline->{closure:{closure:Illuminate\\Pipeline\\Pipeline::carry():184}:185}()
#34 /home/yamojr/devyamo/edusaas/edusaas/vendor/laravel/framework/src/Illuminate/Routing/Router.php(807): Illuminate\\Pipeline\\Pipeline->then()
#35 /home/yamojr/devyamo/edusaas/edusaas/vendor/laravel/framework/src/Illuminate/Routing/Router.php(786): Illuminate\\Routing\\Router->runRouteWithinStack()
#36 /home/yamojr/devyamo/edusaas/edusaas/vendor/laravel/framework/src/Illuminate/Routing/Router.php(750): Illuminate\\Routing\\Router->runRoute()
#37 /home/yamojr/devyamo/edusaas/edusaas/vendor/laravel/framework/src/Illuminate/Routing/Router.php(739): Illuminate\\Routing\\Router->dispatchToRoute()
#38 /home/yamojr/devyamo/edusaas/edusaas/vendor/laravel/framework/src/Illuminate/Foundation/Http/Kernel.php(201): Illuminate\\Routing\\Router->dispatch()
#39 /home/yamojr/devyamo/edusaas/edusaas/vendor/laravel/framework/src/Illuminate/Pipeline/Pipeline.php(170): Illuminate\\Foundation\\Http\\Kernel->{closure:Illuminate\\Foundation\\Http\\Kernel::dispatchToRouter():198}()
#40 /home/yamojr/devyamo/edusaas/edusaas/vendor/laravel/framework/src/Illuminate/Foundation/Http/Middleware/TransformsRequest.php(21): Illuminate\\Pipeline\\Pipeline->{closure:Illuminate\\Pipeline\\Pipeline::prepareDestination():168}()
#41 /home/yamojr/devyamo/edusaas/edusaas/vendor/laravel/framework/src/Illuminate/Foundation/Http/Middleware/ConvertEmptyStringsToNull.php(31): Illuminate\\Foundation\\Http\\Middleware\\TransformsRequest->handle()
#42 /home/yamojr/devyamo/edusaas/edusaas/vendor/laravel/framework/src/Illuminate/Pipeline/Pipeline.php(209): Illuminate\\Foundation\\Http\\Middleware\\ConvertEmptyStringsToNull->handle()
#43 /home/yamojr/devyamo/edusaas/edusaas/vendor/laravel/framework/src/Illuminate/Foundation/Http/Middleware/TransformsRequest.php(21): Illuminate\\Pipeline\\Pipeline->{closure:{closure:Illuminate\\Pipeline\\Pipeline::carry():184}:185}()
#44 /home/yamojr/devyamo/edusaas/edusaas/vendor/laravel/framework/src/Illuminate/Foundation/Http/Middleware/TrimStrings.php(51): Illuminate\\Foundation\\Http\\Middleware\\TransformsRequest->handle()
#45 /home/yamojr/devyamo/edusaas/edusaas/vendor/laravel/framework/src/Illuminate/Pipeline/Pipeline.php(209): Illuminate\\Foundation\\Http\\Middleware\\TrimStrings->handle()
#46 /home/yamojr/devyamo/edusaas/edusaas/vendor/laravel/framework/src/Illuminate/Http/Middleware/ValidatePostSize.php(27): Illuminate\\Pipeline\\Pipeline->{closure:{closure:Illuminate\\Pipeline\\Pipeline::carry():184}:185}()
#47 /home/yamojr/devyamo/edusaas/edusaas/vendor/laravel/framework/src/Illuminate/Pipeline/Pipeline.php(209): Illuminate\\Http\\Middleware\\ValidatePostSize->handle()
#48 /home/yamojr/devyamo/edusaas/edusaas/vendor/laravel/framework/src/Illuminate/Foundation/Http/Middleware/PreventRequestsDuringMaintenance.php(110): Illuminate\\Pipeline\\Pipeline->{closure:{closure:Illuminate\\Pipeline\\Pipeline::carry():184}:185}()
#49 /home/yamojr/devyamo/edusaas/edusaas/vendor/laravel/framework/src/Illuminate/Pipeline/Pipeline.php(209): Illuminate\\Foundation\\Http\\Middleware\\PreventRequestsDuringMaintenance->handle()
#50 /home/yamojr/devyamo/edusaas/edusaas/vendor/laravel/framework/src/Illuminate/Http/Middleware/HandleCors.php(49): Illuminate\\Pipeline\\Pipeline->{closure:{closure:Illuminate\\Pipeline\\Pipeline::carry():184}:185}()
#51 /home/yamojr/devyamo/edusaas/edusaas/vendor/laravel/framework/src/Illuminate/Pipeline/Pipeline.php(209): Illuminate\\Http\\Middleware\\HandleCors->handle()
#52 /home/yamojr/devyamo/edusaas/edusaas/vendor/laravel/framework/src/Illuminate/Http/Middleware/TrustProxies.php(58): Illuminate\\Pipeline\\Pipeline->{closure:{closure:Illuminate\\Pipeline\\Pipeline::carry():184}:185}()
#53 /home/yamojr/devyamo/edusaas/edusaas/vendor/laravel/framework/src/Illuminate/Pipeline/Pipeline.php(209): Illuminate\\Http\\Middleware\\TrustProxies->handle()
#54 /home/yamojr/devyamo/edusaas/edusaas/vendor/laravel/framework/src/Illuminate/Foundation/Http/Middleware/InvokeDeferredCallbacks.php(22): Illuminate\\Pipeline\\Pipeline->{closure:{closure:Illuminate\\Pipeline\\Pipeline::carry():184}:185}()
#55 /home/yamojr/devyamo/edusaas/edusaas/vendor/laravel/framework/src/Illuminate/Pipeline/Pipeline.php(209): Illuminate\\Foundation\\Http\\Middleware\\InvokeDeferredCallbacks->handle()
#56 /home/yamojr/devyamo/edusaas/edusaas/vendor/laravel/framework/src/Illuminate/Pipeline/Pipeline.php(127): Illuminate\\Pipeline\\Pipeline->{closure:{closure:Illuminate\\Pipeline\\Pipeline::carry():184}:185}()
#57 /home/yamojr/devyamo/edusaas/edusaas/vendor/laravel/framework/src/Illuminate/Foundation/Http/Kernel.php(176): Illuminate\\Pipeline\\Pipeline->then()
#58 /home/yamojr/devyamo/edusaas/edusaas/vendor/laravel/framework/src/Illuminate/Foundation/Http/Kernel.php(145): Illuminate\\Foundation\\Http\\Kernel->sendRequestThroughRouter()
#59 /home/yamojr/devyamo/edusaas/edusaas/vendor/laravel/framework/src/Illuminate/Foundation/Application.php(1220): Illuminate\\Foundation\\Http\\Kernel->handle()
#60 /home/yamojr/devyamo/edusaas/edusaas/public/index.php(19): Illuminate\\Foundation\\Application->handleRequest()
#61 /home/yamojr/devyamo/edusaas/edusaas/vendor/laravel/framework/src/Illuminate/Foundation/resources/server.php(23): require_once('...')
#62 {main}
"} 
[2026-03-22 04:15:24] local.ERROR: Target class [App\Http\Controllers\School\AttendanceController] does not exist. {"userId":4,"exception":"[object] (Illuminate\\Contracts\\Container\\BindingResolutionException(code: 0): Target class [App\\Http\\Controllers\\School\\AttendanceController] does not exist. at /home/yamojr/devyamo/edusaas/edusaas/vendor/laravel/framework/src/Illuminate/Container/Container.php:961)
[stacktrace]
#0 /home/yamojr/devyamo/edusaas/edusaas/vendor/laravel/framework/src/Illuminate/Container/Container.php(832): Illuminate\\Container\\Container->build()
#1 /home/yamojr/devyamo/edusaas/edusaas/vendor/laravel/framework/src/Illuminate/Foundation/Application.php(1078): Illuminate\\Container\\Container->resolve()
#2 /home/yamojr/devyamo/edusaas/edusaas/vendor/laravel/framework/src/Illuminate/Container/Container.php(763): Illuminate\\Foundation\\Application->resolve()
#3 /home/yamojr/devyamo/edusaas/edusaas/vendor/laravel/framework/src/Illuminate/Foundation/Application.php(1058): Illuminate\\Container\\Container->make()
#4 /home/yamojr/devyamo/edusaas/edusaas/vendor/laravel/framework/src/Illuminate/Routing/Route.php(285): Illuminate\\Foundation\\Application->make()
#5 /home/yamojr/devyamo/edusaas/edusaas/vendor/laravel/framework/src/Illuminate/Routing/Route.php(267): Illuminate\\Routing\\Route->getController()
#6 /home/yamojr/devyamo/edusaas/edusaas/vendor/laravel/framework/src/Illuminate/Routing/Route.php(212): Illuminate\\Routing\\Route->runController()
#7 /home/yamojr/devyamo/edusaas/edusaas/vendor/laravel/framework/src/Illuminate/Routing/Router.php(808): Illuminate\\Routing\\Route->run()
#8 /home/yamojr/devyamo/edusaas/edusaas/vendor/laravel/framework/src/Illuminate/Pipeline/Pipeline.php(170): Illuminate\\Routing\\Router->{closure:Illuminate\\Routing\\Router::runRouteWithinStack():807}()
#9 /home/yamojr/devyamo/edusaas/edusaas/app/Http/Middleware/EnsureTenantAccess.php(26): Illuminate\\Pipeline\\Pipeline->{closure:Illuminate\\Pipeline\\Pipeline::prepareDestination():168}()
#10 /home/yamojr/devyamo/edusaas/edusaas/vendor/laravel/framework/src/Illuminate/Pipeline/Pipeline.php(209): App\\Http\\Middleware\\EnsureTenantAccess->handle()
#11 /home/yamojr/devyamo/edusaas/edusaas/vendor/spatie/laravel-permission/src/Middleware/RoleMiddleware.php(37): Illuminate\\Pipeline\\Pipeline->{closure:{closure:Illuminate\\Pipeline\\Pipeline::carry():184}:185}()
#12 /home/yamojr/devyamo/edusaas/edusaas/vendor/laravel/framework/src/Illuminate/Pipeline/Pipeline.php(209): Spatie\\Permission\\Middleware\\RoleMiddleware->handle()
#13 /home/yamojr/devyamo/edusaas/edusaas/app/Http/Middleware/IdentifyTenant.php(40): Illuminate\\Pipeline\\Pipeline->{closure:{closure:Illuminate\\Pipeline\\Pipeline::carry():184}:185}()
#14 /home/yamojr/devyamo/edusaas/edusaas/vendor/laravel/framework/src/Illuminate/Pipeline/Pipeline.php(209): App\\Http\\Middleware\\IdentifyTenant->handle()
#15 /home/yamojr/devyamo/edusaas/edusaas/vendor/inertiajs/inertia-laravel/src/Middleware.php(122): Illuminate\\Pipeline\\Pipeline->{closure:{closure:Illuminate\\Pipeline\\Pipeline::carry():184}:185}()
#16 /home/yamojr/devyamo/edusaas/edusaas/vendor/laravel/framework/src/Illuminate/Pipeline/Pipeline.php(209): Inertia\\Middleware->handle()
#17 /home/yamojr/devyamo/edusaas/edusaas/vendor/laravel/framework/src/Illuminate/Routing/Middleware/SubstituteBindings.php(51): Illuminate\\Pipeline\\Pipeline->{closure:{closure:Illuminate\\Pipeline\\Pipeline::carry():184}:185}()
#18 /home/yamojr/devyamo/edusaas/edusaas/vendor/laravel/framework/src/Illuminate/Pipeline/Pipeline.php(209): Illuminate\\Routing\\Middleware\\SubstituteBindings->handle()
#19 /home/yamojr/devyamo/edusaas/edusaas/vendor/laravel/framework/src/Illuminate/Auth/Middleware/Authenticate.php(64): Illuminate\\Pipeline\\Pipeline->{closure:{closure:Illuminate\\Pipeline\\Pipeline::carry():184}:185}()
#20 /home/yamojr/devyamo/edusaas/edusaas/vendor/laravel/framework/src/Illuminate/Pipeline/Pipeline.php(209): Illuminate\\Auth\\Middleware\\Authenticate->handle()
#21 /home/yamojr/devyamo/edusaas/edusaas/vendor/laravel/framework/src/Illuminate/Foundation/Http/Middleware/VerifyCsrfToken.php(88): Illuminate\\Pipeline\\Pipeline->{closure:{closure:Illuminate\\Pipeline\\Pipeline::carry():184}:185}()
#22 /home/yamojr/devyamo/edusaas/edusaas/vendor/laravel/framework/src/Illuminate/Pipeline/Pipeline.php(209): Illuminate\\Foundation\\Http\\Middleware\\VerifyCsrfToken->handle()
#23 /home/yamojr/devyamo/edusaas/edusaas/vendor/laravel/framework/src/Illuminate/View/Middleware/ShareErrorsFromSession.php(49): Illuminate\\Pipeline\\Pipeline->{closure:{closure:Illuminate\\Pipeline\\Pipeline::carry():184}:185}()
#24 /home/yamojr/devyamo/edusaas/edusaas/vendor/laravel/framework/src/Illuminate/Pipeline/Pipeline.php(209): Illuminate\\View\\Middleware\\ShareErrorsFromSession->handle()
#25 /home/yamojr/devyamo/edusaas/edusaas/vendor/laravel/framework/src/Illuminate/Session/Middleware/StartSession.php(121): Illuminate\\Pipeline\\Pipeline->{closure:{closure:Illuminate\\Pipeline\\Pipeline::carry():184}:185}()
#26 /home/yamojr/devyamo/edusaas/edusaas/vendor/laravel/framework/src/Illuminate/Session/Middleware/StartSession.php(64): Illuminate\\Session\\Middleware\\StartSession->handleStatefulRequest()
#27 /home/yamojr/devyamo/edusaas/edusaas/vendor/laravel/framework/src/Illuminate/Pipeline/Pipeline.php(209): Illuminate\\Session\\Middleware\\StartSession->handle()
#28 /home/yamojr/devyamo/edusaas/edusaas/vendor/laravel/framework/src/Illuminate/Cookie/Middleware/AddQueuedCookiesToResponse.php(37): Illuminate\\Pipeline\\Pipeline->{closure:{closure:Illuminate\\Pipeline\\Pipeline::carry():184}:185}()
#29 /home/yamojr/devyamo/edusaas/edusaas/vendor/laravel/framework/src/Illuminate/Pipeline/Pipeline.php(209): Illuminate\\Cookie\\Middleware\\AddQueuedCookiesToResponse->handle()
#30 /home/yamojr/devyamo/edusaas/edusaas/vendor/laravel/framework/src/Illuminate/Cookie/Middleware/EncryptCookies.php(75): Illuminate\\Pipeline\\Pipeline->{closure:{closure:Illuminate\\Pipeline\\Pipeline::carry():184}:185}()
#31 /home/yamojr/devyamo/edusaas/edusaas/vendor/laravel/framework/src/Illuminate/Pipeline/Pipeline.php(209): Illuminate\\Cookie\\Middleware\\EncryptCookies->handle()
#32 /home/yamojr/devyamo/edusaas/edusaas/vendor/laravel/framework/src/Illuminate/Pipeline/Pipeline.php(127): Illuminate\\Pipeline\\Pipeline->{closure:{closure:Illuminate\\Pipeline\\Pipeline::carry():184}:185}()
#33 /home/yamojr/devyamo/edusaas/edusaas/vendor/laravel/framework/src/Illuminate/Routing/Router.php(807): Illuminate\\Pipeline\\Pipeline->then()
#34 /home/yamojr/devyamo/edusaas/edusaas/vendor/laravel/framework/src/Illuminate/Routing/Router.php(786): Illuminate\\Routing\\Router->runRouteWithinStack()
#35 /home/yamojr/devyamo/edusaas/edusaas/vendor/laravel/framework/src/Illuminate/Routing/Router.php(750): Illuminate\\Routing\\Router->runRoute()
#36 /home/yamojr/devyamo/edusaas/edusaas/vendor/laravel/framework/src/Illuminate/Routing/Router.php(739): Illuminate\\Routing\\Router->dispatchToRoute()
#37 /home/yamojr/devyamo/edusaas/edusaas/vendor/laravel/framework/src/Illuminate/Foundation/Http/Kernel.php(201): Illuminate\\Routing\\Router->dispatch()
#38 /home/yamojr/devyamo/edusaas/edusaas/vendor/laravel/framework/src/Illuminate/Pipeline/Pipeline.php(170): Illuminate\\Foundation\\Http\\Kernel->{closure:Illuminate\\Foundation\\Http\\Kernel::dispatchToRouter():198}()
#39 /home/yamojr/devyamo/edusaas/edusaas/vendor/laravel/framework/src/Illuminate/Foundation/Http/Middleware/TransformsRequest.php(21): Illuminate\\Pipeline\\Pipeline->{closure:Illuminate\\Pipeline\\Pipeline::prepareDestination():168}()
#40 /home/yamojr/devyamo/edusaas/edusaas/vendor/laravel/framework/src/Illuminate/Foundation/Http/Middleware/ConvertEmptyStringsToNull.php(31): Illuminate\\Foundation\\Http\\Middleware\\TransformsRequest->handle()
#41 /home/yamojr/devyamo/edusaas/edusaas/vendor/laravel/framework/src/Illuminate/Pipeline/Pipeline.php(209): Illuminate\\Foundation\\Http\\Middleware\\ConvertEmptyStringsToNull->handle()
#42 /home/yamojr/devyamo/edusaas/edusaas/vendor/laravel/framework/src/Illuminate/Foundation/Http/Middleware/TransformsRequest.php(21): Illuminate\\Pipeline\\Pipeline->{closure:{closure:Illuminate\\Pipeline\\Pipeline::carry():184}:185}()
#43 /home/yamojr/devyamo/edusaas/edusaas/vendor/laravel/framework/src/Illuminate/Foundation/Http/Middleware/TrimStrings.php(51): Illuminate\\Foundation\\Http\\Middleware\\TransformsRequest->handle()
#44 /home/yamojr/devyamo/edusaas/edusaas/vendor/laravel/framework/src/Illuminate/Pipeline/Pipeline.php(209): Illuminate\\Foundation\\Http\\Middleware\\TrimStrings->handle()
#45 /home/yamojr/devyamo/edusaas/edusaas/vendor/laravel/framework/src/Illuminate/Http/Middleware/ValidatePostSize.php(27): Illuminate\\Pipeline\\Pipeline->{closure:{closure:Illuminate\\Pipeline\\Pipeline::carry():184}:185}()
#46 /home/yamojr/devyamo/edusaas/edusaas/vendor/laravel/framework/src/Illuminate/Pipeline/Pipeline.php(209): Illuminate\\Http\\Middleware\\ValidatePostSize->handle()
#47 /home/yamojr/devyamo/edusaas/edusaas/vendor/laravel/framework/src/Illuminate/Foundation/Http/Middleware/PreventRequestsDuringMaintenance.php(110): Illuminate\\Pipeline\\Pipeline->{closure:{closure:Illuminate\\Pipeline\\Pipeline::carry():184}:185}()
#48 /home/yamojr/devyamo/edusaas/edusaas/vendor/laravel/framework/src/Illuminate/Pipeline/Pipeline.php(209): Illuminate\\Foundation\\Http\\Middleware\\PreventRequestsDuringMaintenance->handle()
#49 /home/yamojr/devyamo/edusaas/edusaas/vendor/laravel/framework/src/Illuminate/Http/Middleware/HandleCors.php(49): Illuminate\\Pipeline\\Pipeline->{closure:{closure:Illuminate\\Pipeline\\Pipeline::carry():184}:185}()
#50 /home/yamojr/devyamo/edusaas/edusaas/vendor/laravel/framework/src/Illuminate/Pipeline/Pipeline.php(209): Illuminate\\Http\\Middleware\\HandleCors->handle()
#51 /home/yamojr/devyamo/edusaas/edusaas/vendor/laravel/framework/src/Illuminate/Http/Middleware/TrustProxies.php(58): Illuminate\\Pipeline\\Pipeline->{closure:{closure:Illuminate\\Pipeline\\Pipeline::carry():184}:185}()
#52 /home/yamojr/devyamo/edusaas/edusaas/vendor/laravel/framework/src/Illuminate/Pipeline/Pipeline.php(209): Illuminate\\Http\\Middleware\\TrustProxies->handle()
#53 /home/yamojr/devyamo/edusaas/edusaas/vendor/laravel/framework/src/Illuminate/Foundation/Http/Middleware/InvokeDeferredCallbacks.php(22): Illuminate\\Pipeline\\Pipeline->{closure:{closure:Illuminate\\Pipeline\\Pipeline::carry():184}:185}()
#54 /home/yamojr/devyamo/edusaas/edusaas/vendor/laravel/framework/src/Illuminate/Pipeline/Pipeline.php(209): Illuminate\\Foundation\\Http\\Middleware\\InvokeDeferredCallbacks->handle()
#55 /home/yamojr/devyamo/edusaas/edusaas/vendor/laravel/framework/src/Illuminate/Pipeline/Pipeline.php(127): Illuminate\\Pipeline\\Pipeline->{closure:{closure:Illuminate\\Pipeline\\Pipeline::carry():184}:185}()
#56 /home/yamojr/devyamo/edusaas/edusaas/vendor/laravel/framework/src/Illuminate/Foundation/Http/Kernel.php(176): Illuminate\\Pipeline\\Pipeline->then()
#57 /home/yamojr/devyamo/edusaas/edusaas/vendor/laravel/framework/src/Illuminate/Foundation/Http/Kernel.php(145): Illuminate\\Foundation\\Http\\Kernel->sendRequestThroughRouter()
#58 /home/yamojr/devyamo/edusaas/edusaas/vendor/laravel/framework/src/Illuminate/Foundation/Application.php(1220): Illuminate\\Foundation\\Http\\Kernel->handle()
#59 /home/yamojr/devyamo/edusaas/edusaas/public/index.php(19): Illuminate\\Foundation\\Application->handleRequest()
#60 /home/yamojr/devyamo/edusaas/edusaas/vendor/laravel/framework/src/Illuminate/Foundation/resources/server.php(23): require_once('...')
#61 {main}

[previous exception] [object] (ReflectionException(code: -1): Class \"App\\Http\\Controllers\\School\\AttendanceController\" does not exist at /home/yamojr/devyamo/edusaas/edusaas/vendor/laravel/framework/src/Illuminate/Container/Container.php:959)
[stacktrace]
#0 /home/yamojr/devyamo/edusaas/edusaas/vendor/laravel/framework/src/Illuminate/Container/Container.php(959): ReflectionClass->__construct()
#1 /home/yamojr/devyamo/edusaas/edusaas/vendor/laravel/framework/src/Illuminate/Container/Container.php(832): Illuminate\\Container\\Container->build()
#2 /home/yamojr/devyamo/edusaas/edusaas/vendor/laravel/framework/src/Illuminate/Foundation/Application.php(1078): Illuminate\\Container\\Container->resolve()
#3 /home/yamojr/devyamo/edusaas/edusaas/vendor/laravel/framework/src/Illuminate/Container/Container.php(763): Illuminate\\Foundation\\Application->resolve()
#4 /home/yamojr/devyamo/edusaas/edusaas/vendor/laravel/framework/src/Illuminate/Foundation/Application.php(1058): Illuminate\\Container\\Container->make()
#5 /home/yamojr/devyamo/edusaas/edusaas/vendor/laravel/framework/src/Illuminate/Routing/Route.php(285): Illuminate\\Foundation\\Application->make()
#6 /home/yamojr/devyamo/edusaas/edusaas/vendor/laravel/framework/src/Illuminate/Routing/Route.php(267): Illuminate\\Routing\\Route->getController()
#7 /home/yamojr/devyamo/edusaas/edusaas/vendor/laravel/framework/src/Illuminate/Routing/Route.php(212): Illuminate\\Routing\\Route->runController()
#8 /home/yamojr/devyamo/edusaas/edusaas/vendor/laravel/framework/src/Illuminate/Routing/Router.php(808): Illuminate\\Routing\\Route->run()
#9 /home/yamojr/devyamo/edusaas/edusaas/vendor/laravel/framework/src/Illuminate/Pipeline/Pipeline.php(170): Illuminate\\Routing\\Router->{closure:Illuminate\\Routing\\Router::runRouteWithinStack():807}()
#10 /home/yamojr/devyamo/edusaas/edusaas/app/Http/Middleware/EnsureTenantAccess.php(26): Illuminate\\Pipeline\\Pipeline->{closure:Illuminate\\Pipeline\\Pipeline::prepareDestination():168}()
#11 /home/yamojr/devyamo/edusaas/edusaas/vendor/laravel/framework/src/Illuminate/Pipeline/Pipeline.php(209): App\\Http\\Middleware\\EnsureTenantAccess->handle()
#12 /home/yamojr/devyamo/edusaas/edusaas/vendor/spatie/laravel-permission/src/Middleware/RoleMiddleware.php(37): Illuminate\\Pipeline\\Pipeline->{closure:{closure:Illuminate\\Pipeline\\Pipeline::carry():184}:185}()
#13 /home/yamojr/devyamo/edusaas/edusaas/vendor/laravel/framework/src/Illuminate/Pipeline/Pipeline.php(209): Spatie\\Permission\\Middleware\\RoleMiddleware->handle()
#14 /home/yamojr/devyamo/edusaas/edusaas/app/Http/Middleware/IdentifyTenant.php(40): Illuminate\\Pipeline\\Pipeline->{closure:{closure:Illuminate\\Pipeline\\Pipeline::carry():184}:185}()
#15 /home/yamojr/devyamo/edusaas/edusaas/vendor/laravel/framework/src/Illuminate/Pipeline/Pipeline.php(209): App\\Http\\Middleware\\IdentifyTenant->handle()
#16 /home/yamojr/devyamo/edusaas/edusaas/vendor/inertiajs/inertia-laravel/src/Middleware.php(122): Illuminate\\Pipeline\\Pipeline->{closure:{closure:Illuminate\\Pipeline\\Pipeline::carry():184}:185}()
#17 /home/yamojr/devyamo/edusaas/edusaas/vendor/laravel/framework/src/Illuminate/Pipeline/Pipeline.php(209): Inertia\\Middleware->handle()
#18 /home/yamojr/devyamo/edusaas/edusaas/vendor/laravel/framework/src/Illuminate/Routing/Middleware/SubstituteBindings.php(51): Illuminate\\Pipeline\\Pipeline->{closure:{closure:Illuminate\\Pipeline\\Pipeline::carry():184}:185}()
#19 /home/yamojr/devyamo/edusaas/edusaas/vendor/laravel/framework/src/Illuminate/Pipeline/Pipeline.php(209): Illuminate\\Routing\\Middleware\\SubstituteBindings->handle()
#20 /home/yamojr/devyamo/edusaas/edusaas/vendor/laravel/framework/src/Illuminate/Auth/Middleware/Authenticate.php(64): Illuminate\\Pipeline\\Pipeline->{closure:{closure:Illuminate\\Pipeline\\Pipeline::carry():184}:185}()
#21 /home/yamojr/devyamo/edusaas/edusaas/vendor/laravel/framework/src/Illuminate/Pipeline/Pipeline.php(209): Illuminate\\Auth\\Middleware\\Authenticate->handle()
#22 /home/yamojr/devyamo/edusaas/edusaas/vendor/laravel/framework/src/Illuminate/Foundation/Http/Middleware/VerifyCsrfToken.php(88): Illuminate\\Pipeline\\Pipeline->{closure:{closure:Illuminate\\Pipeline\\Pipeline::carry():184}:185}()
#23 /home/yamojr/devyamo/edusaas/edusaas/vendor/laravel/framework/src/Illuminate/Pipeline/Pipeline.php(209): Illuminate\\Foundation\\Http\\Middleware\\VerifyCsrfToken->handle()
#24 /home/yamojr/devyamo/edusaas/edusaas/vendor/laravel/framework/src/Illuminate/View/Middleware/ShareErrorsFromSession.php(49): Illuminate\\Pipeline\\Pipeline->{closure:{closure:Illuminate\\Pipeline\\Pipeline::carry():184}:185}()
#25 /home/yamojr/devyamo/edusaas/edusaas/vendor/laravel/framework/src/Illuminate/Pipeline/Pipeline.php(209): Illuminate\\View\\Middleware\\ShareErrorsFromSession->handle()
#26 /home/yamojr/devyamo/edusaas/edusaas/vendor/laravel/framework/src/Illuminate/Session/Middleware/StartSession.php(121): Illuminate\\Pipeline\\Pipeline->{closure:{closure:Illuminate\\Pipeline\\Pipeline::carry():184}:185}()
#27 /home/yamojr/devyamo/edusaas/edusaas/vendor/laravel/framework/src/Illuminate/Session/Middleware/StartSession.php(64): Illuminate\\Session\\Middleware\\StartSession->handleStatefulRequest()
#28 /home/yamojr/devyamo/edusaas/edusaas/vendor/laravel/framework/src/Illuminate/Pipeline/Pipeline.php(209): Illuminate\\Session\\Middleware\\StartSession->handle()
#29 /home/yamojr/devyamo/edusaas/edusaas/vendor/laravel/framework/src/Illuminate/Cookie/Middleware/AddQueuedCookiesToResponse.php(37): Illuminate\\Pipeline\\Pipeline->{closure:{closure:Illuminate\\Pipeline\\Pipeline::carry():184}:185}()
#30 /home/yamojr/devyamo/edusaas/edusaas/vendor/laravel/framework/src/Illuminate/Pipeline/Pipeline.php(209): Illuminate\\Cookie\\Middleware\\AddQueuedCookiesToResponse->handle()
#31 /home/yamojr/devyamo/edusaas/edusaas/vendor/laravel/framework/src/Illuminate/Cookie/Middleware/EncryptCookies.php(75): Illuminate\\Pipeline\\Pipeline->{closure:{closure:Illuminate\\Pipeline\\Pipeline::carry():184}:185}()
#32 /home/yamojr/devyamo/edusaas/edusaas/vendor/laravel/framework/src/Illuminate/Pipeline/Pipeline.php(209): Illuminate\\Cookie\\Middleware\\EncryptCookies->handle()
#33 /home/yamojr/devyamo/edusaas/edusaas/vendor/laravel/framework/src/Illuminate/Pipeline/Pipeline.php(127): Illuminate\\Pipeline\\Pipeline->{closure:{closure:Illuminate\\Pipeline\\Pipeline::carry():184}:185}()
#34 /home/yamojr/devyamo/edusaas/edusaas/vendor/laravel/framework/src/Illuminate/Routing/Router.php(807): Illuminate\\Pipeline\\Pipeline->then()
#35 /home/yamojr/devyamo/edusaas/edusaas/vendor/laravel/framework/src/Illuminate/Routing/Router.php(786): Illuminate\\Routing\\Router->runRouteWithinStack()
#36 /home/yamojr/devyamo/edusaas/edusaas/vendor/laravel/framework/src/Illuminate/Routing/Router.php(750): Illuminate\\Routing\\Router->runRoute()
#37 /home/yamojr/devyamo/edusaas/edusaas/vendor/laravel/framework/src/Illuminate/Routing/Router.php(739): Illuminate\\Routing\\Router->dispatchToRoute()
#38 /home/yamojr/devyamo/edusaas/edusaas/vendor/laravel/framework/src/Illuminate/Foundation/Http/Kernel.php(201): Illuminate\\Routing\\Router->dispatch()
#39 /home/yamojr/devyamo/edusaas/edusaas/vendor/laravel/framework/src/Illuminate/Pipeline/Pipeline.php(170): Illuminate\\Foundation\\Http\\Kernel->{closure:Illuminate\\Foundation\\Http\\Kernel::dispatchToRouter():198}()
#40 /home/yamojr/devyamo/edusaas/edusaas/vendor/laravel/framework/src/Illuminate/Foundation/Http/Middleware/TransformsRequest.php(21): Illuminate\\Pipeline\\Pipeline->{closure:Illuminate\\Pipeline\\Pipeline::prepareDestination():168}()
#41 /home/yamojr/devyamo/edusaas/edusaas/vendor/laravel/framework/src/Illuminate/Foundation/Http/Middleware/ConvertEmptyStringsToNull.php(31): Illuminate\\Foundation\\Http\\Middleware\\TransformsRequest->handle()
#42 /home/yamojr/devyamo/edusaas/edusaas/vendor/laravel/framework/src/Illuminate/Pipeline/Pipeline.php(209): Illuminate\\Foundation\\Http\\Middleware\\ConvertEmptyStringsToNull->handle()
#43 /home/yamojr/devyamo/edusaas/edusaas/vendor/laravel/framework/src/Illuminate/Foundation/Http/Middleware/TransformsRequest.php(21): Illuminate\\Pipeline\\Pipeline->{closure:{closure:Illuminate\\Pipeline\\Pipeline::carry():184}:185}()
#44 /home/yamojr/devyamo/edusaas/edusaas/vendor/laravel/framework/src/Illuminate/Foundation/Http/Middleware/TrimStrings.php(51): Illuminate\\Foundation\\Http\\Middleware\\TransformsRequest->handle()
#45 /home/yamojr/devyamo/edusaas/edusaas/vendor/laravel/framework/src/Illuminate/Pipeline/Pipeline.php(209): Illuminate\\Foundation\\Http\\Middleware\\TrimStrings->handle()
#46 /home/yamojr/devyamo/edusaas/edusaas/vendor/laravel/framework/src/Illuminate/Http/Middleware/ValidatePostSize.php(27): Illuminate\\Pipeline\\Pipeline->{closure:{closure:Illuminate\\Pipeline\\Pipeline::carry():184}:185}()
#47 /home/yamojr/devyamo/edusaas/edusaas/vendor/laravel/framework/src/Illuminate/Pipeline/Pipeline.php(209): Illuminate\\Http\\Middleware\\ValidatePostSize->handle()
#48 /home/yamojr/devyamo/edusaas/edusaas/vendor/laravel/framework/src/Illuminate/Foundation/Http/Middleware/PreventRequestsDuringMaintenance.php(110): Illuminate\\Pipeline\\Pipeline->{closure:{closure:Illuminate\\Pipeline\\Pipeline::carry():184}:185}()
#49 /home/yamojr/devyamo/edusaas/edusaas/vendor/laravel/framework/src/Illuminate/Pipeline/Pipeline.php(209): Illuminate\\Foundation\\Http\\Middleware\\PreventRequestsDuringMaintenance->handle()
#50 /home/yamojr/devyamo/edusaas/edusaas/vendor/laravel/framework/src/Illuminate/Http/Middleware/HandleCors.php(49): Illuminate\\Pipeline\\Pipeline->{closure:{closure:Illuminate\\Pipeline\\Pipeline::carry():184}:185}()
#51 /home/yamojr/devyamo/edusaas/edusaas/vendor/laravel/framework/src/Illuminate/Pipeline/Pipeline.php(209): Illuminate\\Http\\Middleware\\HandleCors->handle()
#52 /home/yamojr/devyamo/edusaas/edusaas/vendor/laravel/framework/src/Illuminate/Http/Middleware/TrustProxies.php(58): Illuminate\\Pipeline\\Pipeline->{closure:{closure:Illuminate\\Pipeline\\Pipeline::carry():184}:185}()
#53 /home/yamojr/devyamo/edusaas/edusaas/vendor/laravel/framework/src/Illuminate/Pipeline/Pipeline.php(209): Illuminate\\Http\\Middleware\\TrustProxies->handle()
#54 /home/yamojr/devyamo/edusaas/edusaas/vendor/laravel/framework/src/Illuminate/Foundation/Http/Middleware/InvokeDeferredCallbacks.php(22): Illuminate\\Pipeline\\Pipeline->{closure:{closure:Illuminate\\Pipeline\\Pipeline::carry():184}:185}()
#55 /home/yamojr/devyamo/edusaas/edusaas/vendor/laravel/framework/src/Illuminate/Pipeline/Pipeline.php(209): Illuminate\\Foundation\\Http\\Middleware\\InvokeDeferredCallbacks->handle()
#56 /home/yamojr/devyamo/edusaas/edusaas/vendor/laravel/framework/src/Illuminate/Pipeline/Pipeline.php(127): Illuminate\\Pipeline\\Pipeline->{closure:{closure:Illuminate\\Pipeline\\Pipeline::carry():184}:185}()
#57 /home/yamojr/devyamo/edusaas/edusaas/vendor/laravel/framework/src/Illuminate/Foundation/Http/Kernel.php(176): Illuminate\\Pipeline\\Pipeline->then()
#58 /home/yamojr/devyamo/edusaas/edusaas/vendor/laravel/framework/src/Illuminate/Foundation/Http/Kernel.php(145): Illuminate\\Foundation\\Http\\Kernel->sendRequestThroughRouter()
#59 /home/yamojr/devyamo/edusaas/edusaas/vendor/laravel/framework/src/Illuminate/Foundation/Application.php(1220): Illuminate\\Foundation\\Http\\Kernel->handle()
#60 /home/yamojr/devyamo/edusaas/edusaas/public/index.php(19): Illuminate\\Foundation\\Application->handleRequest()
#61 /home/yamojr/devyamo/edusaas/edusaas/vendor/laravel/framework/src/Illuminate/Foundation/resources/server.php(23): require_once('...')
#62 {main}
"} 
[2026-03-22 04:15:49] local.ERROR: Target class [App\Http\Controllers\School\AttendanceController] does not exist. {"userId":4,"exception":"[object] (Illuminate\\Contracts\\Container\\BindingResolutionException(code: 0): Target class [App\\Http\\Controllers\\School\\AttendanceController] does not exist. at /home/yamojr/devyamo/edusaas/edusaas/vendor/laravel/framework/src/Illuminate/Container/Container.php:961)
[stacktrace]
#0 /home/yamojr/devyamo/edusaas/edusaas/vendor/laravel/framework/src/Illuminate/Container/Container.php(832): Illuminate\\Container\\Container->build()
#1 /home/yamojr/devyamo/edusaas/edusaas/vendor/laravel/framework/src/Illuminate/Foundation/Application.php(1078): Illuminate\\Container\\Container->resolve()
#2 /home/yamojr/devyamo/edusaas/edusaas/vendor/laravel/framework/src/Illuminate/Container/Container.php(763): Illuminate\\Foundation\\Application->resolve()
#3 /home/yamojr/devyamo/edusaas/edusaas/vendor/laravel/framework/src/Illuminate/Foundation/Application.php(1058): Illuminate\\Container\\Container->make()
#4 /home/yamojr/devyamo/edusaas/edusaas/vendor/laravel/framework/src/Illuminate/Routing/Route.php(285): Illuminate\\Foundation\\Application->make()
#5 /home/yamojr/devyamo/edusaas/edusaas/vendor/laravel/framework/src/Illuminate/Routing/Route.php(267): Illuminate\\Routing\\Route->getController()
#6 /home/yamojr/devyamo/edusaas/edusaas/vendor/laravel/framework/src/Illuminate/Routing/Route.php(212): Illuminate\\Routing\\Route->runController()
#7 /home/yamojr/devyamo/edusaas/edusaas/vendor/laravel/framework/src/Illuminate/Routing/Router.php(808): Illuminate\\Routing\\Route->run()
#8 /home/yamojr/devyamo/edusaas/edusaas/vendor/laravel/framework/src/Illuminate/Pipeline/Pipeline.php(170): Illuminate\\Routing\\Router->{closure:Illuminate\\Routing\\Router::runRouteWithinStack():807}()
#9 /home/yamojr/devyamo/edusaas/edusaas/app/Http/Middleware/EnsureTenantAccess.php(26): Illuminate\\Pipeline\\Pipeline->{closure:Illuminate\\Pipeline\\Pipeline::prepareDestination():168}()
#10 /home/yamojr/devyamo/edusaas/edusaas/vendor/laravel/framework/src/Illuminate/Pipeline/Pipeline.php(209): App\\Http\\Middleware\\EnsureTenantAccess->handle()
#11 /home/yamojr/devyamo/edusaas/edusaas/vendor/spatie/laravel-permission/src/Middleware/RoleMiddleware.php(37): Illuminate\\Pipeline\\Pipeline->{closure:{closure:Illuminate\\Pipeline\\Pipeline::carry():184}:185}()
#12 /home/yamojr/devyamo/edusaas/edusaas/vendor/laravel/framework/src/Illuminate/Pipeline/Pipeline.php(209): Spatie\\Permission\\Middleware\\RoleMiddleware->handle()
#13 /home/yamojr/devyamo/edusaas/edusaas/app/Http/Middleware/IdentifyTenant.php(40): Illuminate\\Pipeline\\Pipeline->{closure:{closure:Illuminate\\Pipeline\\Pipeline::carry():184}:185}()
#14 /home/yamojr/devyamo/edusaas/edusaas/vendor/laravel/framework/src/Illuminate/Pipeline/Pipeline.php(209): App\\Http\\Middleware\\IdentifyTenant->handle()
#15 /home/yamojr/devyamo/edusaas/edusaas/vendor/inertiajs/inertia-laravel/src/Middleware.php(122): Illuminate\\Pipeline\\Pipeline->{closure:{closure:Illuminate\\Pipeline\\Pipeline::carry():184}:185}()
#16 /home/yamojr/devyamo/edusaas/edusaas/vendor/laravel/framework/src/Illuminate/Pipeline/Pipeline.php(209): Inertia\\Middleware->handle()
#17 /home/yamojr/devyamo/edusaas/edusaas/vendor/laravel/framework/src/Illuminate/Routing/Middleware/SubstituteBindings.php(51): Illuminate\\Pipeline\\Pipeline->{closure:{closure:Illuminate\\Pipeline\\Pipeline::carry():184}:185}()
#18 /home/yamojr/devyamo/edusaas/edusaas/vendor/laravel/framework/src/Illuminate/Pipeline/Pipeline.php(209): Illuminate\\Routing\\Middleware\\SubstituteBindings->handle()
#19 /home/yamojr/devyamo/edusaas/edusaas/vendor/laravel/framework/src/Illuminate/Auth/Middleware/Authenticate.php(64): Illuminate\\Pipeline\\Pipeline->{closure:{closure:Illuminate\\Pipeline\\Pipeline::carry():184}:185}()
#20 /home/yamojr/devyamo/edusaas/edusaas/vendor/laravel/framework/src/Illuminate/Pipeline/Pipeline.php(209): Illuminate\\Auth\\Middleware\\Authenticate->handle()
#21 /home/yamojr/devyamo/edusaas/edusaas/vendor/laravel/framework/src/Illuminate/Foundation/Http/Middleware/VerifyCsrfToken.php(88): Illuminate\\Pipeline\\Pipeline->{closure:{closure:Illuminate\\Pipeline\\Pipeline::carry():184}:185}()
#22 /home/yamojr/devyamo/edusaas/edusaas/vendor/laravel/framework/src/Illuminate/Pipeline/Pipeline.php(209): Illuminate\\Foundation\\Http\\Middleware\\VerifyCsrfToken->handle()
#23 /home/yamojr/devyamo/edusaas/edusaas/vendor/laravel/framework/src/Illuminate/View/Middleware/ShareErrorsFromSession.php(49): Illuminate\\Pipeline\\Pipeline->{closure:{closure:Illuminate\\Pipeline\\Pipeline::carry():184}:185}()
#24 /home/yamojr/devyamo/edusaas/edusaas/vendor/laravel/framework/src/Illuminate/Pipeline/Pipeline.php(209): Illuminate\\View\\Middleware\\ShareErrorsFromSession->handle()
#25 /home/yamojr/devyamo/edusaas/edusaas/vendor/laravel/framework/src/Illuminate/Session/Middleware/StartSession.php(121): Illuminate\\Pipeline\\Pipeline->{closure:{closure:Illuminate\\Pipeline\\Pipeline::carry():184}:185}()
#26 /home/yamojr/devyamo/edusaas/edusaas/vendor/laravel/framework/src/Illuminate/Session/Middleware/StartSession.php(64): Illuminate\\Session\\Middleware\\StartSession->handleStatefulRequest()
#27 /home/yamojr/devyamo/edusaas/edusaas/vendor/laravel/framework/src/Illuminate/Pipeline/Pipeline.php(209): Illuminate\\Session\\Middleware\\StartSession->handle()
#28 /home/yamojr/devyamo/edusaas/edusaas/vendor/laravel/framework/src/Illuminate/Cookie/Middleware/AddQueuedCookiesToResponse.php(37): Illuminate\\Pipeline\\Pipeline->{closure:{closure:Illuminate\\Pipeline\\Pipeline::carry():184}:185}()
#29 /home/yamojr/devyamo/edusaas/edusaas/vendor/laravel/framework/src/Illuminate/Pipeline/Pipeline.php(209): Illuminate\\Cookie\\Middleware\\AddQueuedCookiesToResponse->handle()
#30 /home/yamojr/devyamo/edusaas/edusaas/vendor/laravel/framework/src/Illuminate/Cookie/Middleware/EncryptCookies.php(75): Illuminate\\Pipeline\\Pipeline->{closure:{closure:Illuminate\\Pipeline\\Pipeline::carry():184}:185}()
#31 /home/yamojr/devyamo/edusaas/edusaas/vendor/laravel/framework/src/Illuminate/Pipeline/Pipeline.php(209): Illuminate\\Cookie\\Middleware\\EncryptCookies->handle()
#32 /home/yamojr/devyamo/edusaas/edusaas/vendor/laravel/framework/src/Illuminate/Pipeline/Pipeline.php(127): Illuminate\\Pipeline\\Pipeline->{closure:{closure:Illuminate\\Pipeline\\Pipeline::carry():184}:185}()
#33 /home/yamojr/devyamo/edusaas/edusaas/vendor/laravel/framework/src/Illuminate/Routing/Router.php(807): Illuminate\\Pipeline\\Pipeline->then()
#34 /home/yamojr/devyamo/edusaas/edusaas/vendor/laravel/framework/src/Illuminate/Routing/Router.php(786): Illuminate\\Routing\\Router->runRouteWithinStack()
#35 /home/yamojr/devyamo/edusaas/edusaas/vendor/laravel/framework/src/Illuminate/Routing/Router.php(750): Illuminate\\Routing\\Router->runRoute()
#36 /home/yamojr/devyamo/edusaas/edusaas/vendor/laravel/framework/src/Illuminate/Routing/Router.php(739): Illuminate\\Routing\\Router->dispatchToRoute()
#37 /home/yamojr/devyamo/edusaas/edusaas/vendor/laravel/framework/src/Illuminate/Foundation/Http/Kernel.php(201): Illuminate\\Routing\\Router->dispatch()
#38 /home/yamojr/devyamo/edusaas/edusaas/vendor/laravel/framework/src/Illuminate/Pipeline/Pipeline.php(170): Illuminate\\Foundation\\Http\\Kernel->{closure:Illuminate\\Foundation\\Http\\Kernel::dispatchToRouter():198}()
#39 /home/yamojr/devyamo/edusaas/edusaas/vendor/laravel/framework/src/Illuminate/Foundation/Http/Middleware/TransformsRequest.php(21): Illuminate\\Pipeline\\Pipeline->{closure:Illuminate\\Pipeline\\Pipeline::prepareDestination():168}()
#40 /home/yamojr/devyamo/edusaas/edusaas/vendor/laravel/framework/src/Illuminate/Foundation/Http/Middleware/ConvertEmptyStringsToNull.php(31): Illuminate\\Foundation\\Http\\Middleware\\TransformsRequest->handle()
#41 /home/yamojr/devyamo/edusaas/edusaas/vendor/laravel/framework/src/Illuminate/Pipeline/Pipeline.php(209): Illuminate\\Foundation\\Http\\Middleware\\ConvertEmptyStringsToNull->handle()
#42 /home/yamojr/devyamo/edusaas/edusaas/vendor/laravel/framework/src/Illuminate/Foundation/Http/Middleware/TransformsRequest.php(21): Illuminate\\Pipeline\\Pipeline->{closure:{closure:Illuminate\\Pipeline\\Pipeline::carry():184}:185}()
#43 /home/yamojr/devyamo/edusaas/edusaas/vendor/laravel/framework/src/Illuminate/Foundation/Http/Middleware/TrimStrings.php(51): Illuminate\\Foundation\\Http\\Middleware\\TransformsRequest->handle()
#44 /home/yamojr/devyamo/edusaas/edusaas/vendor/laravel/framework/src/Illuminate/Pipeline/Pipeline.php(209): Illuminate\\Foundation\\Http\\Middleware\\TrimStrings->handle()
#45 /home/yamojr/devyamo/edusaas/edusaas/vendor/laravel/framework/src/Illuminate/Http/Middleware/ValidatePostSize.php(27): Illuminate\\Pipeline\\Pipeline->{closure:{closure:Illuminate\\Pipeline\\Pipeline::carry():184}:185}()
#46 /home/yamojr/devyamo/edusaas/edusaas/vendor/laravel/framework/src/Illuminate/Pipeline/Pipeline.php(209): Illuminate\\Http\\Middleware\\ValidatePostSize->handle()
#47 /home/yamojr/devyamo/edusaas/edusaas/vendor/laravel/framework/src/Illuminate/Foundation/Http/Middleware/PreventRequestsDuringMaintenance.php(110): Illuminate\\Pipeline\\Pipeline->{closure:{closure:Illuminate\\Pipeline\\Pipeline::carry():184}:185}()
#48 /home/yamojr/devyamo/edusaas/edusaas/vendor/laravel/framework/src/Illuminate/Pipeline/Pipeline.php(209): Illuminate\\Foundation\\Http\\Middleware\\PreventRequestsDuringMaintenance->handle()
#49 /home/yamojr/devyamo/edusaas/edusaas/vendor/laravel/framework/src/Illuminate/Http/Middleware/HandleCors.php(49): Illuminate\\Pipeline\\Pipeline->{closure:{closure:Illuminate\\Pipeline\\Pipeline::carry():184}:185}()
#50 /home/yamojr/devyamo/edusaas/edusaas/vendor/laravel/framework/src/Illuminate/Pipeline/Pipeline.php(209): Illuminate\\Http\\Middleware\\HandleCors->handle()
#51 /home/yamojr/devyamo/edusaas/edusaas/vendor/laravel/framework/src/Illuminate/Http/Middleware/TrustProxies.php(58): Illuminate\\Pipeline\\Pipeline->{closure:{closure:Illuminate\\Pipeline\\Pipeline::carry():184}:185}()
#52 /home/yamojr/devyamo/edusaas/edusaas/vendor/laravel/framework/src/Illuminate/Pipeline/Pipeline.php(209): Illuminate\\Http\\Middleware\\TrustProxies->handle()
#53 /home/yamojr/devyamo/edusaas/edusaas/vendor/laravel/framework/src/Illuminate/Foundation/Http/Middleware/InvokeDeferredCallbacks.php(22): Illuminate\\Pipeline\\Pipeline->{closure:{closure:Illuminate\\Pipeline\\Pipeline::carry():184}:185}()
#54 /home/yamojr/devyamo/edusaas/edusaas/vendor/laravel/framework/src/Illuminate/Pipeline/Pipeline.php(209): Illuminate\\Foundation\\Http\\Middleware\\InvokeDeferredCallbacks->handle()
#55 /home/yamojr/devyamo/edusaas/edusaas/vendor/laravel/framework/src/Illuminate/Pipeline/Pipeline.php(127): Illuminate\\Pipeline\\Pipeline->{closure:{closure:Illuminate\\Pipeline\\Pipeline::carry():184}:185}()
#56 /home/yamojr/devyamo/edusaas/edusaas/vendor/laravel/framework/src/Illuminate/Foundation/Http/Kernel.php(176): Illuminate\\Pipeline\\Pipeline->then()
#57 /home/yamojr/devyamo/edusaas/edusaas/vendor/laravel/framework/src/Illuminate/Foundation/Http/Kernel.php(145): Illuminate\\Foundation\\Http\\Kernel->sendRequestThroughRouter()
#58 /home/yamojr/devyamo/edusaas/edusaas/vendor/laravel/framework/src/Illuminate/Foundation/Application.php(1220): Illuminate\\Foundation\\Http\\Kernel->handle()
#59 /home/yamojr/devyamo/edusaas/edusaas/public/index.php(19): Illuminate\\Foundation\\Application->handleRequest()
#60 /home/yamojr/devyamo/edusaas/edusaas/vendor/laravel/framework/src/Illuminate/Foundation/resources/server.php(23): require_once('...')
#61 {main}

[previous exception] [object] (ReflectionException(code: -1): Class \"App\\Http\\Controllers\\School\\AttendanceController\" does not exist at /home/yamojr/devyamo/edusaas/edusaas/vendor/laravel/framework/src/Illuminate/Container/Container.php:959)
[stacktrace]
#0 /home/yamojr/devyamo/edusaas/edusaas/vendor/laravel/framework/src/Illuminate/Container/Container.php(959): ReflectionClass->__construct()
#1 /home/yamojr/devyamo/edusaas/edusaas/vendor/laravel/framework/src/Illuminate/Container/Container.php(832): Illuminate\\Container\\Container->build()
#2 /home/yamojr/devyamo/edusaas/edusaas/vendor/laravel/framework/src/Illuminate/Foundation/Application.php(1078): Illuminate\\Container\\Container->resolve()
#3 /home/yamojr/devyamo/edusaas/edusaas/vendor/laravel/framework/src/Illuminate/Container/Container.php(763): Illuminate\\Foundation\\Application->resolve()
#4 /home/yamojr/devyamo/edusaas/edusaas/vendor/laravel/framework/src/Illuminate/Foundation/Application.php(1058): Illuminate\\Container\\Container->make()
#5 /home/yamojr/devyamo/edusaas/edusaas/vendor/laravel/framework/src/Illuminate/Routing/Route.php(285): Illuminate\\Foundation\\Application->make()
#6 /home/yamojr/devyamo/edusaas/edusaas/vendor/laravel/framework/src/Illuminate/Routing/Route.php(267): Illuminate\\Routing\\Route->getController()
#7 /home/yamojr/devyamo/edusaas/edusaas/vendor/laravel/framework/src/Illuminate/Routing/Route.php(212): Illuminate\\Routing\\Route->runController()
#8 /home/yamojr/devyamo/edusaas/edusaas/vendor/laravel/framework/src/Illuminate/Routing/Router.php(808): Illuminate\\Routing\\Route->run()
#9 /home/yamojr/devyamo/edusaas/edusaas/vendor/laravel/framework/src/Illuminate/Pipeline/Pipeline.php(170): Illuminate\\Routing\\Router->{closure:Illuminate\\Routing\\Router::runRouteWithinStack():807}()
#10 /home/yamojr/devyamo/edusaas/edusaas/app/Http/Middleware/EnsureTenantAccess.php(26): Illuminate\\Pipeline\\Pipeline->{closure:Illuminate\\Pipeline\\Pipeline::prepareDestination():168}()
#11 /home/yamojr/devyamo/edusaas/edusaas/vendor/laravel/framework/src/Illuminate/Pipeline/Pipeline.php(209): App\\Http\\Middleware\\EnsureTenantAccess->handle()
#12 /home/yamojr/devyamo/edusaas/edusaas/vendor/spatie/laravel-permission/src/Middleware/RoleMiddleware.php(37): Illuminate\\Pipeline\\Pipeline->{closure:{closure:Illuminate\\Pipeline\\Pipeline::carry():184}:185}()
#13 /home/yamojr/devyamo/edusaas/edusaas/vendor/laravel/framework/src/Illuminate/Pipeline/Pipeline.php(209): Spatie\\Permission\\Middleware\\RoleMiddleware->handle()
#14 /home/yamojr/devyamo/edusaas/edusaas/app/Http/Middleware/IdentifyTenant.php(40): Illuminate\\Pipeline\\Pipeline->{closure:{closure:Illuminate\\Pipeline\\Pipeline::carry():184}:185}()
#15 /home/yamojr/devyamo/edusaas/edusaas/vendor/laravel/framework/src/Illuminate/Pipeline/Pipeline.php(209): App\\Http\\Middleware\\IdentifyTenant->handle()
#16 /home/yamojr/devyamo/edusaas/edusaas/vendor/inertiajs/inertia-laravel/src/Middleware.php(122): Illuminate\\Pipeline\\Pipeline->{closure:{closure:Illuminate\\Pipeline\\Pipeline::carry():184}:185}()
#17 /home/yamojr/devyamo/edusaas/edusaas/vendor/laravel/framework/src/Illuminate/Pipeline/Pipeline.php(209): Inertia\\Middleware->handle()
#18 /home/yamojr/devyamo/edusaas/edusaas/vendor/laravel/framework/src/Illuminate/Routing/Middleware/SubstituteBindings.php(51): Illuminate\\Pipeline\\Pipeline->{closure:{closure:Illuminate\\Pipeline\\Pipeline::carry():184}:185}()
#19 /home/yamojr/devyamo/edusaas/edusaas/vendor/laravel/framework/src/Illuminate/Pipeline/Pipeline.php(209): Illuminate\\Routing\\Middleware\\SubstituteBindings->handle()
#20 /home/yamojr/devyamo/edusaas/edusaas/vendor/laravel/framework/src/Illuminate/Auth/Middleware/Authenticate.php(64): Illuminate\\Pipeline\\Pipeline->{closure:{closure:Illuminate\\Pipeline\\Pipeline::carry():184}:185}()
#21 /home/yamojr/devyamo/edusaas/edusaas/vendor/laravel/framework/src/Illuminate/Pipeline/Pipeline.php(209): Illuminate\\Auth\\Middleware\\Authenticate->handle()
#22 /home/yamojr/devyamo/edusaas/edusaas/vendor/laravel/framework/src/Illuminate/Foundation/Http/Middleware/VerifyCsrfToken.php(88): Illuminate\\Pipeline\\Pipeline->{closure:{closure:Illuminate\\Pipeline\\Pipeline::carry():184}:185}()
#23 /home/yamojr/devyamo/edusaas/edusaas/vendor/laravel/framework/src/Illuminate/Pipeline/Pipeline.php(209): Illuminate\\Foundation\\Http\\Middleware\\VerifyCsrfToken->handle()
#24 /home/yamojr/devyamo/edusaas/edusaas/vendor/laravel/framework/src/Illuminate/View/Middleware/ShareErrorsFromSession.php(49): Illuminate\\Pipeline\\Pipeline->{closure:{closure:Illuminate\\Pipeline\\Pipeline::carry():184}:185}()
#25 /home/yamojr/devyamo/edusaas/edusaas/vendor/laravel/framework/src/Illuminate/Pipeline/Pipeline.php(209): Illuminate\\View\\Middleware\\ShareErrorsFromSession->handle()
#26 /home/yamojr/devyamo/edusaas/edusaas/vendor/laravel/framework/src/Illuminate/Session/Middleware/StartSession.php(121): Illuminate\\Pipeline\\Pipeline->{closure:{closure:Illuminate\\Pipeline\\Pipeline::carry():184}:185}()
#27 /home/yamojr/devyamo/edusaas/edusaas/vendor/laravel/framework/src/Illuminate/Session/Middleware/StartSession.php(64): Illuminate\\Session\\Middleware\\StartSession->handleStatefulRequest()
#28 /home/yamojr/devyamo/edusaas/edusaas/vendor/laravel/framework/src/Illuminate/Pipeline/Pipeline.php(209): Illuminate\\Session\\Middleware\\StartSession->handle()
#29 /home/yamojr/devyamo/edusaas/edusaas/vendor/laravel/framework/src/Illuminate/Cookie/Middleware/AddQueuedCookiesToResponse.php(37): Illuminate\\Pipeline\\Pipeline->{closure:{closure:Illuminate\\Pipeline\\Pipeline::carry():184}:185}()
#30 /home/yamojr/devyamo/edusaas/edusaas/vendor/laravel/framework/src/Illuminate/Pipeline/Pipeline.php(209): Illuminate\\Cookie\\Middleware\\AddQueuedCookiesToResponse->handle()
#31 /home/yamojr/devyamo/edusaas/edusaas/vendor/laravel/framework/src/Illuminate/Cookie/Middleware/EncryptCookies.php(75): Illuminate\\Pipeline\\Pipeline->{closure:{closure:Illuminate\\Pipeline\\Pipeline::carry():184}:185}()
#32 /home/yamojr/devyamo/edusaas/edusaas/vendor/laravel/framework/src/Illuminate/Pipeline/Pipeline.php(209): Illuminate\\Cookie\\Middleware\\EncryptCookies->handle()
#33 /home/yamojr/devyamo/edusaas/edusaas/vendor/laravel/framework/src/Illuminate/Pipeline/Pipeline.php(127): Illuminate\\Pipeline\\Pipeline->{closure:{closure:Illuminate\\Pipeline\\Pipeline::carry():184}:185}()
#34 /home/yamojr/devyamo/edusaas/edusaas/vendor/laravel/framework/src/Illuminate/Routing/Router.php(807): Illuminate\\Pipeline\\Pipeline->then()
#35 /home/yamojr/devyamo/edusaas/edusaas/vendor/laravel/framework/src/Illuminate/Routing/Router.php(786): Illuminate\\Routing\\Router->runRouteWithinStack()
#36 /home/yamojr/devyamo/edusaas/edusaas/vendor/laravel/framework/src/Illuminate/Routing/Router.php(750): Illuminate\\Routing\\Router->runRoute()
#37 /home/yamojr/devyamo/edusaas/edusaas/vendor/laravel/framework/src/Illuminate/Routing/Router.php(739): Illuminate\\Routing\\Router->dispatchToRoute()
#38 /home/yamojr/devyamo/edusaas/edusaas/vendor/laravel/framework/src/Illuminate/Foundation/Http/Kernel.php(201): Illuminate\\Routing\\Router->dispatch()
#39 /home/yamojr/devyamo/edusaas/edusaas/vendor/laravel/framework/src/Illuminate/Pipeline/Pipeline.php(170): Illuminate\\Foundation\\Http\\Kernel->{closure:Illuminate\\Foundation\\Http\\Kernel::dispatchToRouter():198}()
#40 /home/yamojr/devyamo/edusaas/edusaas/vendor/laravel/framework/src/Illuminate/Foundation/Http/Middleware/TransformsRequest.php(21): Illuminate\\Pipeline\\Pipeline->{closure:Illuminate\\Pipeline\\Pipeline::prepareDestination():168}()
#41 /home/yamojr/devyamo/edusaas/edusaas/vendor/laravel/framework/src/Illuminate/Foundation/Http/Middleware/ConvertEmptyStringsToNull.php(31): Illuminate\\Foundation\\Http\\Middleware\\TransformsRequest->handle()
#42 /home/yamojr/devyamo/edusaas/edusaas/vendor/laravel/framework/src/Illuminate/Pipeline/Pipeline.php(209): Illuminate\\Foundation\\Http\\Middleware\\ConvertEmptyStringsToNull->handle()
#43 /home/yamojr/devyamo/edusaas/edusaas/vendor/laravel/framework/src/Illuminate/Foundation/Http/Middleware/TransformsRequest.php(21): Illuminate\\Pipeline\\Pipeline->{closure:{closure:Illuminate\\Pipeline\\Pipeline::carry():184}:185}()
#44 /home/yamojr/devyamo/edusaas/edusaas/vendor/laravel/framework/src/Illuminate/Foundation/Http/Middleware/TrimStrings.php(51): Illuminate\\Foundation\\Http\\Middleware\\TransformsRequest->handle()
#45 /home/yamojr/devyamo/edusaas/edusaas/vendor/laravel/framework/src/Illuminate/Pipeline/Pipeline.php(209): Illuminate\\Foundation\\Http\\Middleware\\TrimStrings->handle()
#46 /home/yamojr/devyamo/edusaas/edusaas/vendor/laravel/framework/src/Illuminate/Http/Middleware/ValidatePostSize.php(27): Illuminate\\Pipeline\\Pipeline->{closure:{closure:Illuminate\\Pipeline\\Pipeline::carry():184}:185}()
#47 /home/yamojr/devyamo/edusaas/edusaas/vendor/laravel/framework/src/Illuminate/Pipeline/Pipeline.php(209): Illuminate\\Http\\Middleware\\ValidatePostSize->handle()
#48 /home/yamojr/devyamo/edusaas/edusaas/vendor/laravel/framework/src/Illuminate/Foundation/Http/Middleware/PreventRequestsDuringMaintenance.php(110): Illuminate\\Pipeline\\Pipeline->{closure:{closure:Illuminate\\Pipeline\\Pipeline::carry():184}:185}()
#49 /home/yamojr/devyamo/edusaas/edusaas/vendor/laravel/framework/src/Illuminate/Pipeline/Pipeline.php(209): Illuminate\\Foundation\\Http\\Middleware\\PreventRequestsDuringMaintenance->handle()
#50 /home/yamojr/devyamo/edusaas/edusaas/vendor/laravel/framework/src/Illuminate/Http/Middleware/HandleCors.php(49): Illuminate\\Pipeline\\Pipeline->{closure:{closure:Illuminate\\Pipeline\\Pipeline::carry():184}:185}()
#51 /home/yamojr/devyamo/edusaas/edusaas/vendor/laravel/framework/src/Illuminate/Pipeline/Pipeline.php(209): Illuminate\\Http\\Middleware\\HandleCors->handle()
#52 /home/yamojr/devyamo/edusaas/edusaas/vendor/laravel/framework/src/Illuminate/Http/Middleware/TrustProxies.php(58): Illuminate\\Pipeline\\Pipeline->{closure:{closure:Illuminate\\Pipeline\\Pipeline::carry():184}:185}()
#53 /home/yamojr/devyamo/edusaas/edusaas/vendor/laravel/framework/src/Illuminate/Pipeline/Pipeline.php(209): Illuminate\\Http\\Middleware\\TrustProxies->handle()
#54 /home/yamojr/devyamo/edusaas/edusaas/vendor/laravel/framework/src/Illuminate/Foundation/Http/Middleware/InvokeDeferredCallbacks.php(22): Illuminate\\Pipeline\\Pipeline->{closure:{closure:Illuminate\\Pipeline\\Pipeline::carry():184}:185}()
#55 /home/yamojr/devyamo/edusaas/edusaas/vendor/laravel/framework/src/Illuminate/Pipeline/Pipeline.php(209): Illuminate\\Foundation\\Http\\Middleware\\InvokeDeferredCallbacks->handle()
#56 /home/yamojr/devyamo/edusaas/edusaas/vendor/laravel/framework/src/Illuminate/Pipeline/Pipeline.php(127): Illuminate\\Pipeline\\Pipeline->{closure:{closure:Illuminate\\Pipeline\\Pipeline::carry():184}:185}()
#57 /home/yamojr/devyamo/edusaas/edusaas/vendor/laravel/framework/src/Illuminate/Foundation/Http/Kernel.php(176): Illuminate\\Pipeline\\Pipeline->then()
#58 /home/yamojr/devyamo/edusaas/edusaas/vendor/laravel/framework/src/Illuminate/Foundation/Http/Kernel.php(145): Illuminate\\Foundation\\Http\\Kernel->sendRequestThroughRouter()
#59 /home/yamojr/devyamo/edusaas/edusaas/vendor/laravel/framework/src/Illuminate/Foundation/Application.php(1220): Illuminate\\Foundation\\Http\\Kernel->handle()
#60 /home/yamojr/devyamo/edusaas/edusaas/public/index.php(19): Illuminate\\Foundation\\Application->handleRequest()
#61 /home/yamojr/devyamo/edusaas/edusaas/vendor/laravel/framework/src/Illuminate/Foundation/resources/server.php(23): require_once('...')
#62 {main}
"} 
[2026-03-22 04:15:50] local.ERROR: Target class [App\Http\Controllers\School\AttendanceController] does not exist. {"userId":4,"exception":"[object] (Illuminate\\Contracts\\Container\\BindingResolutionException(code: 0): Target class [App\\Http\\Controllers\\School\\AttendanceController] does not exist. at /home/yamojr/devyamo/edusaas/edusaas/vendor/laravel/framework/src/Illuminate/Container/Container.php:961)
[stacktrace]
#0 /home/yamojr/devyamo/edusaas/edusaas/vendor/laravel/framework/src/Illuminate/Container/Container.php(832): Illuminate\\Container\\Container->build()
#1 /home/yamojr/devyamo/edusaas/edusaas/vendor/laravel/framework/src/Illuminate/Foundation/Application.php(1078): Illuminate\\Container\\Container->resolve()
#2 /home/yamojr/devyamo/edusaas/edusaas/vendor/laravel/framework/src/Illuminate/Container/Container.php(763): Illuminate\\Foundation\\Application->resolve()
#3 /home/yamojr/devyamo/edusaas/edusaas/vendor/laravel/framework/src/Illuminate/Foundation/Application.php(1058): Illuminate\\Container\\Container->make()
#4 /home/yamojr/devyamo/edusaas/edusaas/vendor/laravel/framework/src/Illuminate/Routing/Route.php(285): Illuminate\\Foundation\\Application->make()
#5 /home/yamojr/devyamo/edusaas/edusaas/vendor/laravel/framework/src/Illuminate/Routing/Route.php(267): Illuminate\\Routing\\Route->getController()
#6 /home/yamojr/devyamo/edusaas/edusaas/vendor/laravel/framework/src/Illuminate/Routing/Route.php(212): Illuminate\\Routing\\Route->runController()
#7 /home/yamojr/devyamo/edusaas/edusaas/vendor/laravel/framework/src/Illuminate/Routing/Router.php(808): Illuminate\\Routing\\Route->run()
#8 /home/yamojr/devyamo/edusaas/edusaas/vendor/laravel/framework/src/Illuminate/Pipeline/Pipeline.php(170): Illuminate\\Routing\\Router->{closure:Illuminate\\Routing\\Router::runRouteWithinStack():807}()
#9 /home/yamojr/devyamo/edusaas/edusaas/app/Http/Middleware/EnsureTenantAccess.php(26): Illuminate\\Pipeline\\Pipeline->{closure:Illuminate\\Pipeline\\Pipeline::prepareDestination():168}()
#10 /home/yamojr/devyamo/edusaas/edusaas/vendor/laravel/framework/src/Illuminate/Pipeline/Pipeline.php(209): App\\Http\\Middleware\\EnsureTenantAccess->handle()
#11 /home/yamojr/devyamo/edusaas/edusaas/vendor/spatie/laravel-permission/src/Middleware/RoleMiddleware.php(37): Illuminate\\Pipeline\\Pipeline->{closure:{closure:Illuminate\\Pipeline\\Pipeline::carry():184}:185}()
#12 /home/yamojr/devyamo/edusaas/edusaas/vendor/laravel/framework/src/Illuminate/Pipeline/Pipeline.php(209): Spatie\\Permission\\Middleware\\RoleMiddleware->handle()
#13 /home/yamojr/devyamo/edusaas/edusaas/app/Http/Middleware/IdentifyTenant.php(40): Illuminate\\Pipeline\\Pipeline->{closure:{closure:Illuminate\\Pipeline\\Pipeline::carry():184}:185}()
#14 /home/yamojr/devyamo/edusaas/edusaas/vendor/laravel/framework/src/Illuminate/Pipeline/Pipeline.php(209): App\\Http\\Middleware\\IdentifyTenant->handle()
#15 /home/yamojr/devyamo/edusaas/edusaas/vendor/inertiajs/inertia-laravel/src/Middleware.php(122): Illuminate\\Pipeline\\Pipeline->{closure:{closure:Illuminate\\Pipeline\\Pipeline::carry():184}:185}()
#16 /home/yamojr/devyamo/edusaas/edusaas/vendor/laravel/framework/src/Illuminate/Pipeline/Pipeline.php(209): Inertia\\Middleware->handle()
#17 /home/yamojr/devyamo/edusaas/edusaas/vendor/laravel/framework/src/Illuminate/Routing/Middleware/SubstituteBindings.php(51): Illuminate\\Pipeline\\Pipeline->{closure:{closure:Illuminate\\Pipeline\\Pipeline::carry():184}:185}()
#18 /home/yamojr/devyamo/edusaas/edusaas/vendor/laravel/framework/src/Illuminate/Pipeline/Pipeline.php(209): Illuminate\\Routing\\Middleware\\SubstituteBindings->handle()
#19 /home/yamojr/devyamo/edusaas/edusaas/vendor/laravel/framework/src/Illuminate/Auth/Middleware/Authenticate.php(64): Illuminate\\Pipeline\\Pipeline->{closure:{closure:Illuminate\\Pipeline\\Pipeline::carry():184}:185}()
#20 /home/yamojr/devyamo/edusaas/edusaas/vendor/laravel/framework/src/Illuminate/Pipeline/Pipeline.php(209): Illuminate\\Auth\\Middleware\\Authenticate->handle()
#21 /home/yamojr/devyamo/edusaas/edusaas/vendor/laravel/framework/src/Illuminate/Foundation/Http/Middleware/VerifyCsrfToken.php(88): Illuminate\\Pipeline\\Pipeline->{closure:{closure:Illuminate\\Pipeline\\Pipeline::carry():184}:185}()
#22 /home/yamojr/devyamo/edusaas/edusaas/vendor/laravel/framework/src/Illuminate/Pipeline/Pipeline.php(209): Illuminate\\Foundation\\Http\\Middleware\\VerifyCsrfToken->handle()
#23 /home/yamojr/devyamo/edusaas/edusaas/vendor/laravel/framework/src/Illuminate/View/Middleware/ShareErrorsFromSession.php(49): Illuminate\\Pipeline\\Pipeline->{closure:{closure:Illuminate\\Pipeline\\Pipeline::carry():184}:185}()
#24 /home/yamojr/devyamo/edusaas/edusaas/vendor/laravel/framework/src/Illuminate/Pipeline/Pipeline.php(209): Illuminate\\View\\Middleware\\ShareErrorsFromSession->handle()
#25 /home/yamojr/devyamo/edusaas/edusaas/vendor/laravel/framework/src/Illuminate/Session/Middleware/StartSession.php(121): Illuminate\\Pipeline\\Pipeline->{closure:{closure:Illuminate\\Pipeline\\Pipeline::carry():184}:185}()
#26 /home/yamojr/devyamo/edusaas/edusaas/vendor/laravel/framework/src/Illuminate/Session/Middleware/StartSession.php(64): Illuminate\\Session\\Middleware\\StartSession->handleStatefulRequest()
#27 /home/yamojr/devyamo/edusaas/edusaas/vendor/laravel/framework/src/Illuminate/Pipeline/Pipeline.php(209): Illuminate\\Session\\Middleware\\StartSession->handle()
#28 /home/yamojr/devyamo/edusaas/edusaas/vendor/laravel/framework/src/Illuminate/Cookie/Middleware/AddQueuedCookiesToResponse.php(37): Illuminate\\Pipeline\\Pipeline->{closure:{closure:Illuminate\\Pipeline\\Pipeline::carry():184}:185}()
#29 /home/yamojr/devyamo/edusaas/edusaas/vendor/laravel/framework/src/Illuminate/Pipeline/Pipeline.php(209): Illuminate\\Cookie\\Middleware\\AddQueuedCookiesToResponse->handle()
#30 /home/yamojr/devyamo/edusaas/edusaas/vendor/laravel/framework/src/Illuminate/Cookie/Middleware/EncryptCookies.php(75): Illuminate\\Pipeline\\Pipeline->{closure:{closure:Illuminate\\Pipeline\\Pipeline::carry():184}:185}()
#31 /home/yamojr/devyamo/edusaas/edusaas/vendor/laravel/framework/src/Illuminate/Pipeline/Pipeline.php(209): Illuminate\\Cookie\\Middleware\\EncryptCookies->handle()
#32 /home/yamojr/devyamo/edusaas/edusaas/vendor/laravel/framework/src/Illuminate/Pipeline/Pipeline.php(127): Illuminate\\Pipeline\\Pipeline->{closure:{closure:Illuminate\\Pipeline\\Pipeline::carry():184}:185}()
#33 /home/yamojr/devyamo/edusaas/edusaas/vendor/laravel/framework/src/Illuminate/Routing/Router.php(807): Illuminate\\Pipeline\\Pipeline->then()
#34 /home/yamojr/devyamo/edusaas/edusaas/vendor/laravel/framework/src/Illuminate/Routing/Router.php(786): Illuminate\\Routing\\Router->runRouteWithinStack()
#35 /home/yamojr/devyamo/edusaas/edusaas/vendor/laravel/framework/src/Illuminate/Routing/Router.php(750): Illuminate\\Routing\\Router->runRoute()
#36 /home/yamojr/devyamo/edusaas/edusaas/vendor/laravel/framework/src/Illuminate/Routing/Router.php(739): Illuminate\\Routing\\Router->dispatchToRoute()
#37 /home/yamojr/devyamo/edusaas/edusaas/vendor/laravel/framework/src/Illuminate/Foundation/Http/Kernel.php(201): Illuminate\\Routing\\Router->dispatch()
#38 /home/yamojr/devyamo/edusaas/edusaas/vendor/laravel/framework/src/Illuminate/Pipeline/Pipeline.php(170): Illuminate\\Foundation\\Http\\Kernel->{closure:Illuminate\\Foundation\\Http\\Kernel::dispatchToRouter():198}()
#39 /home/yamojr/devyamo/edusaas/edusaas/vendor/laravel/framework/src/Illuminate/Foundation/Http/Middleware/TransformsRequest.php(21): Illuminate\\Pipeline\\Pipeline->{closure:Illuminate\\Pipeline\\Pipeline::prepareDestination():168}()
#40 /home/yamojr/devyamo/edusaas/edusaas/vendor/laravel/framework/src/Illuminate/Foundation/Http/Middleware/ConvertEmptyStringsToNull.php(31): Illuminate\\Foundation\\Http\\Middleware\\TransformsRequest->handle()
#41 /home/yamojr/devyamo/edusaas/edusaas/vendor/laravel/framework/src/Illuminate/Pipeline/Pipeline.php(209): Illuminate\\Foundation\\Http\\Middleware\\ConvertEmptyStringsToNull->handle()
#42 /home/yamojr/devyamo/edusaas/edusaas/vendor/laravel/framework/src/Illuminate/Foundation/Http/Middleware/TransformsRequest.php(21): Illuminate\\Pipeline\\Pipeline->{closure:{closure:Illuminate\\Pipeline\\Pipeline::carry():184}:185}()
#43 /home/yamojr/devyamo/edusaas/edusaas/vendor/laravel/framework/src/Illuminate/Foundation/Http/Middleware/TrimStrings.php(51): Illuminate\\Foundation\\Http\\Middleware\\TransformsRequest->handle()
#44 /home/yamojr/devyamo/edusaas/edusaas/vendor/laravel/framework/src/Illuminate/Pipeline/Pipeline.php(209): Illuminate\\Foundation\\Http\\Middleware\\TrimStrings->handle()
#45 /home/yamojr/devyamo/edusaas/edusaas/vendor/laravel/framework/src/Illuminate/Http/Middleware/ValidatePostSize.php(27): Illuminate\\Pipeline\\Pipeline->{closure:{closure:Illuminate\\Pipeline\\Pipeline::carry():184}:185}()
#46 /home/yamojr/devyamo/edusaas/edusaas/vendor/laravel/framework/src/Illuminate/Pipeline/Pipeline.php(209): Illuminate\\Http\\Middleware\\ValidatePostSize->handle()
#47 /home/yamojr/devyamo/edusaas/edusaas/vendor/laravel/framework/src/Illuminate/Foundation/Http/Middleware/PreventRequestsDuringMaintenance.php(110): Illuminate\\Pipeline\\Pipeline->{closure:{closure:Illuminate\\Pipeline\\Pipeline::carry():184}:185}()
#48 /home/yamojr/devyamo/edusaas/edusaas/vendor/laravel/framework/src/Illuminate/Pipeline/Pipeline.php(209): Illuminate\\Foundation\\Http\\Middleware\\PreventRequestsDuringMaintenance->handle()
#49 /home/yamojr/devyamo/edusaas/edusaas/vendor/laravel/framework/src/Illuminate/Http/Middleware/HandleCors.php(49): Illuminate\\Pipeline\\Pipeline->{closure:{closure:Illuminate\\Pipeline\\Pipeline::carry():184}:185}()
#50 /home/yamojr/devyamo/edusaas/edusaas/vendor/laravel/framework/src/Illuminate/Pipeline/Pipeline.php(209): Illuminate\\Http\\Middleware\\HandleCors->handle()
#51 /home/yamojr/devyamo/edusaas/edusaas/vendor/laravel/framework/src/Illuminate/Http/Middleware/TrustProxies.php(58): Illuminate\\Pipeline\\Pipeline->{closure:{closure:Illuminate\\Pipeline\\Pipeline::carry():184}:185}()
#52 /home/yamojr/devyamo/edusaas/edusaas/vendor/laravel/framework/src/Illuminate/Pipeline/Pipeline.php(209): Illuminate\\Http\\Middleware\\TrustProxies->handle()
#53 /home/yamojr/devyamo/edusaas/edusaas/vendor/laravel/framework/src/Illuminate/Foundation/Http/Middleware/InvokeDeferredCallbacks.php(22): Illuminate\\Pipeline\\Pipeline->{closure:{closure:Illuminate\\Pipeline\\Pipeline::carry():184}:185}()
#54 /home/yamojr/devyamo/edusaas/edusaas/vendor/laravel/framework/src/Illuminate/Pipeline/Pipeline.php(209): Illuminate\\Foundation\\Http\\Middleware\\InvokeDeferredCallbacks->handle()
#55 /home/yamojr/devyamo/edusaas/edusaas/vendor/laravel/framework/src/Illuminate/Pipeline/Pipeline.php(127): Illuminate\\Pipeline\\Pipeline->{closure:{closure:Illuminate\\Pipeline\\Pipeline::carry():184}:185}()
#56 /home/yamojr/devyamo/edusaas/edusaas/vendor/laravel/framework/src/Illuminate/Foundation/Http/Kernel.php(176): Illuminate\\Pipeline\\Pipeline->then()
#57 /home/yamojr/devyamo/edusaas/edusaas/vendor/laravel/framework/src/Illuminate/Foundation/Http/Kernel.php(145): Illuminate\\Foundation\\Http\\Kernel->sendRequestThroughRouter()
#58 /home/yamojr/devyamo/edusaas/edusaas/vendor/laravel/framework/src/Illuminate/Foundation/Application.php(1220): Illuminate\\Foundation\\Http\\Kernel->handle()
#59 /home/yamojr/devyamo/edusaas/edusaas/public/index.php(19): Illuminate\\Foundation\\Application->handleRequest()
#60 /home/yamojr/devyamo/edusaas/edusaas/vendor/laravel/framework/src/Illuminate/Foundation/resources/server.php(23): require_once('...')
#61 {main}

[previous exception] [object] (ReflectionException(code: -1): Class \"App\\Http\\Controllers\\School\\AttendanceController\" does not exist at /home/yamojr/devyamo/edusaas/edusaas/vendor/laravel/framework/src/Illuminate/Container/Container.php:959)
[stacktrace]
#0 /home/yamojr/devyamo/edusaas/edusaas/vendor/laravel/framework/src/Illuminate/Container/Container.php(959): ReflectionClass->__construct()
#1 /home/yamojr/devyamo/edusaas/edusaas/vendor/laravel/framework/src/Illuminate/Container/Container.php(832): Illuminate\\Container\\Container->build()
#2 /home/yamojr/devyamo/edusaas/edusaas/vendor/laravel/framework/src/Illuminate/Foundation/Application.php(1078): Illuminate\\Container\\Container->resolve()
#3 /home/yamojr/devyamo/edusaas/edusaas/vendor/laravel/framework/src/Illuminate/Container/Container.php(763): Illuminate\\Foundation\\Application->resolve()
#4 /home/yamojr/devyamo/edusaas/edusaas/vendor/laravel/framework/src/Illuminate/Foundation/Application.php(1058): Illuminate\\Container\\Container->make()
#5 /home/yamojr/devyamo/edusaas/edusaas/vendor/laravel/framework/src/Illuminate/Routing/Route.php(285): Illuminate\\Foundation\\Application->make()
#6 /home/yamojr/devyamo/edusaas/edusaas/vendor/laravel/framework/src/Illuminate/Routing/Route.php(267): Illuminate\\Routing\\Route->getController()
#7 /home/yamojr/devyamo/edusaas/edusaas/vendor/laravel/framework/src/Illuminate/Routing/Route.php(212): Illuminate\\Routing\\Route->runController()
#8 /home/yamojr/devyamo/edusaas/edusaas/vendor/laravel/framework/src/Illuminate/Routing/Router.php(808): Illuminate\\Routing\\Route->run()
#9 /home/yamojr/devyamo/edusaas/edusaas/vendor/laravel/framework/src/Illuminate/Pipeline/Pipeline.php(170): Illuminate\\Routing\\Router->{closure:Illuminate\\Routing\\Router::runRouteWithinStack():807}()
#10 /home/yamojr/devyamo/edusaas/edusaas/app/Http/Middleware/EnsureTenantAccess.php(26): Illuminate\\Pipeline\\Pipeline->{closure:Illuminate\\Pipeline\\Pipeline::prepareDestination():168}()
#11 /home/yamojr/devyamo/edusaas/edusaas/vendor/laravel/framework/src/Illuminate/Pipeline/Pipeline.php(209): App\\Http\\Middleware\\EnsureTenantAccess->handle()
#12 /home/yamojr/devyamo/edusaas/edusaas/vendor/spatie/laravel-permission/src/Middleware/RoleMiddleware.php(37): Illuminate\\Pipeline\\Pipeline->{closure:{closure:Illuminate\\Pipeline\\Pipeline::carry():184}:185}()
#13 /home/yamojr/devyamo/edusaas/edusaas/vendor/laravel/framework/src/Illuminate/Pipeline/Pipeline.php(209): Spatie\\Permission\\Middleware\\RoleMiddleware->handle()
#14 /home/yamojr/devyamo/edusaas/edusaas/app/Http/Middleware/IdentifyTenant.php(40): Illuminate\\Pipeline\\Pipeline->{closure:{closure:Illuminate\\Pipeline\\Pipeline::carry():184}:185}()
#15 /home/yamojr/devyamo/edusaas/edusaas/vendor/laravel/framework/src/Illuminate/Pipeline/Pipeline.php(209): App\\Http\\Middleware\\IdentifyTenant->handle()
#16 /home/yamojr/devyamo/edusaas/edusaas/vendor/inertiajs/inertia-laravel/src/Middleware.php(122): Illuminate\\Pipeline\\Pipeline->{closure:{closure:Illuminate\\Pipeline\\Pipeline::carry():184}:185}()
#17 /home/yamojr/devyamo/edusaas/edusaas/vendor/laravel/framework/src/Illuminate/Pipeline/Pipeline.php(209): Inertia\\Middleware->handle()
#18 /home/yamojr/devyamo/edusaas/edusaas/vendor/laravel/framework/src/Illuminate/Routing/Middleware/SubstituteBindings.php(51): Illuminate\\Pipeline\\Pipeline->{closure:{closure:Illuminate\\Pipeline\\Pipeline::carry():184}:185}()
#19 /home/yamojr/devyamo/edusaas/edusaas/vendor/laravel/framework/src/Illuminate/Pipeline/Pipeline.php(209): Illuminate\\Routing\\Middleware\\SubstituteBindings->handle()
#20 /home/yamojr/devyamo/edusaas/edusaas/vendor/laravel/framework/src/Illuminate/Auth/Middleware/Authenticate.php(64): Illuminate\\Pipeline\\Pipeline->{closure:{closure:Illuminate\\Pipeline\\Pipeline::carry():184}:185}()
#21 /home/yamojr/devyamo/edusaas/edusaas/vendor/laravel/framework/src/Illuminate/Pipeline/Pipeline.php(209): Illuminate\\Auth\\Middleware\\Authenticate->handle()
#22 /home/yamojr/devyamo/edusaas/edusaas/vendor/laravel/framework/src/Illuminate/Foundation/Http/Middleware/VerifyCsrfToken.php(88): Illuminate\\Pipeline\\Pipeline->{closure:{closure:Illuminate\\Pipeline\\Pipeline::carry():184}:185}()
#23 /home/yamojr/devyamo/edusaas/edusaas/vendor/laravel/framework/src/Illuminate/Pipeline/Pipeline.php(209): Illuminate\\Foundation\\Http\\Middleware\\VerifyCsrfToken->handle()
#24 /home/yamojr/devyamo/edusaas/edusaas/vendor/laravel/framework/src/Illuminate/View/Middleware/ShareErrorsFromSession.php(49): Illuminate\\Pipeline\\Pipeline->{closure:{closure:Illuminate\\Pipeline\\Pipeline::carry():184}:185}()
#25 /home/yamojr/devyamo/edusaas/edusaas/vendor/laravel/framework/src/Illuminate/Pipeline/Pipeline.php(209): Illuminate\\View\\Middleware\\ShareErrorsFromSession->handle()
#26 /home/yamojr/devyamo/edusaas/edusaas/vendor/laravel/framework/src/Illuminate/Session/Middleware/StartSession.php(121): Illuminate\\Pipeline\\Pipeline->{closure:{closure:Illuminate\\Pipeline\\Pipeline::carry():184}:185}()
#27 /home/yamojr/devyamo/edusaas/edusaas/vendor/laravel/framework/src/Illuminate/Session/Middleware/StartSession.php(64): Illuminate\\Session\\Middleware\\StartSession->handleStatefulRequest()
#28 /home/yamojr/devyamo/edusaas/edusaas/vendor/laravel/framework/src/Illuminate/Pipeline/Pipeline.php(209): Illuminate\\Session\\Middleware\\StartSession->handle()
#29 /home/yamojr/devyamo/edusaas/edusaas/vendor/laravel/framework/src/Illuminate/Cookie/Middleware/AddQueuedCookiesToResponse.php(37): Illuminate\\Pipeline\\Pipeline->{closure:{closure:Illuminate\\Pipeline\\Pipeline::carry():184}:185}()
#30 /home/yamojr/devyamo/edusaas/edusaas/vendor/laravel/framework/src/Illuminate/Pipeline/Pipeline.php(209): Illuminate\\Cookie\\Middleware\\AddQueuedCookiesToResponse->handle()
#31 /home/yamojr/devyamo/edusaas/edusaas/vendor/laravel/framework/src/Illuminate/Cookie/Middleware/EncryptCookies.php(75): Illuminate\\Pipeline\\Pipeline->{closure:{closure:Illuminate\\Pipeline\\Pipeline::carry():184}:185}()
#32 /home/yamojr/devyamo/edusaas/edusaas/vendor/laravel/framework/src/Illuminate/Pipeline/Pipeline.php(209): Illuminate\\Cookie\\Middleware\\EncryptCookies->handle()
#33 /home/yamojr/devyamo/edusaas/edusaas/vendor/laravel/framework/src/Illuminate/Pipeline/Pipeline.php(127): Illuminate\\Pipeline\\Pipeline->{closure:{closure:Illuminate\\Pipeline\\Pipeline::carry():184}:185}()
#34 /home/yamojr/devyamo/edusaas/edusaas/vendor/laravel/framework/src/Illuminate/Routing/Router.php(807): Illuminate\\Pipeline\\Pipeline->then()
#35 /home/yamojr/devyamo/edusaas/edusaas/vendor/laravel/framework/src/Illuminate/Routing/Router.php(786): Illuminate\\Routing\\Router->runRouteWithinStack()
#36 /home/yamojr/devyamo/edusaas/edusaas/vendor/laravel/framework/src/Illuminate/Routing/Router.php(750): Illuminate\\Routing\\Router->runRoute()
#37 /home/yamojr/devyamo/edusaas/edusaas/vendor/laravel/framework/src/Illuminate/Routing/Router.php(739): Illuminate\\Routing\\Router->dispatchToRoute()
#38 /home/yamojr/devyamo/edusaas/edusaas/vendor/laravel/framework/src/Illuminate/Foundation/Http/Kernel.php(201): Illuminate\\Routing\\Router->dispatch()
#39 /home/yamojr/devyamo/edusaas/edusaas/vendor/laravel/framework/src/Illuminate/Pipeline/Pipeline.php(170): Illuminate\\Foundation\\Http\\Kernel->{closure:Illuminate\\Foundation\\Http\\Kernel::dispatchToRouter():198}()
#40 /home/yamojr/devyamo/edusaas/edusaas/vendor/laravel/framework/src/Illuminate/Foundation/Http/Middleware/TransformsRequest.php(21): Illuminate\\Pipeline\\Pipeline->{closure:Illuminate\\Pipeline\\Pipeline::prepareDestination():168}()
#41 /home/yamojr/devyamo/edusaas/edusaas/vendor/laravel/framework/src/Illuminate/Foundation/Http/Middleware/ConvertEmptyStringsToNull.php(31): Illuminate\\Foundation\\Http\\Middleware\\TransformsRequest->handle()
#42 /home/yamojr/devyamo/edusaas/edusaas/vendor/laravel/framework/src/Illuminate/Pipeline/Pipeline.php(209): Illuminate\\Foundation\\Http\\Middleware\\ConvertEmptyStringsToNull->handle()
#43 /home/yamojr/devyamo/edusaas/edusaas/vendor/laravel/framework/src/Illuminate/Foundation/Http/Middleware/TransformsRequest.php(21): Illuminate\\Pipeline\\Pipeline->{closure:{closure:Illuminate\\Pipeline\\Pipeline::carry():184}:185}()
#44 /home/yamojr/devyamo/edusaas/edusaas/vendor/laravel/framework/src/Illuminate/Foundation/Http/Middleware/TrimStrings.php(51): Illuminate\\Foundation\\Http\\Middleware\\TransformsRequest->handle()
#45 /home/yamojr/devyamo/edusaas/edusaas/vendor/laravel/framework/src/Illuminate/Pipeline/Pipeline.php(209): Illuminate\\Foundation\\Http\\Middleware\\TrimStrings->handle()
#46 /home/yamojr/devyamo/edusaas/edusaas/vendor/laravel/framework/src/Illuminate/Http/Middleware/ValidatePostSize.php(27): Illuminate\\Pipeline\\Pipeline->{closure:{closure:Illuminate\\Pipeline\\Pipeline::carry():184}:185}()
#47 /home/yamojr/devyamo/edusaas/edusaas/vendor/laravel/framework/src/Illuminate/Pipeline/Pipeline.php(209): Illuminate\\Http\\Middleware\\ValidatePostSize->handle()
#48 /home/yamojr/devyamo/edusaas/edusaas/vendor/laravel/framework/src/Illuminate/Foundation/Http/Middleware/PreventRequestsDuringMaintenance.php(110): Illuminate\\Pipeline\\Pipeline->{closure:{closure:Illuminate\\Pipeline\\Pipeline::carry():184}:185}()
#49 /home/yamojr/devyamo/edusaas/edusaas/vendor/laravel/framework/src/Illuminate/Pipeline/Pipeline.php(209): Illuminate\\Foundation\\Http\\Middleware\\PreventRequestsDuringMaintenance->handle()
#50 /home/yamojr/devyamo/edusaas/edusaas/vendor/laravel/framework/src/Illuminate/Http/Middleware/HandleCors.php(49): Illuminate\\Pipeline\\Pipeline->{closure:{closure:Illuminate\\Pipeline\\Pipeline::carry():184}:185}()
#51 /home/yamojr/devyamo/edusaas/edusaas/vendor/laravel/framework/src/Illuminate/Pipeline/Pipeline.php(209): Illuminate\\Http\\Middleware\\HandleCors->handle()
#52 /home/yamojr/devyamo/edusaas/edusaas/vendor/laravel/framework/src/Illuminate/Http/Middleware/TrustProxies.php(58): Illuminate\\Pipeline\\Pipeline->{closure:{closure:Illuminate\\Pipeline\\Pipeline::carry():184}:185}()
#53 /home/yamojr/devyamo/edusaas/edusaas/vendor/laravel/framework/src/Illuminate/Pipeline/Pipeline.php(209): Illuminate\\Http\\Middleware\\TrustProxies->handle()
#54 /home/yamojr/devyamo/edusaas/edusaas/vendor/laravel/framework/src/Illuminate/Foundation/Http/Middleware/InvokeDeferredCallbacks.php(22): Illuminate\\Pipeline\\Pipeline->{closure:{closure:Illuminate\\Pipeline\\Pipeline::carry():184}:185}()
#55 /home/yamojr/devyamo/edusaas/edusaas/vendor/laravel/framework/src/Illuminate/Pipeline/Pipeline.php(209): Illuminate\\Foundation\\Http\\Middleware\\InvokeDeferredCallbacks->handle()
#56 /home/yamojr/devyamo/edusaas/edusaas/vendor/laravel/framework/src/Illuminate/Pipeline/Pipeline.php(127): Illuminate\\Pipeline\\Pipeline->{closure:{closure:Illuminate\\Pipeline\\Pipeline::carry():184}:185}()
#57 /home/yamojr/devyamo/edusaas/edusaas/vendor/laravel/framework/src/Illuminate/Foundation/Http/Kernel.php(176): Illuminate\\Pipeline\\Pipeline->then()
#58 /home/yamojr/devyamo/edusaas/edusaas/vendor/laravel/framework/src/Illuminate/Foundation/Http/Kernel.php(145): Illuminate\\Foundation\\Http\\Kernel->sendRequestThroughRouter()
#59 /home/yamojr/devyamo/edusaas/edusaas/vendor/laravel/framework/src/Illuminate/Foundation/Application.php(1220): Illuminate\\Foundation\\Http\\Kernel->handle()
#60 /home/yamojr/devyamo/edusaas/edusaas/public/index.php(19): Illuminate\\Foundation\\Application->handleRequest()
#61 /home/yamojr/devyamo/edusaas/edusaas/vendor/laravel/framework/src/Illuminate/Foundation/resources/server.php(23): require_once('...')
#62 {main}
"} 
[2026-03-22 04:15:51] local.ERROR: Target class [App\Http\Controllers\School\ExamController] does not exist. {"userId":4,"exception":"[object] (Illuminate\\Contracts\\Container\\BindingResolutionException(code: 0): Target class [App\\Http\\Controllers\\School\\ExamController] does not exist. at /home/yamojr/devyamo/edusaas/edusaas/vendor/laravel/framework/src/Illuminate/Container/Container.php:961)
[stacktrace]
#0 /home/yamojr/devyamo/edusaas/edusaas/vendor/laravel/framework/src/Illuminate/Container/Container.php(832): Illuminate\\Container\\Container->build()
#1 /home/yamojr/devyamo/edusaas/edusaas/vendor/laravel/framework/src/Illuminate/Foundation/Application.php(1078): Illuminate\\Container\\Container->resolve()
#2 /home/yamojr/devyamo/edusaas/edusaas/vendor/laravel/framework/src/Illuminate/Container/Container.php(763): Illuminate\\Foundation\\Application->resolve()
#3 /home/yamojr/devyamo/edusaas/edusaas/vendor/laravel/framework/src/Illuminate/Foundation/Application.php(1058): Illuminate\\Container\\Container->make()
#4 /home/yamojr/devyamo/edusaas/edusaas/vendor/laravel/framework/src/Illuminate/Routing/Route.php(285): Illuminate\\Foundation\\Application->make()
#5 /home/yamojr/devyamo/edusaas/edusaas/vendor/laravel/framework/src/Illuminate/Routing/Route.php(267): Illuminate\\Routing\\Route->getController()
#6 /home/yamojr/devyamo/edusaas/edusaas/vendor/laravel/framework/src/Illuminate/Routing/Route.php(212): Illuminate\\Routing\\Route->runController()
#7 /home/yamojr/devyamo/edusaas/edusaas/vendor/laravel/framework/src/Illuminate/Routing/Router.php(808): Illuminate\\Routing\\Route->run()
#8 /home/yamojr/devyamo/edusaas/edusaas/vendor/laravel/framework/src/Illuminate/Pipeline/Pipeline.php(170): Illuminate\\Routing\\Router->{closure:Illuminate\\Routing\\Router::runRouteWithinStack():807}()
#9 /home/yamojr/devyamo/edusaas/edusaas/app/Http/Middleware/EnsureTenantAccess.php(26): Illuminate\\Pipeline\\Pipeline->{closure:Illuminate\\Pipeline\\Pipeline::prepareDestination():168}()
#10 /home/yamojr/devyamo/edusaas/edusaas/vendor/laravel/framework/src/Illuminate/Pipeline/Pipeline.php(209): App\\Http\\Middleware\\EnsureTenantAccess->handle()
#11 /home/yamojr/devyamo/edusaas/edusaas/vendor/spatie/laravel-permission/src/Middleware/RoleMiddleware.php(37): Illuminate\\Pipeline\\Pipeline->{closure:{closure:Illuminate\\Pipeline\\Pipeline::carry():184}:185}()
#12 /home/yamojr/devyamo/edusaas/edusaas/vendor/laravel/framework/src/Illuminate/Pipeline/Pipeline.php(209): Spatie\\Permission\\Middleware\\RoleMiddleware->handle()
#13 /home/yamojr/devyamo/edusaas/edusaas/app/Http/Middleware/IdentifyTenant.php(40): Illuminate\\Pipeline\\Pipeline->{closure:{closure:Illuminate\\Pipeline\\Pipeline::carry():184}:185}()
#14 /home/yamojr/devyamo/edusaas/edusaas/vendor/laravel/framework/src/Illuminate/Pipeline/Pipeline.php(209): App\\Http\\Middleware\\IdentifyTenant->handle()
#15 /home/yamojr/devyamo/edusaas/edusaas/vendor/inertiajs/inertia-laravel/src/Middleware.php(122): Illuminate\\Pipeline\\Pipeline->{closure:{closure:Illuminate\\Pipeline\\Pipeline::carry():184}:185}()
#16 /home/yamojr/devyamo/edusaas/edusaas/vendor/laravel/framework/src/Illuminate/Pipeline/Pipeline.php(209): Inertia\\Middleware->handle()
#17 /home/yamojr/devyamo/edusaas/edusaas/vendor/laravel/framework/src/Illuminate/Routing/Middleware/SubstituteBindings.php(51): Illuminate\\Pipeline\\Pipeline->{closure:{closure:Illuminate\\Pipeline\\Pipeline::carry():184}:185}()
#18 /home/yamojr/devyamo/edusaas/edusaas/vendor/laravel/framework/src/Illuminate/Pipeline/Pipeline.php(209): Illuminate\\Routing\\Middleware\\SubstituteBindings->handle()
#19 /home/yamojr/devyamo/edusaas/edusaas/vendor/laravel/framework/src/Illuminate/Auth/Middleware/Authenticate.php(64): Illuminate\\Pipeline\\Pipeline->{closure:{closure:Illuminate\\Pipeline\\Pipeline::carry():184}:185}()
#20 /home/yamojr/devyamo/edusaas/edusaas/vendor/laravel/framework/src/Illuminate/Pipeline/Pipeline.php(209): Illuminate\\Auth\\Middleware\\Authenticate->handle()
#21 /home/yamojr/devyamo/edusaas/edusaas/vendor/laravel/framework/src/Illuminate/Foundation/Http/Middleware/VerifyCsrfToken.php(88): Illuminate\\Pipeline\\Pipeline->{closure:{closure:Illuminate\\Pipeline\\Pipeline::carry():184}:185}()
#22 /home/yamojr/devyamo/edusaas/edusaas/vendor/laravel/framework/src/Illuminate/Pipeline/Pipeline.php(209): Illuminate\\Foundation\\Http\\Middleware\\VerifyCsrfToken->handle()
#23 /home/yamojr/devyamo/edusaas/edusaas/vendor/laravel/framework/src/Illuminate/View/Middleware/ShareErrorsFromSession.php(49): Illuminate\\Pipeline\\Pipeline->{closure:{closure:Illuminate\\Pipeline\\Pipeline::carry():184}:185}()
#24 /home/yamojr/devyamo/edusaas/edusaas/vendor/laravel/framework/src/Illuminate/Pipeline/Pipeline.php(209): Illuminate\\View\\Middleware\\ShareErrorsFromSession->handle()
#25 /home/yamojr/devyamo/edusaas/edusaas/vendor/laravel/framework/src/Illuminate/Session/Middleware/StartSession.php(121): Illuminate\\Pipeline\\Pipeline->{closure:{closure:Illuminate\\Pipeline\\Pipeline::carry():184}:185}()
#26 /home/yamojr/devyamo/edusaas/edusaas/vendor/laravel/framework/src/Illuminate/Session/Middleware/StartSession.php(64): Illuminate\\Session\\Middleware\\StartSession->handleStatefulRequest()
#27 /home/yamojr/devyamo/edusaas/edusaas/vendor/laravel/framework/src/Illuminate/Pipeline/Pipeline.php(209): Illuminate\\Session\\Middleware\\StartSession->handle()
#28 /home/yamojr/devyamo/edusaas/edusaas/vendor/laravel/framework/src/Illuminate/Cookie/Middleware/AddQueuedCookiesToResponse.php(37): Illuminate\\Pipeline\\Pipeline->{closure:{closure:Illuminate\\Pipeline\\Pipeline::carry():184}:185}()
#29 /home/yamojr/devyamo/edusaas/edusaas/vendor/laravel/framework/src/Illuminate/Pipeline/Pipeline.php(209): Illuminate\\Cookie\\Middleware\\AddQueuedCookiesToResponse->handle()
#30 /home/yamojr/devyamo/edusaas/edusaas/vendor/laravel/framework/src/Illuminate/Cookie/Middleware/EncryptCookies.php(75): Illuminate\\Pipeline\\Pipeline->{closure:{closure:Illuminate\\Pipeline\\Pipeline::carry():184}:185}()
#31 /home/yamojr/devyamo/edusaas/edusaas/vendor/laravel/framework/src/Illuminate/Pipeline/Pipeline.php(209): Illuminate\\Cookie\\Middleware\\EncryptCookies->handle()
#32 /home/yamojr/devyamo/edusaas/edusaas/vendor/laravel/framework/src/Illuminate/Pipeline/Pipeline.php(127): Illuminate\\Pipeline\\Pipeline->{closure:{closure:Illuminate\\Pipeline\\Pipeline::carry():184}:185}()
#33 /home/yamojr/devyamo/edusaas/edusaas/vendor/laravel/framework/src/Illuminate/Routing/Router.php(807): Illuminate\\Pipeline\\Pipeline->then()
#34 /home/yamojr/devyamo/edusaas/edusaas/vendor/laravel/framework/src/Illuminate/Routing/Router.php(786): Illuminate\\Routing\\Router->runRouteWithinStack()
#35 /home/yamojr/devyamo/edusaas/edusaas/vendor/laravel/framework/src/Illuminate/Routing/Router.php(750): Illuminate\\Routing\\Router->runRoute()
#36 /home/yamojr/devyamo/edusaas/edusaas/vendor/laravel/framework/src/Illuminate/Routing/Router.php(739): Illuminate\\Routing\\Router->dispatchToRoute()
#37 /home/yamojr/devyamo/edusaas/edusaas/vendor/laravel/framework/src/Illuminate/Foundation/Http/Kernel.php(201): Illuminate\\Routing\\Router->dispatch()
#38 /home/yamojr/devyamo/edusaas/edusaas/vendor/laravel/framework/src/Illuminate/Pipeline/Pipeline.php(170): Illuminate\\Foundation\\Http\\Kernel->{closure:Illuminate\\Foundation\\Http\\Kernel::dispatchToRouter():198}()
#39 /home/yamojr/devyamo/edusaas/edusaas/vendor/laravel/framework/src/Illuminate/Foundation/Http/Middleware/TransformsRequest.php(21): Illuminate\\Pipeline\\Pipeline->{closure:Illuminate\\Pipeline\\Pipeline::prepareDestination():168}()
#40 /home/yamojr/devyamo/edusaas/edusaas/vendor/laravel/framework/src/Illuminate/Foundation/Http/Middleware/ConvertEmptyStringsToNull.php(31): Illuminate\\Foundation\\Http\\Middleware\\TransformsRequest->handle()
#41 /home/yamojr/devyamo/edusaas/edusaas/vendor/laravel/framework/src/Illuminate/Pipeline/Pipeline.php(209): Illuminate\\Foundation\\Http\\Middleware\\ConvertEmptyStringsToNull->handle()
#42 /home/yamojr/devyamo/edusaas/edusaas/vendor/laravel/framework/src/Illuminate/Foundation/Http/Middleware/TransformsRequest.php(21): Illuminate\\Pipeline\\Pipeline->{closure:{closure:Illuminate\\Pipeline\\Pipeline::carry():184}:185}()
#43 /home/yamojr/devyamo/edusaas/edusaas/vendor/laravel/framework/src/Illuminate/Foundation/Http/Middleware/TrimStrings.php(51): Illuminate\\Foundation\\Http\\Middleware\\TransformsRequest->handle()
#44 /home/yamojr/devyamo/edusaas/edusaas/vendor/laravel/framework/src/Illuminate/Pipeline/Pipeline.php(209): Illuminate\\Foundation\\Http\\Middleware\\TrimStrings->handle()
#45 /home/yamojr/devyamo/edusaas/edusaas/vendor/laravel/framework/src/Illuminate/Http/Middleware/ValidatePostSize.php(27): Illuminate\\Pipeline\\Pipeline->{closure:{closure:Illuminate\\Pipeline\\Pipeline::carry():184}:185}()
#46 /home/yamojr/devyamo/edusaas/edusaas/vendor/laravel/framework/src/Illuminate/Pipeline/Pipeline.php(209): Illuminate\\Http\\Middleware\\ValidatePostSize->handle()
#47 /home/yamojr/devyamo/edusaas/edusaas/vendor/laravel/framework/src/Illuminate/Foundation/Http/Middleware/PreventRequestsDuringMaintenance.php(110): Illuminate\\Pipeline\\Pipeline->{closure:{closure:Illuminate\\Pipeline\\Pipeline::carry():184}:185}()
#48 /home/yamojr/devyamo/edusaas/edusaas/vendor/laravel/framework/src/Illuminate/Pipeline/Pipeline.php(209): Illuminate\\Foundation\\Http\\Middleware\\PreventRequestsDuringMaintenance->handle()
#49 /home/yamojr/devyamo/edusaas/edusaas/vendor/laravel/framework/src/Illuminate/Http/Middleware/HandleCors.php(49): Illuminate\\Pipeline\\Pipeline->{closure:{closure:Illuminate\\Pipeline\\Pipeline::carry():184}:185}()
#50 /home/yamojr/devyamo/edusaas/edusaas/vendor/laravel/framework/src/Illuminate/Pipeline/Pipeline.php(209): Illuminate\\Http\\Middleware\\HandleCors->handle()
#51 /home/yamojr/devyamo/edusaas/edusaas/vendor/laravel/framework/src/Illuminate/Http/Middleware/TrustProxies.php(58): Illuminate\\Pipeline\\Pipeline->{closure:{closure:Illuminate\\Pipeline\\Pipeline::carry():184}:185}()
#52 /home/yamojr/devyamo/edusaas/edusaas/vendor/laravel/framework/src/Illuminate/Pipeline/Pipeline.php(209): Illuminate\\Http\\Middleware\\TrustProxies->handle()
#53 /home/yamojr/devyamo/edusaas/edusaas/vendor/laravel/framework/src/Illuminate/Foundation/Http/Middleware/InvokeDeferredCallbacks.php(22): Illuminate\\Pipeline\\Pipeline->{closure:{closure:Illuminate\\Pipeline\\Pipeline::carry():184}:185}()
#54 /home/yamojr/devyamo/edusaas/edusaas/vendor/laravel/framework/src/Illuminate/Pipeline/Pipeline.php(209): Illuminate\\Foundation\\Http\\Middleware\\InvokeDeferredCallbacks->handle()
#55 /home/yamojr/devyamo/edusaas/edusaas/vendor/laravel/framework/src/Illuminate/Pipeline/Pipeline.php(127): Illuminate\\Pipeline\\Pipeline->{closure:{closure:Illuminate\\Pipeline\\Pipeline::carry():184}:185}()
#56 /home/yamojr/devyamo/edusaas/edusaas/vendor/laravel/framework/src/Illuminate/Foundation/Http/Kernel.php(176): Illuminate\\Pipeline\\Pipeline->then()
#57 /home/yamojr/devyamo/edusaas/edusaas/vendor/laravel/framework/src/Illuminate/Foundation/Http/Kernel.php(145): Illuminate\\Foundation\\Http\\Kernel->sendRequestThroughRouter()
#58 /home/yamojr/devyamo/edusaas/edusaas/vendor/laravel/framework/src/Illuminate/Foundation/Application.php(1220): Illuminate\\Foundation\\Http\\Kernel->handle()
#59 /home/yamojr/devyamo/edusaas/edusaas/public/index.php(19): Illuminate\\Foundation\\Application->handleRequest()
#60 /home/yamojr/devyamo/edusaas/edusaas/vendor/laravel/framework/src/Illuminate/Foundation/resources/server.php(23): require_once('...')
#61 {main}

[previous exception] [object] (ReflectionException(code: -1): Class \"App\\Http\\Controllers\\School\\ExamController\" does not exist at /home/yamojr/devyamo/edusaas/edusaas/vendor/laravel/framework/src/Illuminate/Container/Container.php:959)
[stacktrace]
#0 /home/yamojr/devyamo/edusaas/edusaas/vendor/laravel/framework/src/Illuminate/Container/Container.php(959): ReflectionClass->__construct()
#1 /home/yamojr/devyamo/edusaas/edusaas/vendor/laravel/framework/src/Illuminate/Container/Container.php(832): Illuminate\\Container\\Container->build()
#2 /home/yamojr/devyamo/edusaas/edusaas/vendor/laravel/framework/src/Illuminate/Foundation/Application.php(1078): Illuminate\\Container\\Container->resolve()
#3 /home/yamojr/devyamo/edusaas/edusaas/vendor/laravel/framework/src/Illuminate/Container/Container.php(763): Illuminate\\Foundation\\Application->resolve()
#4 /home/yamojr/devyamo/edusaas/edusaas/vendor/laravel/framework/src/Illuminate/Foundation/Application.php(1058): Illuminate\\Container\\Container->make()
#5 /home/yamojr/devyamo/edusaas/edusaas/vendor/laravel/framework/src/Illuminate/Routing/Route.php(285): Illuminate\\Foundation\\Application->make()
#6 /home/yamojr/devyamo/edusaas/edusaas/vendor/laravel/framework/src/Illuminate/Routing/Route.php(267): Illuminate\\Routing\\Route->getController()
#7 /home/yamojr/devyamo/edusaas/edusaas/vendor/laravel/framework/src/Illuminate/Routing/Route.php(212): Illuminate\\Routing\\Route->runController()
#8 /home/yamojr/devyamo/edusaas/edusaas/vendor/laravel/framework/src/Illuminate/Routing/Router.php(808): Illuminate\\Routing\\Route->run()
#9 /home/yamojr/devyamo/edusaas/edusaas/vendor/laravel/framework/src/Illuminate/Pipeline/Pipeline.php(170): Illuminate\\Routing\\Router->{closure:Illuminate\\Routing\\Router::runRouteWithinStack():807}()
#10 /home/yamojr/devyamo/edusaas/edusaas/app/Http/Middleware/EnsureTenantAccess.php(26): Illuminate\\Pipeline\\Pipeline->{closure:Illuminate\\Pipeline\\Pipeline::prepareDestination():168}()
#11 /home/yamojr/devyamo/edusaas/edusaas/vendor/laravel/framework/src/Illuminate/Pipeline/Pipeline.php(209): App\\Http\\Middleware\\EnsureTenantAccess->handle()
#12 /home/yamojr/devyamo/edusaas/edusaas/vendor/spatie/laravel-permission/src/Middleware/RoleMiddleware.php(37): Illuminate\\Pipeline\\Pipeline->{closure:{closure:Illuminate\\Pipeline\\Pipeline::carry():184}:185}()
#13 /home/yamojr/devyamo/edusaas/edusaas/vendor/laravel/framework/src/Illuminate/Pipeline/Pipeline.php(209): Spatie\\Permission\\Middleware\\RoleMiddleware->handle()
#14 /home/yamojr/devyamo/edusaas/edusaas/app/Http/Middleware/IdentifyTenant.php(40): Illuminate\\Pipeline\\Pipeline->{closure:{closure:Illuminate\\Pipeline\\Pipeline::carry():184}:185}()
#15 /home/yamojr/devyamo/edusaas/edusaas/vendor/laravel/framework/src/Illuminate/Pipeline/Pipeline.php(209): App\\Http\\Middleware\\IdentifyTenant->handle()
#16 /home/yamojr/devyamo/edusaas/edusaas/vendor/inertiajs/inertia-laravel/src/Middleware.php(122): Illuminate\\Pipeline\\Pipeline->{closure:{closure:Illuminate\\Pipeline\\Pipeline::carry():184}:185}()
#17 /home/yamojr/devyamo/edusaas/edusaas/vendor/laravel/framework/src/Illuminate/Pipeline/Pipeline.php(209): Inertia\\Middleware->handle()
#18 /home/yamojr/devyamo/edusaas/edusaas/vendor/laravel/framework/src/Illuminate/Routing/Middleware/SubstituteBindings.php(51): Illuminate\\Pipeline\\Pipeline->{closure:{closure:Illuminate\\Pipeline\\Pipeline::carry():184}:185}()
#19 /home/yamojr/devyamo/edusaas/edusaas/vendor/laravel/framework/src/Illuminate/Pipeline/Pipeline.php(209): Illuminate\\Routing\\Middleware\\SubstituteBindings->handle()
#20 /home/yamojr/devyamo/edusaas/edusaas/vendor/laravel/framework/src/Illuminate/Auth/Middleware/Authenticate.php(64): Illuminate\\Pipeline\\Pipeline->{closure:{closure:Illuminate\\Pipeline\\Pipeline::carry():184}:185}()
#21 /home/yamojr/devyamo/edusaas/edusaas/vendor/laravel/framework/src/Illuminate/Pipeline/Pipeline.php(209): Illuminate\\Auth\\Middleware\\Authenticate->handle()
#22 /home/yamojr/devyamo/edusaas/edusaas/vendor/laravel/framework/src/Illuminate/Foundation/Http/Middleware/VerifyCsrfToken.php(88): Illuminate\\Pipeline\\Pipeline->{closure:{closure:Illuminate\\Pipeline\\Pipeline::carry():184}:185}()
#23 /home/yamojr/devyamo/edusaas/edusaas/vendor/laravel/framework/src/Illuminate/Pipeline/Pipeline.php(209): Illuminate\\Foundation\\Http\\Middleware\\VerifyCsrfToken->handle()
#24 /home/yamojr/devyamo/edusaas/edusaas/vendor/laravel/framework/src/Illuminate/View/Middleware/ShareErrorsFromSession.php(49): Illuminate\\Pipeline\\Pipeline->{closure:{closure:Illuminate\\Pipeline\\Pipeline::carry():184}:185}()
#25 /home/yamojr/devyamo/edusaas/edusaas/vendor/laravel/framework/src/Illuminate/Pipeline/Pipeline.php(209): Illuminate\\View\\Middleware\\ShareErrorsFromSession->handle()
#26 /home/yamojr/devyamo/edusaas/edusaas/vendor/laravel/framework/src/Illuminate/Session/Middleware/StartSession.php(121): Illuminate\\Pipeline\\Pipeline->{closure:{closure:Illuminate\\Pipeline\\Pipeline::carry():184}:185}()
#27 /home/yamojr/devyamo/edusaas/edusaas/vendor/laravel/framework/src/Illuminate/Session/Middleware/StartSession.php(64): Illuminate\\Session\\Middleware\\StartSession->handleStatefulRequest()
#28 /home/yamojr/devyamo/edusaas/edusaas/vendor/laravel/framework/src/Illuminate/Pipeline/Pipeline.php(209): Illuminate\\Session\\Middleware\\StartSession->handle()
#29 /home/yamojr/devyamo/edusaas/edusaas/vendor/laravel/framework/src/Illuminate/Cookie/Middleware/AddQueuedCookiesToResponse.php(37): Illuminate\\Pipeline\\Pipeline->{closure:{closure:Illuminate\\Pipeline\\Pipeline::carry():184}:185}()
#30 /home/yamojr/devyamo/edusaas/edusaas/vendor/laravel/framework/src/Illuminate/Pipeline/Pipeline.php(209): Illuminate\\Cookie\\Middleware\\AddQueuedCookiesToResponse->handle()
#31 /home/yamojr/devyamo/edusaas/edusaas/vendor/laravel/framework/src/Illuminate/Cookie/Middleware/EncryptCookies.php(75): Illuminate\\Pipeline\\Pipeline->{closure:{closure:Illuminate\\Pipeline\\Pipeline::carry():184}:185}()
#32 /home/yamojr/devyamo/edusaas/edusaas/vendor/laravel/framework/src/Illuminate/Pipeline/Pipeline.php(209): Illuminate\\Cookie\\Middleware\\EncryptCookies->handle()
#33 /home/yamojr/devyamo/edusaas/edusaas/vendor/laravel/framework/src/Illuminate/Pipeline/Pipeline.php(127): Illuminate\\Pipeline\\Pipeline->{closure:{closure:Illuminate\\Pipeline\\Pipeline::carry():184}:185}()
#34 /home/yamojr/devyamo/edusaas/edusaas/vendor/laravel/framework/src/Illuminate/Routing/Router.php(807): Illuminate\\Pipeline\\Pipeline->then()
#35 /home/yamojr/devyamo/edusaas/edusaas/vendor/laravel/framework/src/Illuminate/Routing/Router.php(786): Illuminate\\Routing\\Router->runRouteWithinStack()
#36 /home/yamojr/devyamo/edusaas/edusaas/vendor/laravel/framework/src/Illuminate/Routing/Router.php(750): Illuminate\\Routing\\Router->runRoute()
#37 /home/yamojr/devyamo/edusaas/edusaas/vendor/laravel/framework/src/Illuminate/Routing/Router.php(739): Illuminate\\Routing\\Router->dispatchToRoute()
#38 /home/yamojr/devyamo/edusaas/edusaas/vendor/laravel/framework/src/Illuminate/Foundation/Http/Kernel.php(201): Illuminate\\Routing\\Router->dispatch()
#39 /home/yamojr/devyamo/edusaas/edusaas/vendor/laravel/framework/src/Illuminate/Pipeline/Pipeline.php(170): Illuminate\\Foundation\\Http\\Kernel->{closure:Illuminate\\Foundation\\Http\\Kernel::dispatchToRouter():198}()
#40 /home/yamojr/devyamo/edusaas/edusaas/vendor/laravel/framework/src/Illuminate/Foundation/Http/Middleware/TransformsRequest.php(21): Illuminate\\Pipeline\\Pipeline->{closure:Illuminate\\Pipeline\\Pipeline::prepareDestination():168}()
#41 /home/yamojr/devyamo/edusaas/edusaas/vendor/laravel/framework/src/Illuminate/Foundation/Http/Middleware/ConvertEmptyStringsToNull.php(31): Illuminate\\Foundation\\Http\\Middleware\\TransformsRequest->handle()
#42 /home/yamojr/devyamo/edusaas/edusaas/vendor/laravel/framework/src/Illuminate/Pipeline/Pipeline.php(209): Illuminate\\Foundation\\Http\\Middleware\\ConvertEmptyStringsToNull->handle()
#43 /home/yamojr/devyamo/edusaas/edusaas/vendor/laravel/framework/src/Illuminate/Foundation/Http/Middleware/TransformsRequest.php(21): Illuminate\\Pipeline\\Pipeline->{closure:{closure:Illuminate\\Pipeline\\Pipeline::carry():184}:185}()
#44 /home/yamojr/devyamo/edusaas/edusaas/vendor/laravel/framework/src/Illuminate/Foundation/Http/Middleware/TrimStrings.php(51): Illuminate\\Foundation\\Http\\Middleware\\TransformsRequest->handle()
#45 /home/yamojr/devyamo/edusaas/edusaas/vendor/laravel/framework/src/Illuminate/Pipeline/Pipeline.php(209): Illuminate\\Foundation\\Http\\Middleware\\TrimStrings->handle()
#46 /home/yamojr/devyamo/edusaas/edusaas/vendor/laravel/framework/src/Illuminate/Http/Middleware/ValidatePostSize.php(27): Illuminate\\Pipeline\\Pipeline->{closure:{closure:Illuminate\\Pipeline\\Pipeline::carry():184}:185}()
#47 /home/yamojr/devyamo/edusaas/edusaas/vendor/laravel/framework/src/Illuminate/Pipeline/Pipeline.php(209): Illuminate\\Http\\Middleware\\ValidatePostSize->handle()
#48 /home/yamojr/devyamo/edusaas/edusaas/vendor/laravel/framework/src/Illuminate/Foundation/Http/Middleware/PreventRequestsDuringMaintenance.php(110): Illuminate\\Pipeline\\Pipeline->{closure:{closure:Illuminate\\Pipeline\\Pipeline::carry():184}:185}()
#49 /home/yamojr/devyamo/edusaas/edusaas/vendor/laravel/framework/src/Illuminate/Pipeline/Pipeline.php(209): Illuminate\\Foundation\\Http\\Middleware\\PreventRequestsDuringMaintenance->handle()
#50 /home/yamojr/devyamo/edusaas/edusaas/vendor/laravel/framework/src/Illuminate/Http/Middleware/HandleCors.php(49): Illuminate\\Pipeline\\Pipeline->{closure:{closure:Illuminate\\Pipeline\\Pipeline::carry():184}:185}()
#51 /home/yamojr/devyamo/edusaas/edusaas/vendor/laravel/framework/src/Illuminate/Pipeline/Pipeline.php(209): Illuminate\\Http\\Middleware\\HandleCors->handle()
#52 /home/yamojr/devyamo/edusaas/edusaas/vendor/laravel/framework/src/Illuminate/Http/Middleware/TrustProxies.php(58): Illuminate\\Pipeline\\Pipeline->{closure:{closure:Illuminate\\Pipeline\\Pipeline::carry():184}:185}()
#53 /home/yamojr/devyamo/edusaas/edusaas/vendor/laravel/framework/src/Illuminate/Pipeline/Pipeline.php(209): Illuminate\\Http\\Middleware\\TrustProxies->handle()
#54 /home/yamojr/devyamo/edusaas/edusaas/vendor/laravel/framework/src/Illuminate/Foundation/Http/Middleware/InvokeDeferredCallbacks.php(22): Illuminate\\Pipeline\\Pipeline->{closure:{closure:Illuminate\\Pipeline\\Pipeline::carry():184}:185}()
#55 /home/yamojr/devyamo/edusaas/edusaas/vendor/laravel/framework/src/Illuminate/Pipeline/Pipeline.php(209): Illuminate\\Foundation\\Http\\Middleware\\InvokeDeferredCallbacks->handle()
#56 /home/yamojr/devyamo/edusaas/edusaas/vendor/laravel/framework/src/Illuminate/Pipeline/Pipeline.php(127): Illuminate\\Pipeline\\Pipeline->{closure:{closure:Illuminate\\Pipeline\\Pipeline::carry():184}:185}()
#57 /home/yamojr/devyamo/edusaas/edusaas/vendor/laravel/framework/src/Illuminate/Foundation/Http/Kernel.php(176): Illuminate\\Pipeline\\Pipeline->then()
#58 /home/yamojr/devyamo/edusaas/edusaas/vendor/laravel/framework/src/Illuminate/Foundation/Http/Kernel.php(145): Illuminate\\Foundation\\Http\\Kernel->sendRequestThroughRouter()
#59 /home/yamojr/devyamo/edusaas/edusaas/vendor/laravel/framework/src/Illuminate/Foundation/Application.php(1220): Illuminate\\Foundation\\Http\\Kernel->handle()
#60 /home/yamojr/devyamo/edusaas/edusaas/public/index.php(19): Illuminate\\Foundation\\Application->handleRequest()
#61 /home/yamojr/devyamo/edusaas/edusaas/vendor/laravel/framework/src/Illuminate/Foundation/resources/server.php(23): require_once('...')
#62 {main}
"} 
[2026-03-22 04:15:52] local.ERROR: Target class [App\Http\Controllers\School\ExamController] does not exist. {"userId":4,"exception":"[object] (Illuminate\\Contracts\\Container\\BindingResolutionException(code: 0): Target class [App\\Http\\Controllers\\School\\ExamController] does not exist. at /home/yamojr/devyamo/edusaas/edusaas/vendor/laravel/framework/src/Illuminate/Container/Container.php:961)
[stacktrace]
#0 /home/yamojr/devyamo/edusaas/edusaas/vendor/laravel/framework/src/Illuminate/Container/Container.php(832): Illuminate\\Container\\Container->build()
#1 /home/yamojr/devyamo/edusaas/edusaas/vendor/laravel/framework/src/Illuminate/Foundation/Application.php(1078): Illuminate\\Container\\Container->resolve()
#2 /home/yamojr/devyamo/edusaas/edusaas/vendor/laravel/framework/src/Illuminate/Container/Container.php(763): Illuminate\\Foundation\\Application->resolve()
#3 /home/yamojr/devyamo/edusaas/edusaas/vendor/laravel/framework/src/Illuminate/Foundation/Application.php(1058): Illuminate\\Container\\Container->make()
#4 /home/yamojr/devyamo/edusaas/edusaas/vendor/laravel/framework/src/Illuminate/Routing/Route.php(285): Illuminate\\Foundation\\Application->make()
#5 /home/yamojr/devyamo/edusaas/edusaas/vendor/laravel/framework/src/Illuminate/Routing/Route.php(267): Illuminate\\Routing\\Route->getController()
#6 /home/yamojr/devyamo/edusaas/edusaas/vendor/laravel/framework/src/Illuminate/Routing/Route.php(212): Illuminate\\Routing\\Route->runController()
#7 /home/yamojr/devyamo/edusaas/edusaas/vendor/laravel/framework/src/Illuminate/Routing/Router.php(808): Illuminate\\Routing\\Route->run()
#8 /home/yamojr/devyamo/edusaas/edusaas/vendor/laravel/framework/src/Illuminate/Pipeline/Pipeline.php(170): Illuminate\\Routing\\Router->{closure:Illuminate\\Routing\\Router::runRouteWithinStack():807}()
#9 /home/yamojr/devyamo/edusaas/edusaas/app/Http/Middleware/EnsureTenantAccess.php(26): Illuminate\\Pipeline\\Pipeline->{closure:Illuminate\\Pipeline\\Pipeline::prepareDestination():168}()
#10 /home/yamojr/devyamo/edusaas/edusaas/vendor/laravel/framework/src/Illuminate/Pipeline/Pipeline.php(209): App\\Http\\Middleware\\EnsureTenantAccess->handle()
#11 /home/yamojr/devyamo/edusaas/edusaas/vendor/spatie/laravel-permission/src/Middleware/RoleMiddleware.php(37): Illuminate\\Pipeline\\Pipeline->{closure:{closure:Illuminate\\Pipeline\\Pipeline::carry():184}:185}()
#12 /home/yamojr/devyamo/edusaas/edusaas/vendor/laravel/framework/src/Illuminate/Pipeline/Pipeline.php(209): Spatie\\Permission\\Middleware\\RoleMiddleware->handle()
#13 /home/yamojr/devyamo/edusaas/edusaas/app/Http/Middleware/IdentifyTenant.php(40): Illuminate\\Pipeline\\Pipeline->{closure:{closure:Illuminate\\Pipeline\\Pipeline::carry():184}:185}()
#14 /home/yamojr/devyamo/edusaas/edusaas/vendor/laravel/framework/src/Illuminate/Pipeline/Pipeline.php(209): App\\Http\\Middleware\\IdentifyTenant->handle()
#15 /home/yamojr/devyamo/edusaas/edusaas/vendor/inertiajs/inertia-laravel/src/Middleware.php(122): Illuminate\\Pipeline\\Pipeline->{closure:{closure:Illuminate\\Pipeline\\Pipeline::carry():184}:185}()
#16 /home/yamojr/devyamo/edusaas/edusaas/vendor/laravel/framework/src/Illuminate/Pipeline/Pipeline.php(209): Inertia\\Middleware->handle()
#17 /home/yamojr/devyamo/edusaas/edusaas/vendor/laravel/framework/src/Illuminate/Routing/Middleware/SubstituteBindings.php(51): Illuminate\\Pipeline\\Pipeline->{closure:{closure:Illuminate\\Pipeline\\Pipeline::carry():184}:185}()
#18 /home/yamojr/devyamo/edusaas/edusaas/vendor/laravel/framework/src/Illuminate/Pipeline/Pipeline.php(209): Illuminate\\Routing\\Middleware\\SubstituteBindings->handle()
#19 /home/yamojr/devyamo/edusaas/edusaas/vendor/laravel/framework/src/Illuminate/Auth/Middleware/Authenticate.php(64): Illuminate\\Pipeline\\Pipeline->{closure:{closure:Illuminate\\Pipeline\\Pipeline::carry():184}:185}()
#20 /home/yamojr/devyamo/edusaas/edusaas/vendor/laravel/framework/src/Illuminate/Pipeline/Pipeline.php(209): Illuminate\\Auth\\Middleware\\Authenticate->handle()
#21 /home/yamojr/devyamo/edusaas/edusaas/vendor/laravel/framework/src/Illuminate/Foundation/Http/Middleware/VerifyCsrfToken.php(88): Illuminate\\Pipeline\\Pipeline->{closure:{closure:Illuminate\\Pipeline\\Pipeline::carry():184}:185}()
#22 /home/yamojr/devyamo/edusaas/edusaas/vendor/laravel/framework/src/Illuminate/Pipeline/Pipeline.php(209): Illuminate\\Foundation\\Http\\Middleware\\VerifyCsrfToken->handle()
#23 /home/yamojr/devyamo/edusaas/edusaas/vendor/laravel/framework/src/Illuminate/View/Middleware/ShareErrorsFromSession.php(49): Illuminate\\Pipeline\\Pipeline->{closure:{closure:Illuminate\\Pipeline\\Pipeline::carry():184}:185}()
#24 /home/yamojr/devyamo/edusaas/edusaas/vendor/laravel/framework/src/Illuminate/Pipeline/Pipeline.php(209): Illuminate\\View\\Middleware\\ShareErrorsFromSession->handle()
#25 /home/yamojr/devyamo/edusaas/edusaas/vendor/laravel/framework/src/Illuminate/Session/Middleware/StartSession.php(121): Illuminate\\Pipeline\\Pipeline->{closure:{closure:Illuminate\\Pipeline\\Pipeline::carry():184}:185}()
#26 /home/yamojr/devyamo/edusaas/edusaas/vendor/laravel/framework/src/Illuminate/Session/Middleware/StartSession.php(64): Illuminate\\Session\\Middleware\\StartSession->handleStatefulRequest()
#27 /home/yamojr/devyamo/edusaas/edusaas/vendor/laravel/framework/src/Illuminate/Pipeline/Pipeline.php(209): Illuminate\\Session\\Middleware\\StartSession->handle()
#28 /home/yamojr/devyamo/edusaas/edusaas/vendor/laravel/framework/src/Illuminate/Cookie/Middleware/AddQueuedCookiesToResponse.php(37): Illuminate\\Pipeline\\Pipeline->{closure:{closure:Illuminate\\Pipeline\\Pipeline::carry():184}:185}()
#29 /home/yamojr/devyamo/edusaas/edusaas/vendor/laravel/framework/src/Illuminate/Pipeline/Pipeline.php(209): Illuminate\\Cookie\\Middleware\\AddQueuedCookiesToResponse->handle()
#30 /home/yamojr/devyamo/edusaas/edusaas/vendor/laravel/framework/src/Illuminate/Cookie/Middleware/EncryptCookies.php(75): Illuminate\\Pipeline\\Pipeline->{closure:{closure:Illuminate\\Pipeline\\Pipeline::carry():184}:185}()
#31 /home/yamojr/devyamo/edusaas/edusaas/vendor/laravel/framework/src/Illuminate/Pipeline/Pipeline.php(209): Illuminate\\Cookie\\Middleware\\EncryptCookies->handle()
#32 /home/yamojr/devyamo/edusaas/edusaas/vendor/laravel/framework/src/Illuminate/Pipeline/Pipeline.php(127): Illuminate\\Pipeline\\Pipeline->{closure:{closure:Illuminate\\Pipeline\\Pipeline::carry():184}:185}()
#33 /home/yamojr/devyamo/edusaas/edusaas/vendor/laravel/framework/src/Illuminate/Routing/Router.php(807): Illuminate\\Pipeline\\Pipeline->then()
#34 /home/yamojr/devyamo/edusaas/edusaas/vendor/laravel/framework/src/Illuminate/Routing/Router.php(786): Illuminate\\Routing\\Router->runRouteWithinStack()
#35 /home/yamojr/devyamo/edusaas/edusaas/vendor/laravel/framework/src/Illuminate/Routing/Router.php(750): Illuminate\\Routing\\Router->runRoute()
#36 /home/yamojr/devyamo/edusaas/edusaas/vendor/laravel/framework/src/Illuminate/Routing/Router.php(739): Illuminate\\Routing\\Router->dispatchToRoute()
#37 /home/yamojr/devyamo/edusaas/edusaas/vendor/laravel/framework/src/Illuminate/Foundation/Http/Kernel.php(201): Illuminate\\Routing\\Router->dispatch()
#38 /home/yamojr/devyamo/edusaas/edusaas/vendor/laravel/framework/src/Illuminate/Pipeline/Pipeline.php(170): Illuminate\\Foundation\\Http\\Kernel->{closure:Illuminate\\Foundation\\Http\\Kernel::dispatchToRouter():198}()
#39 /home/yamojr/devyamo/edusaas/edusaas/vendor/laravel/framework/src/Illuminate/Foundation/Http/Middleware/TransformsRequest.php(21): Illuminate\\Pipeline\\Pipeline->{closure:Illuminate\\Pipeline\\Pipeline::prepareDestination():168}()
#40 /home/yamojr/devyamo/edusaas/edusaas/vendor/laravel/framework/src/Illuminate/Foundation/Http/Middleware/ConvertEmptyStringsToNull.php(31): Illuminate\\Foundation\\Http\\Middleware\\TransformsRequest->handle()
#41 /home/yamojr/devyamo/edusaas/edusaas/vendor/laravel/framework/src/Illuminate/Pipeline/Pipeline.php(209): Illuminate\\Foundation\\Http\\Middleware\\ConvertEmptyStringsToNull->handle()
#42 /home/yamojr/devyamo/edusaas/edusaas/vendor/laravel/framework/src/Illuminate/Foundation/Http/Middleware/TransformsRequest.php(21): Illuminate\\Pipeline\\Pipeline->{closure:{closure:Illuminate\\Pipeline\\Pipeline::carry():184}:185}()
#43 /home/yamojr/devyamo/edusaas/edusaas/vendor/laravel/framework/src/Illuminate/Foundation/Http/Middleware/TrimStrings.php(51): Illuminate\\Foundation\\Http\\Middleware\\TransformsRequest->handle()
#44 /home/yamojr/devyamo/edusaas/edusaas/vendor/laravel/framework/src/Illuminate/Pipeline/Pipeline.php(209): Illuminate\\Foundation\\Http\\Middleware\\TrimStrings->handle()
#45 /home/yamojr/devyamo/edusaas/edusaas/vendor/laravel/framework/src/Illuminate/Http/Middleware/ValidatePostSize.php(27): Illuminate\\Pipeline\\Pipeline->{closure:{closure:Illuminate\\Pipeline\\Pipeline::carry():184}:185}()
#46 /home/yamojr/devyamo/edusaas/edusaas/vendor/laravel/framework/src/Illuminate/Pipeline/Pipeline.php(209): Illuminate\\Http\\Middleware\\ValidatePostSize->handle()
#47 /home/yamojr/devyamo/edusaas/edusaas/vendor/laravel/framework/src/Illuminate/Foundation/Http/Middleware/PreventRequestsDuringMaintenance.php(110): Illuminate\\Pipeline\\Pipeline->{closure:{closure:Illuminate\\Pipeline\\Pipeline::carry():184}:185}()
#48 /home/yamojr/devyamo/edusaas/edusaas/vendor/laravel/framework/src/Illuminate/Pipeline/Pipeline.php(209): Illuminate\\Foundation\\Http\\Middleware\\PreventRequestsDuringMaintenance->handle()
#49 /home/yamojr/devyamo/edusaas/edusaas/vendor/laravel/framework/src/Illuminate/Http/Middleware/HandleCors.php(49): Illuminate\\Pipeline\\Pipeline->{closure:{closure:Illuminate\\Pipeline\\Pipeline::carry():184}:185}()
#50 /home/yamojr/devyamo/edusaas/edusaas/vendor/laravel/framework/src/Illuminate/Pipeline/Pipeline.php(209): Illuminate\\Http\\Middleware\\HandleCors->handle()
#51 /home/yamojr/devyamo/edusaas/edusaas/vendor/laravel/framework/src/Illuminate/Http/Middleware/TrustProxies.php(58): Illuminate\\Pipeline\\Pipeline->{closure:{closure:Illuminate\\Pipeline\\Pipeline::carry():184}:185}()
#52 /home/yamojr/devyamo/edusaas/edusaas/vendor/laravel/framework/src/Illuminate/Pipeline/Pipeline.php(209): Illuminate\\Http\\Middleware\\TrustProxies->handle()
#53 /home/yamojr/devyamo/edusaas/edusaas/vendor/laravel/framework/src/Illuminate/Foundation/Http/Middleware/InvokeDeferredCallbacks.php(22): Illuminate\\Pipeline\\Pipeline->{closure:{closure:Illuminate\\Pipeline\\Pipeline::carry():184}:185}()
#54 /home/yamojr/devyamo/edusaas/edusaas/vendor/laravel/framework/src/Illuminate/Pipeline/Pipeline.php(209): Illuminate\\Foundation\\Http\\Middleware\\InvokeDeferredCallbacks->handle()
#55 /home/yamojr/devyamo/edusaas/edusaas/vendor/laravel/framework/src/Illuminate/Pipeline/Pipeline.php(127): Illuminate\\Pipeline\\Pipeline->{closure:{closure:Illuminate\\Pipeline\\Pipeline::carry():184}:185}()
#56 /home/yamojr/devyamo/edusaas/edusaas/vendor/laravel/framework/src/Illuminate/Foundation/Http/Kernel.php(176): Illuminate\\Pipeline\\Pipeline->then()
#57 /home/yamojr/devyamo/edusaas/edusaas/vendor/laravel/framework/src/Illuminate/Foundation/Http/Kernel.php(145): Illuminate\\Foundation\\Http\\Kernel->sendRequestThroughRouter()
#58 /home/yamojr/devyamo/edusaas/edusaas/vendor/laravel/framework/src/Illuminate/Foundation/Application.php(1220): Illuminate\\Foundation\\Http\\Kernel->handle()
#59 /home/yamojr/devyamo/edusaas/edusaas/public/index.php(19): Illuminate\\Foundation\\Application->handleRequest()
#60 /home/yamojr/devyamo/edusaas/edusaas/vendor/laravel/framework/src/Illuminate/Foundation/resources/server.php(23): require_once('...')
#61 {main}

[previous exception] [object] (ReflectionException(code: -1): Class \"App\\Http\\Controllers\\School\\ExamController\" does not exist at /home/yamojr/devyamo/edusaas/edusaas/vendor/laravel/framework/src/Illuminate/Container/Container.php:959)
[stacktrace]
#0 /home/yamojr/devyamo/edusaas/edusaas/vendor/laravel/framework/src/Illuminate/Container/Container.php(959): ReflectionClass->__construct()
#1 /home/yamojr/devyamo/edusaas/edusaas/vendor/laravel/framework/src/Illuminate/Container/Container.php(832): Illuminate\\Container\\Container->build()
#2 /home/yamojr/devyamo/edusaas/edusaas/vendor/laravel/framework/src/Illuminate/Foundation/Application.php(1078): Illuminate\\Container\\Container->resolve()
#3 /home/yamojr/devyamo/edusaas/edusaas/vendor/laravel/framework/src/Illuminate/Container/Container.php(763): Illuminate\\Foundation\\Application->resolve()
#4 /home/yamojr/devyamo/edusaas/edusaas/vendor/laravel/framework/src/Illuminate/Foundation/Application.php(1058): Illuminate\\Container\\Container->make()
#5 /home/yamojr/devyamo/edusaas/edusaas/vendor/laravel/framework/src/Illuminate/Routing/Route.php(285): Illuminate\\Foundation\\Application->make()
#6 /home/yamojr/devyamo/edusaas/edusaas/vendor/laravel/framework/src/Illuminate/Routing/Route.php(267): Illuminate\\Routing\\Route->getController()
#7 /home/yamojr/devyamo/edusaas/edusaas/vendor/laravel/framework/src/Illuminate/Routing/Route.php(212): Illuminate\\Routing\\Route->runController()
#8 /home/yamojr/devyamo/edusaas/edusaas/vendor/laravel/framework/src/Illuminate/Routing/Router.php(808): Illuminate\\Routing\\Route->run()
#9 /home/yamojr/devyamo/edusaas/edusaas/vendor/laravel/framework/src/Illuminate/Pipeline/Pipeline.php(170): Illuminate\\Routing\\Router->{closure:Illuminate\\Routing\\Router::runRouteWithinStack():807}()
#10 /home/yamojr/devyamo/edusaas/edusaas/app/Http/Middleware/EnsureTenantAccess.php(26): Illuminate\\Pipeline\\Pipeline->{closure:Illuminate\\Pipeline\\Pipeline::prepareDestination():168}()
#11 /home/yamojr/devyamo/edusaas/edusaas/vendor/laravel/framework/src/Illuminate/Pipeline/Pipeline.php(209): App\\Http\\Middleware\\EnsureTenantAccess->handle()
#12 /home/yamojr/devyamo/edusaas/edusaas/vendor/spatie/laravel-permission/src/Middleware/RoleMiddleware.php(37): Illuminate\\Pipeline\\Pipeline->{closure:{closure:Illuminate\\Pipeline\\Pipeline::carry():184}:185}()
#13 /home/yamojr/devyamo/edusaas/edusaas/vendor/laravel/framework/src/Illuminate/Pipeline/Pipeline.php(209): Spatie\\Permission\\Middleware\\RoleMiddleware->handle()
#14 /home/yamojr/devyamo/edusaas/edusaas/app/Http/Middleware/IdentifyTenant.php(40): Illuminate\\Pipeline\\Pipeline->{closure:{closure:Illuminate\\Pipeline\\Pipeline::carry():184}:185}()
#15 /home/yamojr/devyamo/edusaas/edusaas/vendor/laravel/framework/src/Illuminate/Pipeline/Pipeline.php(209): App\\Http\\Middleware\\IdentifyTenant->handle()
#16 /home/yamojr/devyamo/edusaas/edusaas/vendor/inertiajs/inertia-laravel/src/Middleware.php(122): Illuminate\\Pipeline\\Pipeline->{closure:{closure:Illuminate\\Pipeline\\Pipeline::carry():184}:185}()
#17 /home/yamojr/devyamo/edusaas/edusaas/vendor/laravel/framework/src/Illuminate/Pipeline/Pipeline.php(209): Inertia\\Middleware->handle()
#18 /home/yamojr/devyamo/edusaas/edusaas/vendor/laravel/framework/src/Illuminate/Routing/Middleware/SubstituteBindings.php(51): Illuminate\\Pipeline\\Pipeline->{closure:{closure:Illuminate\\Pipeline\\Pipeline::carry():184}:185}()
#19 /home/yamojr/devyamo/edusaas/edusaas/vendor/laravel/framework/src/Illuminate/Pipeline/Pipeline.php(209): Illuminate\\Routing\\Middleware\\SubstituteBindings->handle()
#20 /home/yamojr/devyamo/edusaas/edusaas/vendor/laravel/framework/src/Illuminate/Auth/Middleware/Authenticate.php(64): Illuminate\\Pipeline\\Pipeline->{closure:{closure:Illuminate\\Pipeline\\Pipeline::carry():184}:185}()
#21 /home/yamojr/devyamo/edusaas/edusaas/vendor/laravel/framework/src/Illuminate/Pipeline/Pipeline.php(209): Illuminate\\Auth\\Middleware\\Authenticate->handle()
#22 /home/yamojr/devyamo/edusaas/edusaas/vendor/laravel/framework/src/Illuminate/Foundation/Http/Middleware/VerifyCsrfToken.php(88): Illuminate\\Pipeline\\Pipeline->{closure:{closure:Illuminate\\Pipeline\\Pipeline::carry():184}:185}()
#23 /home/yamojr/devyamo/edusaas/edusaas/vendor/laravel/framework/src/Illuminate/Pipeline/Pipeline.php(209): Illuminate\\Foundation\\Http\\Middleware\\VerifyCsrfToken->handle()
#24 /home/yamojr/devyamo/edusaas/edusaas/vendor/laravel/framework/src/Illuminate/View/Middleware/ShareErrorsFromSession.php(49): Illuminate\\Pipeline\\Pipeline->{closure:{closure:Illuminate\\Pipeline\\Pipeline::carry():184}:185}()
#25 /home/yamojr/devyamo/edusaas/edusaas/vendor/laravel/framework/src/Illuminate/Pipeline/Pipeline.php(209): Illuminate\\View\\Middleware\\ShareErrorsFromSession->handle()
#26 /home/yamojr/devyamo/edusaas/edusaas/vendor/laravel/framework/src/Illuminate/Session/Middleware/StartSession.php(121): Illuminate\\Pipeline\\Pipeline->{closure:{closure:Illuminate\\Pipeline\\Pipeline::carry():184}:185}()
#27 /home/yamojr/devyamo/edusaas/edusaas/vendor/laravel/framework/src/Illuminate/Session/Middleware/StartSession.php(64): Illuminate\\Session\\Middleware\\StartSession->handleStatefulRequest()
#28 /home/yamojr/devyamo/edusaas/edusaas/vendor/laravel/framework/src/Illuminate/Pipeline/Pipeline.php(209): Illuminate\\Session\\Middleware\\StartSession->handle()
#29 /home/yamojr/devyamo/edusaas/edusaas/vendor/laravel/framework/src/Illuminate/Cookie/Middleware/AddQueuedCookiesToResponse.php(37): Illuminate\\Pipeline\\Pipeline->{closure:{closure:Illuminate\\Pipeline\\Pipeline::carry():184}:185}()
#30 /home/yamojr/devyamo/edusaas/edusaas/vendor/laravel/framework/src/Illuminate/Pipeline/Pipeline.php(209): Illuminate\\Cookie\\Middleware\\AddQueuedCookiesToResponse->handle()
#31 /home/yamojr/devyamo/edusaas/edusaas/vendor/laravel/framework/src/Illuminate/Cookie/Middleware/EncryptCookies.php(75): Illuminate\\Pipeline\\Pipeline->{closure:{closure:Illuminate\\Pipeline\\Pipeline::carry():184}:185}()
#32 /home/yamojr/devyamo/edusaas/edusaas/vendor/laravel/framework/src/Illuminate/Pipeline/Pipeline.php(209): Illuminate\\Cookie\\Middleware\\EncryptCookies->handle()
#33 /home/yamojr/devyamo/edusaas/edusaas/vendor/laravel/framework/src/Illuminate/Pipeline/Pipeline.php(127): Illuminate\\Pipeline\\Pipeline->{closure:{closure:Illuminate\\Pipeline\\Pipeline::carry():184}:185}()
#34 /home/yamojr/devyamo/edusaas/edusaas/vendor/laravel/framework/src/Illuminate/Routing/Router.php(807): Illuminate\\Pipeline\\Pipeline->then()
#35 /home/yamojr/devyamo/edusaas/edusaas/vendor/laravel/framework/src/Illuminate/Routing/Router.php(786): Illuminate\\Routing\\Router->runRouteWithinStack()
#36 /home/yamojr/devyamo/edusaas/edusaas/vendor/laravel/framework/src/Illuminate/Routing/Router.php(750): Illuminate\\Routing\\Router->runRoute()
#37 /home/yamojr/devyamo/edusaas/edusaas/vendor/laravel/framework/src/Illuminate/Routing/Router.php(739): Illuminate\\Routing\\Router->dispatchToRoute()
#38 /home/yamojr/devyamo/edusaas/edusaas/vendor/laravel/framework/src/Illuminate/Foundation/Http/Kernel.php(201): Illuminate\\Routing\\Router->dispatch()
#39 /home/yamojr/devyamo/edusaas/edusaas/vendor/laravel/framework/src/Illuminate/Pipeline/Pipeline.php(170): Illuminate\\Foundation\\Http\\Kernel->{closure:Illuminate\\Foundation\\Http\\Kernel::dispatchToRouter():198}()
#40 /home/yamojr/devyamo/edusaas/edusaas/vendor/laravel/framework/src/Illuminate/Foundation/Http/Middleware/TransformsRequest.php(21): Illuminate\\Pipeline\\Pipeline->{closure:Illuminate\\Pipeline\\Pipeline::prepareDestination():168}()
#41 /home/yamojr/devyamo/edusaas/edusaas/vendor/laravel/framework/src/Illuminate/Foundation/Http/Middleware/ConvertEmptyStringsToNull.php(31): Illuminate\\Foundation\\Http\\Middleware\\TransformsRequest->handle()
#42 /home/yamojr/devyamo/edusaas/edusaas/vendor/laravel/framework/src/Illuminate/Pipeline/Pipeline.php(209): Illuminate\\Foundation\\Http\\Middleware\\ConvertEmptyStringsToNull->handle()
#43 /home/yamojr/devyamo/edusaas/edusaas/vendor/laravel/framework/src/Illuminate/Foundation/Http/Middleware/TransformsRequest.php(21): Illuminate\\Pipeline\\Pipeline->{closure:{closure:Illuminate\\Pipeline\\Pipeline::carry():184}:185}()
#44 /home/yamojr/devyamo/edusaas/edusaas/vendor/laravel/framework/src/Illuminate/Foundation/Http/Middleware/TrimStrings.php(51): Illuminate\\Foundation\\Http\\Middleware\\TransformsRequest->handle()
#45 /home/yamojr/devyamo/edusaas/edusaas/vendor/laravel/framework/src/Illuminate/Pipeline/Pipeline.php(209): Illuminate\\Foundation\\Http\\Middleware\\TrimStrings->handle()
#46 /home/yamojr/devyamo/edusaas/edusaas/vendor/laravel/framework/src/Illuminate/Http/Middleware/ValidatePostSize.php(27): Illuminate\\Pipeline\\Pipeline->{closure:{closure:Illuminate\\Pipeline\\Pipeline::carry():184}:185}()
#47 /home/yamojr/devyamo/edusaas/edusaas/vendor/laravel/framework/src/Illuminate/Pipeline/Pipeline.php(209): Illuminate\\Http\\Middleware\\ValidatePostSize->handle()
#48 /home/yamojr/devyamo/edusaas/edusaas/vendor/laravel/framework/src/Illuminate/Foundation/Http/Middleware/PreventRequestsDuringMaintenance.php(110): Illuminate\\Pipeline\\Pipeline->{closure:{closure:Illuminate\\Pipeline\\Pipeline::carry():184}:185}()
#49 /home/yamojr/devyamo/edusaas/edusaas/vendor/laravel/framework/src/Illuminate/Pipeline/Pipeline.php(209): Illuminate\\Foundation\\Http\\Middleware\\PreventRequestsDuringMaintenance->handle()
#50 /home/yamojr/devyamo/edusaas/edusaas/vendor/laravel/framework/src/Illuminate/Http/Middleware/HandleCors.php(49): Illuminate\\Pipeline\\Pipeline->{closure:{closure:Illuminate\\Pipeline\\Pipeline::carry():184}:185}()
#51 /home/yamojr/devyamo/edusaas/edusaas/vendor/laravel/framework/src/Illuminate/Pipeline/Pipeline.php(209): Illuminate\\Http\\Middleware\\HandleCors->handle()
#52 /home/yamojr/devyamo/edusaas/edusaas/vendor/laravel/framework/src/Illuminate/Http/Middleware/TrustProxies.php(58): Illuminate\\Pipeline\\Pipeline->{closure:{closure:Illuminate\\Pipeline\\Pipeline::carry():184}:185}()
#53 /home/yamojr/devyamo/edusaas/edusaas/vendor/laravel/framework/src/Illuminate/Pipeline/Pipeline.php(209): Illuminate\\Http\\Middleware\\TrustProxies->handle()
#54 /home/yamojr/devyamo/edusaas/edusaas/vendor/laravel/framework/src/Illuminate/Foundation/Http/Middleware/InvokeDeferredCallbacks.php(22): Illuminate\\Pipeline\\Pipeline->{closure:{closure:Illuminate\\Pipeline\\Pipeline::carry():184}:185}()
#55 /home/yamojr/devyamo/edusaas/edusaas/vendor/laravel/framework/src/Illuminate/Pipeline/Pipeline.php(209): Illuminate\\Foundation\\Http\\Middleware\\InvokeDeferredCallbacks->handle()
#56 /home/yamojr/devyamo/edusaas/edusaas/vendor/laravel/framework/src/Illuminate/Pipeline/Pipeline.php(127): Illuminate\\Pipeline\\Pipeline->{closure:{closure:Illuminate\\Pipeline\\Pipeline::carry():184}:185}()
#57 /home/yamojr/devyamo/edusaas/edusaas/vendor/laravel/framework/src/Illuminate/Foundation/Http/Kernel.php(176): Illuminate\\Pipeline\\Pipeline->then()
#58 /home/yamojr/devyamo/edusaas/edusaas/vendor/laravel/framework/src/Illuminate/Foundation/Http/Kernel.php(145): Illuminate\\Foundation\\Http\\Kernel->sendRequestThroughRouter()
#59 /home/yamojr/devyamo/edusaas/edusaas/vendor/laravel/framework/src/Illuminate/Foundation/Application.php(1220): Illuminate\\Foundation\\Http\\Kernel->handle()
#60 /home/yamojr/devyamo/edusaas/edusaas/public/index.php(19): Illuminate\\Foundation\\Application->handleRequest()
#61 /home/yamojr/devyamo/edusaas/edusaas/vendor/laravel/framework/src/Illuminate/Foundation/resources/server.php(23): require_once('...')
#62 {main}
"} 
[2026-03-22 04:15:52] local.ERROR: Target class [App\Http\Controllers\School\ExamController] does not exist. {"userId":4,"exception":"[object] (Illuminate\\Contracts\\Container\\BindingResolutionException(code: 0): Target class [App\\Http\\Controllers\\School\\ExamController] does not exist. at /home/yamojr/devyamo/edusaas/edusaas/vendor/laravel/framework/src/Illuminate/Container/Container.php:961)
[stacktrace]
#0 /home/yamojr/devyamo/edusaas/edusaas/vendor/laravel/framework/src/Illuminate/Container/Container.php(832): Illuminate\\Container\\Container->build()
#1 /home/yamojr/devyamo/edusaas/edusaas/vendor/laravel/framework/src/Illuminate/Foundation/Application.php(1078): Illuminate\\Container\\Container->resolve()
#2 /home/yamojr/devyamo/edusaas/edusaas/vendor/laravel/framework/src/Illuminate/Container/Container.php(763): Illuminate\\Foundation\\Application->resolve()
#3 /home/yamojr/devyamo/edusaas/edusaas/vendor/laravel/framework/src/Illuminate/Foundation/Application.php(1058): Illuminate\\Container\\Container->make()
#4 /home/yamojr/devyamo/edusaas/edusaas/vendor/laravel/framework/src/Illuminate/Routing/Route.php(285): Illuminate\\Foundation\\Application->make()
#5 /home/yamojr/devyamo/edusaas/edusaas/vendor/laravel/framework/src/Illuminate/Routing/Route.php(267): Illuminate\\Routing\\Route->getController()
#6 /home/yamojr/devyamo/edusaas/edusaas/vendor/laravel/framework/src/Illuminate/Routing/Route.php(212): Illuminate\\Routing\\Route->runController()
#7 /home/yamojr/devyamo/edusaas/edusaas/vendor/laravel/framework/src/Illuminate/Routing/Router.php(808): Illuminate\\Routing\\Route->run()
#8 /home/yamojr/devyamo/edusaas/edusaas/vendor/laravel/framework/src/Illuminate/Pipeline/Pipeline.php(170): Illuminate\\Routing\\Router->{closure:Illuminate\\Routing\\Router::runRouteWithinStack():807}()
#9 /home/yamojr/devyamo/edusaas/edusaas/app/Http/Middleware/EnsureTenantAccess.php(26): Illuminate\\Pipeline\\Pipeline->{closure:Illuminate\\Pipeline\\Pipeline::prepareDestination():168}()
#10 /home/yamojr/devyamo/edusaas/edusaas/vendor/laravel/framework/src/Illuminate/Pipeline/Pipeline.php(209): App\\Http\\Middleware\\EnsureTenantAccess->handle()
#11 /home/yamojr/devyamo/edusaas/edusaas/vendor/spatie/laravel-permission/src/Middleware/RoleMiddleware.php(37): Illuminate\\Pipeline\\Pipeline->{closure:{closure:Illuminate\\Pipeline\\Pipeline::carry():184}:185}()
#12 /home/yamojr/devyamo/edusaas/edusaas/vendor/laravel/framework/src/Illuminate/Pipeline/Pipeline.php(209): Spatie\\Permission\\Middleware\\RoleMiddleware->handle()
#13 /home/yamojr/devyamo/edusaas/edusaas/app/Http/Middleware/IdentifyTenant.php(40): Illuminate\\Pipeline\\Pipeline->{closure:{closure:Illuminate\\Pipeline\\Pipeline::carry():184}:185}()
#14 /home/yamojr/devyamo/edusaas/edusaas/vendor/laravel/framework/src/Illuminate/Pipeline/Pipeline.php(209): App\\Http\\Middleware\\IdentifyTenant->handle()
#15 /home/yamojr/devyamo/edusaas/edusaas/vendor/inertiajs/inertia-laravel/src/Middleware.php(122): Illuminate\\Pipeline\\Pipeline->{closure:{closure:Illuminate\\Pipeline\\Pipeline::carry():184}:185}()
#16 /home/yamojr/devyamo/edusaas/edusaas/vendor/laravel/framework/src/Illuminate/Pipeline/Pipeline.php(209): Inertia\\Middleware->handle()
#17 /home/yamojr/devyamo/edusaas/edusaas/vendor/laravel/framework/src/Illuminate/Routing/Middleware/SubstituteBindings.php(51): Illuminate\\Pipeline\\Pipeline->{closure:{closure:Illuminate\\Pipeline\\Pipeline::carry():184}:185}()
#18 /home/yamojr/devyamo/edusaas/edusaas/vendor/laravel/framework/src/Illuminate/Pipeline/Pipeline.php(209): Illuminate\\Routing\\Middleware\\SubstituteBindings->handle()
#19 /home/yamojr/devyamo/edusaas/edusaas/vendor/laravel/framework/src/Illuminate/Auth/Middleware/Authenticate.php(64): Illuminate\\Pipeline\\Pipeline->{closure:{closure:Illuminate\\Pipeline\\Pipeline::carry():184}:185}()
#20 /home/yamojr/devyamo/edusaas/edusaas/vendor/laravel/framework/src/Illuminate/Pipeline/Pipeline.php(209): Illuminate\\Auth\\Middleware\\Authenticate->handle()
#21 /home/yamojr/devyamo/edusaas/edusaas/vendor/laravel/framework/src/Illuminate/Foundation/Http/Middleware/VerifyCsrfToken.php(88): Illuminate\\Pipeline\\Pipeline->{closure:{closure:Illuminate\\Pipeline\\Pipeline::carry():184}:185}()
#22 /home/yamojr/devyamo/edusaas/edusaas/vendor/laravel/framework/src/Illuminate/Pipeline/Pipeline.php(209): Illuminate\\Foundation\\Http\\Middleware\\VerifyCsrfToken->handle()
#23 /home/yamojr/devyamo/edusaas/edusaas/vendor/laravel/framework/src/Illuminate/View/Middleware/ShareErrorsFromSession.php(49): Illuminate\\Pipeline\\Pipeline->{closure:{closure:Illuminate\\Pipeline\\Pipeline::carry():184}:185}()
#24 /home/yamojr/devyamo/edusaas/edusaas/vendor/laravel/framework/src/Illuminate/Pipeline/Pipeline.php(209): Illuminate\\View\\Middleware\\ShareErrorsFromSession->handle()
#25 /home/yamojr/devyamo/edusaas/edusaas/vendor/laravel/framework/src/Illuminate/Session/Middleware/StartSession.php(121): Illuminate\\Pipeline\\Pipeline->{closure:{closure:Illuminate\\Pipeline\\Pipeline::carry():184}:185}()
#26 /home/yamojr/devyamo/edusaas/edusaas/vendor/laravel/framework/src/Illuminate/Session/Middleware/StartSession.php(64): Illuminate\\Session\\Middleware\\StartSession->handleStatefulRequest()
#27 /home/yamojr/devyamo/edusaas/edusaas/vendor/laravel/framework/src/Illuminate/Pipeline/Pipeline.php(209): Illuminate\\Session\\Middleware\\StartSession->handle()
#28 /home/yamojr/devyamo/edusaas/edusaas/vendor/laravel/framework/src/Illuminate/Cookie/Middleware/AddQueuedCookiesToResponse.php(37): Illuminate\\Pipeline\\Pipeline->{closure:{closure:Illuminate\\Pipeline\\Pipeline::carry():184}:185}()
#29 /home/yamojr/devyamo/edusaas/edusaas/vendor/laravel/framework/src/Illuminate/Pipeline/Pipeline.php(209): Illuminate\\Cookie\\Middleware\\AddQueuedCookiesToResponse->handle()
#30 /home/yamojr/devyamo/edusaas/edusaas/vendor/laravel/framework/src/Illuminate/Cookie/Middleware/EncryptCookies.php(75): Illuminate\\Pipeline\\Pipeline->{closure:{closure:Illuminate\\Pipeline\\Pipeline::carry():184}:185}()
#31 /home/yamojr/devyamo/edusaas/edusaas/vendor/laravel/framework/src/Illuminate/Pipeline/Pipeline.php(209): Illuminate\\Cookie\\Middleware\\EncryptCookies->handle()
#32 /home/yamojr/devyamo/edusaas/edusaas/vendor/laravel/framework/src/Illuminate/Pipeline/Pipeline.php(127): Illuminate\\Pipeline\\Pipeline->{closure:{closure:Illuminate\\Pipeline\\Pipeline::carry():184}:185}()
#33 /home/yamojr/devyamo/edusaas/edusaas/vendor/laravel/framework/src/Illuminate/Routing/Router.php(807): Illuminate\\Pipeline\\Pipeline->then()
#34 /home/yamojr/devyamo/edusaas/edusaas/vendor/laravel/framework/src/Illuminate/Routing/Router.php(786): Illuminate\\Routing\\Router->runRouteWithinStack()
#35 /home/yamojr/devyamo/edusaas/edusaas/vendor/laravel/framework/src/Illuminate/Routing/Router.php(750): Illuminate\\Routing\\Router->runRoute()
#36 /home/yamojr/devyamo/edusaas/edusaas/vendor/laravel/framework/src/Illuminate/Routing/Router.php(739): Illuminate\\Routing\\Router->dispatchToRoute()
#37 /home/yamojr/devyamo/edusaas/edusaas/vendor/laravel/framework/src/Illuminate/Foundation/Http/Kernel.php(201): Illuminate\\Routing\\Router->dispatch()
#38 /home/yamojr/devyamo/edusaas/edusaas/vendor/laravel/framework/src/Illuminate/Pipeline/Pipeline.php(170): Illuminate\\Foundation\\Http\\Kernel->{closure:Illuminate\\Foundation\\Http\\Kernel::dispatchToRouter():198}()
#39 /home/yamojr/devyamo/edusaas/edusaas/vendor/laravel/framework/src/Illuminate/Foundation/Http/Middleware/TransformsRequest.php(21): Illuminate\\Pipeline\\Pipeline->{closure:Illuminate\\Pipeline\\Pipeline::prepareDestination():168}()
#40 /home/yamojr/devyamo/edusaas/edusaas/vendor/laravel/framework/src/Illuminate/Foundation/Http/Middleware/ConvertEmptyStringsToNull.php(31): Illuminate\\Foundation\\Http\\Middleware\\TransformsRequest->handle()
#41 /home/yamojr/devyamo/edusaas/edusaas/vendor/laravel/framework/src/Illuminate/Pipeline/Pipeline.php(209): Illuminate\\Foundation\\Http\\Middleware\\ConvertEmptyStringsToNull->handle()
#42 /home/yamojr/devyamo/edusaas/edusaas/vendor/laravel/framework/src/Illuminate/Foundation/Http/Middleware/TransformsRequest.php(21): Illuminate\\Pipeline\\Pipeline->{closure:{closure:Illuminate\\Pipeline\\Pipeline::carry():184}:185}()
#43 /home/yamojr/devyamo/edusaas/edusaas/vendor/laravel/framework/src/Illuminate/Foundation/Http/Middleware/TrimStrings.php(51): Illuminate\\Foundation\\Http\\Middleware\\TransformsRequest->handle()
#44 /home/yamojr/devyamo/edusaas/edusaas/vendor/laravel/framework/src/Illuminate/Pipeline/Pipeline.php(209): Illuminate\\Foundation\\Http\\Middleware\\TrimStrings->handle()
#45 /home/yamojr/devyamo/edusaas/edusaas/vendor/laravel/framework/src/Illuminate/Http/Middleware/ValidatePostSize.php(27): Illuminate\\Pipeline\\Pipeline->{closure:{closure:Illuminate\\Pipeline\\Pipeline::carry():184}:185}()
#46 /home/yamojr/devyamo/edusaas/edusaas/vendor/laravel/framework/src/Illuminate/Pipeline/Pipeline.php(209): Illuminate\\Http\\Middleware\\ValidatePostSize->handle()
#47 /home/yamojr/devyamo/edusaas/edusaas/vendor/laravel/framework/src/Illuminate/Foundation/Http/Middleware/PreventRequestsDuringMaintenance.php(110): Illuminate\\Pipeline\\Pipeline->{closure:{closure:Illuminate\\Pipeline\\Pipeline::carry():184}:185}()
#48 /home/yamojr/devyamo/edusaas/edusaas/vendor/laravel/framework/src/Illuminate/Pipeline/Pipeline.php(209): Illuminate\\Foundation\\Http\\Middleware\\PreventRequestsDuringMaintenance->handle()
#49 /home/yamojr/devyamo/edusaas/edusaas/vendor/laravel/framework/src/Illuminate/Http/Middleware/HandleCors.php(49): Illuminate\\Pipeline\\Pipeline->{closure:{closure:Illuminate\\Pipeline\\Pipeline::carry():184}:185}()
#50 /home/yamojr/devyamo/edusaas/edusaas/vendor/laravel/framework/src/Illuminate/Pipeline/Pipeline.php(209): Illuminate\\Http\\Middleware\\HandleCors->handle()
#51 /home/yamojr/devyamo/edusaas/edusaas/vendor/laravel/framework/src/Illuminate/Http/Middleware/TrustProxies.php(58): Illuminate\\Pipeline\\Pipeline->{closure:{closure:Illuminate\\Pipeline\\Pipeline::carry():184}:185}()
#52 /home/yamojr/devyamo/edusaas/edusaas/vendor/laravel/framework/src/Illuminate/Pipeline/Pipeline.php(209): Illuminate\\Http\\Middleware\\TrustProxies->handle()
#53 /home/yamojr/devyamo/edusaas/edusaas/vendor/laravel/framework/src/Illuminate/Foundation/Http/Middleware/InvokeDeferredCallbacks.php(22): Illuminate\\Pipeline\\Pipeline->{closure:{closure:Illuminate\\Pipeline\\Pipeline::carry():184}:185}()
#54 /home/yamojr/devyamo/edusaas/edusaas/vendor/laravel/framework/src/Illuminate/Pipeline/Pipeline.php(209): Illuminate\\Foundation\\Http\\Middleware\\InvokeDeferredCallbacks->handle()
#55 /home/yamojr/devyamo/edusaas/edusaas/vendor/laravel/framework/src/Illuminate/Pipeline/Pipeline.php(127): Illuminate\\Pipeline\\Pipeline->{closure:{closure:Illuminate\\Pipeline\\Pipeline::carry():184}:185}()
#56 /home/yamojr/devyamo/edusaas/edusaas/vendor/laravel/framework/src/Illuminate/Foundation/Http/Kernel.php(176): Illuminate\\Pipeline\\Pipeline->then()
#57 /home/yamojr/devyamo/edusaas/edusaas/vendor/laravel/framework/src/Illuminate/Foundation/Http/Kernel.php(145): Illuminate\\Foundation\\Http\\Kernel->sendRequestThroughRouter()
#58 /home/yamojr/devyamo/edusaas/edusaas/vendor/laravel/framework/src/Illuminate/Foundation/Application.php(1220): Illuminate\\Foundation\\Http\\Kernel->handle()
#59 /home/yamojr/devyamo/edusaas/edusaas/public/index.php(19): Illuminate\\Foundation\\Application->handleRequest()
#60 /home/yamojr/devyamo/edusaas/edusaas/vendor/laravel/framework/src/Illuminate/Foundation/resources/server.php(23): require_once('...')
#61 {main}

[previous exception] [object] (ReflectionException(code: -1): Class \"App\\Http\\Controllers\\School\\ExamController\" does not exist at /home/yamojr/devyamo/edusaas/edusaas/vendor/laravel/framework/src/Illuminate/Container/Container.php:959)
[stacktrace]
#0 /home/yamojr/devyamo/edusaas/edusaas/vendor/laravel/framework/src/Illuminate/Container/Container.php(959): ReflectionClass->__construct()
#1 /home/yamojr/devyamo/edusaas/edusaas/vendor/laravel/framework/src/Illuminate/Container/Container.php(832): Illuminate\\Container\\Container->build()
#2 /home/yamojr/devyamo/edusaas/edusaas/vendor/laravel/framework/src/Illuminate/Foundation/Application.php(1078): Illuminate\\Container\\Container->resolve()
#3 /home/yamojr/devyamo/edusaas/edusaas/vendor/laravel/framework/src/Illuminate/Container/Container.php(763): Illuminate\\Foundation\\Application->resolve()
#4 /home/yamojr/devyamo/edusaas/edusaas/vendor/laravel/framework/src/Illuminate/Foundation/Application.php(1058): Illuminate\\Container\\Container->make()
#5 /home/yamojr/devyamo/edusaas/edusaas/vendor/laravel/framework/src/Illuminate/Routing/Route.php(285): Illuminate\\Foundation\\Application->make()
#6 /home/yamojr/devyamo/edusaas/edusaas/vendor/laravel/framework/src/Illuminate/Routing/Route.php(267): Illuminate\\Routing\\Route->getController()
#7 /home/yamojr/devyamo/edusaas/edusaas/vendor/laravel/framework/src/Illuminate/Routing/Route.php(212): Illuminate\\Routing\\Route->runController()
#8 /home/yamojr/devyamo/edusaas/edusaas/vendor/laravel/framework/src/Illuminate/Routing/Router.php(808): Illuminate\\Routing\\Route->run()
#9 /home/yamojr/devyamo/edusaas/edusaas/vendor/laravel/framework/src/Illuminate/Pipeline/Pipeline.php(170): Illuminate\\Routing\\Router->{closure:Illuminate\\Routing\\Router::runRouteWithinStack():807}()
#10 /home/yamojr/devyamo/edusaas/edusaas/app/Http/Middleware/EnsureTenantAccess.php(26): Illuminate\\Pipeline\\Pipeline->{closure:Illuminate\\Pipeline\\Pipeline::prepareDestination():168}()
#11 /home/yamojr/devyamo/edusaas/edusaas/vendor/laravel/framework/src/Illuminate/Pipeline/Pipeline.php(209): App\\Http\\Middleware\\EnsureTenantAccess->handle()
#12 /home/yamojr/devyamo/edusaas/edusaas/vendor/spatie/laravel-permission/src/Middleware/RoleMiddleware.php(37): Illuminate\\Pipeline\\Pipeline->{closure:{closure:Illuminate\\Pipeline\\Pipeline::carry():184}:185}()
#13 /home/yamojr/devyamo/edusaas/edusaas/vendor/laravel/framework/src/Illuminate/Pipeline/Pipeline.php(209): Spatie\\Permission\\Middleware\\RoleMiddleware->handle()
#14 /home/yamojr/devyamo/edusaas/edusaas/app/Http/Middleware/IdentifyTenant.php(40): Illuminate\\Pipeline\\Pipeline->{closure:{closure:Illuminate\\Pipeline\\Pipeline::carry():184}:185}()
#15 /home/yamojr/devyamo/edusaas/edusaas/vendor/laravel/framework/src/Illuminate/Pipeline/Pipeline.php(209): App\\Http\\Middleware\\IdentifyTenant->handle()
#16 /home/yamojr/devyamo/edusaas/edusaas/vendor/inertiajs/inertia-laravel/src/Middleware.php(122): Illuminate\\Pipeline\\Pipeline->{closure:{closure:Illuminate\\Pipeline\\Pipeline::carry():184}:185}()
#17 /home/yamojr/devyamo/edusaas/edusaas/vendor/laravel/framework/src/Illuminate/Pipeline/Pipeline.php(209): Inertia\\Middleware->handle()
#18 /home/yamojr/devyamo/edusaas/edusaas/vendor/laravel/framework/src/Illuminate/Routing/Middleware/SubstituteBindings.php(51): Illuminate\\Pipeline\\Pipeline->{closure:{closure:Illuminate\\Pipeline\\Pipeline::carry():184}:185}()
#19 /home/yamojr/devyamo/edusaas/edusaas/vendor/laravel/framework/src/Illuminate/Pipeline/Pipeline.php(209): Illuminate\\Routing\\Middleware\\SubstituteBindings->handle()
#20 /home/yamojr/devyamo/edusaas/edusaas/vendor/laravel/framework/src/Illuminate/Auth/Middleware/Authenticate.php(64): Illuminate\\Pipeline\\Pipeline->{closure:{closure:Illuminate\\Pipeline\\Pipeline::carry():184}:185}()
#21 /home/yamojr/devyamo/edusaas/edusaas/vendor/laravel/framework/src/Illuminate/Pipeline/Pipeline.php(209): Illuminate\\Auth\\Middleware\\Authenticate->handle()
#22 /home/yamojr/devyamo/edusaas/edusaas/vendor/laravel/framework/src/Illuminate/Foundation/Http/Middleware/VerifyCsrfToken.php(88): Illuminate\\Pipeline\\Pipeline->{closure:{closure:Illuminate\\Pipeline\\Pipeline::carry():184}:185}()
#23 /home/yamojr/devyamo/edusaas/edusaas/vendor/laravel/framework/src/Illuminate/Pipeline/Pipeline.php(209): Illuminate\\Foundation\\Http\\Middleware\\VerifyCsrfToken->handle()
#24 /home/yamojr/devyamo/edusaas/edusaas/vendor/laravel/framework/src/Illuminate/View/Middleware/ShareErrorsFromSession.php(49): Illuminate\\Pipeline\\Pipeline->{closure:{closure:Illuminate\\Pipeline\\Pipeline::carry():184}:185}()
#25 /home/yamojr/devyamo/edusaas/edusaas/vendor/laravel/framework/src/Illuminate/Pipeline/Pipeline.php(209): Illuminate\\View\\Middleware\\ShareErrorsFromSession->handle()
#26 /home/yamojr/devyamo/edusaas/edusaas/vendor/laravel/framework/src/Illuminate/Session/Middleware/StartSession.php(121): Illuminate\\Pipeline\\Pipeline->{closure:{closure:Illuminate\\Pipeline\\Pipeline::carry():184}:185}()
#27 /home/yamojr/devyamo/edusaas/edusaas/vendor/laravel/framework/src/Illuminate/Session/Middleware/StartSession.php(64): Illuminate\\Session\\Middleware\\StartSession->handleStatefulRequest()
#28 /home/yamojr/devyamo/edusaas/edusaas/vendor/laravel/framework/src/Illuminate/Pipeline/Pipeline.php(209): Illuminate\\Session\\Middleware\\StartSession->handle()
#29 /home/yamojr/devyamo/edusaas/edusaas/vendor/laravel/framework/src/Illuminate/Cookie/Middleware/AddQueuedCookiesToResponse.php(37): Illuminate\\Pipeline\\Pipeline->{closure:{closure:Illuminate\\Pipeline\\Pipeline::carry():184}:185}()
#30 /home/yamojr/devyamo/edusaas/edusaas/vendor/laravel/framework/src/Illuminate/Pipeline/Pipeline.php(209): Illuminate\\Cookie\\Middleware\\AddQueuedCookiesToResponse->handle()
#31 /home/yamojr/devyamo/edusaas/edusaas/vendor/laravel/framework/src/Illuminate/Cookie/Middleware/EncryptCookies.php(75): Illuminate\\Pipeline\\Pipeline->{closure:{closure:Illuminate\\Pipeline\\Pipeline::carry():184}:185}()
#32 /home/yamojr/devyamo/edusaas/edusaas/vendor/laravel/framework/src/Illuminate/Pipeline/Pipeline.php(209): Illuminate\\Cookie\\Middleware\\EncryptCookies->handle()
#33 /home/yamojr/devyamo/edusaas/edusaas/vendor/laravel/framework/src/Illuminate/Pipeline/Pipeline.php(127): Illuminate\\Pipeline\\Pipeline->{closure:{closure:Illuminate\\Pipeline\\Pipeline::carry():184}:185}()
#34 /home/yamojr/devyamo/edusaas/edusaas/vendor/laravel/framework/src/Illuminate/Routing/Router.php(807): Illuminate\\Pipeline\\Pipeline->then()
#35 /home/yamojr/devyamo/edusaas/edusaas/vendor/laravel/framework/src/Illuminate/Routing/Router.php(786): Illuminate\\Routing\\Router->runRouteWithinStack()
#36 /home/yamojr/devyamo/edusaas/edusaas/vendor/laravel/framework/src/Illuminate/Routing/Router.php(750): Illuminate\\Routing\\Router->runRoute()
#37 /home/yamojr/devyamo/edusaas/edusaas/vendor/laravel/framework/src/Illuminate/Routing/Router.php(739): Illuminate\\Routing\\Router->dispatchToRoute()
#38 /home/yamojr/devyamo/edusaas/edusaas/vendor/laravel/framework/src/Illuminate/Foundation/Http/Kernel.php(201): Illuminate\\Routing\\Router->dispatch()
#39 /home/yamojr/devyamo/edusaas/edusaas/vendor/laravel/framework/src/Illuminate/Pipeline/Pipeline.php(170): Illuminate\\Foundation\\Http\\Kernel->{closure:Illuminate\\Foundation\\Http\\Kernel::dispatchToRouter():198}()
#40 /home/yamojr/devyamo/edusaas/edusaas/vendor/laravel/framework/src/Illuminate/Foundation/Http/Middleware/TransformsRequest.php(21): Illuminate\\Pipeline\\Pipeline->{closure:Illuminate\\Pipeline\\Pipeline::prepareDestination():168}()
#41 /home/yamojr/devyamo/edusaas/edusaas/vendor/laravel/framework/src/Illuminate/Foundation/Http/Middleware/ConvertEmptyStringsToNull.php(31): Illuminate\\Foundation\\Http\\Middleware\\TransformsRequest->handle()
#42 /home/yamojr/devyamo/edusaas/edusaas/vendor/laravel/framework/src/Illuminate/Pipeline/Pipeline.php(209): Illuminate\\Foundation\\Http\\Middleware\\ConvertEmptyStringsToNull->handle()
#43 /home/yamojr/devyamo/edusaas/edusaas/vendor/laravel/framework/src/Illuminate/Foundation/Http/Middleware/TransformsRequest.php(21): Illuminate\\Pipeline\\Pipeline->{closure:{closure:Illuminate\\Pipeline\\Pipeline::carry():184}:185}()
#44 /home/yamojr/devyamo/edusaas/edusaas/vendor/laravel/framework/src/Illuminate/Foundation/Http/Middleware/TrimStrings.php(51): Illuminate\\Foundation\\Http\\Middleware\\TransformsRequest->handle()
#45 /home/yamojr/devyamo/edusaas/edusaas/vendor/laravel/framework/src/Illuminate/Pipeline/Pipeline.php(209): Illuminate\\Foundation\\Http\\Middleware\\TrimStrings->handle()
#46 /home/yamojr/devyamo/edusaas/edusaas/vendor/laravel/framework/src/Illuminate/Http/Middleware/ValidatePostSize.php(27): Illuminate\\Pipeline\\Pipeline->{closure:{closure:Illuminate\\Pipeline\\Pipeline::carry():184}:185}()
#47 /home/yamojr/devyamo/edusaas/edusaas/vendor/laravel/framework/src/Illuminate/Pipeline/Pipeline.php(209): Illuminate\\Http\\Middleware\\ValidatePostSize->handle()
#48 /home/yamojr/devyamo/edusaas/edusaas/vendor/laravel/framework/src/Illuminate/Foundation/Http/Middleware/PreventRequestsDuringMaintenance.php(110): Illuminate\\Pipeline\\Pipeline->{closure:{closure:Illuminate\\Pipeline\\Pipeline::carry():184}:185}()
#49 /home/yamojr/devyamo/edusaas/edusaas/vendor/laravel/framework/src/Illuminate/Pipeline/Pipeline.php(209): Illuminate\\Foundation\\Http\\Middleware\\PreventRequestsDuringMaintenance->handle()
#50 /home/yamojr/devyamo/edusaas/edusaas/vendor/laravel/framework/src/Illuminate/Http/Middleware/HandleCors.php(49): Illuminate\\Pipeline\\Pipeline->{closure:{closure:Illuminate\\Pipeline\\Pipeline::carry():184}:185}()
#51 /home/yamojr/devyamo/edusaas/edusaas/vendor/laravel/framework/src/Illuminate/Pipeline/Pipeline.php(209): Illuminate\\Http\\Middleware\\HandleCors->handle()
#52 /home/yamojr/devyamo/edusaas/edusaas/vendor/laravel/framework/src/Illuminate/Http/Middleware/TrustProxies.php(58): Illuminate\\Pipeline\\Pipeline->{closure:{closure:Illuminate\\Pipeline\\Pipeline::carry():184}:185}()
#53 /home/yamojr/devyamo/edusaas/edusaas/vendor/laravel/framework/src/Illuminate/Pipeline/Pipeline.php(209): Illuminate\\Http\\Middleware\\TrustProxies->handle()
#54 /home/yamojr/devyamo/edusaas/edusaas/vendor/laravel/framework/src/Illuminate/Foundation/Http/Middleware/InvokeDeferredCallbacks.php(22): Illuminate\\Pipeline\\Pipeline->{closure:{closure:Illuminate\\Pipeline\\Pipeline::carry():184}:185}()
#55 /home/yamojr/devyamo/edusaas/edusaas/vendor/laravel/framework/src/Illuminate/Pipeline/Pipeline.php(209): Illuminate\\Foundation\\Http\\Middleware\\InvokeDeferredCallbacks->handle()
#56 /home/yamojr/devyamo/edusaas/edusaas/vendor/laravel/framework/src/Illuminate/Pipeline/Pipeline.php(127): Illuminate\\Pipeline\\Pipeline->{closure:{closure:Illuminate\\Pipeline\\Pipeline::carry():184}:185}()
#57 /home/yamojr/devyamo/edusaas/edusaas/vendor/laravel/framework/src/Illuminate/Foundation/Http/Kernel.php(176): Illuminate\\Pipeline\\Pipeline->then()
#58 /home/yamojr/devyamo/edusaas/edusaas/vendor/laravel/framework/src/Illuminate/Foundation/Http/Kernel.php(145): Illuminate\\Foundation\\Http\\Kernel->sendRequestThroughRouter()
#59 /home/yamojr/devyamo/edusaas/edusaas/vendor/laravel/framework/src/Illuminate/Foundation/Application.php(1220): Illuminate\\Foundation\\Http\\Kernel->handle()
#60 /home/yamojr/devyamo/edusaas/edusaas/public/index.php(19): Illuminate\\Foundation\\Application->handleRequest()
#61 /home/yamojr/devyamo/edusaas/edusaas/vendor/laravel/framework/src/Illuminate/Foundation/resources/server.php(23): require_once('...')
#62 {main}
"} 
[2026-03-22 04:15:53] local.ERROR: Target class [App\Http\Controllers\School\GradeController] does not exist. {"userId":4,"exception":"[object] (Illuminate\\Contracts\\Container\\BindingResolutionException(code: 0): Target class [App\\Http\\Controllers\\School\\GradeController] does not exist. at /home/yamojr/devyamo/edusaas/edusaas/vendor/laravel/framework/src/Illuminate/Container/Container.php:961)
[stacktrace]
#0 /home/yamojr/devyamo/edusaas/edusaas/vendor/laravel/framework/src/Illuminate/Container/Container.php(832): Illuminate\\Container\\Container->build()
#1 /home/yamojr/devyamo/edusaas/edusaas/vendor/laravel/framework/src/Illuminate/Foundation/Application.php(1078): Illuminate\\Container\\Container->resolve()
#2 /home/yamojr/devyamo/edusaas/edusaas/vendor/laravel/framework/src/Illuminate/Container/Container.php(763): Illuminate\\Foundation\\Application->resolve()
#3 /home/yamojr/devyamo/edusaas/edusaas/vendor/laravel/framework/src/Illuminate/Foundation/Application.php(1058): Illuminate\\Container\\Container->make()
#4 /home/yamojr/devyamo/edusaas/edusaas/vendor/laravel/framework/src/Illuminate/Routing/Route.php(285): Illuminate\\Foundation\\Application->make()
#5 /home/yamojr/devyamo/edusaas/edusaas/vendor/laravel/framework/src/Illuminate/Routing/Route.php(267): Illuminate\\Routing\\Route->getController()
#6 /home/yamojr/devyamo/edusaas/edusaas/vendor/laravel/framework/src/Illuminate/Routing/Route.php(212): Illuminate\\Routing\\Route->runController()
#7 /home/yamojr/devyamo/edusaas/edusaas/vendor/laravel/framework/src/Illuminate/Routing/Router.php(808): Illuminate\\Routing\\Route->run()
#8 /home/yamojr/devyamo/edusaas/edusaas/vendor/laravel/framework/src/Illuminate/Pipeline/Pipeline.php(170): Illuminate\\Routing\\Router->{closure:Illuminate\\Routing\\Router::runRouteWithinStack():807}()
#9 /home/yamojr/devyamo/edusaas/edusaas/app/Http/Middleware/EnsureTenantAccess.php(26): Illuminate\\Pipeline\\Pipeline->{closure:Illuminate\\Pipeline\\Pipeline::prepareDestination():168}()
#10 /home/yamojr/devyamo/edusaas/edusaas/vendor/laravel/framework/src/Illuminate/Pipeline/Pipeline.php(209): App\\Http\\Middleware\\EnsureTenantAccess->handle()
#11 /home/yamojr/devyamo/edusaas/edusaas/vendor/spatie/laravel-permission/src/Middleware/RoleMiddleware.php(37): Illuminate\\Pipeline\\Pipeline->{closure:{closure:Illuminate\\Pipeline\\Pipeline::carry():184}:185}()
#12 /home/yamojr/devyamo/edusaas/edusaas/vendor/laravel/framework/src/Illuminate/Pipeline/Pipeline.php(209): Spatie\\Permission\\Middleware\\RoleMiddleware->handle()
#13 /home/yamojr/devyamo/edusaas/edusaas/app/Http/Middleware/IdentifyTenant.php(40): Illuminate\\Pipeline\\Pipeline->{closure:{closure:Illuminate\\Pipeline\\Pipeline::carry():184}:185}()
#14 /home/yamojr/devyamo/edusaas/edusaas/vendor/laravel/framework/src/Illuminate/Pipeline/Pipeline.php(209): App\\Http\\Middleware\\IdentifyTenant->handle()
#15 /home/yamojr/devyamo/edusaas/edusaas/vendor/inertiajs/inertia-laravel/src/Middleware.php(122): Illuminate\\Pipeline\\Pipeline->{closure:{closure:Illuminate\\Pipeline\\Pipeline::carry():184}:185}()
#16 /home/yamojr/devyamo/edusaas/edusaas/vendor/laravel/framework/src/Illuminate/Pipeline/Pipeline.php(209): Inertia\\Middleware->handle()
#17 /home/yamojr/devyamo/edusaas/edusaas/vendor/laravel/framework/src/Illuminate/Routing/Middleware/SubstituteBindings.php(51): Illuminate\\Pipeline\\Pipeline->{closure:{closure:Illuminate\\Pipeline\\Pipeline::carry():184}:185}()
#18 /home/yamojr/devyamo/edusaas/edusaas/vendor/laravel/framework/src/Illuminate/Pipeline/Pipeline.php(209): Illuminate\\Routing\\Middleware\\SubstituteBindings->handle()
#19 /home/yamojr/devyamo/edusaas/edusaas/vendor/laravel/framework/src/Illuminate/Auth/Middleware/Authenticate.php(64): Illuminate\\Pipeline\\Pipeline->{closure:{closure:Illuminate\\Pipeline\\Pipeline::carry():184}:185}()
#20 /home/yamojr/devyamo/edusaas/edusaas/vendor/laravel/framework/src/Illuminate/Pipeline/Pipeline.php(209): Illuminate\\Auth\\Middleware\\Authenticate->handle()
#21 /home/yamojr/devyamo/edusaas/edusaas/vendor/laravel/framework/src/Illuminate/Foundation/Http/Middleware/VerifyCsrfToken.php(88): Illuminate\\Pipeline\\Pipeline->{closure:{closure:Illuminate\\Pipeline\\Pipeline::carry():184}:185}()
#22 /home/yamojr/devyamo/edusaas/edusaas/vendor/laravel/framework/src/Illuminate/Pipeline/Pipeline.php(209): Illuminate\\Foundation\\Http\\Middleware\\VerifyCsrfToken->handle()
#23 /home/yamojr/devyamo/edusaas/edusaas/vendor/laravel/framework/src/Illuminate/View/Middleware/ShareErrorsFromSession.php(49): Illuminate\\Pipeline\\Pipeline->{closure:{closure:Illuminate\\Pipeline\\Pipeline::carry():184}:185}()
#24 /home/yamojr/devyamo/edusaas/edusaas/vendor/laravel/framework/src/Illuminate/Pipeline/Pipeline.php(209): Illuminate\\View\\Middleware\\ShareErrorsFromSession->handle()
#25 /home/yamojr/devyamo/edusaas/edusaas/vendor/laravel/framework/src/Illuminate/Session/Middleware/StartSession.php(121): Illuminate\\Pipeline\\Pipeline->{closure:{closure:Illuminate\\Pipeline\\Pipeline::carry():184}:185}()
#26 /home/yamojr/devyamo/edusaas/edusaas/vendor/laravel/framework/src/Illuminate/Session/Middleware/StartSession.php(64): Illuminate\\Session\\Middleware\\StartSession->handleStatefulRequest()
#27 /home/yamojr/devyamo/edusaas/edusaas/vendor/laravel/framework/src/Illuminate/Pipeline/Pipeline.php(209): Illuminate\\Session\\Middleware\\StartSession->handle()
#28 /home/yamojr/devyamo/edusaas/edusaas/vendor/laravel/framework/src/Illuminate/Cookie/Middleware/AddQueuedCookiesToResponse.php(37): Illuminate\\Pipeline\\Pipeline->{closure:{closure:Illuminate\\Pipeline\\Pipeline::carry():184}:185}()
#29 /home/yamojr/devyamo/edusaas/edusaas/vendor/laravel/framework/src/Illuminate/Pipeline/Pipeline.php(209): Illuminate\\Cookie\\Middleware\\AddQueuedCookiesToResponse->handle()
#30 /home/yamojr/devyamo/edusaas/edusaas/vendor/laravel/framework/src/Illuminate/Cookie/Middleware/EncryptCookies.php(75): Illuminate\\Pipeline\\Pipeline->{closure:{closure:Illuminate\\Pipeline\\Pipeline::carry():184}:185}()
#31 /home/yamojr/devyamo/edusaas/edusaas/vendor/laravel/framework/src/Illuminate/Pipeline/Pipeline.php(209): Illuminate\\Cookie\\Middleware\\EncryptCookies->handle()
#32 /home/yamojr/devyamo/edusaas/edusaas/vendor/laravel/framework/src/Illuminate/Pipeline/Pipeline.php(127): Illuminate\\Pipeline\\Pipeline->{closure:{closure:Illuminate\\Pipeline\\Pipeline::carry():184}:185}()
#33 /home/yamojr/devyamo/edusaas/edusaas/vendor/laravel/framework/src/Illuminate/Routing/Router.php(807): Illuminate\\Pipeline\\Pipeline->then()
#34 /home/yamojr/devyamo/edusaas/edusaas/vendor/laravel/framework/src/Illuminate/Routing/Router.php(786): Illuminate\\Routing\\Router->runRouteWithinStack()
#35 /home/yamojr/devyamo/edusaas/edusaas/vendor/laravel/framework/src/Illuminate/Routing/Router.php(750): Illuminate\\Routing\\Router->runRoute()
#36 /home/yamojr/devyamo/edusaas/edusaas/vendor/laravel/framework/src/Illuminate/Routing/Router.php(739): Illuminate\\Routing\\Router->dispatchToRoute()
#37 /home/yamojr/devyamo/edusaas/edusaas/vendor/laravel/framework/src/Illuminate/Foundation/Http/Kernel.php(201): Illuminate\\Routing\\Router->dispatch()
#38 /home/yamojr/devyamo/edusaas/edusaas/vendor/laravel/framework/src/Illuminate/Pipeline/Pipeline.php(170): Illuminate\\Foundation\\Http\\Kernel->{closure:Illuminate\\Foundation\\Http\\Kernel::dispatchToRouter():198}()
#39 /home/yamojr/devyamo/edusaas/edusaas/vendor/laravel/framework/src/Illuminate/Foundation/Http/Middleware/TransformsRequest.php(21): Illuminate\\Pipeline\\Pipeline->{closure:Illuminate\\Pipeline\\Pipeline::prepareDestination():168}()
#40 /home/yamojr/devyamo/edusaas/edusaas/vendor/laravel/framework/src/Illuminate/Foundation/Http/Middleware/ConvertEmptyStringsToNull.php(31): Illuminate\\Foundation\\Http\\Middleware\\TransformsRequest->handle()
#41 /home/yamojr/devyamo/edusaas/edusaas/vendor/laravel/framework/src/Illuminate/Pipeline/Pipeline.php(209): Illuminate\\Foundation\\Http\\Middleware\\ConvertEmptyStringsToNull->handle()
#42 /home/yamojr/devyamo/edusaas/edusaas/vendor/laravel/framework/src/Illuminate/Foundation/Http/Middleware/TransformsRequest.php(21): Illuminate\\Pipeline\\Pipeline->{closure:{closure:Illuminate\\Pipeline\\Pipeline::carry():184}:185}()
#43 /home/yamojr/devyamo/edusaas/edusaas/vendor/laravel/framework/src/Illuminate/Foundation/Http/Middleware/TrimStrings.php(51): Illuminate\\Foundation\\Http\\Middleware\\TransformsRequest->handle()
#44 /home/yamojr/devyamo/edusaas/edusaas/vendor/laravel/framework/src/Illuminate/Pipeline/Pipeline.php(209): Illuminate\\Foundation\\Http\\Middleware\\TrimStrings->handle()
#45 /home/yamojr/devyamo/edusaas/edusaas/vendor/laravel/framework/src/Illuminate/Http/Middleware/ValidatePostSize.php(27): Illuminate\\Pipeline\\Pipeline->{closure:{closure:Illuminate\\Pipeline\\Pipeline::carry():184}:185}()
#46 /home/yamojr/devyamo/edusaas/edusaas/vendor/laravel/framework/src/Illuminate/Pipeline/Pipeline.php(209): Illuminate\\Http\\Middleware\\ValidatePostSize->handle()
#47 /home/yamojr/devyamo/edusaas/edusaas/vendor/laravel/framework/src/Illuminate/Foundation/Http/Middleware/PreventRequestsDuringMaintenance.php(110): Illuminate\\Pipeline\\Pipeline->{closure:{closure:Illuminate\\Pipeline\\Pipeline::carry():184}:185}()
#48 /home/yamojr/devyamo/edusaas/edusaas/vendor/laravel/framework/src/Illuminate/Pipeline/Pipeline.php(209): Illuminate\\Foundation\\Http\\Middleware\\PreventRequestsDuringMaintenance->handle()
#49 /home/yamojr/devyamo/edusaas/edusaas/vendor/laravel/framework/src/Illuminate/Http/Middleware/HandleCors.php(49): Illuminate\\Pipeline\\Pipeline->{closure:{closure:Illuminate\\Pipeline\\Pipeline::carry():184}:185}()
#50 /home/yamojr/devyamo/edusaas/edusaas/vendor/laravel/framework/src/Illuminate/Pipeline/Pipeline.php(209): Illuminate\\Http\\Middleware\\HandleCors->handle()
#51 /home/yamojr/devyamo/edusaas/edusaas/vendor/laravel/framework/src/Illuminate/Http/Middleware/TrustProxies.php(58): Illuminate\\Pipeline\\Pipeline->{closure:{closure:Illuminate\\Pipeline\\Pipeline::carry():184}:185}()
#52 /home/yamojr/devyamo/edusaas/edusaas/vendor/laravel/framework/src/Illuminate/Pipeline/Pipeline.php(209): Illuminate\\Http\\Middleware\\TrustProxies->handle()
#53 /home/yamojr/devyamo/edusaas/edusaas/vendor/laravel/framework/src/Illuminate/Foundation/Http/Middleware/InvokeDeferredCallbacks.php(22): Illuminate\\Pipeline\\Pipeline->{closure:{closure:Illuminate\\Pipeline\\Pipeline::carry():184}:185}()
#54 /home/yamojr/devyamo/edusaas/edusaas/vendor/laravel/framework/src/Illuminate/Pipeline/Pipeline.php(209): Illuminate\\Foundation\\Http\\Middleware\\InvokeDeferredCallbacks->handle()
#55 /home/yamojr/devyamo/edusaas/edusaas/vendor/laravel/framework/src/Illuminate/Pipeline/Pipeline.php(127): Illuminate\\Pipeline\\Pipeline->{closure:{closure:Illuminate\\Pipeline\\Pipeline::carry():184}:185}()
#56 /home/yamojr/devyamo/edusaas/edusaas/vendor/laravel/framework/src/Illuminate/Foundation/Http/Kernel.php(176): Illuminate\\Pipeline\\Pipeline->then()
#57 /home/yamojr/devyamo/edusaas/edusaas/vendor/laravel/framework/src/Illuminate/Foundation/Http/Kernel.php(145): Illuminate\\Foundation\\Http\\Kernel->sendRequestThroughRouter()
#58 /home/yamojr/devyamo/edusaas/edusaas/vendor/laravel/framework/src/Illuminate/Foundation/Application.php(1220): Illuminate\\Foundation\\Http\\Kernel->handle()
#59 /home/yamojr/devyamo/edusaas/edusaas/public/index.php(19): Illuminate\\Foundation\\Application->handleRequest()
#60 /home/yamojr/devyamo/edusaas/edusaas/vendor/laravel/framework/src/Illuminate/Foundation/resources/server.php(23): require_once('...')
#61 {main}

[previous exception] [object] (ReflectionException(code: -1): Class \"App\\Http\\Controllers\\School\\GradeController\" does not exist at /home/yamojr/devyamo/edusaas/edusaas/vendor/laravel/framework/src/Illuminate/Container/Container.php:959)
[stacktrace]
#0 /home/yamojr/devyamo/edusaas/edusaas/vendor/laravel/framework/src/Illuminate/Container/Container.php(959): ReflectionClass->__construct()
#1 /home/yamojr/devyamo/edusaas/edusaas/vendor/laravel/framework/src/Illuminate/Container/Container.php(832): Illuminate\\Container\\Container->build()
#2 /home/yamojr/devyamo/edusaas/edusaas/vendor/laravel/framework/src/Illuminate/Foundation/Application.php(1078): Illuminate\\Container\\Container->resolve()
#3 /home/yamojr/devyamo/edusaas/edusaas/vendor/laravel/framework/src/Illuminate/Container/Container.php(763): Illuminate\\Foundation\\Application->resolve()
#4 /home/yamojr/devyamo/edusaas/edusaas/vendor/laravel/framework/src/Illuminate/Foundation/Application.php(1058): Illuminate\\Container\\Container->make()
#5 /home/yamojr/devyamo/edusaas/edusaas/vendor/laravel/framework/src/Illuminate/Routing/Route.php(285): Illuminate\\Foundation\\Application->make()
#6 /home/yamojr/devyamo/edusaas/edusaas/vendor/laravel/framework/src/Illuminate/Routing/Route.php(267): Illuminate\\Routing\\Route->getController()
#7 /home/yamojr/devyamo/edusaas/edusaas/vendor/laravel/framework/src/Illuminate/Routing/Route.php(212): Illuminate\\Routing\\Route->runController()
#8 /home/yamojr/devyamo/edusaas/edusaas/vendor/laravel/framework/src/Illuminate/Routing/Router.php(808): Illuminate\\Routing\\Route->run()
#9 /home/yamojr/devyamo/edusaas/edusaas/vendor/laravel/framework/src/Illuminate/Pipeline/Pipeline.php(170): Illuminate\\Routing\\Router->{closure:Illuminate\\Routing\\Router::runRouteWithinStack():807}()
#10 /home/yamojr/devyamo/edusaas/edusaas/app/Http/Middleware/EnsureTenantAccess.php(26): Illuminate\\Pipeline\\Pipeline->{closure:Illuminate\\Pipeline\\Pipeline::prepareDestination():168}()
#11 /home/yamojr/devyamo/edusaas/edusaas/vendor/laravel/framework/src/Illuminate/Pipeline/Pipeline.php(209): App\\Http\\Middleware\\EnsureTenantAccess->handle()
#12 /home/yamojr/devyamo/edusaas/edusaas/vendor/spatie/laravel-permission/src/Middleware/RoleMiddleware.php(37): Illuminate\\Pipeline\\Pipeline->{closure:{closure:Illuminate\\Pipeline\\Pipeline::carry():184}:185}()
#13 /home/yamojr/devyamo/edusaas/edusaas/vendor/laravel/framework/src/Illuminate/Pipeline/Pipeline.php(209): Spatie\\Permission\\Middleware\\RoleMiddleware->handle()
#14 /home/yamojr/devyamo/edusaas/edusaas/app/Http/Middleware/IdentifyTenant.php(40): Illuminate\\Pipeline\\Pipeline->{closure:{closure:Illuminate\\Pipeline\\Pipeline::carry():184}:185}()
#15 /home/yamojr/devyamo/edusaas/edusaas/vendor/laravel/framework/src/Illuminate/Pipeline/Pipeline.php(209): App\\Http\\Middleware\\IdentifyTenant->handle()
#16 /home/yamojr/devyamo/edusaas/edusaas/vendor/inertiajs/inertia-laravel/src/Middleware.php(122): Illuminate\\Pipeline\\Pipeline->{closure:{closure:Illuminate\\Pipeline\\Pipeline::carry():184}:185}()
#17 /home/yamojr/devyamo/edusaas/edusaas/vendor/laravel/framework/src/Illuminate/Pipeline/Pipeline.php(209): Inertia\\Middleware->handle()
#18 /home/yamojr/devyamo/edusaas/edusaas/vendor/laravel/framework/src/Illuminate/Routing/Middleware/SubstituteBindings.php(51): Illuminate\\Pipeline\\Pipeline->{closure:{closure:Illuminate\\Pipeline\\Pipeline::carry():184}:185}()
#19 /home/yamojr/devyamo/edusaas/edusaas/vendor/laravel/framework/src/Illuminate/Pipeline/Pipeline.php(209): Illuminate\\Routing\\Middleware\\SubstituteBindings->handle()
#20 /home/yamojr/devyamo/edusaas/edusaas/vendor/laravel/framework/src/Illuminate/Auth/Middleware/Authenticate.php(64): Illuminate\\Pipeline\\Pipeline->{closure:{closure:Illuminate\\Pipeline\\Pipeline::carry():184}:185}()
#21 /home/yamojr/devyamo/edusaas/edusaas/vendor/laravel/framework/src/Illuminate/Pipeline/Pipeline.php(209): Illuminate\\Auth\\Middleware\\Authenticate->handle()
#22 /home/yamojr/devyamo/edusaas/edusaas/vendor/laravel/framework/src/Illuminate/Foundation/Http/Middleware/VerifyCsrfToken.php(88): Illuminate\\Pipeline\\Pipeline->{closure:{closure:Illuminate\\Pipeline\\Pipeline::carry():184}:185}()
#23 /home/yamojr/devyamo/edusaas/edusaas/vendor/laravel/framework/src/Illuminate/Pipeline/Pipeline.php(209): Illuminate\\Foundation\\Http\\Middleware\\VerifyCsrfToken->handle()
#24 /home/yamojr/devyamo/edusaas/edusaas/vendor/laravel/framework/src/Illuminate/View/Middleware/ShareErrorsFromSession.php(49): Illuminate\\Pipeline\\Pipeline->{closure:{closure:Illuminate\\Pipeline\\Pipeline::carry():184}:185}()
#25 /home/yamojr/devyamo/edusaas/edusaas/vendor/laravel/framework/src/Illuminate/Pipeline/Pipeline.php(209): Illuminate\\View\\Middleware\\ShareErrorsFromSession->handle()
#26 /home/yamojr/devyamo/edusaas/edusaas/vendor/laravel/framework/src/Illuminate/Session/Middleware/StartSession.php(121): Illuminate\\Pipeline\\Pipeline->{closure:{closure:Illuminate\\Pipeline\\Pipeline::carry():184}:185}()
#27 /home/yamojr/devyamo/edusaas/edusaas/vendor/laravel/framework/src/Illuminate/Session/Middleware/StartSession.php(64): Illuminate\\Session\\Middleware\\StartSession->handleStatefulRequest()
#28 /home/yamojr/devyamo/edusaas/edusaas/vendor/laravel/framework/src/Illuminate/Pipeline/Pipeline.php(209): Illuminate\\Session\\Middleware\\StartSession->handle()
#29 /home/yamojr/devyamo/edusaas/edusaas/vendor/laravel/framework/src/Illuminate/Cookie/Middleware/AddQueuedCookiesToResponse.php(37): Illuminate\\Pipeline\\Pipeline->{closure:{closure:Illuminate\\Pipeline\\Pipeline::carry():184}:185}()
#30 /home/yamojr/devyamo/edusaas/edusaas/vendor/laravel/framework/src/Illuminate/Pipeline/Pipeline.php(209): Illuminate\\Cookie\\Middleware\\AddQueuedCookiesToResponse->handle()
#31 /home/yamojr/devyamo/edusaas/edusaas/vendor/laravel/framework/src/Illuminate/Cookie/Middleware/EncryptCookies.php(75): Illuminate\\Pipeline\\Pipeline->{closure:{closure:Illuminate\\Pipeline\\Pipeline::carry():184}:185}()
#32 /home/yamojr/devyamo/edusaas/edusaas/vendor/laravel/framework/src/Illuminate/Pipeline/Pipeline.php(209): Illuminate\\Cookie\\Middleware\\EncryptCookies->handle()
#33 /home/yamojr/devyamo/edusaas/edusaas/vendor/laravel/framework/src/Illuminate/Pipeline/Pipeline.php(127): Illuminate\\Pipeline\\Pipeline->{closure:{closure:Illuminate\\Pipeline\\Pipeline::carry():184}:185}()
#34 /home/yamojr/devyamo/edusaas/edusaas/vendor/laravel/framework/src/Illuminate/Routing/Router.php(807): Illuminate\\Pipeline\\Pipeline->then()
#35 /home/yamojr/devyamo/edusaas/edusaas/vendor/laravel/framework/src/Illuminate/Routing/Router.php(786): Illuminate\\Routing\\Router->runRouteWithinStack()
#36 /home/yamojr/devyamo/edusaas/edusaas/vendor/laravel/framework/src/Illuminate/Routing/Router.php(750): Illuminate\\Routing\\Router->runRoute()
#37 /home/yamojr/devyamo/edusaas/edusaas/vendor/laravel/framework/src/Illuminate/Routing/Router.php(739): Illuminate\\Routing\\Router->dispatchToRoute()
#38 /home/yamojr/devyamo/edusaas/edusaas/vendor/laravel/framework/src/Illuminate/Foundation/Http/Kernel.php(201): Illuminate\\Routing\\Router->dispatch()
#39 /home/yamojr/devyamo/edusaas/edusaas/vendor/laravel/framework/src/Illuminate/Pipeline/Pipeline.php(170): Illuminate\\Foundation\\Http\\Kernel->{closure:Illuminate\\Foundation\\Http\\Kernel::dispatchToRouter():198}()
#40 /home/yamojr/devyamo/edusaas/edusaas/vendor/laravel/framework/src/Illuminate/Foundation/Http/Middleware/TransformsRequest.php(21): Illuminate\\Pipeline\\Pipeline->{closure:Illuminate\\Pipeline\\Pipeline::prepareDestination():168}()
#41 /home/yamojr/devyamo/edusaas/edusaas/vendor/laravel/framework/src/Illuminate/Foundation/Http/Middleware/ConvertEmptyStringsToNull.php(31): Illuminate\\Foundation\\Http\\Middleware\\TransformsRequest->handle()
#42 /home/yamojr/devyamo/edusaas/edusaas/vendor/laravel/framework/src/Illuminate/Pipeline/Pipeline.php(209): Illuminate\\Foundation\\Http\\Middleware\\ConvertEmptyStringsToNull->handle()
#43 /home/yamojr/devyamo/edusaas/edusaas/vendor/laravel/framework/src/Illuminate/Foundation/Http/Middleware/TransformsRequest.php(21): Illuminate\\Pipeline\\Pipeline->{closure:{closure:Illuminate\\Pipeline\\Pipeline::carry():184}:185}()
#44 /home/yamojr/devyamo/edusaas/edusaas/vendor/laravel/framework/src/Illuminate/Foundation/Http/Middleware/TrimStrings.php(51): Illuminate\\Foundation\\Http\\Middleware\\TransformsRequest->handle()
#45 /home/yamojr/devyamo/edusaas/edusaas/vendor/laravel/framework/src/Illuminate/Pipeline/Pipeline.php(209): Illuminate\\Foundation\\Http\\Middleware\\TrimStrings->handle()
#46 /home/yamojr/devyamo/edusaas/edusaas/vendor/laravel/framework/src/Illuminate/Http/Middleware/ValidatePostSize.php(27): Illuminate\\Pipeline\\Pipeline->{closure:{closure:Illuminate\\Pipeline\\Pipeline::carry():184}:185}()
#47 /home/yamojr/devyamo/edusaas/edusaas/vendor/laravel/framework/src/Illuminate/Pipeline/Pipeline.php(209): Illuminate\\Http\\Middleware\\ValidatePostSize->handle()
#48 /home/yamojr/devyamo/edusaas/edusaas/vendor/laravel/framework/src/Illuminate/Foundation/Http/Middleware/PreventRequestsDuringMaintenance.php(110): Illuminate\\Pipeline\\Pipeline->{closure:{closure:Illuminate\\Pipeline\\Pipeline::carry():184}:185}()
#49 /home/yamojr/devyamo/edusaas/edusaas/vendor/laravel/framework/src/Illuminate/Pipeline/Pipeline.php(209): Illuminate\\Foundation\\Http\\Middleware\\PreventRequestsDuringMaintenance->handle()
#50 /home/yamojr/devyamo/edusaas/edusaas/vendor/laravel/framework/src/Illuminate/Http/Middleware/HandleCors.php(49): Illuminate\\Pipeline\\Pipeline->{closure:{closure:Illuminate\\Pipeline\\Pipeline::carry():184}:185}()
#51 /home/yamojr/devyamo/edusaas/edusaas/vendor/laravel/framework/src/Illuminate/Pipeline/Pipeline.php(209): Illuminate\\Http\\Middleware\\HandleCors->handle()
#52 /home/yamojr/devyamo/edusaas/edusaas/vendor/laravel/framework/src/Illuminate/Http/Middleware/TrustProxies.php(58): Illuminate\\Pipeline\\Pipeline->{closure:{closure:Illuminate\\Pipeline\\Pipeline::carry():184}:185}()
#53 /home/yamojr/devyamo/edusaas/edusaas/vendor/laravel/framework/src/Illuminate/Pipeline/Pipeline.php(209): Illuminate\\Http\\Middleware\\TrustProxies->handle()
#54 /home/yamojr/devyamo/edusaas/edusaas/vendor/laravel/framework/src/Illuminate/Foundation/Http/Middleware/InvokeDeferredCallbacks.php(22): Illuminate\\Pipeline\\Pipeline->{closure:{closure:Illuminate\\Pipeline\\Pipeline::carry():184}:185}()
#55 /home/yamojr/devyamo/edusaas/edusaas/vendor/laravel/framework/src/Illuminate/Pipeline/Pipeline.php(209): Illuminate\\Foundation\\Http\\Middleware\\InvokeDeferredCallbacks->handle()
#56 /home/yamojr/devyamo/edusaas/edusaas/vendor/laravel/framework/src/Illuminate/Pipeline/Pipeline.php(127): Illuminate\\Pipeline\\Pipeline->{closure:{closure:Illuminate\\Pipeline\\Pipeline::carry():184}:185}()
#57 /home/yamojr/devyamo/edusaas/edusaas/vendor/laravel/framework/src/Illuminate/Foundation/Http/Kernel.php(176): Illuminate\\Pipeline\\Pipeline->then()
#58 /home/yamojr/devyamo/edusaas/edusaas/vendor/laravel/framework/src/Illuminate/Foundation/Http/Kernel.php(145): Illuminate\\Foundation\\Http\\Kernel->sendRequestThroughRouter()
#59 /home/yamojr/devyamo/edusaas/edusaas/vendor/laravel/framework/src/Illuminate/Foundation/Application.php(1220): Illuminate\\Foundation\\Http\\Kernel->handle()
#60 /home/yamojr/devyamo/edusaas/edusaas/public/index.php(19): Illuminate\\Foundation\\Application->handleRequest()
#61 /home/yamojr/devyamo/edusaas/edusaas/vendor/laravel/framework/src/Illuminate/Foundation/resources/server.php(23): require_once('...')
#62 {main}
"} 
[2026-03-22 04:15:54] local.ERROR: Target class [App\Http\Controllers\School\GradeController] does not exist. {"userId":4,"exception":"[object] (Illuminate\\Contracts\\Container\\BindingResolutionException(code: 0): Target class [App\\Http\\Controllers\\School\\GradeController] does not exist. at /home/yamojr/devyamo/edusaas/edusaas/vendor/laravel/framework/src/Illuminate/Container/Container.php:961)
[stacktrace]
#0 /home/yamojr/devyamo/edusaas/edusaas/vendor/laravel/framework/src/Illuminate/Container/Container.php(832): Illuminate\\Container\\Container->build()
#1 /home/yamojr/devyamo/edusaas/edusaas/vendor/laravel/framework/src/Illuminate/Foundation/Application.php(1078): Illuminate\\Container\\Container->resolve()
#2 /home/yamojr/devyamo/edusaas/edusaas/vendor/laravel/framework/src/Illuminate/Container/Container.php(763): Illuminate\\Foundation\\Application->resolve()
#3 /home/yamojr/devyamo/edusaas/edusaas/vendor/laravel/framework/src/Illuminate/Foundation/Application.php(1058): Illuminate\\Container\\Container->make()
#4 /home/yamojr/devyamo/edusaas/edusaas/vendor/laravel/framework/src/Illuminate/Routing/Route.php(285): Illuminate\\Foundation\\Application->make()
#5 /home/yamojr/devyamo/edusaas/edusaas/vendor/laravel/framework/src/Illuminate/Routing/Route.php(267): Illuminate\\Routing\\Route->getController()
#6 /home/yamojr/devyamo/edusaas/edusaas/vendor/laravel/framework/src/Illuminate/Routing/Route.php(212): Illuminate\\Routing\\Route->runController()
#7 /home/yamojr/devyamo/edusaas/edusaas/vendor/laravel/framework/src/Illuminate/Routing/Router.php(808): Illuminate\\Routing\\Route->run()
#8 /home/yamojr/devyamo/edusaas/edusaas/vendor/laravel/framework/src/Illuminate/Pipeline/Pipeline.php(170): Illuminate\\Routing\\Router->{closure:Illuminate\\Routing\\Router::runRouteWithinStack():807}()
#9 /home/yamojr/devyamo/edusaas/edusaas/app/Http/Middleware/EnsureTenantAccess.php(26): Illuminate\\Pipeline\\Pipeline->{closure:Illuminate\\Pipeline\\Pipeline::prepareDestination():168}()
#10 /home/yamojr/devyamo/edusaas/edusaas/vendor/laravel/framework/src/Illuminate/Pipeline/Pipeline.php(209): App\\Http\\Middleware\\EnsureTenantAccess->handle()
#11 /home/yamojr/devyamo/edusaas/edusaas/vendor/spatie/laravel-permission/src/Middleware/RoleMiddleware.php(37): Illuminate\\Pipeline\\Pipeline->{closure:{closure:Illuminate\\Pipeline\\Pipeline::carry():184}:185}()
#12 /home/yamojr/devyamo/edusaas/edusaas/vendor/laravel/framework/src/Illuminate/Pipeline/Pipeline.php(209): Spatie\\Permission\\Middleware\\RoleMiddleware->handle()
#13 /home/yamojr/devyamo/edusaas/edusaas/app/Http/Middleware/IdentifyTenant.php(40): Illuminate\\Pipeline\\Pipeline->{closure:{closure:Illuminate\\Pipeline\\Pipeline::carry():184}:185}()
#14 /home/yamojr/devyamo/edusaas/edusaas/vendor/laravel/framework/src/Illuminate/Pipeline/Pipeline.php(209): App\\Http\\Middleware\\IdentifyTenant->handle()
#15 /home/yamojr/devyamo/edusaas/edusaas/vendor/inertiajs/inertia-laravel/src/Middleware.php(122): Illuminate\\Pipeline\\Pipeline->{closure:{closure:Illuminate\\Pipeline\\Pipeline::carry():184}:185}()
#16 /home/yamojr/devyamo/edusaas/edusaas/vendor/laravel/framework/src/Illuminate/Pipeline/Pipeline.php(209): Inertia\\Middleware->handle()
#17 /home/yamojr/devyamo/edusaas/edusaas/vendor/laravel/framework/src/Illuminate/Routing/Middleware/SubstituteBindings.php(51): Illuminate\\Pipeline\\Pipeline->{closure:{closure:Illuminate\\Pipeline\\Pipeline::carry():184}:185}()
#18 /home/yamojr/devyamo/edusaas/edusaas/vendor/laravel/framework/src/Illuminate/Pipeline/Pipeline.php(209): Illuminate\\Routing\\Middleware\\SubstituteBindings->handle()
#19 /home/yamojr/devyamo/edusaas/edusaas/vendor/laravel/framework/src/Illuminate/Auth/Middleware/Authenticate.php(64): Illuminate\\Pipeline\\Pipeline->{closure:{closure:Illuminate\\Pipeline\\Pipeline::carry():184}:185}()
#20 /home/yamojr/devyamo/edusaas/edusaas/vendor/laravel/framework/src/Illuminate/Pipeline/Pipeline.php(209): Illuminate\\Auth\\Middleware\\Authenticate->handle()
#21 /home/yamojr/devyamo/edusaas/edusaas/vendor/laravel/framework/src/Illuminate/Foundation/Http/Middleware/VerifyCsrfToken.php(88): Illuminate\\Pipeline\\Pipeline->{closure:{closure:Illuminate\\Pipeline\\Pipeline::carry():184}:185}()
#22 /home/yamojr/devyamo/edusaas/edusaas/vendor/laravel/framework/src/Illuminate/Pipeline/Pipeline.php(209): Illuminate\\Foundation\\Http\\Middleware\\VerifyCsrfToken->handle()
#23 /home/yamojr/devyamo/edusaas/edusaas/vendor/laravel/framework/src/Illuminate/View/Middleware/ShareErrorsFromSession.php(49): Illuminate\\Pipeline\\Pipeline->{closure:{closure:Illuminate\\Pipeline\\Pipeline::carry():184}:185}()
#24 /home/yamojr/devyamo/edusaas/edusaas/vendor/laravel/framework/src/Illuminate/Pipeline/Pipeline.php(209): Illuminate\\View\\Middleware\\ShareErrorsFromSession->handle()
#25 /home/yamojr/devyamo/edusaas/edusaas/vendor/laravel/framework/src/Illuminate/Session/Middleware/StartSession.php(121): Illuminate\\Pipeline\\Pipeline->{closure:{closure:Illuminate\\Pipeline\\Pipeline::carry():184}:185}()
#26 /home/yamojr/devyamo/edusaas/edusaas/vendor/laravel/framework/src/Illuminate/Session/Middleware/StartSession.php(64): Illuminate\\Session\\Middleware\\StartSession->handleStatefulRequest()
#27 /home/yamojr/devyamo/edusaas/edusaas/vendor/laravel/framework/src/Illuminate/Pipeline/Pipeline.php(209): Illuminate\\Session\\Middleware\\StartSession->handle()
#28 /home/yamojr/devyamo/edusaas/edusaas/vendor/laravel/framework/src/Illuminate/Cookie/Middleware/AddQueuedCookiesToResponse.php(37): Illuminate\\Pipeline\\Pipeline->{closure:{closure:Illuminate\\Pipeline\\Pipeline::carry():184}:185}()
#29 /home/yamojr/devyamo/edusaas/edusaas/vendor/laravel/framework/src/Illuminate/Pipeline/Pipeline.php(209): Illuminate\\Cookie\\Middleware\\AddQueuedCookiesToResponse->handle()
#30 /home/yamojr/devyamo/edusaas/edusaas/vendor/laravel/framework/src/Illuminate/Cookie/Middleware/EncryptCookies.php(75): Illuminate\\Pipeline\\Pipeline->{closure:{closure:Illuminate\\Pipeline\\Pipeline::carry():184}:185}()
#31 /home/yamojr/devyamo/edusaas/edusaas/vendor/laravel/framework/src/Illuminate/Pipeline/Pipeline.php(209): Illuminate\\Cookie\\Middleware\\EncryptCookies->handle()
#32 /home/yamojr/devyamo/edusaas/edusaas/vendor/laravel/framework/src/Illuminate/Pipeline/Pipeline.php(127): Illuminate\\Pipeline\\Pipeline->{closure:{closure:Illuminate\\Pipeline\\Pipeline::carry():184}:185}()
#33 /home/yamojr/devyamo/edusaas/edusaas/vendor/laravel/framework/src/Illuminate/Routing/Router.php(807): Illuminate\\Pipeline\\Pipeline->then()
#34 /home/yamojr/devyamo/edusaas/edusaas/vendor/laravel/framework/src/Illuminate/Routing/Router.php(786): Illuminate\\Routing\\Router->runRouteWithinStack()
#35 /home/yamojr/devyamo/edusaas/edusaas/vendor/laravel/framework/src/Illuminate/Routing/Router.php(750): Illuminate\\Routing\\Router->runRoute()
#36 /home/yamojr/devyamo/edusaas/edusaas/vendor/laravel/framework/src/Illuminate/Routing/Router.php(739): Illuminate\\Routing\\Router->dispatchToRoute()
#37 /home/yamojr/devyamo/edusaas/edusaas/vendor/laravel/framework/src/Illuminate/Foundation/Http/Kernel.php(201): Illuminate\\Routing\\Router->dispatch()
#38 /home/yamojr/devyamo/edusaas/edusaas/vendor/laravel/framework/src/Illuminate/Pipeline/Pipeline.php(170): Illuminate\\Foundation\\Http\\Kernel->{closure:Illuminate\\Foundation\\Http\\Kernel::dispatchToRouter():198}()
#39 /home/yamojr/devyamo/edusaas/edusaas/vendor/laravel/framework/src/Illuminate/Foundation/Http/Middleware/TransformsRequest.php(21): Illuminate\\Pipeline\\Pipeline->{closure:Illuminate\\Pipeline\\Pipeline::prepareDestination():168}()
#40 /home/yamojr/devyamo/edusaas/edusaas/vendor/laravel/framework/src/Illuminate/Foundation/Http/Middleware/ConvertEmptyStringsToNull.php(31): Illuminate\\Foundation\\Http\\Middleware\\TransformsRequest->handle()
#41 /home/yamojr/devyamo/edusaas/edusaas/vendor/laravel/framework/src/Illuminate/Pipeline/Pipeline.php(209): Illuminate\\Foundation\\Http\\Middleware\\ConvertEmptyStringsToNull->handle()
#42 /home/yamojr/devyamo/edusaas/edusaas/vendor/laravel/framework/src/Illuminate/Foundation/Http/Middleware/TransformsRequest.php(21): Illuminate\\Pipeline\\Pipeline->{closure:{closure:Illuminate\\Pipeline\\Pipeline::carry():184}:185}()
#43 /home/yamojr/devyamo/edusaas/edusaas/vendor/laravel/framework/src/Illuminate/Foundation/Http/Middleware/TrimStrings.php(51): Illuminate\\Foundation\\Http\\Middleware\\TransformsRequest->handle()
#44 /home/yamojr/devyamo/edusaas/edusaas/vendor/laravel/framework/src/Illuminate/Pipeline/Pipeline.php(209): Illuminate\\Foundation\\Http\\Middleware\\TrimStrings->handle()
#45 /home/yamojr/devyamo/edusaas/edusaas/vendor/laravel/framework/src/Illuminate/Http/Middleware/ValidatePostSize.php(27): Illuminate\\Pipeline\\Pipeline->{closure:{closure:Illuminate\\Pipeline\\Pipeline::carry():184}:185}()
#46 /home/yamojr/devyamo/edusaas/edusaas/vendor/laravel/framework/src/Illuminate/Pipeline/Pipeline.php(209): Illuminate\\Http\\Middleware\\ValidatePostSize->handle()
#47 /home/yamojr/devyamo/edusaas/edusaas/vendor/laravel/framework/src/Illuminate/Foundation/Http/Middleware/PreventRequestsDuringMaintenance.php(110): Illuminate\\Pipeline\\Pipeline->{closure:{closure:Illuminate\\Pipeline\\Pipeline::carry():184}:185}()
#48 /home/yamojr/devyamo/edusaas/edusaas/vendor/laravel/framework/src/Illuminate/Pipeline/Pipeline.php(209): Illuminate\\Foundation\\Http\\Middleware\\PreventRequestsDuringMaintenance->handle()
#49 /home/yamojr/devyamo/edusaas/edusaas/vendor/laravel/framework/src/Illuminate/Http/Middleware/HandleCors.php(49): Illuminate\\Pipeline\\Pipeline->{closure:{closure:Illuminate\\Pipeline\\Pipeline::carry():184}:185}()
#50 /home/yamojr/devyamo/edusaas/edusaas/vendor/laravel/framework/src/Illuminate/Pipeline/Pipeline.php(209): Illuminate\\Http\\Middleware\\HandleCors->handle()
#51 /home/yamojr/devyamo/edusaas/edusaas/vendor/laravel/framework/src/Illuminate/Http/Middleware/TrustProxies.php(58): Illuminate\\Pipeline\\Pipeline->{closure:{closure:Illuminate\\Pipeline\\Pipeline::carry():184}:185}()
#52 /home/yamojr/devyamo/edusaas/edusaas/vendor/laravel/framework/src/Illuminate/Pipeline/Pipeline.php(209): Illuminate\\Http\\Middleware\\TrustProxies->handle()
#53 /home/yamojr/devyamo/edusaas/edusaas/vendor/laravel/framework/src/Illuminate/Foundation/Http/Middleware/InvokeDeferredCallbacks.php(22): Illuminate\\Pipeline\\Pipeline->{closure:{closure:Illuminate\\Pipeline\\Pipeline::carry():184}:185}()
#54 /home/yamojr/devyamo/edusaas/edusaas/vendor/laravel/framework/src/Illuminate/Pipeline/Pipeline.php(209): Illuminate\\Foundation\\Http\\Middleware\\InvokeDeferredCallbacks->handle()
#55 /home/yamojr/devyamo/edusaas/edusaas/vendor/laravel/framework/src/Illuminate/Pipeline/Pipeline.php(127): Illuminate\\Pipeline\\Pipeline->{closure:{closure:Illuminate\\Pipeline\\Pipeline::carry():184}:185}()
#56 /home/yamojr/devyamo/edusaas/edusaas/vendor/laravel/framework/src/Illuminate/Foundation/Http/Kernel.php(176): Illuminate\\Pipeline\\Pipeline->then()
#57 /home/yamojr/devyamo/edusaas/edusaas/vendor/laravel/framework/src/Illuminate/Foundation/Http/Kernel.php(145): Illuminate\\Foundation\\Http\\Kernel->sendRequestThroughRouter()
#58 /home/yamojr/devyamo/edusaas/edusaas/vendor/laravel/framework/src/Illuminate/Foundation/Application.php(1220): Illuminate\\Foundation\\Http\\Kernel->handle()
#59 /home/yamojr/devyamo/edusaas/edusaas/public/index.php(19): Illuminate\\Foundation\\Application->handleRequest()
#60 /home/yamojr/devyamo/edusaas/edusaas/vendor/laravel/framework/src/Illuminate/Foundation/resources/server.php(23): require_once('...')
#61 {main}

[previous exception] [object] (ReflectionException(code: -1): Class \"App\\Http\\Controllers\\School\\GradeController\" does not exist at /home/yamojr/devyamo/edusaas/edusaas/vendor/laravel/framework/src/Illuminate/Container/Container.php:959)
[stacktrace]
#0 /home/yamojr/devyamo/edusaas/edusaas/vendor/laravel/framework/src/Illuminate/Container/Container.php(959): ReflectionClass->__construct()
#1 /home/yamojr/devyamo/edusaas/edusaas/vendor/laravel/framework/src/Illuminate/Container/Container.php(832): Illuminate\\Container\\Container->build()
#2 /home/yamojr/devyamo/edusaas/edusaas/vendor/laravel/framework/src/Illuminate/Foundation/Application.php(1078): Illuminate\\Container\\Container->resolve()
#3 /home/yamojr/devyamo/edusaas/edusaas/vendor/laravel/framework/src/Illuminate/Container/Container.php(763): Illuminate\\Foundation\\Application->resolve()
#4 /home/yamojr/devyamo/edusaas/edusaas/vendor/laravel/framework/src/Illuminate/Foundation/Application.php(1058): Illuminate\\Container\\Container->make()
#5 /home/yamojr/devyamo/edusaas/edusaas/vendor/laravel/framework/src/Illuminate/Routing/Route.php(285): Illuminate\\Foundation\\Application->make()
#6 /home/yamojr/devyamo/edusaas/edusaas/vendor/laravel/framework/src/Illuminate/Routing/Route.php(267): Illuminate\\Routing\\Route->getController()
#7 /home/yamojr/devyamo/edusaas/edusaas/vendor/laravel/framework/src/Illuminate/Routing/Route.php(212): Illuminate\\Routing\\Route->runController()
#8 /home/yamojr/devyamo/edusaas/edusaas/vendor/laravel/framework/src/Illuminate/Routing/Router.php(808): Illuminate\\Routing\\Route->run()
#9 /home/yamojr/devyamo/edusaas/edusaas/vendor/laravel/framework/src/Illuminate/Pipeline/Pipeline.php(170): Illuminate\\Routing\\Router->{closure:Illuminate\\Routing\\Router::runRouteWithinStack():807}()
#10 /home/yamojr/devyamo/edusaas/edusaas/app/Http/Middleware/EnsureTenantAccess.php(26): Illuminate\\Pipeline\\Pipeline->{closure:Illuminate\\Pipeline\\Pipeline::prepareDestination():168}()
#11 /home/yamojr/devyamo/edusaas/edusaas/vendor/laravel/framework/src/Illuminate/Pipeline/Pipeline.php(209): App\\Http\\Middleware\\EnsureTenantAccess->handle()
#12 /home/yamojr/devyamo/edusaas/edusaas/vendor/spatie/laravel-permission/src/Middleware/RoleMiddleware.php(37): Illuminate\\Pipeline\\Pipeline->{closure:{closure:Illuminate\\Pipeline\\Pipeline::carry():184}:185}()
#13 /home/yamojr/devyamo/edusaas/edusaas/vendor/laravel/framework/src/Illuminate/Pipeline/Pipeline.php(209): Spatie\\Permission\\Middleware\\RoleMiddleware->handle()
#14 /home/yamojr/devyamo/edusaas/edusaas/app/Http/Middleware/IdentifyTenant.php(40): Illuminate\\Pipeline\\Pipeline->{closure:{closure:Illuminate\\Pipeline\\Pipeline::carry():184}:185}()
#15 /home/yamojr/devyamo/edusaas/edusaas/vendor/laravel/framework/src/Illuminate/Pipeline/Pipeline.php(209): App\\Http\\Middleware\\IdentifyTenant->handle()
#16 /home/yamojr/devyamo/edusaas/edusaas/vendor/inertiajs/inertia-laravel/src/Middleware.php(122): Illuminate\\Pipeline\\Pipeline->{closure:{closure:Illuminate\\Pipeline\\Pipeline::carry():184}:185}()
#17 /home/yamojr/devyamo/edusaas/edusaas/vendor/laravel/framework/src/Illuminate/Pipeline/Pipeline.php(209): Inertia\\Middleware->handle()
#18 /home/yamojr/devyamo/edusaas/edusaas/vendor/laravel/framework/src/Illuminate/Routing/Middleware/SubstituteBindings.php(51): Illuminate\\Pipeline\\Pipeline->{closure:{closure:Illuminate\\Pipeline\\Pipeline::carry():184}:185}()
#19 /home/yamojr/devyamo/edusaas/edusaas/vendor/laravel/framework/src/Illuminate/Pipeline/Pipeline.php(209): Illuminate\\Routing\\Middleware\\SubstituteBindings->handle()
#20 /home/yamojr/devyamo/edusaas/edusaas/vendor/laravel/framework/src/Illuminate/Auth/Middleware/Authenticate.php(64): Illuminate\\Pipeline\\Pipeline->{closure:{closure:Illuminate\\Pipeline\\Pipeline::carry():184}:185}()
#21 /home/yamojr/devyamo/edusaas/edusaas/vendor/laravel/framework/src/Illuminate/Pipeline/Pipeline.php(209): Illuminate\\Auth\\Middleware\\Authenticate->handle()
#22 /home/yamojr/devyamo/edusaas/edusaas/vendor/laravel/framework/src/Illuminate/Foundation/Http/Middleware/VerifyCsrfToken.php(88): Illuminate\\Pipeline\\Pipeline->{closure:{closure:Illuminate\\Pipeline\\Pipeline::carry():184}:185}()
#23 /home/yamojr/devyamo/edusaas/edusaas/vendor/laravel/framework/src/Illuminate/Pipeline/Pipeline.php(209): Illuminate\\Foundation\\Http\\Middleware\\VerifyCsrfToken->handle()
#24 /home/yamojr/devyamo/edusaas/edusaas/vendor/laravel/framework/src/Illuminate/View/Middleware/ShareErrorsFromSession.php(49): Illuminate\\Pipeline\\Pipeline->{closure:{closure:Illuminate\\Pipeline\\Pipeline::carry():184}:185}()
#25 /home/yamojr/devyamo/edusaas/edusaas/vendor/laravel/framework/src/Illuminate/Pipeline/Pipeline.php(209): Illuminate\\View\\Middleware\\ShareErrorsFromSession->handle()
#26 /home/yamojr/devyamo/edusaas/edusaas/vendor/laravel/framework/src/Illuminate/Session/Middleware/StartSession.php(121): Illuminate\\Pipeline\\Pipeline->{closure:{closure:Illuminate\\Pipeline\\Pipeline::carry():184}:185}()
#27 /home/yamojr/devyamo/edusaas/edusaas/vendor/laravel/framework/src/Illuminate/Session/Middleware/StartSession.php(64): Illuminate\\Session\\Middleware\\StartSession->handleStatefulRequest()
#28 /home/yamojr/devyamo/edusaas/edusaas/vendor/laravel/framework/src/Illuminate/Pipeline/Pipeline.php(209): Illuminate\\Session\\Middleware\\StartSession->handle()
#29 /home/yamojr/devyamo/edusaas/edusaas/vendor/laravel/framework/src/Illuminate/Cookie/Middleware/AddQueuedCookiesToResponse.php(37): Illuminate\\Pipeline\\Pipeline->{closure:{closure:Illuminate\\Pipeline\\Pipeline::carry():184}:185}()
#30 /home/yamojr/devyamo/edusaas/edusaas/vendor/laravel/framework/src/Illuminate/Pipeline/Pipeline.php(209): Illuminate\\Cookie\\Middleware\\AddQueuedCookiesToResponse->handle()
#31 /home/yamojr/devyamo/edusaas/edusaas/vendor/laravel/framework/src/Illuminate/Cookie/Middleware/EncryptCookies.php(75): Illuminate\\Pipeline\\Pipeline->{closure:{closure:Illuminate\\Pipeline\\Pipeline::carry():184}:185}()
#32 /home/yamojr/devyamo/edusaas/edusaas/vendor/laravel/framework/src/Illuminate/Pipeline/Pipeline.php(209): Illuminate\\Cookie\\Middleware\\EncryptCookies->handle()
#33 /home/yamojr/devyamo/edusaas/edusaas/vendor/laravel/framework/src/Illuminate/Pipeline/Pipeline.php(127): Illuminate\\Pipeline\\Pipeline->{closure:{closure:Illuminate\\Pipeline\\Pipeline::carry():184}:185}()
#34 /home/yamojr/devyamo/edusaas/edusaas/vendor/laravel/framework/src/Illuminate/Routing/Router.php(807): Illuminate\\Pipeline\\Pipeline->then()
#35 /home/yamojr/devyamo/edusaas/edusaas/vendor/laravel/framework/src/Illuminate/Routing/Router.php(786): Illuminate\\Routing\\Router->runRouteWithinStack()
#36 /home/yamojr/devyamo/edusaas/edusaas/vendor/laravel/framework/src/Illuminate/Routing/Router.php(750): Illuminate\\Routing\\Router->runRoute()
#37 /home/yamojr/devyamo/edusaas/edusaas/vendor/laravel/framework/src/Illuminate/Routing/Router.php(739): Illuminate\\Routing\\Router->dispatchToRoute()
#38 /home/yamojr/devyamo/edusaas/edusaas/vendor/laravel/framework/src/Illuminate/Foundation/Http/Kernel.php(201): Illuminate\\Routing\\Router->dispatch()
#39 /home/yamojr/devyamo/edusaas/edusaas/vendor/laravel/framework/src/Illuminate/Pipeline/Pipeline.php(170): Illuminate\\Foundation\\Http\\Kernel->{closure:Illuminate\\Foundation\\Http\\Kernel::dispatchToRouter():198}()
#40 /home/yamojr/devyamo/edusaas/edusaas/vendor/laravel/framework/src/Illuminate/Foundation/Http/Middleware/TransformsRequest.php(21): Illuminate\\Pipeline\\Pipeline->{closure:Illuminate\\Pipeline\\Pipeline::prepareDestination():168}()
#41 /home/yamojr/devyamo/edusaas/edusaas/vendor/laravel/framework/src/Illuminate/Foundation/Http/Middleware/ConvertEmptyStringsToNull.php(31): Illuminate\\Foundation\\Http\\Middleware\\TransformsRequest->handle()
#42 /home/yamojr/devyamo/edusaas/edusaas/vendor/laravel/framework/src/Illuminate/Pipeline/Pipeline.php(209): Illuminate\\Foundation\\Http\\Middleware\\ConvertEmptyStringsToNull->handle()
#43 /home/yamojr/devyamo/edusaas/edusaas/vendor/laravel/framework/src/Illuminate/Foundation/Http/Middleware/TransformsRequest.php(21): Illuminate\\Pipeline\\Pipeline->{closure:{closure:Illuminate\\Pipeline\\Pipeline::carry():184}:185}()
#44 /home/yamojr/devyamo/edusaas/edusaas/vendor/laravel/framework/src/Illuminate/Foundation/Http/Middleware/TrimStrings.php(51): Illuminate\\Foundation\\Http\\Middleware\\TransformsRequest->handle()
#45 /home/yamojr/devyamo/edusaas/edusaas/vendor/laravel/framework/src/Illuminate/Pipeline/Pipeline.php(209): Illuminate\\Foundation\\Http\\Middleware\\TrimStrings->handle()
#46 /home/yamojr/devyamo/edusaas/edusaas/vendor/laravel/framework/src/Illuminate/Http/Middleware/ValidatePostSize.php(27): Illuminate\\Pipeline\\Pipeline->{closure:{closure:Illuminate\\Pipeline\\Pipeline::carry():184}:185}()
#47 /home/yamojr/devyamo/edusaas/edusaas/vendor/laravel/framework/src/Illuminate/Pipeline/Pipeline.php(209): Illuminate\\Http\\Middleware\\ValidatePostSize->handle()
#48 /home/yamojr/devyamo/edusaas/edusaas/vendor/laravel/framework/src/Illuminate/Foundation/Http/Middleware/PreventRequestsDuringMaintenance.php(110): Illuminate\\Pipeline\\Pipeline->{closure:{closure:Illuminate\\Pipeline\\Pipeline::carry():184}:185}()
#49 /home/yamojr/devyamo/edusaas/edusaas/vendor/laravel/framework/src/Illuminate/Pipeline/Pipeline.php(209): Illuminate\\Foundation\\Http\\Middleware\\PreventRequestsDuringMaintenance->handle()
#50 /home/yamojr/devyamo/edusaas/edusaas/vendor/laravel/framework/src/Illuminate/Http/Middleware/HandleCors.php(49): Illuminate\\Pipeline\\Pipeline->{closure:{closure:Illuminate\\Pipeline\\Pipeline::carry():184}:185}()
#51 /home/yamojr/devyamo/edusaas/edusaas/vendor/laravel/framework/src/Illuminate/Pipeline/Pipeline.php(209): Illuminate\\Http\\Middleware\\HandleCors->handle()
#52 /home/yamojr/devyamo/edusaas/edusaas/vendor/laravel/framework/src/Illuminate/Http/Middleware/TrustProxies.php(58): Illuminate\\Pipeline\\Pipeline->{closure:{closure:Illuminate\\Pipeline\\Pipeline::carry():184}:185}()
#53 /home/yamojr/devyamo/edusaas/edusaas/vendor/laravel/framework/src/Illuminate/Pipeline/Pipeline.php(209): Illuminate\\Http\\Middleware\\TrustProxies->handle()
#54 /home/yamojr/devyamo/edusaas/edusaas/vendor/laravel/framework/src/Illuminate/Foundation/Http/Middleware/InvokeDeferredCallbacks.php(22): Illuminate\\Pipeline\\Pipeline->{closure:{closure:Illuminate\\Pipeline\\Pipeline::carry():184}:185}()
#55 /home/yamojr/devyamo/edusaas/edusaas/vendor/laravel/framework/src/Illuminate/Pipeline/Pipeline.php(209): Illuminate\\Foundation\\Http\\Middleware\\InvokeDeferredCallbacks->handle()
#56 /home/yamojr/devyamo/edusaas/edusaas/vendor/laravel/framework/src/Illuminate/Pipeline/Pipeline.php(127): Illuminate\\Pipeline\\Pipeline->{closure:{closure:Illuminate\\Pipeline\\Pipeline::carry():184}:185}()
#57 /home/yamojr/devyamo/edusaas/edusaas/vendor/laravel/framework/src/Illuminate/Foundation/Http/Kernel.php(176): Illuminate\\Pipeline\\Pipeline->then()
#58 /home/yamojr/devyamo/edusaas/edusaas/vendor/laravel/framework/src/Illuminate/Foundation/Http/Kernel.php(145): Illuminate\\Foundation\\Http\\Kernel->sendRequestThroughRouter()
#59 /home/yamojr/devyamo/edusaas/edusaas/vendor/laravel/framework/src/Illuminate/Foundation/Application.php(1220): Illuminate\\Foundation\\Http\\Kernel->handle()
#60 /home/yamojr/devyamo/edusaas/edusaas/public/index.php(19): Illuminate\\Foundation\\Application->handleRequest()
#61 /home/yamojr/devyamo/edusaas/edusaas/vendor/laravel/framework/src/Illuminate/Foundation/resources/server.php(23): require_once('...')
#62 {main}
"} 
[2026-03-22 04:16:23] local.ERROR: Target class [App\Http\Controllers\School\FeeController] does not exist. {"userId":4,"exception":"[object] (Illuminate\\Contracts\\Container\\BindingResolutionException(code: 0): Target class [App\\Http\\Controllers\\School\\FeeController] does not exist. at /home/yamojr/devyamo/edusaas/edusaas/vendor/laravel/framework/src/Illuminate/Container/Container.php:961)
[stacktrace]
#0 /home/yamojr/devyamo/edusaas/edusaas/vendor/laravel/framework/src/Illuminate/Container/Container.php(832): Illuminate\\Container\\Container->build()
#1 /home/yamojr/devyamo/edusaas/edusaas/vendor/laravel/framework/src/Illuminate/Foundation/Application.php(1078): Illuminate\\Container\\Container->resolve()
#2 /home/yamojr/devyamo/edusaas/edusaas/vendor/laravel/framework/src/Illuminate/Container/Container.php(763): Illuminate\\Foundation\\Application->resolve()
#3 /home/yamojr/devyamo/edusaas/edusaas/vendor/laravel/framework/src/Illuminate/Foundation/Application.php(1058): Illuminate\\Container\\Container->make()
#4 /home/yamojr/devyamo/edusaas/edusaas/vendor/laravel/framework/src/Illuminate/Routing/Route.php(285): Illuminate\\Foundation\\Application->make()
#5 /home/yamojr/devyamo/edusaas/edusaas/vendor/laravel/framework/src/Illuminate/Routing/Route.php(267): Illuminate\\Routing\\Route->getController()
#6 /home/yamojr/devyamo/edusaas/edusaas/vendor/laravel/framework/src/Illuminate/Routing/Route.php(212): Illuminate\\Routing\\Route->runController()
#7 /home/yamojr/devyamo/edusaas/edusaas/vendor/laravel/framework/src/Illuminate/Routing/Router.php(808): Illuminate\\Routing\\Route->run()
#8 /home/yamojr/devyamo/edusaas/edusaas/vendor/laravel/framework/src/Illuminate/Pipeline/Pipeline.php(170): Illuminate\\Routing\\Router->{closure:Illuminate\\Routing\\Router::runRouteWithinStack():807}()
#9 /home/yamojr/devyamo/edusaas/edusaas/app/Http/Middleware/EnsureTenantAccess.php(26): Illuminate\\Pipeline\\Pipeline->{closure:Illuminate\\Pipeline\\Pipeline::prepareDestination():168}()
#10 /home/yamojr/devyamo/edusaas/edusaas/vendor/laravel/framework/src/Illuminate/Pipeline/Pipeline.php(209): App\\Http\\Middleware\\EnsureTenantAccess->handle()
#11 /home/yamojr/devyamo/edusaas/edusaas/vendor/spatie/laravel-permission/src/Middleware/RoleMiddleware.php(37): Illuminate\\Pipeline\\Pipeline->{closure:{closure:Illuminate\\Pipeline\\Pipeline::carry():184}:185}()
#12 /home/yamojr/devyamo/edusaas/edusaas/vendor/laravel/framework/src/Illuminate/Pipeline/Pipeline.php(209): Spatie\\Permission\\Middleware\\RoleMiddleware->handle()
#13 /home/yamojr/devyamo/edusaas/edusaas/app/Http/Middleware/IdentifyTenant.php(40): Illuminate\\Pipeline\\Pipeline->{closure:{closure:Illuminate\\Pipeline\\Pipeline::carry():184}:185}()
#14 /home/yamojr/devyamo/edusaas/edusaas/vendor/laravel/framework/src/Illuminate/Pipeline/Pipeline.php(209): App\\Http\\Middleware\\IdentifyTenant->handle()
#15 /home/yamojr/devyamo/edusaas/edusaas/vendor/inertiajs/inertia-laravel/src/Middleware.php(122): Illuminate\\Pipeline\\Pipeline->{closure:{closure:Illuminate\\Pipeline\\Pipeline::carry():184}:185}()
#16 /home/yamojr/devyamo/edusaas/edusaas/vendor/laravel/framework/src/Illuminate/Pipeline/Pipeline.php(209): Inertia\\Middleware->handle()
#17 /home/yamojr/devyamo/edusaas/edusaas/vendor/laravel/framework/src/Illuminate/Routing/Middleware/SubstituteBindings.php(51): Illuminate\\Pipeline\\Pipeline->{closure:{closure:Illuminate\\Pipeline\\Pipeline::carry():184}:185}()
#18 /home/yamojr/devyamo/edusaas/edusaas/vendor/laravel/framework/src/Illuminate/Pipeline/Pipeline.php(209): Illuminate\\Routing\\Middleware\\SubstituteBindings->handle()
#19 /home/yamojr/devyamo/edusaas/edusaas/vendor/laravel/framework/src/Illuminate/Auth/Middleware/Authenticate.php(64): Illuminate\\Pipeline\\Pipeline->{closure:{closure:Illuminate\\Pipeline\\Pipeline::carry():184}:185}()
#20 /home/yamojr/devyamo/edusaas/edusaas/vendor/laravel/framework/src/Illuminate/Pipeline/Pipeline.php(209): Illuminate\\Auth\\Middleware\\Authenticate->handle()
#21 /home/yamojr/devyamo/edusaas/edusaas/vendor/laravel/framework/src/Illuminate/Foundation/Http/Middleware/VerifyCsrfToken.php(88): Illuminate\\Pipeline\\Pipeline->{closure:{closure:Illuminate\\Pipeline\\Pipeline::carry():184}:185}()
#22 /home/yamojr/devyamo/edusaas/edusaas/vendor/laravel/framework/src/Illuminate/Pipeline/Pipeline.php(209): Illuminate\\Foundation\\Http\\Middleware\\VerifyCsrfToken->handle()
#23 /home/yamojr/devyamo/edusaas/edusaas/vendor/laravel/framework/src/Illuminate/View/Middleware/ShareErrorsFromSession.php(49): Illuminate\\Pipeline\\Pipeline->{closure:{closure:Illuminate\\Pipeline\\Pipeline::carry():184}:185}()
#24 /home/yamojr/devyamo/edusaas/edusaas/vendor/laravel/framework/src/Illuminate/Pipeline/Pipeline.php(209): Illuminate\\View\\Middleware\\ShareErrorsFromSession->handle()
#25 /home/yamojr/devyamo/edusaas/edusaas/vendor/laravel/framework/src/Illuminate/Session/Middleware/StartSession.php(121): Illuminate\\Pipeline\\Pipeline->{closure:{closure:Illuminate\\Pipeline\\Pipeline::carry():184}:185}()
#26 /home/yamojr/devyamo/edusaas/edusaas/vendor/laravel/framework/src/Illuminate/Session/Middleware/StartSession.php(64): Illuminate\\Session\\Middleware\\StartSession->handleStatefulRequest()
#27 /home/yamojr/devyamo/edusaas/edusaas/vendor/laravel/framework/src/Illuminate/Pipeline/Pipeline.php(209): Illuminate\\Session\\Middleware\\StartSession->handle()
#28 /home/yamojr/devyamo/edusaas/edusaas/vendor/laravel/framework/src/Illuminate/Cookie/Middleware/AddQueuedCookiesToResponse.php(37): Illuminate\\Pipeline\\Pipeline->{closure:{closure:Illuminate\\Pipeline\\Pipeline::carry():184}:185}()
#29 /home/yamojr/devyamo/edusaas/edusaas/vendor/laravel/framework/src/Illuminate/Pipeline/Pipeline.php(209): Illuminate\\Cookie\\Middleware\\AddQueuedCookiesToResponse->handle()
#30 /home/yamojr/devyamo/edusaas/edusaas/vendor/laravel/framework/src/Illuminate/Cookie/Middleware/EncryptCookies.php(75): Illuminate\\Pipeline\\Pipeline->{closure:{closure:Illuminate\\Pipeline\\Pipeline::carry():184}:185}()
#31 /home/yamojr/devyamo/edusaas/edusaas/vendor/laravel/framework/src/Illuminate/Pipeline/Pipeline.php(209): Illuminate\\Cookie\\Middleware\\EncryptCookies->handle()
#32 /home/yamojr/devyamo/edusaas/edusaas/vendor/laravel/framework/src/Illuminate/Pipeline/Pipeline.php(127): Illuminate\\Pipeline\\Pipeline->{closure:{closure:Illuminate\\Pipeline\\Pipeline::carry():184}:185}()
#33 /home/yamojr/devyamo/edusaas/edusaas/vendor/laravel/framework/src/Illuminate/Routing/Router.php(807): Illuminate\\Pipeline\\Pipeline->then()
#34 /home/yamojr/devyamo/edusaas/edusaas/vendor/laravel/framework/src/Illuminate/Routing/Router.php(786): Illuminate\\Routing\\Router->runRouteWithinStack()
#35 /home/yamojr/devyamo/edusaas/edusaas/vendor/laravel/framework/src/Illuminate/Routing/Router.php(750): Illuminate\\Routing\\Router->runRoute()
#36 /home/yamojr/devyamo/edusaas/edusaas/vendor/laravel/framework/src/Illuminate/Routing/Router.php(739): Illuminate\\Routing\\Router->dispatchToRoute()
#37 /home/yamojr/devyamo/edusaas/edusaas/vendor/laravel/framework/src/Illuminate/Foundation/Http/Kernel.php(201): Illuminate\\Routing\\Router->dispatch()
#38 /home/yamojr/devyamo/edusaas/edusaas/vendor/laravel/framework/src/Illuminate/Pipeline/Pipeline.php(170): Illuminate\\Foundation\\Http\\Kernel->{closure:Illuminate\\Foundation\\Http\\Kernel::dispatchToRouter():198}()
#39 /home/yamojr/devyamo/edusaas/edusaas/vendor/laravel/framework/src/Illuminate/Foundation/Http/Middleware/TransformsRequest.php(21): Illuminate\\Pipeline\\Pipeline->{closure:Illuminate\\Pipeline\\Pipeline::prepareDestination():168}()
#40 /home/yamojr/devyamo/edusaas/edusaas/vendor/laravel/framework/src/Illuminate/Foundation/Http/Middleware/ConvertEmptyStringsToNull.php(31): Illuminate\\Foundation\\Http\\Middleware\\TransformsRequest->handle()
#41 /home/yamojr/devyamo/edusaas/edusaas/vendor/laravel/framework/src/Illuminate/Pipeline/Pipeline.php(209): Illuminate\\Foundation\\Http\\Middleware\\ConvertEmptyStringsToNull->handle()
#42 /home/yamojr/devyamo/edusaas/edusaas/vendor/laravel/framework/src/Illuminate/Foundation/Http/Middleware/TransformsRequest.php(21): Illuminate\\Pipeline\\Pipeline->{closure:{closure:Illuminate\\Pipeline\\Pipeline::carry():184}:185}()
#43 /home/yamojr/devyamo/edusaas/edusaas/vendor/laravel/framework/src/Illuminate/Foundation/Http/Middleware/TrimStrings.php(51): Illuminate\\Foundation\\Http\\Middleware\\TransformsRequest->handle()
#44 /home/yamojr/devyamo/edusaas/edusaas/vendor/laravel/framework/src/Illuminate/Pipeline/Pipeline.php(209): Illuminate\\Foundation\\Http\\Middleware\\TrimStrings->handle()
#45 /home/yamojr/devyamo/edusaas/edusaas/vendor/laravel/framework/src/Illuminate/Http/Middleware/ValidatePostSize.php(27): Illuminate\\Pipeline\\Pipeline->{closure:{closure:Illuminate\\Pipeline\\Pipeline::carry():184}:185}()
#46 /home/yamojr/devyamo/edusaas/edusaas/vendor/laravel/framework/src/Illuminate/Pipeline/Pipeline.php(209): Illuminate\\Http\\Middleware\\ValidatePostSize->handle()
#47 /home/yamojr/devyamo/edusaas/edusaas/vendor/laravel/framework/src/Illuminate/Foundation/Http/Middleware/PreventRequestsDuringMaintenance.php(110): Illuminate\\Pipeline\\Pipeline->{closure:{closure:Illuminate\\Pipeline\\Pipeline::carry():184}:185}()
#48 /home/yamojr/devyamo/edusaas/edusaas/vendor/laravel/framework/src/Illuminate/Pipeline/Pipeline.php(209): Illuminate\\Foundation\\Http\\Middleware\\PreventRequestsDuringMaintenance->handle()
#49 /home/yamojr/devyamo/edusaas/edusaas/vendor/laravel/framework/src/Illuminate/Http/Middleware/HandleCors.php(49): Illuminate\\Pipeline\\Pipeline->{closure:{closure:Illuminate\\Pipeline\\Pipeline::carry():184}:185}()
#50 /home/yamojr/devyamo/edusaas/edusaas/vendor/laravel/framework/src/Illuminate/Pipeline/Pipeline.php(209): Illuminate\\Http\\Middleware\\HandleCors->handle()
#51 /home/yamojr/devyamo/edusaas/edusaas/vendor/laravel/framework/src/Illuminate/Http/Middleware/TrustProxies.php(58): Illuminate\\Pipeline\\Pipeline->{closure:{closure:Illuminate\\Pipeline\\Pipeline::carry():184}:185}()
#52 /home/yamojr/devyamo/edusaas/edusaas/vendor/laravel/framework/src/Illuminate/Pipeline/Pipeline.php(209): Illuminate\\Http\\Middleware\\TrustProxies->handle()
#53 /home/yamojr/devyamo/edusaas/edusaas/vendor/laravel/framework/src/Illuminate/Foundation/Http/Middleware/InvokeDeferredCallbacks.php(22): Illuminate\\Pipeline\\Pipeline->{closure:{closure:Illuminate\\Pipeline\\Pipeline::carry():184}:185}()
#54 /home/yamojr/devyamo/edusaas/edusaas/vendor/laravel/framework/src/Illuminate/Pipeline/Pipeline.php(209): Illuminate\\Foundation\\Http\\Middleware\\InvokeDeferredCallbacks->handle()
#55 /home/yamojr/devyamo/edusaas/edusaas/vendor/laravel/framework/src/Illuminate/Pipeline/Pipeline.php(127): Illuminate\\Pipeline\\Pipeline->{closure:{closure:Illuminate\\Pipeline\\Pipeline::carry():184}:185}()
#56 /home/yamojr/devyamo/edusaas/edusaas/vendor/laravel/framework/src/Illuminate/Foundation/Http/Kernel.php(176): Illuminate\\Pipeline\\Pipeline->then()
#57 /home/yamojr/devyamo/edusaas/edusaas/vendor/laravel/framework/src/Illuminate/Foundation/Http/Kernel.php(145): Illuminate\\Foundation\\Http\\Kernel->sendRequestThroughRouter()
#58 /home/yamojr/devyamo/edusaas/edusaas/vendor/laravel/framework/src/Illuminate/Foundation/Application.php(1220): Illuminate\\Foundation\\Http\\Kernel->handle()
#59 /home/yamojr/devyamo/edusaas/edusaas/public/index.php(19): Illuminate\\Foundation\\Application->handleRequest()
#60 /home/yamojr/devyamo/edusaas/edusaas/vendor/laravel/framework/src/Illuminate/Foundation/resources/server.php(23): require_once('...')
#61 {main}

[previous exception] [object] (ReflectionException(code: -1): Class \"App\\Http\\Controllers\\School\\FeeController\" does not exist at /home/yamojr/devyamo/edusaas/edusaas/vendor/laravel/framework/src/Illuminate/Container/Container.php:959)
[stacktrace]
#0 /home/yamojr/devyamo/edusaas/edusaas/vendor/laravel/framework/src/Illuminate/Container/Container.php(959): ReflectionClass->__construct()
#1 /home/yamojr/devyamo/edusaas/edusaas/vendor/laravel/framework/src/Illuminate/Container/Container.php(832): Illuminate\\Container\\Container->build()
#2 /home/yamojr/devyamo/edusaas/edusaas/vendor/laravel/framework/src/Illuminate/Foundation/Application.php(1078): Illuminate\\Container\\Container->resolve()
#3 /home/yamojr/devyamo/edusaas/edusaas/vendor/laravel/framework/src/Illuminate/Container/Container.php(763): Illuminate\\Foundation\\Application->resolve()
#4 /home/yamojr/devyamo/edusaas/edusaas/vendor/laravel/framework/src/Illuminate/Foundation/Application.php(1058): Illuminate\\Container\\Container->make()
#5 /home/yamojr/devyamo/edusaas/edusaas/vendor/laravel/framework/src/Illuminate/Routing/Route.php(285): Illuminate\\Foundation\\Application->make()
#6 /home/yamojr/devyamo/edusaas/edusaas/vendor/laravel/framework/src/Illuminate/Routing/Route.php(267): Illuminate\\Routing\\Route->getController()
#7 /home/yamojr/devyamo/edusaas/edusaas/vendor/laravel/framework/src/Illuminate/Routing/Route.php(212): Illuminate\\Routing\\Route->runController()
#8 /home/yamojr/devyamo/edusaas/edusaas/vendor/laravel/framework/src/Illuminate/Routing/Router.php(808): Illuminate\\Routing\\Route->run()
#9 /home/yamojr/devyamo/edusaas/edusaas/vendor/laravel/framework/src/Illuminate/Pipeline/Pipeline.php(170): Illuminate\\Routing\\Router->{closure:Illuminate\\Routing\\Router::runRouteWithinStack():807}()
#10 /home/yamojr/devyamo/edusaas/edusaas/app/Http/Middleware/EnsureTenantAccess.php(26): Illuminate\\Pipeline\\Pipeline->{closure:Illuminate\\Pipeline\\Pipeline::prepareDestination():168}()
#11 /home/yamojr/devyamo/edusaas/edusaas/vendor/laravel/framework/src/Illuminate/Pipeline/Pipeline.php(209): App\\Http\\Middleware\\EnsureTenantAccess->handle()
#12 /home/yamojr/devyamo/edusaas/edusaas/vendor/spatie/laravel-permission/src/Middleware/RoleMiddleware.php(37): Illuminate\\Pipeline\\Pipeline->{closure:{closure:Illuminate\\Pipeline\\Pipeline::carry():184}:185}()
#13 /home/yamojr/devyamo/edusaas/edusaas/vendor/laravel/framework/src/Illuminate/Pipeline/Pipeline.php(209): Spatie\\Permission\\Middleware\\RoleMiddleware->handle()
#14 /home/yamojr/devyamo/edusaas/edusaas/app/Http/Middleware/IdentifyTenant.php(40): Illuminate\\Pipeline\\Pipeline->{closure:{closure:Illuminate\\Pipeline\\Pipeline::carry():184}:185}()
#15 /home/yamojr/devyamo/edusaas/edusaas/vendor/laravel/framework/src/Illuminate/Pipeline/Pipeline.php(209): App\\Http\\Middleware\\IdentifyTenant->handle()
#16 /home/yamojr/devyamo/edusaas/edusaas/vendor/inertiajs/inertia-laravel/src/Middleware.php(122): Illuminate\\Pipeline\\Pipeline->{closure:{closure:Illuminate\\Pipeline\\Pipeline::carry():184}:185}()
#17 /home/yamojr/devyamo/edusaas/edusaas/vendor/laravel/framework/src/Illuminate/Pipeline/Pipeline.php(209): Inertia\\Middleware->handle()
#18 /home/yamojr/devyamo/edusaas/edusaas/vendor/laravel/framework/src/Illuminate/Routing/Middleware/SubstituteBindings.php(51): Illuminate\\Pipeline\\Pipeline->{closure:{closure:Illuminate\\Pipeline\\Pipeline::carry():184}:185}()
#19 /home/yamojr/devyamo/edusaas/edusaas/vendor/laravel/framework/src/Illuminate/Pipeline/Pipeline.php(209): Illuminate\\Routing\\Middleware\\SubstituteBindings->handle()
#20 /home/yamojr/devyamo/edusaas/edusaas/vendor/laravel/framework/src/Illuminate/Auth/Middleware/Authenticate.php(64): Illuminate\\Pipeline\\Pipeline->{closure:{closure:Illuminate\\Pipeline\\Pipeline::carry():184}:185}()
#21 /home/yamojr/devyamo/edusaas/edusaas/vendor/laravel/framework/src/Illuminate/Pipeline/Pipeline.php(209): Illuminate\\Auth\\Middleware\\Authenticate->handle()
#22 /home/yamojr/devyamo/edusaas/edusaas/vendor/laravel/framework/src/Illuminate/Foundation/Http/Middleware/VerifyCsrfToken.php(88): Illuminate\\Pipeline\\Pipeline->{closure:{closure:Illuminate\\Pipeline\\Pipeline::carry():184}:185}()
#23 /home/yamojr/devyamo/edusaas/edusaas/vendor/laravel/framework/src/Illuminate/Pipeline/Pipeline.php(209): Illuminate\\Foundation\\Http\\Middleware\\VerifyCsrfToken->handle()
#24 /home/yamojr/devyamo/edusaas/edusaas/vendor/laravel/framework/src/Illuminate/View/Middleware/ShareErrorsFromSession.php(49): Illuminate\\Pipeline\\Pipeline->{closure:{closure:Illuminate\\Pipeline\\Pipeline::carry():184}:185}()
#25 /home/yamojr/devyamo/edusaas/edusaas/vendor/laravel/framework/src/Illuminate/Pipeline/Pipeline.php(209): Illuminate\\View\\Middleware\\ShareErrorsFromSession->handle()
#26 /home/yamojr/devyamo/edusaas/edusaas/vendor/laravel/framework/src/Illuminate/Session/Middleware/StartSession.php(121): Illuminate\\Pipeline\\Pipeline->{closure:{closure:Illuminate\\Pipeline\\Pipeline::carry():184}:185}()
#27 /home/yamojr/devyamo/edusaas/edusaas/vendor/laravel/framework/src/Illuminate/Session/Middleware/StartSession.php(64): Illuminate\\Session\\Middleware\\StartSession->handleStatefulRequest()
#28 /home/yamojr/devyamo/edusaas/edusaas/vendor/laravel/framework/src/Illuminate/Pipeline/Pipeline.php(209): Illuminate\\Session\\Middleware\\StartSession->handle()
#29 /home/yamojr/devyamo/edusaas/edusaas/vendor/laravel/framework/src/Illuminate/Cookie/Middleware/AddQueuedCookiesToResponse.php(37): Illuminate\\Pipeline\\Pipeline->{closure:{closure:Illuminate\\Pipeline\\Pipeline::carry():184}:185}()
#30 /home/yamojr/devyamo/edusaas/edusaas/vendor/laravel/framework/src/Illuminate/Pipeline/Pipeline.php(209): Illuminate\\Cookie\\Middleware\\AddQueuedCookiesToResponse->handle()
#31 /home/yamojr/devyamo/edusaas/edusaas/vendor/laravel/framework/src/Illuminate/Cookie/Middleware/EncryptCookies.php(75): Illuminate\\Pipeline\\Pipeline->{closure:{closure:Illuminate\\Pipeline\\Pipeline::carry():184}:185}()
#32 /home/yamojr/devyamo/edusaas/edusaas/vendor/laravel/framework/src/Illuminate/Pipeline/Pipeline.php(209): Illuminate\\Cookie\\Middleware\\EncryptCookies->handle()
#33 /home/yamojr/devyamo/edusaas/edusaas/vendor/laravel/framework/src/Illuminate/Pipeline/Pipeline.php(127): Illuminate\\Pipeline\\Pipeline->{closure:{closure:Illuminate\\Pipeline\\Pipeline::carry():184}:185}()
#34 /home/yamojr/devyamo/edusaas/edusaas/vendor/laravel/framework/src/Illuminate/Routing/Router.php(807): Illuminate\\Pipeline\\Pipeline->then()
#35 /home/yamojr/devyamo/edusaas/edusaas/vendor/laravel/framework/src/Illuminate/Routing/Router.php(786): Illuminate\\Routing\\Router->runRouteWithinStack()
#36 /home/yamojr/devyamo/edusaas/edusaas/vendor/laravel/framework/src/Illuminate/Routing/Router.php(750): Illuminate\\Routing\\Router->runRoute()
#37 /home/yamojr/devyamo/edusaas/edusaas/vendor/laravel/framework/src/Illuminate/Routing/Router.php(739): Illuminate\\Routing\\Router->dispatchToRoute()
#38 /home/yamojr/devyamo/edusaas/edusaas/vendor/laravel/framework/src/Illuminate/Foundation/Http/Kernel.php(201): Illuminate\\Routing\\Router->dispatch()
#39 /home/yamojr/devyamo/edusaas/edusaas/vendor/laravel/framework/src/Illuminate/Pipeline/Pipeline.php(170): Illuminate\\Foundation\\Http\\Kernel->{closure:Illuminate\\Foundation\\Http\\Kernel::dispatchToRouter():198}()
#40 /home/yamojr/devyamo/edusaas/edusaas/vendor/laravel/framework/src/Illuminate/Foundation/Http/Middleware/TransformsRequest.php(21): Illuminate\\Pipeline\\Pipeline->{closure:Illuminate\\Pipeline\\Pipeline::prepareDestination():168}()
#41 /home/yamojr/devyamo/edusaas/edusaas/vendor/laravel/framework/src/Illuminate/Foundation/Http/Middleware/ConvertEmptyStringsToNull.php(31): Illuminate\\Foundation\\Http\\Middleware\\TransformsRequest->handle()
#42 /home/yamojr/devyamo/edusaas/edusaas/vendor/laravel/framework/src/Illuminate/Pipeline/Pipeline.php(209): Illuminate\\Foundation\\Http\\Middleware\\ConvertEmptyStringsToNull->handle()
#43 /home/yamojr/devyamo/edusaas/edusaas/vendor/laravel/framework/src/Illuminate/Foundation/Http/Middleware/TransformsRequest.php(21): Illuminate\\Pipeline\\Pipeline->{closure:{closure:Illuminate\\Pipeline\\Pipeline::carry():184}:185}()
#44 /home/yamojr/devyamo/edusaas/edusaas/vendor/laravel/framework/src/Illuminate/Foundation/Http/Middleware/TrimStrings.php(51): Illuminate\\Foundation\\Http\\Middleware\\TransformsRequest->handle()
#45 /home/yamojr/devyamo/edusaas/edusaas/vendor/laravel/framework/src/Illuminate/Pipeline/Pipeline.php(209): Illuminate\\Foundation\\Http\\Middleware\\TrimStrings->handle()
#46 /home/yamojr/devyamo/edusaas/edusaas/vendor/laravel/framework/src/Illuminate/Http/Middleware/ValidatePostSize.php(27): Illuminate\\Pipeline\\Pipeline->{closure:{closure:Illuminate\\Pipeline\\Pipeline::carry():184}:185}()
#47 /home/yamojr/devyamo/edusaas/edusaas/vendor/laravel/framework/src/Illuminate/Pipeline/Pipeline.php(209): Illuminate\\Http\\Middleware\\ValidatePostSize->handle()
#48 /home/yamojr/devyamo/edusaas/edusaas/vendor/laravel/framework/src/Illuminate/Foundation/Http/Middleware/PreventRequestsDuringMaintenance.php(110): Illuminate\\Pipeline\\Pipeline->{closure:{closure:Illuminate\\Pipeline\\Pipeline::carry():184}:185}()
#49 /home/yamojr/devyamo/edusaas/edusaas/vendor/laravel/framework/src/Illuminate/Pipeline/Pipeline.php(209): Illuminate\\Foundation\\Http\\Middleware\\PreventRequestsDuringMaintenance->handle()
#50 /home/yamojr/devyamo/edusaas/edusaas/vendor/laravel/framework/src/Illuminate/Http/Middleware/HandleCors.php(49): Illuminate\\Pipeline\\Pipeline->{closure:{closure:Illuminate\\Pipeline\\Pipeline::carry():184}:185}()
#51 /home/yamojr/devyamo/edusaas/edusaas/vendor/laravel/framework/src/Illuminate/Pipeline/Pipeline.php(209): Illuminate\\Http\\Middleware\\HandleCors->handle()
#52 /home/yamojr/devyamo/edusaas/edusaas/vendor/laravel/framework/src/Illuminate/Http/Middleware/TrustProxies.php(58): Illuminate\\Pipeline\\Pipeline->{closure:{closure:Illuminate\\Pipeline\\Pipeline::carry():184}:185}()
#53 /home/yamojr/devyamo/edusaas/edusaas/vendor/laravel/framework/src/Illuminate/Pipeline/Pipeline.php(209): Illuminate\\Http\\Middleware\\TrustProxies->handle()
#54 /home/yamojr/devyamo/edusaas/edusaas/vendor/laravel/framework/src/Illuminate/Foundation/Http/Middleware/InvokeDeferredCallbacks.php(22): Illuminate\\Pipeline\\Pipeline->{closure:{closure:Illuminate\\Pipeline\\Pipeline::carry():184}:185}()
#55 /home/yamojr/devyamo/edusaas/edusaas/vendor/laravel/framework/src/Illuminate/Pipeline/Pipeline.php(209): Illuminate\\Foundation\\Http\\Middleware\\InvokeDeferredCallbacks->handle()
#56 /home/yamojr/devyamo/edusaas/edusaas/vendor/laravel/framework/src/Illuminate/Pipeline/Pipeline.php(127): Illuminate\\Pipeline\\Pipeline->{closure:{closure:Illuminate\\Pipeline\\Pipeline::carry():184}:185}()
#57 /home/yamojr/devyamo/edusaas/edusaas/vendor/laravel/framework/src/Illuminate/Foundation/Http/Kernel.php(176): Illuminate\\Pipeline\\Pipeline->then()
#58 /home/yamojr/devyamo/edusaas/edusaas/vendor/laravel/framework/src/Illuminate/Foundation/Http/Kernel.php(145): Illuminate\\Foundation\\Http\\Kernel->sendRequestThroughRouter()
#59 /home/yamojr/devyamo/edusaas/edusaas/vendor/laravel/framework/src/Illuminate/Foundation/Application.php(1220): Illuminate\\Foundation\\Http\\Kernel->handle()
#60 /home/yamojr/devyamo/edusaas/edusaas/public/index.php(19): Illuminate\\Foundation\\Application->handleRequest()
#61 /home/yamojr/devyamo/edusaas/edusaas/vendor/laravel/framework/src/Illuminate/Foundation/resources/server.php(23): require_once('...')
#62 {main}
"} 
[2026-03-22 04:16:45] local.ERROR: Target class [App\Http\Controllers\School\PaymentController] does not exist. {"userId":4,"exception":"[object] (Illuminate\\Contracts\\Container\\BindingResolutionException(code: 0): Target class [App\\Http\\Controllers\\School\\PaymentController] does not exist. at /home/yamojr/devyamo/edusaas/edusaas/vendor/laravel/framework/src/Illuminate/Container/Container.php:961)
[stacktrace]
#0 /home/yamojr/devyamo/edusaas/edusaas/vendor/laravel/framework/src/Illuminate/Container/Container.php(832): Illuminate\\Container\\Container->build()
#1 /home/yamojr/devyamo/edusaas/edusaas/vendor/laravel/framework/src/Illuminate/Foundation/Application.php(1078): Illuminate\\Container\\Container->resolve()
#2 /home/yamojr/devyamo/edusaas/edusaas/vendor/laravel/framework/src/Illuminate/Container/Container.php(763): Illuminate\\Foundation\\Application->resolve()
#3 /home/yamojr/devyamo/edusaas/edusaas/vendor/laravel/framework/src/Illuminate/Foundation/Application.php(1058): Illuminate\\Container\\Container->make()
#4 /home/yamojr/devyamo/edusaas/edusaas/vendor/laravel/framework/src/Illuminate/Routing/Route.php(285): Illuminate\\Foundation\\Application->make()
#5 /home/yamojr/devyamo/edusaas/edusaas/vendor/laravel/framework/src/Illuminate/Routing/Route.php(267): Illuminate\\Routing\\Route->getController()
#6 /home/yamojr/devyamo/edusaas/edusaas/vendor/laravel/framework/src/Illuminate/Routing/Route.php(212): Illuminate\\Routing\\Route->runController()
#7 /home/yamojr/devyamo/edusaas/edusaas/vendor/laravel/framework/src/Illuminate/Routing/Router.php(808): Illuminate\\Routing\\Route->run()
#8 /home/yamojr/devyamo/edusaas/edusaas/vendor/laravel/framework/src/Illuminate/Pipeline/Pipeline.php(170): Illuminate\\Routing\\Router->{closure:Illuminate\\Routing\\Router::runRouteWithinStack():807}()
#9 /home/yamojr/devyamo/edusaas/edusaas/app/Http/Middleware/EnsureTenantAccess.php(26): Illuminate\\Pipeline\\Pipeline->{closure:Illuminate\\Pipeline\\Pipeline::prepareDestination():168}()
#10 /home/yamojr/devyamo/edusaas/edusaas/vendor/laravel/framework/src/Illuminate/Pipeline/Pipeline.php(209): App\\Http\\Middleware\\EnsureTenantAccess->handle()
#11 /home/yamojr/devyamo/edusaas/edusaas/vendor/spatie/laravel-permission/src/Middleware/RoleMiddleware.php(37): Illuminate\\Pipeline\\Pipeline->{closure:{closure:Illuminate\\Pipeline\\Pipeline::carry():184}:185}()
#12 /home/yamojr/devyamo/edusaas/edusaas/vendor/laravel/framework/src/Illuminate/Pipeline/Pipeline.php(209): Spatie\\Permission\\Middleware\\RoleMiddleware->handle()
#13 /home/yamojr/devyamo/edusaas/edusaas/app/Http/Middleware/IdentifyTenant.php(40): Illuminate\\Pipeline\\Pipeline->{closure:{closure:Illuminate\\Pipeline\\Pipeline::carry():184}:185}()
#14 /home/yamojr/devyamo/edusaas/edusaas/vendor/laravel/framework/src/Illuminate/Pipeline/Pipeline.php(209): App\\Http\\Middleware\\IdentifyTenant->handle()
#15 /home/yamojr/devyamo/edusaas/edusaas/vendor/inertiajs/inertia-laravel/src/Middleware.php(122): Illuminate\\Pipeline\\Pipeline->{closure:{closure:Illuminate\\Pipeline\\Pipeline::carry():184}:185}()
#16 /home/yamojr/devyamo/edusaas/edusaas/vendor/laravel/framework/src/Illuminate/Pipeline/Pipeline.php(209): Inertia\\Middleware->handle()
#17 /home/yamojr/devyamo/edusaas/edusaas/vendor/laravel/framework/src/Illuminate/Routing/Middleware/SubstituteBindings.php(51): Illuminate\\Pipeline\\Pipeline->{closure:{closure:Illuminate\\Pipeline\\Pipeline::carry():184}:185}()
#18 /home/yamojr/devyamo/edusaas/edusaas/vendor/laravel/framework/src/Illuminate/Pipeline/Pipeline.php(209): Illuminate\\Routing\\Middleware\\SubstituteBindings->handle()
#19 /home/yamojr/devyamo/edusaas/edusaas/vendor/laravel/framework/src/Illuminate/Auth/Middleware/Authenticate.php(64): Illuminate\\Pipeline\\Pipeline->{closure:{closure:Illuminate\\Pipeline\\Pipeline::carry():184}:185}()
#20 /home/yamojr/devyamo/edusaas/edusaas/vendor/laravel/framework/src/Illuminate/Pipeline/Pipeline.php(209): Illuminate\\Auth\\Middleware\\Authenticate->handle()
#21 /home/yamojr/devyamo/edusaas/edusaas/vendor/laravel/framework/src/Illuminate/Foundation/Http/Middleware/VerifyCsrfToken.php(88): Illuminate\\Pipeline\\Pipeline->{closure:{closure:Illuminate\\Pipeline\\Pipeline::carry():184}:185}()
#22 /home/yamojr/devyamo/edusaas/edusaas/vendor/laravel/framework/src/Illuminate/Pipeline/Pipeline.php(209): Illuminate\\Foundation\\Http\\Middleware\\VerifyCsrfToken->handle()
#23 /home/yamojr/devyamo/edusaas/edusaas/vendor/laravel/framework/src/Illuminate/View/Middleware/ShareErrorsFromSession.php(49): Illuminate\\Pipeline\\Pipeline->{closure:{closure:Illuminate\\Pipeline\\Pipeline::carry():184}:185}()
#24 /home/yamojr/devyamo/edusaas/edusaas/vendor/laravel/framework/src/Illuminate/Pipeline/Pipeline.php(209): Illuminate\\View\\Middleware\\ShareErrorsFromSession->handle()
#25 /home/yamojr/devyamo/edusaas/edusaas/vendor/laravel/framework/src/Illuminate/Session/Middleware/StartSession.php(121): Illuminate\\Pipeline\\Pipeline->{closure:{closure:Illuminate\\Pipeline\\Pipeline::carry():184}:185}()
#26 /home/yamojr/devyamo/edusaas/edusaas/vendor/laravel/framework/src/Illuminate/Session/Middleware/StartSession.php(64): Illuminate\\Session\\Middleware\\StartSession->handleStatefulRequest()
#27 /home/yamojr/devyamo/edusaas/edusaas/vendor/laravel/framework/src/Illuminate/Pipeline/Pipeline.php(209): Illuminate\\Session\\Middleware\\StartSession->handle()
#28 /home/yamojr/devyamo/edusaas/edusaas/vendor/laravel/framework/src/Illuminate/Cookie/Middleware/AddQueuedCookiesToResponse.php(37): Illuminate\\Pipeline\\Pipeline->{closure:{closure:Illuminate\\Pipeline\\Pipeline::carry():184}:185}()
#29 /home/yamojr/devyamo/edusaas/edusaas/vendor/laravel/framework/src/Illuminate/Pipeline/Pipeline.php(209): Illuminate\\Cookie\\Middleware\\AddQueuedCookiesToResponse->handle()
#30 /home/yamojr/devyamo/edusaas/edusaas/vendor/laravel/framework/src/Illuminate/Cookie/Middleware/EncryptCookies.php(75): Illuminate\\Pipeline\\Pipeline->{closure:{closure:Illuminate\\Pipeline\\Pipeline::carry():184}:185}()
#31 /home/yamojr/devyamo/edusaas/edusaas/vendor/laravel/framework/src/Illuminate/Pipeline/Pipeline.php(209): Illuminate\\Cookie\\Middleware\\EncryptCookies->handle()
#32 /home/yamojr/devyamo/edusaas/edusaas/vendor/laravel/framework/src/Illuminate/Pipeline/Pipeline.php(127): Illuminate\\Pipeline\\Pipeline->{closure:{closure:Illuminate\\Pipeline\\Pipeline::carry():184}:185}()
#33 /home/yamojr/devyamo/edusaas/edusaas/vendor/laravel/framework/src/Illuminate/Routing/Router.php(807): Illuminate\\Pipeline\\Pipeline->then()
#34 /home/yamojr/devyamo/edusaas/edusaas/vendor/laravel/framework/src/Illuminate/Routing/Router.php(786): Illuminate\\Routing\\Router->runRouteWithinStack()
#35 /home/yamojr/devyamo/edusaas/edusaas/vendor/laravel/framework/src/Illuminate/Routing/Router.php(750): Illuminate\\Routing\\Router->runRoute()
#36 /home/yamojr/devyamo/edusaas/edusaas/vendor/laravel/framework/src/Illuminate/Routing/Router.php(739): Illuminate\\Routing\\Router->dispatchToRoute()
#37 /home/yamojr/devyamo/edusaas/edusaas/vendor/laravel/framework/src/Illuminate/Foundation/Http/Kernel.php(201): Illuminate\\Routing\\Router->dispatch()
#38 /home/yamojr/devyamo/edusaas/edusaas/vendor/laravel/framework/src/Illuminate/Pipeline/Pipeline.php(170): Illuminate\\Foundation\\Http\\Kernel->{closure:Illuminate\\Foundation\\Http\\Kernel::dispatchToRouter():198}()
#39 /home/yamojr/devyamo/edusaas/edusaas/vendor/laravel/framework/src/Illuminate/Foundation/Http/Middleware/TransformsRequest.php(21): Illuminate\\Pipeline\\Pipeline->{closure:Illuminate\\Pipeline\\Pipeline::prepareDestination():168}()
#40 /home/yamojr/devyamo/edusaas/edusaas/vendor/laravel/framework/src/Illuminate/Foundation/Http/Middleware/ConvertEmptyStringsToNull.php(31): Illuminate\\Foundation\\Http\\Middleware\\TransformsRequest->handle()
#41 /home/yamojr/devyamo/edusaas/edusaas/vendor/laravel/framework/src/Illuminate/Pipeline/Pipeline.php(209): Illuminate\\Foundation\\Http\\Middleware\\ConvertEmptyStringsToNull->handle()
#42 /home/yamojr/devyamo/edusaas/edusaas/vendor/laravel/framework/src/Illuminate/Foundation/Http/Middleware/TransformsRequest.php(21): Illuminate\\Pipeline\\Pipeline->{closure:{closure:Illuminate\\Pipeline\\Pipeline::carry():184}:185}()
#43 /home/yamojr/devyamo/edusaas/edusaas/vendor/laravel/framework/src/Illuminate/Foundation/Http/Middleware/TrimStrings.php(51): Illuminate\\Foundation\\Http\\Middleware\\TransformsRequest->handle()
#44 /home/yamojr/devyamo/edusaas/edusaas/vendor/laravel/framework/src/Illuminate/Pipeline/Pipeline.php(209): Illuminate\\Foundation\\Http\\Middleware\\TrimStrings->handle()
#45 /home/yamojr/devyamo/edusaas/edusaas/vendor/laravel/framework/src/Illuminate/Http/Middleware/ValidatePostSize.php(27): Illuminate\\Pipeline\\Pipeline->{closure:{closure:Illuminate\\Pipeline\\Pipeline::carry():184}:185}()
#46 /home/yamojr/devyamo/edusaas/edusaas/vendor/laravel/framework/src/Illuminate/Pipeline/Pipeline.php(209): Illuminate\\Http\\Middleware\\ValidatePostSize->handle()
#47 /home/yamojr/devyamo/edusaas/edusaas/vendor/laravel/framework/src/Illuminate/Foundation/Http/Middleware/PreventRequestsDuringMaintenance.php(110): Illuminate\\Pipeline\\Pipeline->{closure:{closure:Illuminate\\Pipeline\\Pipeline::carry():184}:185}()
#48 /home/yamojr/devyamo/edusaas/edusaas/vendor/laravel/framework/src/Illuminate/Pipeline/Pipeline.php(209): Illuminate\\Foundation\\Http\\Middleware\\PreventRequestsDuringMaintenance->handle()
#49 /home/yamojr/devyamo/edusaas/edusaas/vendor/laravel/framework/src/Illuminate/Http/Middleware/HandleCors.php(49): Illuminate\\Pipeline\\Pipeline->{closure:{closure:Illuminate\\Pipeline\\Pipeline::carry():184}:185}()
#50 /home/yamojr/devyamo/edusaas/edusaas/vendor/laravel/framework/src/Illuminate/Pipeline/Pipeline.php(209): Illuminate\\Http\\Middleware\\HandleCors->handle()
#51 /home/yamojr/devyamo/edusaas/edusaas/vendor/laravel/framework/src/Illuminate/Http/Middleware/TrustProxies.php(58): Illuminate\\Pipeline\\Pipeline->{closure:{closure:Illuminate\\Pipeline\\Pipeline::carry():184}:185}()
#52 /home/yamojr/devyamo/edusaas/edusaas/vendor/laravel/framework/src/Illuminate/Pipeline/Pipeline.php(209): Illuminate\\Http\\Middleware\\TrustProxies->handle()
#53 /home/yamojr/devyamo/edusaas/edusaas/vendor/laravel/framework/src/Illuminate/Foundation/Http/Middleware/InvokeDeferredCallbacks.php(22): Illuminate\\Pipeline\\Pipeline->{closure:{closure:Illuminate\\Pipeline\\Pipeline::carry():184}:185}()
#54 /home/yamojr/devyamo/edusaas/edusaas/vendor/laravel/framework/src/Illuminate/Pipeline/Pipeline.php(209): Illuminate\\Foundation\\Http\\Middleware\\InvokeDeferredCallbacks->handle()
#55 /home/yamojr/devyamo/edusaas/edusaas/vendor/laravel/framework/src/Illuminate/Pipeline/Pipeline.php(127): Illuminate\\Pipeline\\Pipeline->{closure:{closure:Illuminate\\Pipeline\\Pipeline::carry():184}:185}()
#56 /home/yamojr/devyamo/edusaas/edusaas/vendor/laravel/framework/src/Illuminate/Foundation/Http/Kernel.php(176): Illuminate\\Pipeline\\Pipeline->then()
#57 /home/yamojr/devyamo/edusaas/edusaas/vendor/laravel/framework/src/Illuminate/Foundation/Http/Kernel.php(145): Illuminate\\Foundation\\Http\\Kernel->sendRequestThroughRouter()
#58 /home/yamojr/devyamo/edusaas/edusaas/vendor/laravel/framework/src/Illuminate/Foundation/Application.php(1220): Illuminate\\Foundation\\Http\\Kernel->handle()
#59 /home/yamojr/devyamo/edusaas/edusaas/public/index.php(19): Illuminate\\Foundation\\Application->handleRequest()
#60 /home/yamojr/devyamo/edusaas/edusaas/vendor/laravel/framework/src/Illuminate/Foundation/resources/server.php(23): require_once('...')
#61 {main}

[previous exception] [object] (ReflectionException(code: -1): Class \"App\\Http\\Controllers\\School\\PaymentController\" does not exist at /home/yamojr/devyamo/edusaas/edusaas/vendor/laravel/framework/src/Illuminate/Container/Container.php:959)
[stacktrace]
#0 /home/yamojr/devyamo/edusaas/edusaas/vendor/laravel/framework/src/Illuminate/Container/Container.php(959): ReflectionClass->__construct()
#1 /home/yamojr/devyamo/edusaas/edusaas/vendor/laravel/framework/src/Illuminate/Container/Container.php(832): Illuminate\\Container\\Container->build()
#2 /home/yamojr/devyamo/edusaas/edusaas/vendor/laravel/framework/src/Illuminate/Foundation/Application.php(1078): Illuminate\\Container\\Container->resolve()
#3 /home/yamojr/devyamo/edusaas/edusaas/vendor/laravel/framework/src/Illuminate/Container/Container.php(763): Illuminate\\Foundation\\Application->resolve()
#4 /home/yamojr/devyamo/edusaas/edusaas/vendor/laravel/framework/src/Illuminate/Foundation/Application.php(1058): Illuminate\\Container\\Container->make()
#5 /home/yamojr/devyamo/edusaas/edusaas/vendor/laravel/framework/src/Illuminate/Routing/Route.php(285): Illuminate\\Foundation\\Application->make()
#6 /home/yamojr/devyamo/edusaas/edusaas/vendor/laravel/framework/src/Illuminate/Routing/Route.php(267): Illuminate\\Routing\\Route->getController()
#7 /home/yamojr/devyamo/edusaas/edusaas/vendor/laravel/framework/src/Illuminate/Routing/Route.php(212): Illuminate\\Routing\\Route->runController()
#8 /home/yamojr/devyamo/edusaas/edusaas/vendor/laravel/framework/src/Illuminate/Routing/Router.php(808): Illuminate\\Routing\\Route->run()
#9 /home/yamojr/devyamo/edusaas/edusaas/vendor/laravel/framework/src/Illuminate/Pipeline/Pipeline.php(170): Illuminate\\Routing\\Router->{closure:Illuminate\\Routing\\Router::runRouteWithinStack():807}()
#10 /home/yamojr/devyamo/edusaas/edusaas/app/Http/Middleware/EnsureTenantAccess.php(26): Illuminate\\Pipeline\\Pipeline->{closure:Illuminate\\Pipeline\\Pipeline::prepareDestination():168}()
#11 /home/yamojr/devyamo/edusaas/edusaas/vendor/laravel/framework/src/Illuminate/Pipeline/Pipeline.php(209): App\\Http\\Middleware\\EnsureTenantAccess->handle()
#12 /home/yamojr/devyamo/edusaas/edusaas/vendor/spatie/laravel-permission/src/Middleware/RoleMiddleware.php(37): Illuminate\\Pipeline\\Pipeline->{closure:{closure:Illuminate\\Pipeline\\Pipeline::carry():184}:185}()
#13 /home/yamojr/devyamo/edusaas/edusaas/vendor/laravel/framework/src/Illuminate/Pipeline/Pipeline.php(209): Spatie\\Permission\\Middleware\\RoleMiddleware->handle()
#14 /home/yamojr/devyamo/edusaas/edusaas/app/Http/Middleware/IdentifyTenant.php(40): Illuminate\\Pipeline\\Pipeline->{closure:{closure:Illuminate\\Pipeline\\Pipeline::carry():184}:185}()
#15 /home/yamojr/devyamo/edusaas/edusaas/vendor/laravel/framework/src/Illuminate/Pipeline/Pipeline.php(209): App\\Http\\Middleware\\IdentifyTenant->handle()
#16 /home/yamojr/devyamo/edusaas/edusaas/vendor/inertiajs/inertia-laravel/src/Middleware.php(122): Illuminate\\Pipeline\\Pipeline->{closure:{closure:Illuminate\\Pipeline\\Pipeline::carry():184}:185}()
#17 /home/yamojr/devyamo/edusaas/edusaas/vendor/laravel/framework/src/Illuminate/Pipeline/Pipeline.php(209): Inertia\\Middleware->handle()
#18 /home/yamojr/devyamo/edusaas/edusaas/vendor/laravel/framework/src/Illuminate/Routing/Middleware/SubstituteBindings.php(51): Illuminate\\Pipeline\\Pipeline->{closure:{closure:Illuminate\\Pipeline\\Pipeline::carry():184}:185}()
#19 /home/yamojr/devyamo/edusaas/edusaas/vendor/laravel/framework/src/Illuminate/Pipeline/Pipeline.php(209): Illuminate\\Routing\\Middleware\\SubstituteBindings->handle()
#20 /home/yamojr/devyamo/edusaas/edusaas/vendor/laravel/framework/src/Illuminate/Auth/Middleware/Authenticate.php(64): Illuminate\\Pipeline\\Pipeline->{closure:{closure:Illuminate\\Pipeline\\Pipeline::carry():184}:185}()
#21 /home/yamojr/devyamo/edusaas/edusaas/vendor/laravel/framework/src/Illuminate/Pipeline/Pipeline.php(209): Illuminate\\Auth\\Middleware\\Authenticate->handle()
#22 /home/yamojr/devyamo/edusaas/edusaas/vendor/laravel/framework/src/Illuminate/Foundation/Http/Middleware/VerifyCsrfToken.php(88): Illuminate\\Pipeline\\Pipeline->{closure:{closure:Illuminate\\Pipeline\\Pipeline::carry():184}:185}()
#23 /home/yamojr/devyamo/edusaas/edusaas/vendor/laravel/framework/src/Illuminate/Pipeline/Pipeline.php(209): Illuminate\\Foundation\\Http\\Middleware\\VerifyCsrfToken->handle()
#24 /home/yamojr/devyamo/edusaas/edusaas/vendor/laravel/framework/src/Illuminate/View/Middleware/ShareErrorsFromSession.php(49): Illuminate\\Pipeline\\Pipeline->{closure:{closure:Illuminate\\Pipeline\\Pipeline::carry():184}:185}()
#25 /home/yamojr/devyamo/edusaas/edusaas/vendor/laravel/framework/src/Illuminate/Pipeline/Pipeline.php(209): Illuminate\\View\\Middleware\\ShareErrorsFromSession->handle()
#26 /home/yamojr/devyamo/edusaas/edusaas/vendor/laravel/framework/src/Illuminate/Session/Middleware/StartSession.php(121): Illuminate\\Pipeline\\Pipeline->{closure:{closure:Illuminate\\Pipeline\\Pipeline::carry():184}:185}()
#27 /home/yamojr/devyamo/edusaas/edusaas/vendor/laravel/framework/src/Illuminate/Session/Middleware/StartSession.php(64): Illuminate\\Session\\Middleware\\StartSession->handleStatefulRequest()
#28 /home/yamojr/devyamo/edusaas/edusaas/vendor/laravel/framework/src/Illuminate/Pipeline/Pipeline.php(209): Illuminate\\Session\\Middleware\\StartSession->handle()
#29 /home/yamojr/devyamo/edusaas/edusaas/vendor/laravel/framework/src/Illuminate/Cookie/Middleware/AddQueuedCookiesToResponse.php(37): Illuminate\\Pipeline\\Pipeline->{closure:{closure:Illuminate\\Pipeline\\Pipeline::carry():184}:185}()
#30 /home/yamojr/devyamo/edusaas/edusaas/vendor/laravel/framework/src/Illuminate/Pipeline/Pipeline.php(209): Illuminate\\Cookie\\Middleware\\AddQueuedCookiesToResponse->handle()
#31 /home/yamojr/devyamo/edusaas/edusaas/vendor/laravel/framework/src/Illuminate/Cookie/Middleware/EncryptCookies.php(75): Illuminate\\Pipeline\\Pipeline->{closure:{closure:Illuminate\\Pipeline\\Pipeline::carry():184}:185}()
#32 /home/yamojr/devyamo/edusaas/edusaas/vendor/laravel/framework/src/Illuminate/Pipeline/Pipeline.php(209): Illuminate\\Cookie\\Middleware\\EncryptCookies->handle()
#33 /home/yamojr/devyamo/edusaas/edusaas/vendor/laravel/framework/src/Illuminate/Pipeline/Pipeline.php(127): Illuminate\\Pipeline\\Pipeline->{closure:{closure:Illuminate\\Pipeline\\Pipeline::carry():184}:185}()
#34 /home/yamojr/devyamo/edusaas/edusaas/vendor/laravel/framework/src/Illuminate/Routing/Router.php(807): Illuminate\\Pipeline\\Pipeline->then()
#35 /home/yamojr/devyamo/edusaas/edusaas/vendor/laravel/framework/src/Illuminate/Routing/Router.php(786): Illuminate\\Routing\\Router->runRouteWithinStack()
#36 /home/yamojr/devyamo/edusaas/edusaas/vendor/laravel/framework/src/Illuminate/Routing/Router.php(750): Illuminate\\Routing\\Router->runRoute()
#37 /home/yamojr/devyamo/edusaas/edusaas/vendor/laravel/framework/src/Illuminate/Routing/Router.php(739): Illuminate\\Routing\\Router->dispatchToRoute()
#38 /home/yamojr/devyamo/edusaas/edusaas/vendor/laravel/framework/src/Illuminate/Foundation/Http/Kernel.php(201): Illuminate\\Routing\\Router->dispatch()
#39 /home/yamojr/devyamo/edusaas/edusaas/vendor/laravel/framework/src/Illuminate/Pipeline/Pipeline.php(170): Illuminate\\Foundation\\Http\\Kernel->{closure:Illuminate\\Foundation\\Http\\Kernel::dispatchToRouter():198}()
#40 /home/yamojr/devyamo/edusaas/edusaas/vendor/laravel/framework/src/Illuminate/Foundation/Http/Middleware/TransformsRequest.php(21): Illuminate\\Pipeline\\Pipeline->{closure:Illuminate\\Pipeline\\Pipeline::prepareDestination():168}()
#41 /home/yamojr/devyamo/edusaas/edusaas/vendor/laravel/framework/src/Illuminate/Foundation/Http/Middleware/ConvertEmptyStringsToNull.php(31): Illuminate\\Foundation\\Http\\Middleware\\TransformsRequest->handle()
#42 /home/yamojr/devyamo/edusaas/edusaas/vendor/laravel/framework/src/Illuminate/Pipeline/Pipeline.php(209): Illuminate\\Foundation\\Http\\Middleware\\ConvertEmptyStringsToNull->handle()
#43 /home/yamojr/devyamo/edusaas/edusaas/vendor/laravel/framework/src/Illuminate/Foundation/Http/Middleware/TransformsRequest.php(21): Illuminate\\Pipeline\\Pipeline->{closure:{closure:Illuminate\\Pipeline\\Pipeline::carry():184}:185}()
#44 /home/yamojr/devyamo/edusaas/edusaas/vendor/laravel/framework/src/Illuminate/Foundation/Http/Middleware/TrimStrings.php(51): Illuminate\\Foundation\\Http\\Middleware\\TransformsRequest->handle()
#45 /home/yamojr/devyamo/edusaas/edusaas/vendor/laravel/framework/src/Illuminate/Pipeline/Pipeline.php(209): Illuminate\\Foundation\\Http\\Middleware\\TrimStrings->handle()
#46 /home/yamojr/devyamo/edusaas/edusaas/vendor/laravel/framework/src/Illuminate/Http/Middleware/ValidatePostSize.php(27): Illuminate\\Pipeline\\Pipeline->{closure:{closure:Illuminate\\Pipeline\\Pipeline::carry():184}:185}()
#47 /home/yamojr/devyamo/edusaas/edusaas/vendor/laravel/framework/src/Illuminate/Pipeline/Pipeline.php(209): Illuminate\\Http\\Middleware\\ValidatePostSize->handle()
#48 /home/yamojr/devyamo/edusaas/edusaas/vendor/laravel/framework/src/Illuminate/Foundation/Http/Middleware/PreventRequestsDuringMaintenance.php(110): Illuminate\\Pipeline\\Pipeline->{closure:{closure:Illuminate\\Pipeline\\Pipeline::carry():184}:185}()
#49 /home/yamojr/devyamo/edusaas/edusaas/vendor/laravel/framework/src/Illuminate/Pipeline/Pipeline.php(209): Illuminate\\Foundation\\Http\\Middleware\\PreventRequestsDuringMaintenance->handle()
#50 /home/yamojr/devyamo/edusaas/edusaas/vendor/laravel/framework/src/Illuminate/Http/Middleware/HandleCors.php(49): Illuminate\\Pipeline\\Pipeline->{closure:{closure:Illuminate\\Pipeline\\Pipeline::carry():184}:185}()
#51 /home/yamojr/devyamo/edusaas/edusaas/vendor/laravel/framework/src/Illuminate/Pipeline/Pipeline.php(209): Illuminate\\Http\\Middleware\\HandleCors->handle()
#52 /home/yamojr/devyamo/edusaas/edusaas/vendor/laravel/framework/src/Illuminate/Http/Middleware/TrustProxies.php(58): Illuminate\\Pipeline\\Pipeline->{closure:{closure:Illuminate\\Pipeline\\Pipeline::carry():184}:185}()
#53 /home/yamojr/devyamo/edusaas/edusaas/vendor/laravel/framework/src/Illuminate/Pipeline/Pipeline.php(209): Illuminate\\Http\\Middleware\\TrustProxies->handle()
#54 /home/yamojr/devyamo/edusaas/edusaas/vendor/laravel/framework/src/Illuminate/Foundation/Http/Middleware/InvokeDeferredCallbacks.php(22): Illuminate\\Pipeline\\Pipeline->{closure:{closure:Illuminate\\Pipeline\\Pipeline::carry():184}:185}()
#55 /home/yamojr/devyamo/edusaas/edusaas/vendor/laravel/framework/src/Illuminate/Pipeline/Pipeline.php(209): Illuminate\\Foundation\\Http\\Middleware\\InvokeDeferredCallbacks->handle()
#56 /home/yamojr/devyamo/edusaas/edusaas/vendor/laravel/framework/src/Illuminate/Pipeline/Pipeline.php(127): Illuminate\\Pipeline\\Pipeline->{closure:{closure:Illuminate\\Pipeline\\Pipeline::carry():184}:185}()
#57 /home/yamojr/devyamo/edusaas/edusaas/vendor/laravel/framework/src/Illuminate/Foundation/Http/Kernel.php(176): Illuminate\\Pipeline\\Pipeline->then()
#58 /home/yamojr/devyamo/edusaas/edusaas/vendor/laravel/framework/src/Illuminate/Foundation/Http/Kernel.php(145): Illuminate\\Foundation\\Http\\Kernel->sendRequestThroughRouter()
#59 /home/yamojr/devyamo/edusaas/edusaas/vendor/laravel/framework/src/Illuminate/Foundation/Application.php(1220): Illuminate\\Foundation\\Http\\Kernel->handle()
#60 /home/yamojr/devyamo/edusaas/edusaas/public/index.php(19): Illuminate\\Foundation\\Application->handleRequest()
#61 /home/yamojr/devyamo/edusaas/edusaas/vendor/laravel/framework/src/Illuminate/Foundation/resources/server.php(23): require_once('...')
#62 {main}
"} 
[2026-03-22 04:16:54] local.ERROR: SQLSTATE[42S22]: Column not found: 1054 Unknown column 'admission_date' in 'order clause' (Connection: mysql, SQL: select * from `students` where `students`.`deleted_at` is null and `students`.`tenant_id` = 2 order by `admission_date` desc limit 25 offset 0) {"userId":4,"exception":"[object] (Illuminate\\Database\\QueryException(code: 42S22): SQLSTATE[42S22]: Column not found: 1054 Unknown column 'admission_date' in 'order clause' (Connection: mysql, SQL: select * from `students` where `students`.`deleted_at` is null and `students`.`tenant_id` = 2 order by `admission_date` desc limit 25 offset 0) at /home/yamojr/devyamo/edusaas/edusaas/vendor/laravel/framework/src/Illuminate/Database/Connection.php:825)
[stacktrace]
#0 /home/yamojr/devyamo/edusaas/edusaas/vendor/laravel/framework/src/Illuminate/Database/Connection.php(779): Illuminate\\Database\\Connection->runQueryCallback()
#1 /home/yamojr/devyamo/edusaas/edusaas/vendor/laravel/framework/src/Illuminate/Database/Connection.php(398): Illuminate\\Database\\Connection->run()
#2 /home/yamojr/devyamo/edusaas/edusaas/vendor/laravel/framework/src/Illuminate/Database/Query/Builder.php(3106): Illuminate\\Database\\Connection->select()
#3 /home/yamojr/devyamo/edusaas/edusaas/vendor/laravel/framework/src/Illuminate/Database/Query/Builder.php(3091): Illuminate\\Database\\Query\\Builder->runSelect()
#4 /home/yamojr/devyamo/edusaas/edusaas/vendor/laravel/framework/src/Illuminate/Database/Query/Builder.php(3676): Illuminate\\Database\\Query\\Builder->{closure:Illuminate\\Database\\Query\\Builder::get():3090}()
#5 /home/yamojr/devyamo/edusaas/edusaas/vendor/laravel/framework/src/Illuminate/Database/Query/Builder.php(3090): Illuminate\\Database\\Query\\Builder->onceWithColumns()
#6 /home/yamojr/devyamo/edusaas/edusaas/vendor/laravel/framework/src/Illuminate/Database/Eloquent/Builder.php(811): Illuminate\\Database\\Query\\Builder->get()
#7 /home/yamojr/devyamo/edusaas/edusaas/vendor/laravel/framework/src/Illuminate/Database/Eloquent/Builder.php(793): Illuminate\\Database\\Eloquent\\Builder->getModels()
#8 /home/yamojr/devyamo/edusaas/edusaas/vendor/laravel/framework/src/Illuminate/Database/Eloquent/Builder.php(1034): Illuminate\\Database\\Eloquent\\Builder->get()
#9 /home/yamojr/devyamo/edusaas/edusaas/app/Http/Controllers/School/StudentController.php(25): Illuminate\\Database\\Eloquent\\Builder->paginate()
#10 /home/yamojr/devyamo/edusaas/edusaas/vendor/laravel/framework/src/Illuminate/Routing/Controller.php(54): App\\Http\\Controllers\\School\\StudentController->index()
#11 /home/yamojr/devyamo/edusaas/edusaas/vendor/laravel/framework/src/Illuminate/Routing/ControllerDispatcher.php(44): Illuminate\\Routing\\Controller->callAction()
#12 /home/yamojr/devyamo/edusaas/edusaas/vendor/laravel/framework/src/Illuminate/Routing/Route.php(266): Illuminate\\Routing\\ControllerDispatcher->dispatch()
#13 /home/yamojr/devyamo/edusaas/edusaas/vendor/laravel/framework/src/Illuminate/Routing/Route.php(212): Illuminate\\Routing\\Route->runController()
#14 /home/yamojr/devyamo/edusaas/edusaas/vendor/laravel/framework/src/Illuminate/Routing/Router.php(808): Illuminate\\Routing\\Route->run()
#15 /home/yamojr/devyamo/edusaas/edusaas/vendor/laravel/framework/src/Illuminate/Pipeline/Pipeline.php(170): Illuminate\\Routing\\Router->{closure:Illuminate\\Routing\\Router::runRouteWithinStack():807}()
#16 /home/yamojr/devyamo/edusaas/edusaas/app/Http/Middleware/EnsureTenantAccess.php(26): Illuminate\\Pipeline\\Pipeline->{closure:Illuminate\\Pipeline\\Pipeline::prepareDestination():168}()
#17 /home/yamojr/devyamo/edusaas/edusaas/vendor/laravel/framework/src/Illuminate/Pipeline/Pipeline.php(209): App\\Http\\Middleware\\EnsureTenantAccess->handle()
#18 /home/yamojr/devyamo/edusaas/edusaas/vendor/spatie/laravel-permission/src/Middleware/RoleMiddleware.php(37): Illuminate\\Pipeline\\Pipeline->{closure:{closure:Illuminate\\Pipeline\\Pipeline::carry():184}:185}()
#19 /home/yamojr/devyamo/edusaas/edusaas/vendor/laravel/framework/src/Illuminate/Pipeline/Pipeline.php(209): Spatie\\Permission\\Middleware\\RoleMiddleware->handle()
#20 /home/yamojr/devyamo/edusaas/edusaas/app/Http/Middleware/IdentifyTenant.php(40): Illuminate\\Pipeline\\Pipeline->{closure:{closure:Illuminate\\Pipeline\\Pipeline::carry():184}:185}()
#21 /home/yamojr/devyamo/edusaas/edusaas/vendor/laravel/framework/src/Illuminate/Pipeline/Pipeline.php(209): App\\Http\\Middleware\\IdentifyTenant->handle()
#22 /home/yamojr/devyamo/edusaas/edusaas/vendor/inertiajs/inertia-laravel/src/Middleware.php(122): Illuminate\\Pipeline\\Pipeline->{closure:{closure:Illuminate\\Pipeline\\Pipeline::carry():184}:185}()
#23 /home/yamojr/devyamo/edusaas/edusaas/vendor/laravel/framework/src/Illuminate/Pipeline/Pipeline.php(209): Inertia\\Middleware->handle()
#24 /home/yamojr/devyamo/edusaas/edusaas/vendor/laravel/framework/src/Illuminate/Routing/Middleware/SubstituteBindings.php(51): Illuminate\\Pipeline\\Pipeline->{closure:{closure:Illuminate\\Pipeline\\Pipeline::carry():184}:185}()
#25 /home/yamojr/devyamo/edusaas/edusaas/vendor/laravel/framework/src/Illuminate/Pipeline/Pipeline.php(209): Illuminate\\Routing\\Middleware\\SubstituteBindings->handle()
#26 /home/yamojr/devyamo/edusaas/edusaas/vendor/laravel/framework/src/Illuminate/Auth/Middleware/Authenticate.php(64): Illuminate\\Pipeline\\Pipeline->{closure:{closure:Illuminate\\Pipeline\\Pipeline::carry():184}:185}()
#27 /home/yamojr/devyamo/edusaas/edusaas/vendor/laravel/framework/src/Illuminate/Pipeline/Pipeline.php(209): Illuminate\\Auth\\Middleware\\Authenticate->handle()
#28 /home/yamojr/devyamo/edusaas/edusaas/vendor/laravel/framework/src/Illuminate/Foundation/Http/Middleware/VerifyCsrfToken.php(88): Illuminate\\Pipeline\\Pipeline->{closure:{closure:Illuminate\\Pipeline\\Pipeline::carry():184}:185}()
#29 /home/yamojr/devyamo/edusaas/edusaas/vendor/laravel/framework/src/Illuminate/Pipeline/Pipeline.php(209): Illuminate\\Foundation\\Http\\Middleware\\VerifyCsrfToken->handle()
#30 /home/yamojr/devyamo/edusaas/edusaas/vendor/laravel/framework/src/Illuminate/View/Middleware/ShareErrorsFromSession.php(49): Illuminate\\Pipeline\\Pipeline->{closure:{closure:Illuminate\\Pipeline\\Pipeline::carry():184}:185}()
#31 /home/yamojr/devyamo/edusaas/edusaas/vendor/laravel/framework/src/Illuminate/Pipeline/Pipeline.php(209): Illuminate\\View\\Middleware\\ShareErrorsFromSession->handle()
#32 /home/yamojr/devyamo/edusaas/edusaas/vendor/laravel/framework/src/Illuminate/Session/Middleware/StartSession.php(121): Illuminate\\Pipeline\\Pipeline->{closure:{closure:Illuminate\\Pipeline\\Pipeline::carry():184}:185}()
#33 /home/yamojr/devyamo/edusaas/edusaas/vendor/laravel/framework/src/Illuminate/Session/Middleware/StartSession.php(64): Illuminate\\Session\\Middleware\\StartSession->handleStatefulRequest()
#34 /home/yamojr/devyamo/edusaas/edusaas/vendor/laravel/framework/src/Illuminate/Pipeline/Pipeline.php(209): Illuminate\\Session\\Middleware\\StartSession->handle()
#35 /home/yamojr/devyamo/edusaas/edusaas/vendor/laravel/framework/src/Illuminate/Cookie/Middleware/AddQueuedCookiesToResponse.php(37): Illuminate\\Pipeline\\Pipeline->{closure:{closure:Illuminate\\Pipeline\\Pipeline::carry():184}:185}()
#36 /home/yamojr/devyamo/edusaas/edusaas/vendor/laravel/framework/src/Illuminate/Pipeline/Pipeline.php(209): Illuminate\\Cookie\\Middleware\\AddQueuedCookiesToResponse->handle()
#37 /home/yamojr/devyamo/edusaas/edusaas/vendor/laravel/framework/src/Illuminate/Cookie/Middleware/EncryptCookies.php(75): Illuminate\\Pipeline\\Pipeline->{closure:{closure:Illuminate\\Pipeline\\Pipeline::carry():184}:185}()
#38 /home/yamojr/devyamo/edusaas/edusaas/vendor/laravel/framework/src/Illuminate/Pipeline/Pipeline.php(209): Illuminate\\Cookie\\Middleware\\EncryptCookies->handle()
#39 /home/yamojr/devyamo/edusaas/edusaas/vendor/laravel/framework/src/Illuminate/Pipeline/Pipeline.php(127): Illuminate\\Pipeline\\Pipeline->{closure:{closure:Illuminate\\Pipeline\\Pipeline::carry():184}:185}()
#40 /home/yamojr/devyamo/edusaas/edusaas/vendor/laravel/framework/src/Illuminate/Routing/Router.php(807): Illuminate\\Pipeline\\Pipeline->then()
#41 /home/yamojr/devyamo/edusaas/edusaas/vendor/laravel/framework/src/Illuminate/Routing/Router.php(786): Illuminate\\Routing\\Router->runRouteWithinStack()
#42 /home/yamojr/devyamo/edusaas/edusaas/vendor/laravel/framework/src/Illuminate/Routing/Router.php(750): Illuminate\\Routing\\Router->runRoute()
#43 /home/yamojr/devyamo/edusaas/edusaas/vendor/laravel/framework/src/Illuminate/Routing/Router.php(739): Illuminate\\Routing\\Router->dispatchToRoute()
#44 /home/yamojr/devyamo/edusaas/edusaas/vendor/laravel/framework/src/Illuminate/Foundation/Http/Kernel.php(201): Illuminate\\Routing\\Router->dispatch()
#45 /home/yamojr/devyamo/edusaas/edusaas/vendor/laravel/framework/src/Illuminate/Pipeline/Pipeline.php(170): Illuminate\\Foundation\\Http\\Kernel->{closure:Illuminate\\Foundation\\Http\\Kernel::dispatchToRouter():198}()
#46 /home/yamojr/devyamo/edusaas/edusaas/vendor/laravel/framework/src/Illuminate/Foundation/Http/Middleware/TransformsRequest.php(21): Illuminate\\Pipeline\\Pipeline->{closure:Illuminate\\Pipeline\\Pipeline::prepareDestination():168}()
#47 /home/yamojr/devyamo/edusaas/edusaas/vendor/laravel/framework/src/Illuminate/Foundation/Http/Middleware/ConvertEmptyStringsToNull.php(31): Illuminate\\Foundation\\Http\\Middleware\\TransformsRequest->handle()
#48 /home/yamojr/devyamo/edusaas/edusaas/vendor/laravel/framework/src/Illuminate/Pipeline/Pipeline.php(209): Illuminate\\Foundation\\Http\\Middleware\\ConvertEmptyStringsToNull->handle()
#49 /home/yamojr/devyamo/edusaas/edusaas/vendor/laravel/framework/src/Illuminate/Foundation/Http/Middleware/TransformsRequest.php(21): Illuminate\\Pipeline\\Pipeline->{closure:{closure:Illuminate\\Pipeline\\Pipeline::carry():184}:185}()
#50 /home/yamojr/devyamo/edusaas/edusaas/vendor/laravel/framework/src/Illuminate/Foundation/Http/Middleware/TrimStrings.php(51): Illuminate\\Foundation\\Http\\Middleware\\TransformsRequest->handle()
#51 /home/yamojr/devyamo/edusaas/edusaas/vendor/laravel/framework/src/Illuminate/Pipeline/Pipeline.php(209): Illuminate\\Foundation\\Http\\Middleware\\TrimStrings->handle()
#52 /home/yamojr/devyamo/edusaas/edusaas/vendor/laravel/framework/src/Illuminate/Http/Middleware/ValidatePostSize.php(27): Illuminate\\Pipeline\\Pipeline->{closure:{closure:Illuminate\\Pipeline\\Pipeline::carry():184}:185}()
#53 /home/yamojr/devyamo/edusaas/edusaas/vendor/laravel/framework/src/Illuminate/Pipeline/Pipeline.php(209): Illuminate\\Http\\Middleware\\ValidatePostSize->handle()
#54 /home/yamojr/devyamo/edusaas/edusaas/vendor/laravel/framework/src/Illuminate/Foundation/Http/Middleware/PreventRequestsDuringMaintenance.php(110): Illuminate\\Pipeline\\Pipeline->{closure:{closure:Illuminate\\Pipeline\\Pipeline::carry():184}:185}()
#55 /home/yamojr/devyamo/edusaas/edusaas/vendor/laravel/framework/src/Illuminate/Pipeline/Pipeline.php(209): Illuminate\\Foundation\\Http\\Middleware\\PreventRequestsDuringMaintenance->handle()
#56 /home/yamojr/devyamo/edusaas/edusaas/vendor/laravel/framework/src/Illuminate/Http/Middleware/HandleCors.php(49): Illuminate\\Pipeline\\Pipeline->{closure:{closure:Illuminate\\Pipeline\\Pipeline::carry():184}:185}()
#57 /home/yamojr/devyamo/edusaas/edusaas/vendor/laravel/framework/src/Illuminate/Pipeline/Pipeline.php(209): Illuminate\\Http\\Middleware\\HandleCors->handle()
#58 /home/yamojr/devyamo/edusaas/edusaas/vendor/laravel/framework/src/Illuminate/Http/Middleware/TrustProxies.php(58): Illuminate\\Pipeline\\Pipeline->{closure:{closure:Illuminate\\Pipeline\\Pipeline::carry():184}:185}()
#59 /home/yamojr/devyamo/edusaas/edusaas/vendor/laravel/framework/src/Illuminate/Pipeline/Pipeline.php(209): Illuminate\\Http\\Middleware\\TrustProxies->handle()
#60 /home/yamojr/devyamo/edusaas/edusaas/vendor/laravel/framework/src/Illuminate/Foundation/Http/Middleware/InvokeDeferredCallbacks.php(22): Illuminate\\Pipeline\\Pipeline->{closure:{closure:Illuminate\\Pipeline\\Pipeline::carry():184}:185}()
#61 /home/yamojr/devyamo/edusaas/edusaas/vendor/laravel/framework/src/Illuminate/Pipeline/Pipeline.php(209): Illuminate\\Foundation\\Http\\Middleware\\InvokeDeferredCallbacks->handle()
#62 /home/yamojr/devyamo/edusaas/edusaas/vendor/laravel/framework/src/Illuminate/Pipeline/Pipeline.php(127): Illuminate\\Pipeline\\Pipeline->{closure:{closure:Illuminate\\Pipeline\\Pipeline::carry():184}:185}()
#63 /home/yamojr/devyamo/edusaas/edusaas/vendor/laravel/framework/src/Illuminate/Foundation/Http/Kernel.php(176): Illuminate\\Pipeline\\Pipeline->then()
#64 /home/yamojr/devyamo/edusaas/edusaas/vendor/laravel/framework/src/Illuminate/Foundation/Http/Kernel.php(145): Illuminate\\Foundation\\Http\\Kernel->sendRequestThroughRouter()
#65 /home/yamojr/devyamo/edusaas/edusaas/vendor/laravel/framework/src/Illuminate/Foundation/Application.php(1220): Illuminate\\Foundation\\Http\\Kernel->handle()
#66 /home/yamojr/devyamo/edusaas/edusaas/public/index.php(19): Illuminate\\Foundation\\Application->handleRequest()
#67 /home/yamojr/devyamo/edusaas/edusaas/vendor/laravel/framework/src/Illuminate/Foundation/resources/server.php(23): require_once('...')
#68 {main}

[previous exception] [object] (PDOException(code: 42S22): SQLSTATE[42S22]: Column not found: 1054 Unknown column 'admission_date' in 'order clause' at /home/yamojr/devyamo/edusaas/edusaas/vendor/laravel/framework/src/Illuminate/Database/Connection.php:407)
[stacktrace]
#0 /home/yamojr/devyamo/edusaas/edusaas/vendor/laravel/framework/src/Illuminate/Database/Connection.php(407): PDO->prepare()
#1 /home/yamojr/devyamo/edusaas/edusaas/vendor/laravel/framework/src/Illuminate/Database/Connection.php(812): Illuminate\\Database\\Connection->{closure:Illuminate\\Database\\Connection::select():398}()
#2 /home/yamojr/devyamo/edusaas/edusaas/vendor/laravel/framework/src/Illuminate/Database/Connection.php(779): Illuminate\\Database\\Connection->runQueryCallback()
#3 /home/yamojr/devyamo/edusaas/edusaas/vendor/laravel/framework/src/Illuminate/Database/Connection.php(398): Illuminate\\Database\\Connection->run()
#4 /home/yamojr/devyamo/edusaas/edusaas/vendor/laravel/framework/src/Illuminate/Database/Query/Builder.php(3106): Illuminate\\Database\\Connection->select()
#5 /home/yamojr/devyamo/edusaas/edusaas/vendor/laravel/framework/src/Illuminate/Database/Query/Builder.php(3091): Illuminate\\Database\\Query\\Builder->runSelect()
#6 /home/yamojr/devyamo/edusaas/edusaas/vendor/laravel/framework/src/Illuminate/Database/Query/Builder.php(3676): Illuminate\\Database\\Query\\Builder->{closure:Illuminate\\Database\\Query\\Builder::get():3090}()
#7 /home/yamojr/devyamo/edusaas/edusaas/vendor/laravel/framework/src/Illuminate/Database/Query/Builder.php(3090): Illuminate\\Database\\Query\\Builder->onceWithColumns()
#8 /home/yamojr/devyamo/edusaas/edusaas/vendor/laravel/framework/src/Illuminate/Database/Eloquent/Builder.php(811): Illuminate\\Database\\Query\\Builder->get()
#9 /home/yamojr/devyamo/edusaas/edusaas/vendor/laravel/framework/src/Illuminate/Database/Eloquent/Builder.php(793): Illuminate\\Database\\Eloquent\\Builder->getModels()
#10 /home/yamojr/devyamo/edusaas/edusaas/vendor/laravel/framework/src/Illuminate/Database/Eloquent/Builder.php(1034): Illuminate\\Database\\Eloquent\\Builder->get()
#11 /home/yamojr/devyamo/edusaas/edusaas/app/Http/Controllers/School/StudentController.php(25): Illuminate\\Database\\Eloquent\\Builder->paginate()
#12 /home/yamojr/devyamo/edusaas/edusaas/vendor/laravel/framework/src/Illuminate/Routing/Controller.php(54): App\\Http\\Controllers\\School\\StudentController->index()
#13 /home/yamojr/devyamo/edusaas/edusaas/vendor/laravel/framework/src/Illuminate/Routing/ControllerDispatcher.php(44): Illuminate\\Routing\\Controller->callAction()
#14 /home/yamojr/devyamo/edusaas/edusaas/vendor/laravel/framework/src/Illuminate/Routing/Route.php(266): Illuminate\\Routing\\ControllerDispatcher->dispatch()
#15 /home/yamojr/devyamo/edusaas/edusaas/vendor/laravel/framework/src/Illuminate/Routing/Route.php(212): Illuminate\\Routing\\Route->runController()
#16 /home/yamojr/devyamo/edusaas/edusaas/vendor/laravel/framework/src/Illuminate/Routing/Router.php(808): Illuminate\\Routing\\Route->run()
#17 /home/yamojr/devyamo/edusaas/edusaas/vendor/laravel/framework/src/Illuminate/Pipeline/Pipeline.php(170): Illuminate\\Routing\\Router->{closure:Illuminate\\Routing\\Router::runRouteWithinStack():807}()
#18 /home/yamojr/devyamo/edusaas/edusaas/app/Http/Middleware/EnsureTenantAccess.php(26): Illuminate\\Pipeline\\Pipeline->{closure:Illuminate\\Pipeline\\Pipeline::prepareDestination():168}()
#19 /home/yamojr/devyamo/edusaas/edusaas/vendor/laravel/framework/src/Illuminate/Pipeline/Pipeline.php(209): App\\Http\\Middleware\\EnsureTenantAccess->handle()
#20 /home/yamojr/devyamo/edusaas/edusaas/vendor/spatie/laravel-permission/src/Middleware/RoleMiddleware.php(37): Illuminate\\Pipeline\\Pipeline->{closure:{closure:Illuminate\\Pipeline\\Pipeline::carry():184}:185}()
#21 /home/yamojr/devyamo/edusaas/edusaas/vendor/laravel/framework/src/Illuminate/Pipeline/Pipeline.php(209): Spatie\\Permission\\Middleware\\RoleMiddleware->handle()
#22 /home/yamojr/devyamo/edusaas/edusaas/app/Http/Middleware/IdentifyTenant.php(40): Illuminate\\Pipeline\\Pipeline->{closure:{closure:Illuminate\\Pipeline\\Pipeline::carry():184}:185}()
#23 /home/yamojr/devyamo/edusaas/edusaas/vendor/laravel/framework/src/Illuminate/Pipeline/Pipeline.php(209): App\\Http\\Middleware\\IdentifyTenant->handle()
#24 /home/yamojr/devyamo/edusaas/edusaas/vendor/inertiajs/inertia-laravel/src/Middleware.php(122): Illuminate\\Pipeline\\Pipeline->{closure:{closure:Illuminate\\Pipeline\\Pipeline::carry():184}:185}()
#25 /home/yamojr/devyamo/edusaas/edusaas/vendor/laravel/framework/src/Illuminate/Pipeline/Pipeline.php(209): Inertia\\Middleware->handle()
#26 /home/yamojr/devyamo/edusaas/edusaas/vendor/laravel/framework/src/Illuminate/Routing/Middleware/SubstituteBindings.php(51): Illuminate\\Pipeline\\Pipeline->{closure:{closure:Illuminate\\Pipeline\\Pipeline::carry():184}:185}()
#27 /home/yamojr/devyamo/edusaas/edusaas/vendor/laravel/framework/src/Illuminate/Pipeline/Pipeline.php(209): Illuminate\\Routing\\Middleware\\SubstituteBindings->handle()
#28 /home/yamojr/devyamo/edusaas/edusaas/vendor/laravel/framework/src/Illuminate/Auth/Middleware/Authenticate.php(64): Illuminate\\Pipeline\\Pipeline->{closure:{closure:Illuminate\\Pipeline\\Pipeline::carry():184}:185}()
#29 /home/yamojr/devyamo/edusaas/edusaas/vendor/laravel/framework/src/Illuminate/Pipeline/Pipeline.php(209): Illuminate\\Auth\\Middleware\\Authenticate->handle()
#30 /home/yamojr/devyamo/edusaas/edusaas/vendor/laravel/framework/src/Illuminate/Foundation/Http/Middleware/VerifyCsrfToken.php(88): Illuminate\\Pipeline\\Pipeline->{closure:{closure:Illuminate\\Pipeline\\Pipeline::carry():184}:185}()
#31 /home/yamojr/devyamo/edusaas/edusaas/vendor/laravel/framework/src/Illuminate/Pipeline/Pipeline.php(209): Illuminate\\Foundation\\Http\\Middleware\\VerifyCsrfToken->handle()
#32 /home/yamojr/devyamo/edusaas/edusaas/vendor/laravel/framework/src/Illuminate/View/Middleware/ShareErrorsFromSession.php(49): Illuminate\\Pipeline\\Pipeline->{closure:{closure:Illuminate\\Pipeline\\Pipeline::carry():184}:185}()
#33 /home/yamojr/devyamo/edusaas/edusaas/vendor/laravel/framework/src/Illuminate/Pipeline/Pipeline.php(209): Illuminate\\View\\Middleware\\ShareErrorsFromSession->handle()
#34 /home/yamojr/devyamo/edusaas/edusaas/vendor/laravel/framework/src/Illuminate/Session/Middleware/StartSession.php(121): Illuminate\\Pipeline\\Pipeline->{closure:{closure:Illuminate\\Pipeline\\Pipeline::carry():184}:185}()
#35 /home/yamojr/devyamo/edusaas/edusaas/vendor/laravel/framework/src/Illuminate/Session/Middleware/StartSession.php(64): Illuminate\\Session\\Middleware\\StartSession->handleStatefulRequest()
#36 /home/yamojr/devyamo/edusaas/edusaas/vendor/laravel/framework/src/Illuminate/Pipeline/Pipeline.php(209): Illuminate\\Session\\Middleware\\StartSession->handle()
#37 /home/yamojr/devyamo/edusaas/edusaas/vendor/laravel/framework/src/Illuminate/Cookie/Middleware/AddQueuedCookiesToResponse.php(37): Illuminate\\Pipeline\\Pipeline->{closure:{closure:Illuminate\\Pipeline\\Pipeline::carry():184}:185}()
#38 /home/yamojr/devyamo/edusaas/edusaas/vendor/laravel/framework/src/Illuminate/Pipeline/Pipeline.php(209): Illuminate\\Cookie\\Middleware\\AddQueuedCookiesToResponse->handle()
#39 /home/yamojr/devyamo/edusaas/edusaas/vendor/laravel/framework/src/Illuminate/Cookie/Middleware/EncryptCookies.php(75): Illuminate\\Pipeline\\Pipeline->{closure:{closure:Illuminate\\Pipeline\\Pipeline::carry():184}:185}()
#40 /home/yamojr/devyamo/edusaas/edusaas/vendor/laravel/framework/src/Illuminate/Pipeline/Pipeline.php(209): Illuminate\\Cookie\\Middleware\\EncryptCookies->handle()
#41 /home/yamojr/devyamo/edusaas/edusaas/vendor/laravel/framework/src/Illuminate/Pipeline/Pipeline.php(127): Illuminate\\Pipeline\\Pipeline->{closure:{closure:Illuminate\\Pipeline\\Pipeline::carry():184}:185}()
#42 /home/yamojr/devyamo/edusaas/edusaas/vendor/laravel/framework/src/Illuminate/Routing/Router.php(807): Illuminate\\Pipeline\\Pipeline->then()
#43 /home/yamojr/devyamo/edusaas/edusaas/vendor/laravel/framework/src/Illuminate/Routing/Router.php(786): Illuminate\\Routing\\Router->runRouteWithinStack()
#44 /home/yamojr/devyamo/edusaas/edusaas/vendor/laravel/framework/src/Illuminate/Routing/Router.php(750): Illuminate\\Routing\\Router->runRoute()
#45 /home/yamojr/devyamo/edusaas/edusaas/vendor/laravel/framework/src/Illuminate/Routing/Router.php(739): Illuminate\\Routing\\Router->dispatchToRoute()
#46 /home/yamojr/devyamo/edusaas/edusaas/vendor/laravel/framework/src/Illuminate/Foundation/Http/Kernel.php(201): Illuminate\\Routing\\Router->dispatch()
#47 /home/yamojr/devyamo/edusaas/edusaas/vendor/laravel/framework/src/Illuminate/Pipeline/Pipeline.php(170): Illuminate\\Foundation\\Http\\Kernel->{closure:Illuminate\\Foundation\\Http\\Kernel::dispatchToRouter():198}()
#48 /home/yamojr/devyamo/edusaas/edusaas/vendor/laravel/framework/src/Illuminate/Foundation/Http/Middleware/TransformsRequest.php(21): Illuminate\\Pipeline\\Pipeline->{closure:Illuminate\\Pipeline\\Pipeline::prepareDestination():168}()
#49 /home/yamojr/devyamo/edusaas/edusaas/vendor/laravel/framework/src/Illuminate/Foundation/Http/Middleware/ConvertEmptyStringsToNull.php(31): Illuminate\\Foundation\\Http\\Middleware\\TransformsRequest->handle()
#50 /home/yamojr/devyamo/edusaas/edusaas/vendor/laravel/framework/src/Illuminate/Pipeline/Pipeline.php(209): Illuminate\\Foundation\\Http\\Middleware\\ConvertEmptyStringsToNull->handle()
#51 /home/yamojr/devyamo/edusaas/edusaas/vendor/laravel/framework/src/Illuminate/Foundation/Http/Middleware/TransformsRequest.php(21): Illuminate\\Pipeline\\Pipeline->{closure:{closure:Illuminate\\Pipeline\\Pipeline::carry():184}:185}()
#52 /home/yamojr/devyamo/edusaas/edusaas/vendor/laravel/framework/src/Illuminate/Foundation/Http/Middleware/TrimStrings.php(51): Illuminate\\Foundation\\Http\\Middleware\\TransformsRequest->handle()
#53 /home/yamojr/devyamo/edusaas/edusaas/vendor/laravel/framework/src/Illuminate/Pipeline/Pipeline.php(209): Illuminate\\Foundation\\Http\\Middleware\\TrimStrings->handle()
#54 /home/yamojr/devyamo/edusaas/edusaas/vendor/laravel/framework/src/Illuminate/Http/Middleware/ValidatePostSize.php(27): Illuminate\\Pipeline\\Pipeline->{closure:{closure:Illuminate\\Pipeline\\Pipeline::carry():184}:185}()
#55 /home/yamojr/devyamo/edusaas/edusaas/vendor/laravel/framework/src/Illuminate/Pipeline/Pipeline.php(209): Illuminate\\Http\\Middleware\\ValidatePostSize->handle()
#56 /home/yamojr/devyamo/edusaas/edusaas/vendor/laravel/framework/src/Illuminate/Foundation/Http/Middleware/PreventRequestsDuringMaintenance.php(110): Illuminate\\Pipeline\\Pipeline->{closure:{closure:Illuminate\\Pipeline\\Pipeline::carry():184}:185}()
#57 /home/yamojr/devyamo/edusaas/edusaas/vendor/laravel/framework/src/Illuminate/Pipeline/Pipeline.php(209): Illuminate\\Foundation\\Http\\Middleware\\PreventRequestsDuringMaintenance->handle()
#58 /home/yamojr/devyamo/edusaas/edusaas/vendor/laravel/framework/src/Illuminate/Http/Middleware/HandleCors.php(49): Illuminate\\Pipeline\\Pipeline->{closure:{closure:Illuminate\\Pipeline\\Pipeline::carry():184}:185}()
#59 /home/yamojr/devyamo/edusaas/edusaas/vendor/laravel/framework/src/Illuminate/Pipeline/Pipeline.php(209): Illuminate\\Http\\Middleware\\HandleCors->handle()
#60 /home/yamojr/devyamo/edusaas/edusaas/vendor/laravel/framework/src/Illuminate/Http/Middleware/TrustProxies.php(58): Illuminate\\Pipeline\\Pipeline->{closure:{closure:Illuminate\\Pipeline\\Pipeline::carry():184}:185}()
#61 /home/yamojr/devyamo/edusaas/edusaas/vendor/laravel/framework/src/Illuminate/Pipeline/Pipeline.php(209): Illuminate\\Http\\Middleware\\TrustProxies->handle()
#62 /home/yamojr/devyamo/edusaas/edusaas/vendor/laravel/framework/src/Illuminate/Foundation/Http/Middleware/InvokeDeferredCallbacks.php(22): Illuminate\\Pipeline\\Pipeline->{closure:{closure:Illuminate\\Pipeline\\Pipeline::carry():184}:185}()
#63 /home/yamojr/devyamo/edusaas/edusaas/vendor/laravel/framework/src/Illuminate/Pipeline/Pipeline.php(209): Illuminate\\Foundation\\Http\\Middleware\\InvokeDeferredCallbacks->handle()
#64 /home/yamojr/devyamo/edusaas/edusaas/vendor/laravel/framework/src/Illuminate/Pipeline/Pipeline.php(127): Illuminate\\Pipeline\\Pipeline->{closure:{closure:Illuminate\\Pipeline\\Pipeline::carry():184}:185}()
#65 /home/yamojr/devyamo/edusaas/edusaas/vendor/laravel/framework/src/Illuminate/Foundation/Http/Kernel.php(176): Illuminate\\Pipeline\\Pipeline->then()
#66 /home/yamojr/devyamo/edusaas/edusaas/vendor/laravel/framework/src/Illuminate/Foundation/Http/Kernel.php(145): Illuminate\\Foundation\\Http\\Kernel->sendRequestThroughRouter()
#67 /home/yamojr/devyamo/edusaas/edusaas/vendor/laravel/framework/src/Illuminate/Foundation/Application.php(1220): Illuminate\\Foundation\\Http\\Kernel->handle()
#68 /home/yamojr/devyamo/edusaas/edusaas/public/index.php(19): Illuminate\\Foundation\\Application->handleRequest()
#69 /home/yamojr/devyamo/edusaas/edusaas/vendor/laravel/framework/src/Illuminate/Foundation/resources/server.php(23): require_once('...')
#70 {main}
"} 
[2026-03-22 04:17:19] local.ERROR: Target class [App\Http\Controllers\School\ReportController] does not exist. {"userId":4,"exception":"[object] (Illuminate\\Contracts\\Container\\BindingResolutionException(code: 0): Target class [App\\Http\\Controllers\\School\\ReportController] does not exist. at /home/yamojr/devyamo/edusaas/edusaas/vendor/laravel/framework/src/Illuminate/Container/Container.php:961)
[stacktrace]
#0 /home/yamojr/devyamo/edusaas/edusaas/vendor/laravel/framework/src/Illuminate/Container/Container.php(832): Illuminate\\Container\\Container->build()
#1 /home/yamojr/devyamo/edusaas/edusaas/vendor/laravel/framework/src/Illuminate/Foundation/Application.php(1078): Illuminate\\Container\\Container->resolve()
#2 /home/yamojr/devyamo/edusaas/edusaas/vendor/laravel/framework/src/Illuminate/Container/Container.php(763): Illuminate\\Foundation\\Application->resolve()
#3 /home/yamojr/devyamo/edusaas/edusaas/vendor/laravel/framework/src/Illuminate/Foundation/Application.php(1058): Illuminate\\Container\\Container->make()
#4 /home/yamojr/devyamo/edusaas/edusaas/vendor/laravel/framework/src/Illuminate/Routing/Route.php(285): Illuminate\\Foundation\\Application->make()
#5 /home/yamojr/devyamo/edusaas/edusaas/vendor/laravel/framework/src/Illuminate/Routing/Route.php(267): Illuminate\\Routing\\Route->getController()
#6 /home/yamojr/devyamo/edusaas/edusaas/vendor/laravel/framework/src/Illuminate/Routing/Route.php(212): Illuminate\\Routing\\Route->runController()
#7 /home/yamojr/devyamo/edusaas/edusaas/vendor/laravel/framework/src/Illuminate/Routing/Router.php(808): Illuminate\\Routing\\Route->run()
#8 /home/yamojr/devyamo/edusaas/edusaas/vendor/laravel/framework/src/Illuminate/Pipeline/Pipeline.php(170): Illuminate\\Routing\\Router->{closure:Illuminate\\Routing\\Router::runRouteWithinStack():807}()
#9 /home/yamojr/devyamo/edusaas/edusaas/app/Http/Middleware/EnsureTenantAccess.php(26): Illuminate\\Pipeline\\Pipeline->{closure:Illuminate\\Pipeline\\Pipeline::prepareDestination():168}()
#10 /home/yamojr/devyamo/edusaas/edusaas/vendor/laravel/framework/src/Illuminate/Pipeline/Pipeline.php(209): App\\Http\\Middleware\\EnsureTenantAccess->handle()
#11 /home/yamojr/devyamo/edusaas/edusaas/vendor/spatie/laravel-permission/src/Middleware/RoleMiddleware.php(37): Illuminate\\Pipeline\\Pipeline->{closure:{closure:Illuminate\\Pipeline\\Pipeline::carry():184}:185}()
#12 /home/yamojr/devyamo/edusaas/edusaas/vendor/laravel/framework/src/Illuminate/Pipeline/Pipeline.php(209): Spatie\\Permission\\Middleware\\RoleMiddleware->handle()
#13 /home/yamojr/devyamo/edusaas/edusaas/app/Http/Middleware/IdentifyTenant.php(40): Illuminate\\Pipeline\\Pipeline->{closure:{closure:Illuminate\\Pipeline\\Pipeline::carry():184}:185}()
#14 /home/yamojr/devyamo/edusaas/edusaas/vendor/laravel/framework/src/Illuminate/Pipeline/Pipeline.php(209): App\\Http\\Middleware\\IdentifyTenant->handle()
#15 /home/yamojr/devyamo/edusaas/edusaas/vendor/inertiajs/inertia-laravel/src/Middleware.php(122): Illuminate\\Pipeline\\Pipeline->{closure:{closure:Illuminate\\Pipeline\\Pipeline::carry():184}:185}()
#16 /home/yamojr/devyamo/edusaas/edusaas/vendor/laravel/framework/src/Illuminate/Pipeline/Pipeline.php(209): Inertia\\Middleware->handle()
#17 /home/yamojr/devyamo/edusaas/edusaas/vendor/laravel/framework/src/Illuminate/Routing/Middleware/SubstituteBindings.php(51): Illuminate\\Pipeline\\Pipeline->{closure:{closure:Illuminate\\Pipeline\\Pipeline::carry():184}:185}()
#18 /home/yamojr/devyamo/edusaas/edusaas/vendor/laravel/framework/src/Illuminate/Pipeline/Pipeline.php(209): Illuminate\\Routing\\Middleware\\SubstituteBindings->handle()
#19 /home/yamojr/devyamo/edusaas/edusaas/vendor/laravel/framework/src/Illuminate/Auth/Middleware/Authenticate.php(64): Illuminate\\Pipeline\\Pipeline->{closure:{closure:Illuminate\\Pipeline\\Pipeline::carry():184}:185}()
#20 /home/yamojr/devyamo/edusaas/edusaas/vendor/laravel/framework/src/Illuminate/Pipeline/Pipeline.php(209): Illuminate\\Auth\\Middleware\\Authenticate->handle()
#21 /home/yamojr/devyamo/edusaas/edusaas/vendor/laravel/framework/src/Illuminate/Foundation/Http/Middleware/VerifyCsrfToken.php(88): Illuminate\\Pipeline\\Pipeline->{closure:{closure:Illuminate\\Pipeline\\Pipeline::carry():184}:185}()
#22 /home/yamojr/devyamo/edusaas/edusaas/vendor/laravel/framework/src/Illuminate/Pipeline/Pipeline.php(209): Illuminate\\Foundation\\Http\\Middleware\\VerifyCsrfToken->handle()
#23 /home/yamojr/devyamo/edusaas/edusaas/vendor/laravel/framework/src/Illuminate/View/Middleware/ShareErrorsFromSession.php(49): Illuminate\\Pipeline\\Pipeline->{closure:{closure:Illuminate\\Pipeline\\Pipeline::carry():184}:185}()
#24 /home/yamojr/devyamo/edusaas/edusaas/vendor/laravel/framework/src/Illuminate/Pipeline/Pipeline.php(209): Illuminate\\View\\Middleware\\ShareErrorsFromSession->handle()
#25 /home/yamojr/devyamo/edusaas/edusaas/vendor/laravel/framework/src/Illuminate/Session/Middleware/StartSession.php(121): Illuminate\\Pipeline\\Pipeline->{closure:{closure:Illuminate\\Pipeline\\Pipeline::carry():184}:185}()
#26 /home/yamojr/devyamo/edusaas/edusaas/vendor/laravel/framework/src/Illuminate/Session/Middleware/StartSession.php(64): Illuminate\\Session\\Middleware\\StartSession->handleStatefulRequest()
#27 /home/yamojr/devyamo/edusaas/edusaas/vendor/laravel/framework/src/Illuminate/Pipeline/Pipeline.php(209): Illuminate\\Session\\Middleware\\StartSession->handle()
#28 /home/yamojr/devyamo/edusaas/edusaas/vendor/laravel/framework/src/Illuminate/Cookie/Middleware/AddQueuedCookiesToResponse.php(37): Illuminate\\Pipeline\\Pipeline->{closure:{closure:Illuminate\\Pipeline\\Pipeline::carry():184}:185}()
#29 /home/yamojr/devyamo/edusaas/edusaas/vendor/laravel/framework/src/Illuminate/Pipeline/Pipeline.php(209): Illuminate\\Cookie\\Middleware\\AddQueuedCookiesToResponse->handle()
#30 /home/yamojr/devyamo/edusaas/edusaas/vendor/laravel/framework/src/Illuminate/Cookie/Middleware/EncryptCookies.php(75): Illuminate\\Pipeline\\Pipeline->{closure:{closure:Illuminate\\Pipeline\\Pipeline::carry():184}:185}()
#31 /home/yamojr/devyamo/edusaas/edusaas/vendor/laravel/framework/src/Illuminate/Pipeline/Pipeline.php(209): Illuminate\\Cookie\\Middleware\\EncryptCookies->handle()
#32 /home/yamojr/devyamo/edusaas/edusaas/vendor/laravel/framework/src/Illuminate/Pipeline/Pipeline.php(127): Illuminate\\Pipeline\\Pipeline->{closure:{closure:Illuminate\\Pipeline\\Pipeline::carry():184}:185}()
#33 /home/yamojr/devyamo/edusaas/edusaas/vendor/laravel/framework/src/Illuminate/Routing/Router.php(807): Illuminate\\Pipeline\\Pipeline->then()
#34 /home/yamojr/devyamo/edusaas/edusaas/vendor/laravel/framework/src/Illuminate/Routing/Router.php(786): Illuminate\\Routing\\Router->runRouteWithinStack()
#35 /home/yamojr/devyamo/edusaas/edusaas/vendor/laravel/framework/src/Illuminate/Routing/Router.php(750): Illuminate\\Routing\\Router->runRoute()
#36 /home/yamojr/devyamo/edusaas/edusaas/vendor/laravel/framework/src/Illuminate/Routing/Router.php(739): Illuminate\\Routing\\Router->dispatchToRoute()
#37 /home/yamojr/devyamo/edusaas/edusaas/vendor/laravel/framework/src/Illuminate/Foundation/Http/Kernel.php(201): Illuminate\\Routing\\Router->dispatch()
#38 /home/yamojr/devyamo/edusaas/edusaas/vendor/laravel/framework/src/Illuminate/Pipeline/Pipeline.php(170): Illuminate\\Foundation\\Http\\Kernel->{closure:Illuminate\\Foundation\\Http\\Kernel::dispatchToRouter():198}()
#39 /home/yamojr/devyamo/edusaas/edusaas/vendor/laravel/framework/src/Illuminate/Foundation/Http/Middleware/TransformsRequest.php(21): Illuminate\\Pipeline\\Pipeline->{closure:Illuminate\\Pipeline\\Pipeline::prepareDestination():168}()
#40 /home/yamojr/devyamo/edusaas/edusaas/vendor/laravel/framework/src/Illuminate/Foundation/Http/Middleware/ConvertEmptyStringsToNull.php(31): Illuminate\\Foundation\\Http\\Middleware\\TransformsRequest->handle()
#41 /home/yamojr/devyamo/edusaas/edusaas/vendor/laravel/framework/src/Illuminate/Pipeline/Pipeline.php(209): Illuminate\\Foundation\\Http\\Middleware\\ConvertEmptyStringsToNull->handle()
#42 /home/yamojr/devyamo/edusaas/edusaas/vendor/laravel/framework/src/Illuminate/Foundation/Http/Middleware/TransformsRequest.php(21): Illuminate\\Pipeline\\Pipeline->{closure:{closure:Illuminate\\Pipeline\\Pipeline::carry():184}:185}()
#43 /home/yamojr/devyamo/edusaas/edusaas/vendor/laravel/framework/src/Illuminate/Foundation/Http/Middleware/TrimStrings.php(51): Illuminate\\Foundation\\Http\\Middleware\\TransformsRequest->handle()
#44 /home/yamojr/devyamo/edusaas/edusaas/vendor/laravel/framework/src/Illuminate/Pipeline/Pipeline.php(209): Illuminate\\Foundation\\Http\\Middleware\\TrimStrings->handle()
#45 /home/yamojr/devyamo/edusaas/edusaas/vendor/laravel/framework/src/Illuminate/Http/Middleware/ValidatePostSize.php(27): Illuminate\\Pipeline\\Pipeline->{closure:{closure:Illuminate\\Pipeline\\Pipeline::carry():184}:185}()
#46 /home/yamojr/devyamo/edusaas/edusaas/vendor/laravel/framework/src/Illuminate/Pipeline/Pipeline.php(209): Illuminate\\Http\\Middleware\\ValidatePostSize->handle()
#47 /home/yamojr/devyamo/edusaas/edusaas/vendor/laravel/framework/src/Illuminate/Foundation/Http/Middleware/PreventRequestsDuringMaintenance.php(110): Illuminate\\Pipeline\\Pipeline->{closure:{closure:Illuminate\\Pipeline\\Pipeline::carry():184}:185}()
#48 /home/yamojr/devyamo/edusaas/edusaas/vendor/laravel/framework/src/Illuminate/Pipeline/Pipeline.php(209): Illuminate\\Foundation\\Http\\Middleware\\PreventRequestsDuringMaintenance->handle()
#49 /home/yamojr/devyamo/edusaas/edusaas/vendor/laravel/framework/src/Illuminate/Http/Middleware/HandleCors.php(49): Illuminate\\Pipeline\\Pipeline->{closure:{closure:Illuminate\\Pipeline\\Pipeline::carry():184}:185}()
#50 /home/yamojr/devyamo/edusaas/edusaas/vendor/laravel/framework/src/Illuminate/Pipeline/Pipeline.php(209): Illuminate\\Http\\Middleware\\HandleCors->handle()
#51 /home/yamojr/devyamo/edusaas/edusaas/vendor/laravel/framework/src/Illuminate/Http/Middleware/TrustProxies.php(58): Illuminate\\Pipeline\\Pipeline->{closure:{closure:Illuminate\\Pipeline\\Pipeline::carry():184}:185}()
#52 /home/yamojr/devyamo/edusaas/edusaas/vendor/laravel/framework/src/Illuminate/Pipeline/Pipeline.php(209): Illuminate\\Http\\Middleware\\TrustProxies->handle()
#53 /home/yamojr/devyamo/edusaas/edusaas/vendor/laravel/framework/src/Illuminate/Foundation/Http/Middleware/InvokeDeferredCallbacks.php(22): Illuminate\\Pipeline\\Pipeline->{closure:{closure:Illuminate\\Pipeline\\Pipeline::carry():184}:185}()
#54 /home/yamojr/devyamo/edusaas/edusaas/vendor/laravel/framework/src/Illuminate/Pipeline/Pipeline.php(209): Illuminate\\Foundation\\Http\\Middleware\\InvokeDeferredCallbacks->handle()
#55 /home/yamojr/devyamo/edusaas/edusaas/vendor/laravel/framework/src/Illuminate/Pipeline/Pipeline.php(127): Illuminate\\Pipeline\\Pipeline->{closure:{closure:Illuminate\\Pipeline\\Pipeline::carry():184}:185}()
#56 /home/yamojr/devyamo/edusaas/edusaas/vendor/laravel/framework/src/Illuminate/Foundation/Http/Kernel.php(176): Illuminate\\Pipeline\\Pipeline->then()
#57 /home/yamojr/devyamo/edusaas/edusaas/vendor/laravel/framework/src/Illuminate/Foundation/Http/Kernel.php(145): Illuminate\\Foundation\\Http\\Kernel->sendRequestThroughRouter()
#58 /home/yamojr/devyamo/edusaas/edusaas/vendor/laravel/framework/src/Illuminate/Foundation/Application.php(1220): Illuminate\\Foundation\\Http\\Kernel->handle()
#59 /home/yamojr/devyamo/edusaas/edusaas/public/index.php(19): Illuminate\\Foundation\\Application->handleRequest()
#60 /home/yamojr/devyamo/edusaas/edusaas/vendor/laravel/framework/src/Illuminate/Foundation/resources/server.php(23): require_once('...')
#61 {main}

[previous exception] [object] (ReflectionException(code: -1): Class \"App\\Http\\Controllers\\School\\ReportController\" does not exist at /home/yamojr/devyamo/edusaas/edusaas/vendor/laravel/framework/src/Illuminate/Container/Container.php:959)
[stacktrace]
#0 /home/yamojr/devyamo/edusaas/edusaas/vendor/laravel/framework/src/Illuminate/Container/Container.php(959): ReflectionClass->__construct()
#1 /home/yamojr/devyamo/edusaas/edusaas/vendor/laravel/framework/src/Illuminate/Container/Container.php(832): Illuminate\\Container\\Container->build()
#2 /home/yamojr/devyamo/edusaas/edusaas/vendor/laravel/framework/src/Illuminate/Foundation/Application.php(1078): Illuminate\\Container\\Container->resolve()
#3 /home/yamojr/devyamo/edusaas/edusaas/vendor/laravel/framework/src/Illuminate/Container/Container.php(763): Illuminate\\Foundation\\Application->resolve()
#4 /home/yamojr/devyamo/edusaas/edusaas/vendor/laravel/framework/src/Illuminate/Foundation/Application.php(1058): Illuminate\\Container\\Container->make()
#5 /home/yamojr/devyamo/edusaas/edusaas/vendor/laravel/framework/src/Illuminate/Routing/Route.php(285): Illuminate\\Foundation\\Application->make()
#6 /home/yamojr/devyamo/edusaas/edusaas/vendor/laravel/framework/src/Illuminate/Routing/Route.php(267): Illuminate\\Routing\\Route->getController()
#7 /home/yamojr/devyamo/edusaas/edusaas/vendor/laravel/framework/src/Illuminate/Routing/Route.php(212): Illuminate\\Routing\\Route->runController()
#8 /home/yamojr/devyamo/edusaas/edusaas/vendor/laravel/framework/src/Illuminate/Routing/Router.php(808): Illuminate\\Routing\\Route->run()
#9 /home/yamojr/devyamo/edusaas/edusaas/vendor/laravel/framework/src/Illuminate/Pipeline/Pipeline.php(170): Illuminate\\Routing\\Router->{closure:Illuminate\\Routing\\Router::runRouteWithinStack():807}()
#10 /home/yamojr/devyamo/edusaas/edusaas/app/Http/Middleware/EnsureTenantAccess.php(26): Illuminate\\Pipeline\\Pipeline->{closure:Illuminate\\Pipeline\\Pipeline::prepareDestination():168}()
#11 /home/yamojr/devyamo/edusaas/edusaas/vendor/laravel/framework/src/Illuminate/Pipeline/Pipeline.php(209): App\\Http\\Middleware\\EnsureTenantAccess->handle()
#12 /home/yamojr/devyamo/edusaas/edusaas/vendor/spatie/laravel-permission/src/Middleware/RoleMiddleware.php(37): Illuminate\\Pipeline\\Pipeline->{closure:{closure:Illuminate\\Pipeline\\Pipeline::carry():184}:185}()
#13 /home/yamojr/devyamo/edusaas/edusaas/vendor/laravel/framework/src/Illuminate/Pipeline/Pipeline.php(209): Spatie\\Permission\\Middleware\\RoleMiddleware->handle()
#14 /home/yamojr/devyamo/edusaas/edusaas/app/Http/Middleware/IdentifyTenant.php(40): Illuminate\\Pipeline\\Pipeline->{closure:{closure:Illuminate\\Pipeline\\Pipeline::carry():184}:185}()
#15 /home/yamojr/devyamo/edusaas/edusaas/vendor/laravel/framework/src/Illuminate/Pipeline/Pipeline.php(209): App\\Http\\Middleware\\IdentifyTenant->handle()
#16 /home/yamojr/devyamo/edusaas/edusaas/vendor/inertiajs/inertia-laravel/src/Middleware.php(122): Illuminate\\Pipeline\\Pipeline->{closure:{closure:Illuminate\\Pipeline\\Pipeline::carry():184}:185}()
#17 /home/yamojr/devyamo/edusaas/edusaas/vendor/laravel/framework/src/Illuminate/Pipeline/Pipeline.php(209): Inertia\\Middleware->handle()
#18 /home/yamojr/devyamo/edusaas/edusaas/vendor/laravel/framework/src/Illuminate/Routing/Middleware/SubstituteBindings.php(51): Illuminate\\Pipeline\\Pipeline->{closure:{closure:Illuminate\\Pipeline\\Pipeline::carry():184}:185}()
#19 /home/yamojr/devyamo/edusaas/edusaas/vendor/laravel/framework/src/Illuminate/Pipeline/Pipeline.php(209): Illuminate\\Routing\\Middleware\\SubstituteBindings->handle()
#20 /home/yamojr/devyamo/edusaas/edusaas/vendor/laravel/framework/src/Illuminate/Auth/Middleware/Authenticate.php(64): Illuminate\\Pipeline\\Pipeline->{closure:{closure:Illuminate\\Pipeline\\Pipeline::carry():184}:185}()
#21 /home/yamojr/devyamo/edusaas/edusaas/vendor/laravel/framework/src/Illuminate/Pipeline/Pipeline.php(209): Illuminate\\Auth\\Middleware\\Authenticate->handle()
#22 /home/yamojr/devyamo/edusaas/edusaas/vendor/laravel/framework/src/Illuminate/Foundation/Http/Middleware/VerifyCsrfToken.php(88): Illuminate\\Pipeline\\Pipeline->{closure:{closure:Illuminate\\Pipeline\\Pipeline::carry():184}:185}()
#23 /home/yamojr/devyamo/edusaas/edusaas/vendor/laravel/framework/src/Illuminate/Pipeline/Pipeline.php(209): Illuminate\\Foundation\\Http\\Middleware\\VerifyCsrfToken->handle()
#24 /home/yamojr/devyamo/edusaas/edusaas/vendor/laravel/framework/src/Illuminate/View/Middleware/ShareErrorsFromSession.php(49): Illuminate\\Pipeline\\Pipeline->{closure:{closure:Illuminate\\Pipeline\\Pipeline::carry():184}:185}()
#25 /home/yamojr/devyamo/edusaas/edusaas/vendor/laravel/framework/src/Illuminate/Pipeline/Pipeline.php(209): Illuminate\\View\\Middleware\\ShareErrorsFromSession->handle()
#26 /home/yamojr/devyamo/edusaas/edusaas/vendor/laravel/framework/src/Illuminate/Session/Middleware/StartSession.php(121): Illuminate\\Pipeline\\Pipeline->{closure:{closure:Illuminate\\Pipeline\\Pipeline::carry():184}:185}()
#27 /home/yamojr/devyamo/edusaas/edusaas/vendor/laravel/framework/src/Illuminate/Session/Middleware/StartSession.php(64): Illuminate\\Session\\Middleware\\StartSession->handleStatefulRequest()
#28 /home/yamojr/devyamo/edusaas/edusaas/vendor/laravel/framework/src/Illuminate/Pipeline/Pipeline.php(209): Illuminate\\Session\\Middleware\\StartSession->handle()
#29 /home/yamojr/devyamo/edusaas/edusaas/vendor/laravel/framework/src/Illuminate/Cookie/Middleware/AddQueuedCookiesToResponse.php(37): Illuminate\\Pipeline\\Pipeline->{closure:{closure:Illuminate\\Pipeline\\Pipeline::carry():184}:185}()
#30 /home/yamojr/devyamo/edusaas/edusaas/vendor/laravel/framework/src/Illuminate/Pipeline/Pipeline.php(209): Illuminate\\Cookie\\Middleware\\AddQueuedCookiesToResponse->handle()
#31 /home/yamojr/devyamo/edusaas/edusaas/vendor/laravel/framework/src/Illuminate/Cookie/Middleware/EncryptCookies.php(75): Illuminate\\Pipeline\\Pipeline->{closure:{closure:Illuminate\\Pipeline\\Pipeline::carry():184}:185}()
#32 /home/yamojr/devyamo/edusaas/edusaas/vendor/laravel/framework/src/Illuminate/Pipeline/Pipeline.php(209): Illuminate\\Cookie\\Middleware\\EncryptCookies->handle()
#33 /home/yamojr/devyamo/edusaas/edusaas/vendor/laravel/framework/src/Illuminate/Pipeline/Pipeline.php(127): Illuminate\\Pipeline\\Pipeline->{closure:{closure:Illuminate\\Pipeline\\Pipeline::carry():184}:185}()
#34 /home/yamojr/devyamo/edusaas/edusaas/vendor/laravel/framework/src/Illuminate/Routing/Router.php(807): Illuminate\\Pipeline\\Pipeline->then()
#35 /home/yamojr/devyamo/edusaas/edusaas/vendor/laravel/framework/src/Illuminate/Routing/Router.php(786): Illuminate\\Routing\\Router->runRouteWithinStack()
#36 /home/yamojr/devyamo/edusaas/edusaas/vendor/laravel/framework/src/Illuminate/Routing/Router.php(750): Illuminate\\Routing\\Router->runRoute()
#37 /home/yamojr/devyamo/edusaas/edusaas/vendor/laravel/framework/src/Illuminate/Routing/Router.php(739): Illuminate\\Routing\\Router->dispatchToRoute()
#38 /home/yamojr/devyamo/edusaas/edusaas/vendor/laravel/framework/src/Illuminate/Foundation/Http/Kernel.php(201): Illuminate\\Routing\\Router->dispatch()
#39 /home/yamojr/devyamo/edusaas/edusaas/vendor/laravel/framework/src/Illuminate/Pipeline/Pipeline.php(170): Illuminate\\Foundation\\Http\\Kernel->{closure:Illuminate\\Foundation\\Http\\Kernel::dispatchToRouter():198}()
#40 /home/yamojr/devyamo/edusaas/edusaas/vendor/laravel/framework/src/Illuminate/Foundation/Http/Middleware/TransformsRequest.php(21): Illuminate\\Pipeline\\Pipeline->{closure:Illuminate\\Pipeline\\Pipeline::prepareDestination():168}()
#41 /home/yamojr/devyamo/edusaas/edusaas/vendor/laravel/framework/src/Illuminate/Foundation/Http/Middleware/ConvertEmptyStringsToNull.php(31): Illuminate\\Foundation\\Http\\Middleware\\TransformsRequest->handle()
#42 /home/yamojr/devyamo/edusaas/edusaas/vendor/laravel/framework/src/Illuminate/Pipeline/Pipeline.php(209): Illuminate\\Foundation\\Http\\Middleware\\ConvertEmptyStringsToNull->handle()
#43 /home/yamojr/devyamo/edusaas/edusaas/vendor/laravel/framework/src/Illuminate/Foundation/Http/Middleware/TransformsRequest.php(21): Illuminate\\Pipeline\\Pipeline->{closure:{closure:Illuminate\\Pipeline\\Pipeline::carry():184}:185}()
#44 /home/yamojr/devyamo/edusaas/edusaas/vendor/laravel/framework/src/Illuminate/Foundation/Http/Middleware/TrimStrings.php(51): Illuminate\\Foundation\\Http\\Middleware\\TransformsRequest->handle()
#45 /home/yamojr/devyamo/edusaas/edusaas/vendor/laravel/framework/src/Illuminate/Pipeline/Pipeline.php(209): Illuminate\\Foundation\\Http\\Middleware\\TrimStrings->handle()
#46 /home/yamojr/devyamo/edusaas/edusaas/vendor/laravel/framework/src/Illuminate/Http/Middleware/ValidatePostSize.php(27): Illuminate\\Pipeline\\Pipeline->{closure:{closure:Illuminate\\Pipeline\\Pipeline::carry():184}:185}()
#47 /home/yamojr/devyamo/edusaas/edusaas/vendor/laravel/framework/src/Illuminate/Pipeline/Pipeline.php(209): Illuminate\\Http\\Middleware\\ValidatePostSize->handle()
#48 /home/yamojr/devyamo/edusaas/edusaas/vendor/laravel/framework/src/Illuminate/Foundation/Http/Middleware/PreventRequestsDuringMaintenance.php(110): Illuminate\\Pipeline\\Pipeline->{closure:{closure:Illuminate\\Pipeline\\Pipeline::carry():184}:185}()
#49 /home/yamojr/devyamo/edusaas/edusaas/vendor/laravel/framework/src/Illuminate/Pipeline/Pipeline.php(209): Illuminate\\Foundation\\Http\\Middleware\\PreventRequestsDuringMaintenance->handle()
#50 /home/yamojr/devyamo/edusaas/edusaas/vendor/laravel/framework/src/Illuminate/Http/Middleware/HandleCors.php(49): Illuminate\\Pipeline\\Pipeline->{closure:{closure:Illuminate\\Pipeline\\Pipeline::carry():184}:185}()
#51 /home/yamojr/devyamo/edusaas/edusaas/vendor/laravel/framework/src/Illuminate/Pipeline/Pipeline.php(209): Illuminate\\Http\\Middleware\\HandleCors->handle()
#52 /home/yamojr/devyamo/edusaas/edusaas/vendor/laravel/framework/src/Illuminate/Http/Middleware/TrustProxies.php(58): Illuminate\\Pipeline\\Pipeline->{closure:{closure:Illuminate\\Pipeline\\Pipeline::carry():184}:185}()
#53 /home/yamojr/devyamo/edusaas/edusaas/vendor/laravel/framework/src/Illuminate/Pipeline/Pipeline.php(209): Illuminate\\Http\\Middleware\\TrustProxies->handle()
#54 /home/yamojr/devyamo/edusaas/edusaas/vendor/laravel/framework/src/Illuminate/Foundation/Http/Middleware/InvokeDeferredCallbacks.php(22): Illuminate\\Pipeline\\Pipeline->{closure:{closure:Illuminate\\Pipeline\\Pipeline::carry():184}:185}()
#55 /home/yamojr/devyamo/edusaas/edusaas/vendor/laravel/framework/src/Illuminate/Pipeline/Pipeline.php(209): Illuminate\\Foundation\\Http\\Middleware\\InvokeDeferredCallbacks->handle()
#56 /home/yamojr/devyamo/edusaas/edusaas/vendor/laravel/framework/src/Illuminate/Pipeline/Pipeline.php(127): Illuminate\\Pipeline\\Pipeline->{closure:{closure:Illuminate\\Pipeline\\Pipeline::carry():184}:185}()
#57 /home/yamojr/devyamo/edusaas/edusaas/vendor/laravel/framework/src/Illuminate/Foundation/Http/Kernel.php(176): Illuminate\\Pipeline\\Pipeline->then()
#58 /home/yamojr/devyamo/edusaas/edusaas/vendor/laravel/framework/src/Illuminate/Foundation/Http/Kernel.php(145): Illuminate\\Foundation\\Http\\Kernel->sendRequestThroughRouter()
#59 /home/yamojr/devyamo/edusaas/edusaas/vendor/laravel/framework/src/Illuminate/Foundation/Application.php(1220): Illuminate\\Foundation\\Http\\Kernel->handle()
#60 /home/yamojr/devyamo/edusaas/edusaas/public/index.php(19): Illuminate\\Foundation\\Application->handleRequest()
#61 /home/yamojr/devyamo/edusaas/edusaas/vendor/laravel/framework/src/Illuminate/Foundation/resources/server.php(23): require_once('...')
#62 {main}
"} 
[2026-03-22 04:17:36] local.ERROR: Target class [App\Http\Controllers\School\AnnouncementController] does not exist. {"userId":4,"exception":"[object] (Illuminate\\Contracts\\Container\\BindingResolutionException(code: 0): Target class [App\\Http\\Controllers\\School\\AnnouncementController] does not exist. at /home/yamojr/devyamo/edusaas/edusaas/vendor/laravel/framework/src/Illuminate/Container/Container.php:961)
[stacktrace]
#0 /home/yamojr/devyamo/edusaas/edusaas/vendor/laravel/framework/src/Illuminate/Container/Container.php(832): Illuminate\\Container\\Container->build()
#1 /home/yamojr/devyamo/edusaas/edusaas/vendor/laravel/framework/src/Illuminate/Foundation/Application.php(1078): Illuminate\\Container\\Container->resolve()
#2 /home/yamojr/devyamo/edusaas/edusaas/vendor/laravel/framework/src/Illuminate/Container/Container.php(763): Illuminate\\Foundation\\Application->resolve()
#3 /home/yamojr/devyamo/edusaas/edusaas/vendor/laravel/framework/src/Illuminate/Foundation/Application.php(1058): Illuminate\\Container\\Container->make()
#4 /home/yamojr/devyamo/edusaas/edusaas/vendor/laravel/framework/src/Illuminate/Routing/Route.php(285): Illuminate\\Foundation\\Application->make()
#5 /home/yamojr/devyamo/edusaas/edusaas/vendor/laravel/framework/src/Illuminate/Routing/Route.php(267): Illuminate\\Routing\\Route->getController()
#6 /home/yamojr/devyamo/edusaas/edusaas/vendor/laravel/framework/src/Illuminate/Routing/Route.php(212): Illuminate\\Routing\\Route->runController()
#7 /home/yamojr/devyamo/edusaas/edusaas/vendor/laravel/framework/src/Illuminate/Routing/Router.php(808): Illuminate\\Routing\\Route->run()
#8 /home/yamojr/devyamo/edusaas/edusaas/vendor/laravel/framework/src/Illuminate/Pipeline/Pipeline.php(170): Illuminate\\Routing\\Router->{closure:Illuminate\\Routing\\Router::runRouteWithinStack():807}()
#9 /home/yamojr/devyamo/edusaas/edusaas/app/Http/Middleware/EnsureTenantAccess.php(26): Illuminate\\Pipeline\\Pipeline->{closure:Illuminate\\Pipeline\\Pipeline::prepareDestination():168}()
#10 /home/yamojr/devyamo/edusaas/edusaas/vendor/laravel/framework/src/Illuminate/Pipeline/Pipeline.php(209): App\\Http\\Middleware\\EnsureTenantAccess->handle()
#11 /home/yamojr/devyamo/edusaas/edusaas/vendor/spatie/laravel-permission/src/Middleware/RoleMiddleware.php(37): Illuminate\\Pipeline\\Pipeline->{closure:{closure:Illuminate\\Pipeline\\Pipeline::carry():184}:185}()
#12 /home/yamojr/devyamo/edusaas/edusaas/vendor/laravel/framework/src/Illuminate/Pipeline/Pipeline.php(209): Spatie\\Permission\\Middleware\\RoleMiddleware->handle()
#13 /home/yamojr/devyamo/edusaas/edusaas/app/Http/Middleware/IdentifyTenant.php(40): Illuminate\\Pipeline\\Pipeline->{closure:{closure:Illuminate\\Pipeline\\Pipeline::carry():184}:185}()
#14 /home/yamojr/devyamo/edusaas/edusaas/vendor/laravel/framework/src/Illuminate/Pipeline/Pipeline.php(209): App\\Http\\Middleware\\IdentifyTenant->handle()
#15 /home/yamojr/devyamo/edusaas/edusaas/vendor/inertiajs/inertia-laravel/src/Middleware.php(122): Illuminate\\Pipeline\\Pipeline->{closure:{closure:Illuminate\\Pipeline\\Pipeline::carry():184}:185}()
#16 /home/yamojr/devyamo/edusaas/edusaas/vendor/laravel/framework/src/Illuminate/Pipeline/Pipeline.php(209): Inertia\\Middleware->handle()
#17 /home/yamojr/devyamo/edusaas/edusaas/vendor/laravel/framework/src/Illuminate/Routing/Middleware/SubstituteBindings.php(51): Illuminate\\Pipeline\\Pipeline->{closure:{closure:Illuminate\\Pipeline\\Pipeline::carry():184}:185}()
#18 /home/yamojr/devyamo/edusaas/edusaas/vendor/laravel/framework/src/Illuminate/Pipeline/Pipeline.php(209): Illuminate\\Routing\\Middleware\\SubstituteBindings->handle()
#19 /home/yamojr/devyamo/edusaas/edusaas/vendor/laravel/framework/src/Illuminate/Auth/Middleware/Authenticate.php(64): Illuminate\\Pipeline\\Pipeline->{closure:{closure:Illuminate\\Pipeline\\Pipeline::carry():184}:185}()
#20 /home/yamojr/devyamo/edusaas/edusaas/vendor/laravel/framework/src/Illuminate/Pipeline/Pipeline.php(209): Illuminate\\Auth\\Middleware\\Authenticate->handle()
#21 /home/yamojr/devyamo/edusaas/edusaas/vendor/laravel/framework/src/Illuminate/Foundation/Http/Middleware/VerifyCsrfToken.php(88): Illuminate\\Pipeline\\Pipeline->{closure:{closure:Illuminate\\Pipeline\\Pipeline::carry():184}:185}()
#22 /home/yamojr/devyamo/edusaas/edusaas/vendor/laravel/framework/src/Illuminate/Pipeline/Pipeline.php(209): Illuminate\\Foundation\\Http\\Middleware\\VerifyCsrfToken->handle()
#23 /home/yamojr/devyamo/edusaas/edusaas/vendor/laravel/framework/src/Illuminate/View/Middleware/ShareErrorsFromSession.php(49): Illuminate\\Pipeline\\Pipeline->{closure:{closure:Illuminate\\Pipeline\\Pipeline::carry():184}:185}()
#24 /home/yamojr/devyamo/edusaas/edusaas/vendor/laravel/framework/src/Illuminate/Pipeline/Pipeline.php(209): Illuminate\\View\\Middleware\\ShareErrorsFromSession->handle()
#25 /home/yamojr/devyamo/edusaas/edusaas/vendor/laravel/framework/src/Illuminate/Session/Middleware/StartSession.php(121): Illuminate\\Pipeline\\Pipeline->{closure:{closure:Illuminate\\Pipeline\\Pipeline::carry():184}:185}()
#26 /home/yamojr/devyamo/edusaas/edusaas/vendor/laravel/framework/src/Illuminate/Session/Middleware/StartSession.php(64): Illuminate\\Session\\Middleware\\StartSession->handleStatefulRequest()
#27 /home/yamojr/devyamo/edusaas/edusaas/vendor/laravel/framework/src/Illuminate/Pipeline/Pipeline.php(209): Illuminate\\Session\\Middleware\\StartSession->handle()
#28 /home/yamojr/devyamo/edusaas/edusaas/vendor/laravel/framework/src/Illuminate/Cookie/Middleware/AddQueuedCookiesToResponse.php(37): Illuminate\\Pipeline\\Pipeline->{closure:{closure:Illuminate\\Pipeline\\Pipeline::carry():184}:185}()
#29 /home/yamojr/devyamo/edusaas/edusaas/vendor/laravel/framework/src/Illuminate/Pipeline/Pipeline.php(209): Illuminate\\Cookie\\Middleware\\AddQueuedCookiesToResponse->handle()
#30 /home/yamojr/devyamo/edusaas/edusaas/vendor/laravel/framework/src/Illuminate/Cookie/Middleware/EncryptCookies.php(75): Illuminate\\Pipeline\\Pipeline->{closure:{closure:Illuminate\\Pipeline\\Pipeline::carry():184}:185}()
#31 /home/yamojr/devyamo/edusaas/edusaas/vendor/laravel/framework/src/Illuminate/Pipeline/Pipeline.php(209): Illuminate\\Cookie\\Middleware\\EncryptCookies->handle()
#32 /home/yamojr/devyamo/edusaas/edusaas/vendor/laravel/framework/src/Illuminate/Pipeline/Pipeline.php(127): Illuminate\\Pipeline\\Pipeline->{closure:{closure:Illuminate\\Pipeline\\Pipeline::carry():184}:185}()
#33 /home/yamojr/devyamo/edusaas/edusaas/vendor/laravel/framework/src/Illuminate/Routing/Router.php(807): Illuminate\\Pipeline\\Pipeline->then()
#34 /home/yamojr/devyamo/edusaas/edusaas/vendor/laravel/framework/src/Illuminate/Routing/Router.php(786): Illuminate\\Routing\\Router->runRouteWithinStack()
#35 /home/yamojr/devyamo/edusaas/edusaas/vendor/laravel/framework/src/Illuminate/Routing/Router.php(750): Illuminate\\Routing\\Router->runRoute()
#36 /home/yamojr/devyamo/edusaas/edusaas/vendor/laravel/framework/src/Illuminate/Routing/Router.php(739): Illuminate\\Routing\\Router->dispatchToRoute()
#37 /home/yamojr/devyamo/edusaas/edusaas/vendor/laravel/framework/src/Illuminate/Foundation/Http/Kernel.php(201): Illuminate\\Routing\\Router->dispatch()
#38 /home/yamojr/devyamo/edusaas/edusaas/vendor/laravel/framework/src/Illuminate/Pipeline/Pipeline.php(170): Illuminate\\Foundation\\Http\\Kernel->{closure:Illuminate\\Foundation\\Http\\Kernel::dispatchToRouter():198}()
#39 /home/yamojr/devyamo/edusaas/edusaas/vendor/laravel/framework/src/Illuminate/Foundation/Http/Middleware/TransformsRequest.php(21): Illuminate\\Pipeline\\Pipeline->{closure:Illuminate\\Pipeline\\Pipeline::prepareDestination():168}()
#40 /home/yamojr/devyamo/edusaas/edusaas/vendor/laravel/framework/src/Illuminate/Foundation/Http/Middleware/ConvertEmptyStringsToNull.php(31): Illuminate\\Foundation\\Http\\Middleware\\TransformsRequest->handle()
#41 /home/yamojr/devyamo/edusaas/edusaas/vendor/laravel/framework/src/Illuminate/Pipeline/Pipeline.php(209): Illuminate\\Foundation\\Http\\Middleware\\ConvertEmptyStringsToNull->handle()
#42 /home/yamojr/devyamo/edusaas/edusaas/vendor/laravel/framework/src/Illuminate/Foundation/Http/Middleware/TransformsRequest.php(21): Illuminate\\Pipeline\\Pipeline->{closure:{closure:Illuminate\\Pipeline\\Pipeline::carry():184}:185}()
#43 /home/yamojr/devyamo/edusaas/edusaas/vendor/laravel/framework/src/Illuminate/Foundation/Http/Middleware/TrimStrings.php(51): Illuminate\\Foundation\\Http\\Middleware\\TransformsRequest->handle()
#44 /home/yamojr/devyamo/edusaas/edusaas/vendor/laravel/framework/src/Illuminate/Pipeline/Pipeline.php(209): Illuminate\\Foundation\\Http\\Middleware\\TrimStrings->handle()
#45 /home/yamojr/devyamo/edusaas/edusaas/vendor/laravel/framework/src/Illuminate/Http/Middleware/ValidatePostSize.php(27): Illuminate\\Pipeline\\Pipeline->{closure:{closure:Illuminate\\Pipeline\\Pipeline::carry():184}:185}()
#46 /home/yamojr/devyamo/edusaas/edusaas/vendor/laravel/framework/src/Illuminate/Pipeline/Pipeline.php(209): Illuminate\\Http\\Middleware\\ValidatePostSize->handle()
#47 /home/yamojr/devyamo/edusaas/edusaas/vendor/laravel/framework/src/Illuminate/Foundation/Http/Middleware/PreventRequestsDuringMaintenance.php(110): Illuminate\\Pipeline\\Pipeline->{closure:{closure:Illuminate\\Pipeline\\Pipeline::carry():184}:185}()
#48 /home/yamojr/devyamo/edusaas/edusaas/vendor/laravel/framework/src/Illuminate/Pipeline/Pipeline.php(209): Illuminate\\Foundation\\Http\\Middleware\\PreventRequestsDuringMaintenance->handle()
#49 /home/yamojr/devyamo/edusaas/edusaas/vendor/laravel/framework/src/Illuminate/Http/Middleware/HandleCors.php(49): Illuminate\\Pipeline\\Pipeline->{closure:{closure:Illuminate\\Pipeline\\Pipeline::carry():184}:185}()
#50 /home/yamojr/devyamo/edusaas/edusaas/vendor/laravel/framework/src/Illuminate/Pipeline/Pipeline.php(209): Illuminate\\Http\\Middleware\\HandleCors->handle()
#51 /home/yamojr/devyamo/edusaas/edusaas/vendor/laravel/framework/src/Illuminate/Http/Middleware/TrustProxies.php(58): Illuminate\\Pipeline\\Pipeline->{closure:{closure:Illuminate\\Pipeline\\Pipeline::carry():184}:185}()
#52 /home/yamojr/devyamo/edusaas/edusaas/vendor/laravel/framework/src/Illuminate/Pipeline/Pipeline.php(209): Illuminate\\Http\\Middleware\\TrustProxies->handle()
#53 /home/yamojr/devyamo/edusaas/edusaas/vendor/laravel/framework/src/Illuminate/Foundation/Http/Middleware/InvokeDeferredCallbacks.php(22): Illuminate\\Pipeline\\Pipeline->{closure:{closure:Illuminate\\Pipeline\\Pipeline::carry():184}:185}()
#54 /home/yamojr/devyamo/edusaas/edusaas/vendor/laravel/framework/src/Illuminate/Pipeline/Pipeline.php(209): Illuminate\\Foundation\\Http\\Middleware\\InvokeDeferredCallbacks->handle()
#55 /home/yamojr/devyamo/edusaas/edusaas/vendor/laravel/framework/src/Illuminate/Pipeline/Pipeline.php(127): Illuminate\\Pipeline\\Pipeline->{closure:{closure:Illuminate\\Pipeline\\Pipeline::carry():184}:185}()
#56 /home/yamojr/devyamo/edusaas/edusaas/vendor/laravel/framework/src/Illuminate/Foundation/Http/Kernel.php(176): Illuminate\\Pipeline\\Pipeline->then()
#57 /home/yamojr/devyamo/edusaas/edusaas/vendor/laravel/framework/src/Illuminate/Foundation/Http/Kernel.php(145): Illuminate\\Foundation\\Http\\Kernel->sendRequestThroughRouter()
#58 /home/yamojr/devyamo/edusaas/edusaas/vendor/laravel/framework/src/Illuminate/Foundation/Application.php(1220): Illuminate\\Foundation\\Http\\Kernel->handle()
#59 /home/yamojr/devyamo/edusaas/edusaas/public/index.php(19): Illuminate\\Foundation\\Application->handleRequest()
#60 /home/yamojr/devyamo/edusaas/edusaas/vendor/laravel/framework/src/Illuminate/Foundation/resources/server.php(23): require_once('...')
#61 {main}

[previous exception] [object] (ReflectionException(code: -1): Class \"App\\Http\\Controllers\\School\\AnnouncementController\" does not exist at /home/yamojr/devyamo/edusaas/edusaas/vendor/laravel/framework/src/Illuminate/Container/Container.php:959)
[stacktrace]
#0 /home/yamojr/devyamo/edusaas/edusaas/vendor/laravel/framework/src/Illuminate/Container/Container.php(959): ReflectionClass->__construct()
#1 /home/yamojr/devyamo/edusaas/edusaas/vendor/laravel/framework/src/Illuminate/Container/Container.php(832): Illuminate\\Container\\Container->build()
#2 /home/yamojr/devyamo/edusaas/edusaas/vendor/laravel/framework/src/Illuminate/Foundation/Application.php(1078): Illuminate\\Container\\Container->resolve()
#3 /home/yamojr/devyamo/edusaas/edusaas/vendor/laravel/framework/src/Illuminate/Container/Container.php(763): Illuminate\\Foundation\\Application->resolve()
#4 /home/yamojr/devyamo/edusaas/edusaas/vendor/laravel/framework/src/Illuminate/Foundation/Application.php(1058): Illuminate\\Container\\Container->make()
#5 /home/yamojr/devyamo/edusaas/edusaas/vendor/laravel/framework/src/Illuminate/Routing/Route.php(285): Illuminate\\Foundation\\Application->make()
#6 /home/yamojr/devyamo/edusaas/edusaas/vendor/laravel/framework/src/Illuminate/Routing/Route.php(267): Illuminate\\Routing\\Route->getController()
#7 /home/yamojr/devyamo/edusaas/edusaas/vendor/laravel/framework/src/Illuminate/Routing/Route.php(212): Illuminate\\Routing\\Route->runController()
#8 /home/yamojr/devyamo/edusaas/edusaas/vendor/laravel/framework/src/Illuminate/Routing/Router.php(808): Illuminate\\Routing\\Route->run()
#9 /home/yamojr/devyamo/edusaas/edusaas/vendor/laravel/framework/src/Illuminate/Pipeline/Pipeline.php(170): Illuminate\\Routing\\Router->{closure:Illuminate\\Routing\\Router::runRouteWithinStack():807}()
#10 /home/yamojr/devyamo/edusaas/edusaas/app/Http/Middleware/EnsureTenantAccess.php(26): Illuminate\\Pipeline\\Pipeline->{closure:Illuminate\\Pipeline\\Pipeline::prepareDestination():168}()
#11 /home/yamojr/devyamo/edusaas/edusaas/vendor/laravel/framework/src/Illuminate/Pipeline/Pipeline.php(209): App\\Http\\Middleware\\EnsureTenantAccess->handle()
#12 /home/yamojr/devyamo/edusaas/edusaas/vendor/spatie/laravel-permission/src/Middleware/RoleMiddleware.php(37): Illuminate\\Pipeline\\Pipeline->{closure:{closure:Illuminate\\Pipeline\\Pipeline::carry():184}:185}()
#13 /home/yamojr/devyamo/edusaas/edusaas/vendor/laravel/framework/src/Illuminate/Pipeline/Pipeline.php(209): Spatie\\Permission\\Middleware\\RoleMiddleware->handle()
#14 /home/yamojr/devyamo/edusaas/edusaas/app/Http/Middleware/IdentifyTenant.php(40): Illuminate\\Pipeline\\Pipeline->{closure:{closure:Illuminate\\Pipeline\\Pipeline::carry():184}:185}()
#15 /home/yamojr/devyamo/edusaas/edusaas/vendor/laravel/framework/src/Illuminate/Pipeline/Pipeline.php(209): App\\Http\\Middleware\\IdentifyTenant->handle()
#16 /home/yamojr/devyamo/edusaas/edusaas/vendor/inertiajs/inertia-laravel/src/Middleware.php(122): Illuminate\\Pipeline\\Pipeline->{closure:{closure:Illuminate\\Pipeline\\Pipeline::carry():184}:185}()
#17 /home/yamojr/devyamo/edusaas/edusaas/vendor/laravel/framework/src/Illuminate/Pipeline/Pipeline.php(209): Inertia\\Middleware->handle()
#18 /home/yamojr/devyamo/edusaas/edusaas/vendor/laravel/framework/src/Illuminate/Routing/Middleware/SubstituteBindings.php(51): Illuminate\\Pipeline\\Pipeline->{closure:{closure:Illuminate\\Pipeline\\Pipeline::carry():184}:185}()
#19 /home/yamojr/devyamo/edusaas/edusaas/vendor/laravel/framework/src/Illuminate/Pipeline/Pipeline.php(209): Illuminate\\Routing\\Middleware\\SubstituteBindings->handle()
#20 /home/yamojr/devyamo/edusaas/edusaas/vendor/laravel/framework/src/Illuminate/Auth/Middleware/Authenticate.php(64): Illuminate\\Pipeline\\Pipeline->{closure:{closure:Illuminate\\Pipeline\\Pipeline::carry():184}:185}()
#21 /home/yamojr/devyamo/edusaas/edusaas/vendor/laravel/framework/src/Illuminate/Pipeline/Pipeline.php(209): Illuminate\\Auth\\Middleware\\Authenticate->handle()
#22 /home/yamojr/devyamo/edusaas/edusaas/vendor/laravel/framework/src/Illuminate/Foundation/Http/Middleware/VerifyCsrfToken.php(88): Illuminate\\Pipeline\\Pipeline->{closure:{closure:Illuminate\\Pipeline\\Pipeline::carry():184}:185}()
#23 /home/yamojr/devyamo/edusaas/edusaas/vendor/laravel/framework/src/Illuminate/Pipeline/Pipeline.php(209): Illuminate\\Foundation\\Http\\Middleware\\VerifyCsrfToken->handle()
#24 /home/yamojr/devyamo/edusaas/edusaas/vendor/laravel/framework/src/Illuminate/View/Middleware/ShareErrorsFromSession.php(49): Illuminate\\Pipeline\\Pipeline->{closure:{closure:Illuminate\\Pipeline\\Pipeline::carry():184}:185}()
#25 /home/yamojr/devyamo/edusaas/edusaas/vendor/laravel/framework/src/Illuminate/Pipeline/Pipeline.php(209): Illuminate\\View\\Middleware\\ShareErrorsFromSession->handle()
#26 /home/yamojr/devyamo/edusaas/edusaas/vendor/laravel/framework/src/Illuminate/Session/Middleware/StartSession.php(121): Illuminate\\Pipeline\\Pipeline->{closure:{closure:Illuminate\\Pipeline\\Pipeline::carry():184}:185}()
#27 /home/yamojr/devyamo/edusaas/edusaas/vendor/laravel/framework/src/Illuminate/Session/Middleware/StartSession.php(64): Illuminate\\Session\\Middleware\\StartSession->handleStatefulRequest()
#28 /home/yamojr/devyamo/edusaas/edusaas/vendor/laravel/framework/src/Illuminate/Pipeline/Pipeline.php(209): Illuminate\\Session\\Middleware\\StartSession->handle()
#29 /home/yamojr/devyamo/edusaas/edusaas/vendor/laravel/framework/src/Illuminate/Cookie/Middleware/AddQueuedCookiesToResponse.php(37): Illuminate\\Pipeline\\Pipeline->{closure:{closure:Illuminate\\Pipeline\\Pipeline::carry():184}:185}()
#30 /home/yamojr/devyamo/edusaas/edusaas/vendor/laravel/framework/src/Illuminate/Pipeline/Pipeline.php(209): Illuminate\\Cookie\\Middleware\\AddQueuedCookiesToResponse->handle()
#31 /home/yamojr/devyamo/edusaas/edusaas/vendor/laravel/framework/src/Illuminate/Cookie/Middleware/EncryptCookies.php(75): Illuminate\\Pipeline\\Pipeline->{closure:{closure:Illuminate\\Pipeline\\Pipeline::carry():184}:185}()
#32 /home/yamojr/devyamo/edusaas/edusaas/vendor/laravel/framework/src/Illuminate/Pipeline/Pipeline.php(209): Illuminate\\Cookie\\Middleware\\EncryptCookies->handle()
#33 /home/yamojr/devyamo/edusaas/edusaas/vendor/laravel/framework/src/Illuminate/Pipeline/Pipeline.php(127): Illuminate\\Pipeline\\Pipeline->{closure:{closure:Illuminate\\Pipeline\\Pipeline::carry():184}:185}()
#34 /home/yamojr/devyamo/edusaas/edusaas/vendor/laravel/framework/src/Illuminate/Routing/Router.php(807): Illuminate\\Pipeline\\Pipeline->then()
#35 /home/yamojr/devyamo/edusaas/edusaas/vendor/laravel/framework/src/Illuminate/Routing/Router.php(786): Illuminate\\Routing\\Router->runRouteWithinStack()
#36 /home/yamojr/devyamo/edusaas/edusaas/vendor/laravel/framework/src/Illuminate/Routing/Router.php(750): Illuminate\\Routing\\Router->runRoute()
#37 /home/yamojr/devyamo/edusaas/edusaas/vendor/laravel/framework/src/Illuminate/Routing/Router.php(739): Illuminate\\Routing\\Router->dispatchToRoute()
#38 /home/yamojr/devyamo/edusaas/edusaas/vendor/laravel/framework/src/Illuminate/Foundation/Http/Kernel.php(201): Illuminate\\Routing\\Router->dispatch()
#39 /home/yamojr/devyamo/edusaas/edusaas/vendor/laravel/framework/src/Illuminate/Pipeline/Pipeline.php(170): Illuminate\\Foundation\\Http\\Kernel->{closure:Illuminate\\Foundation\\Http\\Kernel::dispatchToRouter():198}()
#40 /home/yamojr/devyamo/edusaas/edusaas/vendor/laravel/framework/src/Illuminate/Foundation/Http/Middleware/TransformsRequest.php(21): Illuminate\\Pipeline\\Pipeline->{closure:Illuminate\\Pipeline\\Pipeline::prepareDestination():168}()
#41 /home/yamojr/devyamo/edusaas/edusaas/vendor/laravel/framework/src/Illuminate/Foundation/Http/Middleware/ConvertEmptyStringsToNull.php(31): Illuminate\\Foundation\\Http\\Middleware\\TransformsRequest->handle()
#42 /home/yamojr/devyamo/edusaas/edusaas/vendor/laravel/framework/src/Illuminate/Pipeline/Pipeline.php(209): Illuminate\\Foundation\\Http\\Middleware\\ConvertEmptyStringsToNull->handle()
#43 /home/yamojr/devyamo/edusaas/edusaas/vendor/laravel/framework/src/Illuminate/Foundation/Http/Middleware/TransformsRequest.php(21): Illuminate\\Pipeline\\Pipeline->{closure:{closure:Illuminate\\Pipeline\\Pipeline::carry():184}:185}()
#44 /home/yamojr/devyamo/edusaas/edusaas/vendor/laravel/framework/src/Illuminate/Foundation/Http/Middleware/TrimStrings.php(51): Illuminate\\Foundation\\Http\\Middleware\\TransformsRequest->handle()
#45 /home/yamojr/devyamo/edusaas/edusaas/vendor/laravel/framework/src/Illuminate/Pipeline/Pipeline.php(209): Illuminate\\Foundation\\Http\\Middleware\\TrimStrings->handle()
#46 /home/yamojr/devyamo/edusaas/edusaas/vendor/laravel/framework/src/Illuminate/Http/Middleware/ValidatePostSize.php(27): Illuminate\\Pipeline\\Pipeline->{closure:{closure:Illuminate\\Pipeline\\Pipeline::carry():184}:185}()
#47 /home/yamojr/devyamo/edusaas/edusaas/vendor/laravel/framework/src/Illuminate/Pipeline/Pipeline.php(209): Illuminate\\Http\\Middleware\\ValidatePostSize->handle()
#48 /home/yamojr/devyamo/edusaas/edusaas/vendor/laravel/framework/src/Illuminate/Foundation/Http/Middleware/PreventRequestsDuringMaintenance.php(110): Illuminate\\Pipeline\\Pipeline->{closure:{closure:Illuminate\\Pipeline\\Pipeline::carry():184}:185}()
#49 /home/yamojr/devyamo/edusaas/edusaas/vendor/laravel/framework/src/Illuminate/Pipeline/Pipeline.php(209): Illuminate\\Foundation\\Http\\Middleware\\PreventRequestsDuringMaintenance->handle()
#50 /home/yamojr/devyamo/edusaas/edusaas/vendor/laravel/framework/src/Illuminate/Http/Middleware/HandleCors.php(49): Illuminate\\Pipeline\\Pipeline->{closure:{closure:Illuminate\\Pipeline\\Pipeline::carry():184}:185}()
#51 /home/yamojr/devyamo/edusaas/edusaas/vendor/laravel/framework/src/Illuminate/Pipeline/Pipeline.php(209): Illuminate\\Http\\Middleware\\HandleCors->handle()
#52 /home/yamojr/devyamo/edusaas/edusaas/vendor/laravel/framework/src/Illuminate/Http/Middleware/TrustProxies.php(58): Illuminate\\Pipeline\\Pipeline->{closure:{closure:Illuminate\\Pipeline\\Pipeline::carry():184}:185}()
#53 /home/yamojr/devyamo/edusaas/edusaas/vendor/laravel/framework/src/Illuminate/Pipeline/Pipeline.php(209): Illuminate\\Http\\Middleware\\TrustProxies->handle()
#54 /home/yamojr/devyamo/edusaas/edusaas/vendor/laravel/framework/src/Illuminate/Foundation/Http/Middleware/InvokeDeferredCallbacks.php(22): Illuminate\\Pipeline\\Pipeline->{closure:{closure:Illuminate\\Pipeline\\Pipeline::carry():184}:185}()
#55 /home/yamojr/devyamo/edusaas/edusaas/vendor/laravel/framework/src/Illuminate/Pipeline/Pipeline.php(209): Illuminate\\Foundation\\Http\\Middleware\\InvokeDeferredCallbacks->handle()
#56 /home/yamojr/devyamo/edusaas/edusaas/vendor/laravel/framework/src/Illuminate/Pipeline/Pipeline.php(127): Illuminate\\Pipeline\\Pipeline->{closure:{closure:Illuminate\\Pipeline\\Pipeline::carry():184}:185}()
#57 /home/yamojr/devyamo/edusaas/edusaas/vendor/laravel/framework/src/Illuminate/Foundation/Http/Kernel.php(176): Illuminate\\Pipeline\\Pipeline->then()
#58 /home/yamojr/devyamo/edusaas/edusaas/vendor/laravel/framework/src/Illuminate/Foundation/Http/Kernel.php(145): Illuminate\\Foundation\\Http\\Kernel->sendRequestThroughRouter()
#59 /home/yamojr/devyamo/edusaas/edusaas/vendor/laravel/framework/src/Illuminate/Foundation/Application.php(1220): Illuminate\\Foundation\\Http\\Kernel->handle()
#60 /home/yamojr/devyamo/edusaas/edusaas/public/index.php(19): Illuminate\\Foundation\\Application->handleRequest()
#61 /home/yamojr/devyamo/edusaas/edusaas/vendor/laravel/framework/src/Illuminate/Foundation/resources/server.php(23): require_once('...')
#62 {main}
"} 
[2026-03-22 04:17:58] local.ERROR: Call to undefined relationship [guardian] on model [App\Models\Student]. {"userId":4,"exception":"[object] (Illuminate\\Database\\Eloquent\\RelationNotFoundException(code: 0): Call to undefined relationship [guardian] on model [App\\Models\\Student]. at /home/yamojr/devyamo/edusaas/edusaas/vendor/laravel/framework/src/Illuminate/Database/Eloquent/RelationNotFoundException.php:35)
[stacktrace]
#0 /home/yamojr/devyamo/edusaas/edusaas/vendor/laravel/framework/src/Illuminate/Database/Eloquent/Builder.php(878): Illuminate\\Database\\Eloquent\\RelationNotFoundException::make()
#1 /home/yamojr/devyamo/edusaas/edusaas/vendor/laravel/framework/src/Illuminate/Database/Eloquent/Relations/Relation.php(120): Illuminate\\Database\\Eloquent\\Builder->{closure:Illuminate\\Database\\Eloquent\\Builder::getRelation():874}()
#2 /home/yamojr/devyamo/edusaas/edusaas/vendor/laravel/framework/src/Illuminate/Database/Eloquent/Builder.php(874): Illuminate\\Database\\Eloquent\\Relations\\Relation::noConstraints()
#3 /home/yamojr/devyamo/edusaas/edusaas/vendor/laravel/framework/src/Illuminate/Database/Eloquent/Builder.php(848): Illuminate\\Database\\Eloquent\\Builder->getRelation()
#4 /home/yamojr/devyamo/edusaas/edusaas/vendor/laravel/framework/src/Illuminate/Database/Eloquent/Builder.php(828): Illuminate\\Database\\Eloquent\\Builder->eagerLoadRelation()
#5 /home/yamojr/devyamo/edusaas/edusaas/vendor/laravel/framework/src/Illuminate/Database/Eloquent/Builder.php(794): Illuminate\\Database\\Eloquent\\Builder->eagerLoadRelations()
#6 /home/yamojr/devyamo/edusaas/edusaas/vendor/laravel/framework/src/Illuminate/Database/Eloquent/Builder.php(1034): Illuminate\\Database\\Eloquent\\Builder->get()
#7 /home/yamojr/devyamo/edusaas/edusaas/app/Http/Controllers/School/StudentController.php(25): Illuminate\\Database\\Eloquent\\Builder->paginate()
#8 /home/yamojr/devyamo/edusaas/edusaas/vendor/laravel/framework/src/Illuminate/Routing/Controller.php(54): App\\Http\\Controllers\\School\\StudentController->index()
#9 /home/yamojr/devyamo/edusaas/edusaas/vendor/laravel/framework/src/Illuminate/Routing/ControllerDispatcher.php(44): Illuminate\\Routing\\Controller->callAction()
#10 /home/yamojr/devyamo/edusaas/edusaas/vendor/laravel/framework/src/Illuminate/Routing/Route.php(266): Illuminate\\Routing\\ControllerDispatcher->dispatch()
#11 /home/yamojr/devyamo/edusaas/edusaas/vendor/laravel/framework/src/Illuminate/Routing/Route.php(212): Illuminate\\Routing\\Route->runController()
#12 /home/yamojr/devyamo/edusaas/edusaas/vendor/laravel/framework/src/Illuminate/Routing/Router.php(808): Illuminate\\Routing\\Route->run()
#13 /home/yamojr/devyamo/edusaas/edusaas/vendor/laravel/framework/src/Illuminate/Pipeline/Pipeline.php(170): Illuminate\\Routing\\Router->{closure:Illuminate\\Routing\\Router::runRouteWithinStack():807}()
#14 /home/yamojr/devyamo/edusaas/edusaas/app/Http/Middleware/EnsureTenantAccess.php(26): Illuminate\\Pipeline\\Pipeline->{closure:Illuminate\\Pipeline\\Pipeline::prepareDestination():168}()
#15 /home/yamojr/devyamo/edusaas/edusaas/vendor/laravel/framework/src/Illuminate/Pipeline/Pipeline.php(209): App\\Http\\Middleware\\EnsureTenantAccess->handle()
#16 /home/yamojr/devyamo/edusaas/edusaas/vendor/spatie/laravel-permission/src/Middleware/RoleMiddleware.php(37): Illuminate\\Pipeline\\Pipeline->{closure:{closure:Illuminate\\Pipeline\\Pipeline::carry():184}:185}()
#17 /home/yamojr/devyamo/edusaas/edusaas/vendor/laravel/framework/src/Illuminate/Pipeline/Pipeline.php(209): Spatie\\Permission\\Middleware\\RoleMiddleware->handle()
#18 /home/yamojr/devyamo/edusaas/edusaas/app/Http/Middleware/IdentifyTenant.php(40): Illuminate\\Pipeline\\Pipeline->{closure:{closure:Illuminate\\Pipeline\\Pipeline::carry():184}:185}()
#19 /home/yamojr/devyamo/edusaas/edusaas/vendor/laravel/framework/src/Illuminate/Pipeline/Pipeline.php(209): App\\Http\\Middleware\\IdentifyTenant->handle()
#20 /home/yamojr/devyamo/edusaas/edusaas/vendor/inertiajs/inertia-laravel/src/Middleware.php(122): Illuminate\\Pipeline\\Pipeline->{closure:{closure:Illuminate\\Pipeline\\Pipeline::carry():184}:185}()
#21 /home/yamojr/devyamo/edusaas/edusaas/vendor/laravel/framework/src/Illuminate/Pipeline/Pipeline.php(209): Inertia\\Middleware->handle()
#22 /home/yamojr/devyamo/edusaas/edusaas/vendor/laravel/framework/src/Illuminate/Routing/Middleware/SubstituteBindings.php(51): Illuminate\\Pipeline\\Pipeline->{closure:{closure:Illuminate\\Pipeline\\Pipeline::carry():184}:185}()
#23 /home/yamojr/devyamo/edusaas/edusaas/vendor/laravel/framework/src/Illuminate/Pipeline/Pipeline.php(209): Illuminate\\Routing\\Middleware\\SubstituteBindings->handle()
#24 /home/yamojr/devyamo/edusaas/edusaas/vendor/laravel/framework/src/Illuminate/Auth/Middleware/Authenticate.php(64): Illuminate\\Pipeline\\Pipeline->{closure:{closure:Illuminate\\Pipeline\\Pipeline::carry():184}:185}()
#25 /home/yamojr/devyamo/edusaas/edusaas/vendor/laravel/framework/src/Illuminate/Pipeline/Pipeline.php(209): Illuminate\\Auth\\Middleware\\Authenticate->handle()
#26 /home/yamojr/devyamo/edusaas/edusaas/vendor/laravel/framework/src/Illuminate/Foundation/Http/Middleware/VerifyCsrfToken.php(88): Illuminate\\Pipeline\\Pipeline->{closure:{closure:Illuminate\\Pipeline\\Pipeline::carry():184}:185}()
#27 /home/yamojr/devyamo/edusaas/edusaas/vendor/laravel/framework/src/Illuminate/Pipeline/Pipeline.php(209): Illuminate\\Foundation\\Http\\Middleware\\VerifyCsrfToken->handle()
#28 /home/yamojr/devyamo/edusaas/edusaas/vendor/laravel/framework/src/Illuminate/View/Middleware/ShareErrorsFromSession.php(49): Illuminate\\Pipeline\\Pipeline->{closure:{closure:Illuminate\\Pipeline\\Pipeline::carry():184}:185}()
#29 /home/yamojr/devyamo/edusaas/edusaas/vendor/laravel/framework/src/Illuminate/Pipeline/Pipeline.php(209): Illuminate\\View\\Middleware\\ShareErrorsFromSession->handle()
#30 /home/yamojr/devyamo/edusaas/edusaas/vendor/laravel/framework/src/Illuminate/Session/Middleware/StartSession.php(121): Illuminate\\Pipeline\\Pipeline->{closure:{closure:Illuminate\\Pipeline\\Pipeline::carry():184}:185}()
#31 /home/yamojr/devyamo/edusaas/edusaas/vendor/laravel/framework/src/Illuminate/Session/Middleware/StartSession.php(64): Illuminate\\Session\\Middleware\\StartSession->handleStatefulRequest()
#32 /home/yamojr/devyamo/edusaas/edusaas/vendor/laravel/framework/src/Illuminate/Pipeline/Pipeline.php(209): Illuminate\\Session\\Middleware\\StartSession->handle()
#33 /home/yamojr/devyamo/edusaas/edusaas/vendor/laravel/framework/src/Illuminate/Cookie/Middleware/AddQueuedCookiesToResponse.php(37): Illuminate\\Pipeline\\Pipeline->{closure:{closure:Illuminate\\Pipeline\\Pipeline::carry():184}:185}()
#34 /home/yamojr/devyamo/edusaas/edusaas/vendor/laravel/framework/src/Illuminate/Pipeline/Pipeline.php(209): Illuminate\\Cookie\\Middleware\\AddQueuedCookiesToResponse->handle()
#35 /home/yamojr/devyamo/edusaas/edusaas/vendor/laravel/framework/src/Illuminate/Cookie/Middleware/EncryptCookies.php(75): Illuminate\\Pipeline\\Pipeline->{closure:{closure:Illuminate\\Pipeline\\Pipeline::carry():184}:185}()
#36 /home/yamojr/devyamo/edusaas/edusaas/vendor/laravel/framework/src/Illuminate/Pipeline/Pipeline.php(209): Illuminate\\Cookie\\Middleware\\EncryptCookies->handle()
#37 /home/yamojr/devyamo/edusaas/edusaas/vendor/laravel/framework/src/Illuminate/Pipeline/Pipeline.php(127): Illuminate\\Pipeline\\Pipeline->{closure:{closure:Illuminate\\Pipeline\\Pipeline::carry():184}:185}()
#38 /home/yamojr/devyamo/edusaas/edusaas/vendor/laravel/framework/src/Illuminate/Routing/Router.php(807): Illuminate\\Pipeline\\Pipeline->then()
#39 /home/yamojr/devyamo/edusaas/edusaas/vendor/laravel/framework/src/Illuminate/Routing/Router.php(786): Illuminate\\Routing\\Router->runRouteWithinStack()
#40 /home/yamojr/devyamo/edusaas/edusaas/vendor/laravel/framework/src/Illuminate/Routing/Router.php(750): Illuminate\\Routing\\Router->runRoute()
#41 /home/yamojr/devyamo/edusaas/edusaas/vendor/laravel/framework/src/Illuminate/Routing/Router.php(739): Illuminate\\Routing\\Router->dispatchToRoute()
#42 /home/yamojr/devyamo/edusaas/edusaas/vendor/laravel/framework/src/Illuminate/Foundation/Http/Kernel.php(201): Illuminate\\Routing\\Router->dispatch()
#43 /home/yamojr/devyamo/edusaas/edusaas/vendor/laravel/framework/src/Illuminate/Pipeline/Pipeline.php(170): Illuminate\\Foundation\\Http\\Kernel->{closure:Illuminate\\Foundation\\Http\\Kernel::dispatchToRouter():198}()
#44 /home/yamojr/devyamo/edusaas/edusaas/vendor/laravel/framework/src/Illuminate/Foundation/Http/Middleware/TransformsRequest.php(21): Illuminate\\Pipeline\\Pipeline->{closure:Illuminate\\Pipeline\\Pipeline::prepareDestination():168}()
#45 /home/yamojr/devyamo/edusaas/edusaas/vendor/laravel/framework/src/Illuminate/Foundation/Http/Middleware/ConvertEmptyStringsToNull.php(31): Illuminate\\Foundation\\Http\\Middleware\\TransformsRequest->handle()
#46 /home/yamojr/devyamo/edusaas/edusaas/vendor/laravel/framework/src/Illuminate/Pipeline/Pipeline.php(209): Illuminate\\Foundation\\Http\\Middleware\\ConvertEmptyStringsToNull->handle()
#47 /home/yamojr/devyamo/edusaas/edusaas/vendor/laravel/framework/src/Illuminate/Foundation/Http/Middleware/TransformsRequest.php(21): Illuminate\\Pipeline\\Pipeline->{closure:{closure:Illuminate\\Pipeline\\Pipeline::carry():184}:185}()
#48 /home/yamojr/devyamo/edusaas/edusaas/vendor/laravel/framework/src/Illuminate/Foundation/Http/Middleware/TrimStrings.php(51): Illuminate\\Foundation\\Http\\Middleware\\TransformsRequest->handle()
#49 /home/yamojr/devyamo/edusaas/edusaas/vendor/laravel/framework/src/Illuminate/Pipeline/Pipeline.php(209): Illuminate\\Foundation\\Http\\Middleware\\TrimStrings->handle()
#50 /home/yamojr/devyamo/edusaas/edusaas/vendor/laravel/framework/src/Illuminate/Http/Middleware/ValidatePostSize.php(27): Illuminate\\Pipeline\\Pipeline->{closure:{closure:Illuminate\\Pipeline\\Pipeline::carry():184}:185}()
#51 /home/yamojr/devyamo/edusaas/edusaas/vendor/laravel/framework/src/Illuminate/Pipeline/Pipeline.php(209): Illuminate\\Http\\Middleware\\ValidatePostSize->handle()
#52 /home/yamojr/devyamo/edusaas/edusaas/vendor/laravel/framework/src/Illuminate/Foundation/Http/Middleware/PreventRequestsDuringMaintenance.php(110): Illuminate\\Pipeline\\Pipeline->{closure:{closure:Illuminate\\Pipeline\\Pipeline::carry():184}:185}()
#53 /home/yamojr/devyamo/edusaas/edusaas/vendor/laravel/framework/src/Illuminate/Pipeline/Pipeline.php(209): Illuminate\\Foundation\\Http\\Middleware\\PreventRequestsDuringMaintenance->handle()
#54 /home/yamojr/devyamo/edusaas/edusaas/vendor/laravel/framework/src/Illuminate/Http/Middleware/HandleCors.php(49): Illuminate\\Pipeline\\Pipeline->{closure:{closure:Illuminate\\Pipeline\\Pipeline::carry():184}:185}()
#55 /home/yamojr/devyamo/edusaas/edusaas/vendor/laravel/framework/src/Illuminate/Pipeline/Pipeline.php(209): Illuminate\\Http\\Middleware\\HandleCors->handle()
#56 /home/yamojr/devyamo/edusaas/edusaas/vendor/laravel/framework/src/Illuminate/Http/Middleware/TrustProxies.php(58): Illuminate\\Pipeline\\Pipeline->{closure:{closure:Illuminate\\Pipeline\\Pipeline::carry():184}:185}()
#57 /home/yamojr/devyamo/edusaas/edusaas/vendor/laravel/framework/src/Illuminate/Pipeline/Pipeline.php(209): Illuminate\\Http\\Middleware\\TrustProxies->handle()
#58 /home/yamojr/devyamo/edusaas/edusaas/vendor/laravel/framework/src/Illuminate/Foundation/Http/Middleware/InvokeDeferredCallbacks.php(22): Illuminate\\Pipeline\\Pipeline->{closure:{closure:Illuminate\\Pipeline\\Pipeline::carry():184}:185}()
#59 /home/yamojr/devyamo/edusaas/edusaas/vendor/laravel/framework/src/Illuminate/Pipeline/Pipeline.php(209): Illuminate\\Foundation\\Http\\Middleware\\InvokeDeferredCallbacks->handle()
#60 /home/yamojr/devyamo/edusaas/edusaas/vendor/laravel/framework/src/Illuminate/Pipeline/Pipeline.php(127): Illuminate\\Pipeline\\Pipeline->{closure:{closure:Illuminate\\Pipeline\\Pipeline::carry():184}:185}()
#61 /home/yamojr/devyamo/edusaas/edusaas/vendor/laravel/framework/src/Illuminate/Foundation/Http/Kernel.php(176): Illuminate\\Pipeline\\Pipeline->then()
#62 /home/yamojr/devyamo/edusaas/edusaas/vendor/laravel/framework/src/Illuminate/Foundation/Http/Kernel.php(145): Illuminate\\Foundation\\Http\\Kernel->sendRequestThroughRouter()
#63 /home/yamojr/devyamo/edusaas/edusaas/vendor/laravel/framework/src/Illuminate/Foundation/Application.php(1220): Illuminate\\Foundation\\Http\\Kernel->handle()
#64 /home/yamojr/devyamo/edusaas/edusaas/public/index.php(19): Illuminate\\Foundation\\Application->handleRequest()
#65 /home/yamojr/devyamo/edusaas/edusaas/vendor/laravel/framework/src/Illuminate/Foundation/resources/server.php(23): require_once('...')
#66 {main}
"} 
[2026-03-22 04:18:23] local.ERROR: Cannot redeclare class App\Http\Controllers\School\AttendanceController (previously declared in /home/yamojr/devyamo/edusaas/edusaas/app/Http/Controllers/School/AttendanceController.php:9) {"userId":4,"exception":"[object] (Symfony\\Component\\ErrorHandler\\Error\\FatalError(code: 0): Cannot redeclare class App\\Http\\Controllers\\School\\AttendanceController (previously declared in /home/yamojr/devyamo/edusaas/edusaas/app/Http/Controllers/School/AttendanceController.php:9) at /home/yamojr/devyamo/edusaas/edusaas/app/Http/Controllers/School/SettingsController.php:379)
[stacktrace]
#0 {main}
"} 
[2026-03-22 04:19:19] local.ERROR: Cannot redeclare class App\Http\Controllers\School\AttendanceController (previously declared in /home/yamojr/devyamo/edusaas/edusaas/app/Http/Controllers/School/AttendanceController.php:9) {"userId":4,"exception":"[object] (Symfony\\Component\\ErrorHandler\\Error\\FatalError(code: 0): Cannot redeclare class App\\Http\\Controllers\\School\\AttendanceController (previously declared in /home/yamojr/devyamo/edusaas/edusaas/app/Http/Controllers/School/AttendanceController.php:9) at /home/yamojr/devyamo/edusaas/edusaas/app/Http/Controllers/School/SettingsController.php:379)
[stacktrace]
#0 {main}
"} 
[2026-03-22 04:19:31] local.ERROR: Call to undefined relationship [guardian] on model [App\Models\Student]. {"userId":4,"exception":"[object] (Illuminate\\Database\\Eloquent\\RelationNotFoundException(code: 0): Call to undefined relationship [guardian] on model [App\\Models\\Student]. at /home/yamojr/devyamo/edusaas/edusaas/vendor/laravel/framework/src/Illuminate/Database/Eloquent/RelationNotFoundException.php:35)
[stacktrace]
#0 /home/yamojr/devyamo/edusaas/edusaas/vendor/laravel/framework/src/Illuminate/Database/Eloquent/Builder.php(878): Illuminate\\Database\\Eloquent\\RelationNotFoundException::make()
#1 /home/yamojr/devyamo/edusaas/edusaas/vendor/laravel/framework/src/Illuminate/Database/Eloquent/Relations/Relation.php(120): Illuminate\\Database\\Eloquent\\Builder->{closure:Illuminate\\Database\\Eloquent\\Builder::getRelation():874}()
#2 /home/yamojr/devyamo/edusaas/edusaas/vendor/laravel/framework/src/Illuminate/Database/Eloquent/Builder.php(874): Illuminate\\Database\\Eloquent\\Relations\\Relation::noConstraints()
#3 /home/yamojr/devyamo/edusaas/edusaas/vendor/laravel/framework/src/Illuminate/Database/Eloquent/Builder.php(848): Illuminate\\Database\\Eloquent\\Builder->getRelation()
#4 /home/yamojr/devyamo/edusaas/edusaas/vendor/laravel/framework/src/Illuminate/Database/Eloquent/Builder.php(828): Illuminate\\Database\\Eloquent\\Builder->eagerLoadRelation()
#5 /home/yamojr/devyamo/edusaas/edusaas/vendor/laravel/framework/src/Illuminate/Database/Eloquent/Builder.php(794): Illuminate\\Database\\Eloquent\\Builder->eagerLoadRelations()
#6 /home/yamojr/devyamo/edusaas/edusaas/vendor/laravel/framework/src/Illuminate/Database/Eloquent/Builder.php(1034): Illuminate\\Database\\Eloquent\\Builder->get()
#7 /home/yamojr/devyamo/edusaas/edusaas/app/Http/Controllers/School/StudentController.php(25): Illuminate\\Database\\Eloquent\\Builder->paginate()
#8 /home/yamojr/devyamo/edusaas/edusaas/vendor/laravel/framework/src/Illuminate/Routing/Controller.php(54): App\\Http\\Controllers\\School\\StudentController->index()
#9 /home/yamojr/devyamo/edusaas/edusaas/vendor/laravel/framework/src/Illuminate/Routing/ControllerDispatcher.php(44): Illuminate\\Routing\\Controller->callAction()
#10 /home/yamojr/devyamo/edusaas/edusaas/vendor/laravel/framework/src/Illuminate/Routing/Route.php(266): Illuminate\\Routing\\ControllerDispatcher->dispatch()
#11 /home/yamojr/devyamo/edusaas/edusaas/vendor/laravel/framework/src/Illuminate/Routing/Route.php(212): Illuminate\\Routing\\Route->runController()
#12 /home/yamojr/devyamo/edusaas/edusaas/vendor/laravel/framework/src/Illuminate/Routing/Router.php(808): Illuminate\\Routing\\Route->run()
#13 /home/yamojr/devyamo/edusaas/edusaas/vendor/laravel/framework/src/Illuminate/Pipeline/Pipeline.php(170): Illuminate\\Routing\\Router->{closure:Illuminate\\Routing\\Router::runRouteWithinStack():807}()
#14 /home/yamojr/devyamo/edusaas/edusaas/app/Http/Middleware/EnsureTenantAccess.php(26): Illuminate\\Pipeline\\Pipeline->{closure:Illuminate\\Pipeline\\Pipeline::prepareDestination():168}()
#15 /home/yamojr/devyamo/edusaas/edusaas/vendor/laravel/framework/src/Illuminate/Pipeline/Pipeline.php(209): App\\Http\\Middleware\\EnsureTenantAccess->handle()
#16 /home/yamojr/devyamo/edusaas/edusaas/vendor/spatie/laravel-permission/src/Middleware/RoleMiddleware.php(37): Illuminate\\Pipeline\\Pipeline->{closure:{closure:Illuminate\\Pipeline\\Pipeline::carry():184}:185}()
#17 /home/yamojr/devyamo/edusaas/edusaas/vendor/laravel/framework/src/Illuminate/Pipeline/Pipeline.php(209): Spatie\\Permission\\Middleware\\RoleMiddleware->handle()
#18 /home/yamojr/devyamo/edusaas/edusaas/app/Http/Middleware/IdentifyTenant.php(40): Illuminate\\Pipeline\\Pipeline->{closure:{closure:Illuminate\\Pipeline\\Pipeline::carry():184}:185}()
#19 /home/yamojr/devyamo/edusaas/edusaas/vendor/laravel/framework/src/Illuminate/Pipeline/Pipeline.php(209): App\\Http\\Middleware\\IdentifyTenant->handle()
#20 /home/yamojr/devyamo/edusaas/edusaas/vendor/inertiajs/inertia-laravel/src/Middleware.php(122): Illuminate\\Pipeline\\Pipeline->{closure:{closure:Illuminate\\Pipeline\\Pipeline::carry():184}:185}()
#21 /home/yamojr/devyamo/edusaas/edusaas/vendor/laravel/framework/src/Illuminate/Pipeline/Pipeline.php(209): Inertia\\Middleware->handle()
#22 /home/yamojr/devyamo/edusaas/edusaas/vendor/laravel/framework/src/Illuminate/Routing/Middleware/SubstituteBindings.php(51): Illuminate\\Pipeline\\Pipeline->{closure:{closure:Illuminate\\Pipeline\\Pipeline::carry():184}:185}()
#23 /home/yamojr/devyamo/edusaas/edusaas/vendor/laravel/framework/src/Illuminate/Pipeline/Pipeline.php(209): Illuminate\\Routing\\Middleware\\SubstituteBindings->handle()
#24 /home/yamojr/devyamo/edusaas/edusaas/vendor/laravel/framework/src/Illuminate/Auth/Middleware/Authenticate.php(64): Illuminate\\Pipeline\\Pipeline->{closure:{closure:Illuminate\\Pipeline\\Pipeline::carry():184}:185}()
#25 /home/yamojr/devyamo/edusaas/edusaas/vendor/laravel/framework/src/Illuminate/Pipeline/Pipeline.php(209): Illuminate\\Auth\\Middleware\\Authenticate->handle()
#26 /home/yamojr/devyamo/edusaas/edusaas/vendor/laravel/framework/src/Illuminate/Foundation/Http/Middleware/VerifyCsrfToken.php(88): Illuminate\\Pipeline\\Pipeline->{closure:{closure:Illuminate\\Pipeline\\Pipeline::carry():184}:185}()
#27 /home/yamojr/devyamo/edusaas/edusaas/vendor/laravel/framework/src/Illuminate/Pipeline/Pipeline.php(209): Illuminate\\Foundation\\Http\\Middleware\\VerifyCsrfToken->handle()
#28 /home/yamojr/devyamo/edusaas/edusaas/vendor/laravel/framework/src/Illuminate/View/Middleware/ShareErrorsFromSession.php(49): Illuminate\\Pipeline\\Pipeline->{closure:{closure:Illuminate\\Pipeline\\Pipeline::carry():184}:185}()
#29 /home/yamojr/devyamo/edusaas/edusaas/vendor/laravel/framework/src/Illuminate/Pipeline/Pipeline.php(209): Illuminate\\View\\Middleware\\ShareErrorsFromSession->handle()
#30 /home/yamojr/devyamo/edusaas/edusaas/vendor/laravel/framework/src/Illuminate/Session/Middleware/StartSession.php(121): Illuminate\\Pipeline\\Pipeline->{closure:{closure:Illuminate\\Pipeline\\Pipeline::carry():184}:185}()
#31 /home/yamojr/devyamo/edusaas/edusaas/vendor/laravel/framework/src/Illuminate/Session/Middleware/StartSession.php(64): Illuminate\\Session\\Middleware\\StartSession->handleStatefulRequest()
#32 /home/yamojr/devyamo/edusaas/edusaas/vendor/laravel/framework/src/Illuminate/Pipeline/Pipeline.php(209): Illuminate\\Session\\Middleware\\StartSession->handle()
#33 /home/yamojr/devyamo/edusaas/edusaas/vendor/laravel/framework/src/Illuminate/Cookie/Middleware/AddQueuedCookiesToResponse.php(37): Illuminate\\Pipeline\\Pipeline->{closure:{closure:Illuminate\\Pipeline\\Pipeline::carry():184}:185}()
#34 /home/yamojr/devyamo/edusaas/edusaas/vendor/laravel/framework/src/Illuminate/Pipeline/Pipeline.php(209): Illuminate\\Cookie\\Middleware\\AddQueuedCookiesToResponse->handle()
#35 /home/yamojr/devyamo/edusaas/edusaas/vendor/laravel/framework/src/Illuminate/Cookie/Middleware/EncryptCookies.php(75): Illuminate\\Pipeline\\Pipeline->{closure:{closure:Illuminate\\Pipeline\\Pipeline::carry():184}:185}()
#36 /home/yamojr/devyamo/edusaas/edusaas/vendor/laravel/framework/src/Illuminate/Pipeline/Pipeline.php(209): Illuminate\\Cookie\\Middleware\\EncryptCookies->handle()
#37 /home/yamojr/devyamo/edusaas/edusaas/vendor/laravel/framework/src/Illuminate/Pipeline/Pipeline.php(127): Illuminate\\Pipeline\\Pipeline->{closure:{closure:Illuminate\\Pipeline\\Pipeline::carry():184}:185}()
#38 /home/yamojr/devyamo/edusaas/edusaas/vendor/laravel/framework/src/Illuminate/Routing/Router.php(807): Illuminate\\Pipeline\\Pipeline->then()
#39 /home/yamojr/devyamo/edusaas/edusaas/vendor/laravel/framework/src/Illuminate/Routing/Router.php(786): Illuminate\\Routing\\Router->runRouteWithinStack()
#40 /home/yamojr/devyamo/edusaas/edusaas/vendor/laravel/framework/src/Illuminate/Routing/Router.php(750): Illuminate\\Routing\\Router->runRoute()
#41 /home/yamojr/devyamo/edusaas/edusaas/vendor/laravel/framework/src/Illuminate/Routing/Router.php(739): Illuminate\\Routing\\Router->dispatchToRoute()
#42 /home/yamojr/devyamo/edusaas/edusaas/vendor/laravel/framework/src/Illuminate/Foundation/Http/Kernel.php(201): Illuminate\\Routing\\Router->dispatch()
#43 /home/yamojr/devyamo/edusaas/edusaas/vendor/laravel/framework/src/Illuminate/Pipeline/Pipeline.php(170): Illuminate\\Foundation\\Http\\Kernel->{closure:Illuminate\\Foundation\\Http\\Kernel::dispatchToRouter():198}()
#44 /home/yamojr/devyamo/edusaas/edusaas/vendor/laravel/framework/src/Illuminate/Foundation/Http/Middleware/TransformsRequest.php(21): Illuminate\\Pipeline\\Pipeline->{closure:Illuminate\\Pipeline\\Pipeline::prepareDestination():168}()
#45 /home/yamojr/devyamo/edusaas/edusaas/vendor/laravel/framework/src/Illuminate/Foundation/Http/Middleware/ConvertEmptyStringsToNull.php(31): Illuminate\\Foundation\\Http\\Middleware\\TransformsRequest->handle()
#46 /home/yamojr/devyamo/edusaas/edusaas/vendor/laravel/framework/src/Illuminate/Pipeline/Pipeline.php(209): Illuminate\\Foundation\\Http\\Middleware\\ConvertEmptyStringsToNull->handle()
#47 /home/yamojr/devyamo/edusaas/edusaas/vendor/laravel/framework/src/Illuminate/Foundation/Http/Middleware/TransformsRequest.php(21): Illuminate\\Pipeline\\Pipeline->{closure:{closure:Illuminate\\Pipeline\\Pipeline::carry():184}:185}()
#48 /home/yamojr/devyamo/edusaas/edusaas/vendor/laravel/framework/src/Illuminate/Foundation/Http/Middleware/TrimStrings.php(51): Illuminate\\Foundation\\Http\\Middleware\\TransformsRequest->handle()
#49 /home/yamojr/devyamo/edusaas/edusaas/vendor/laravel/framework/src/Illuminate/Pipeline/Pipeline.php(209): Illuminate\\Foundation\\Http\\Middleware\\TrimStrings->handle()
#50 /home/yamojr/devyamo/edusaas/edusaas/vendor/laravel/framework/src/Illuminate/Http/Middleware/ValidatePostSize.php(27): Illuminate\\Pipeline\\Pipeline->{closure:{closure:Illuminate\\Pipeline\\Pipeline::carry():184}:185}()
#51 /home/yamojr/devyamo/edusaas/edusaas/vendor/laravel/framework/src/Illuminate/Pipeline/Pipeline.php(209): Illuminate\\Http\\Middleware\\ValidatePostSize->handle()
#52 /home/yamojr/devyamo/edusaas/edusaas/vendor/laravel/framework/src/Illuminate/Foundation/Http/Middleware/PreventRequestsDuringMaintenance.php(110): Illuminate\\Pipeline\\Pipeline->{closure:{closure:Illuminate\\Pipeline\\Pipeline::carry():184}:185}()
#53 /home/yamojr/devyamo/edusaas/edusaas/vendor/laravel/framework/src/Illuminate/Pipeline/Pipeline.php(209): Illuminate\\Foundation\\Http\\Middleware\\PreventRequestsDuringMaintenance->handle()
#54 /home/yamojr/devyamo/edusaas/edusaas/vendor/laravel/framework/src/Illuminate/Http/Middleware/HandleCors.php(49): Illuminate\\Pipeline\\Pipeline->{closure:{closure:Illuminate\\Pipeline\\Pipeline::carry():184}:185}()
#55 /home/yamojr/devyamo/edusaas/edusaas/vendor/laravel/framework/src/Illuminate/Pipeline/Pipeline.php(209): Illuminate\\Http\\Middleware\\HandleCors->handle()
#56 /home/yamojr/devyamo/edusaas/edusaas/vendor/laravel/framework/src/Illuminate/Http/Middleware/TrustProxies.php(58): Illuminate\\Pipeline\\Pipeline->{closure:{closure:Illuminate\\Pipeline\\Pipeline::carry():184}:185}()
#57 /home/yamojr/devyamo/edusaas/edusaas/vendor/laravel/framework/src/Illuminate/Pipeline/Pipeline.php(209): Illuminate\\Http\\Middleware\\TrustProxies->handle()
#58 /home/yamojr/devyamo/edusaas/edusaas/vendor/laravel/framework/src/Illuminate/Foundation/Http/Middleware/InvokeDeferredCallbacks.php(22): Illuminate\\Pipeline\\Pipeline->{closure:{closure:Illuminate\\Pipeline\\Pipeline::carry():184}:185}()
#59 /home/yamojr/devyamo/edusaas/edusaas/vendor/laravel/framework/src/Illuminate/Pipeline/Pipeline.php(209): Illuminate\\Foundation\\Http\\Middleware\\InvokeDeferredCallbacks->handle()
#60 /home/yamojr/devyamo/edusaas/edusaas/vendor/laravel/framework/src/Illuminate/Pipeline/Pipeline.php(127): Illuminate\\Pipeline\\Pipeline->{closure:{closure:Illuminate\\Pipeline\\Pipeline::carry():184}:185}()
#61 /home/yamojr/devyamo/edusaas/edusaas/vendor/laravel/framework/src/Illuminate/Foundation/Http/Kernel.php(176): Illuminate\\Pipeline\\Pipeline->then()
#62 /home/yamojr/devyamo/edusaas/edusaas/vendor/laravel/framework/src/Illuminate/Foundation/Http/Kernel.php(145): Illuminate\\Foundation\\Http\\Kernel->sendRequestThroughRouter()
#63 /home/yamojr/devyamo/edusaas/edusaas/vendor/laravel/framework/src/Illuminate/Foundation/Application.php(1220): Illuminate\\Foundation\\Http\\Kernel->handle()
#64 /home/yamojr/devyamo/edusaas/edusaas/public/index.php(19): Illuminate\\Foundation\\Application->handleRequest()
#65 /home/yamojr/devyamo/edusaas/edusaas/vendor/laravel/framework/src/Illuminate/Foundation/resources/server.php(23): require_once('...')
#66 {main}
"} 
[2026-03-22 04:19:55] local.ERROR: Cannot redeclare class App\Http\Controllers\School\AttendanceController (previously declared in /home/yamojr/devyamo/edusaas/edusaas/app/Http/Controllers/School/AttendanceController.php:9) {"userId":4,"exception":"[object] (Symfony\\Component\\ErrorHandler\\Error\\FatalError(code: 0): Cannot redeclare class App\\Http\\Controllers\\School\\AttendanceController (previously declared in /home/yamojr/devyamo/edusaas/edusaas/app/Http/Controllers/School/AttendanceController.php:9) at /home/yamojr/devyamo/edusaas/edusaas/app/Http/Controllers/School/SettingsController.php:379)
[stacktrace]
#0 {main}
"} 
[2026-03-22 04:19:59] local.ERROR: Cannot redeclare class App\Http\Controllers\School\GradeController (previously declared in /home/yamojr/devyamo/edusaas/edusaas/app/Http/Controllers/School/GradeController.php:10) {"userId":4,"exception":"[object] (Symfony\\Component\\ErrorHandler\\Error\\FatalError(code: 0): Cannot redeclare class App\\Http\\Controllers\\School\\GradeController (previously declared in /home/yamojr/devyamo/edusaas/edusaas/app/Http/Controllers/School/GradeController.php:10) at /home/yamojr/devyamo/edusaas/edusaas/app/Http/Controllers/School/SettingsController.php:289)
[stacktrace]
#0 {main}
"} 
[2026-03-22 04:20:04] local.ERROR: Cannot redeclare class App\Http\Controllers\School\AttendanceController (previously declared in /home/yamojr/devyamo/edusaas/edusaas/app/Http/Controllers/School/AttendanceController.php:9) {"userId":4,"exception":"[object] (Symfony\\Component\\ErrorHandler\\Error\\FatalError(code: 0): Cannot redeclare class App\\Http\\Controllers\\School\\AttendanceController (previously declared in /home/yamojr/devyamo/edusaas/edusaas/app/Http/Controllers/School/AttendanceController.php:9) at /home/yamojr/devyamo/edusaas/edusaas/app/Http/Controllers/School/SettingsController.php:379)
[stacktrace]
#0 {main}
"} 
[2026-03-22 04:21:01] local.ERROR: Cannot redeclare class App\Http\Controllers\School\AttendanceController (previously declared in /home/yamojr/devyamo/edusaas/edusaas/app/Http/Controllers/School/AttendanceController.php:9) {"userId":4,"exception":"[object] (Symfony\\Component\\ErrorHandler\\Error\\FatalError(code: 0): Cannot redeclare class App\\Http\\Controllers\\School\\AttendanceController (previously declared in /home/yamojr/devyamo/edusaas/edusaas/app/Http/Controllers/School/AttendanceController.php:9) at /home/yamojr/devyamo/edusaas/edusaas/app/Http/Controllers/School/SettingsController.php:379)
[stacktrace]
#0 {main}
"} 
[2026-03-22 04:21:23] local.ERROR: syntax error, unexpected token "public" {"userId":4,"exception":"[object] (ParseError(code: 0): syntax error, unexpected token \"public\" at /home/yamojr/devyamo/edusaas/edusaas/app/Http/Controllers/School/SettingsController.php:107)
[stacktrace]
#0 /home/yamojr/devyamo/edusaas/edusaas/vendor/composer/ClassLoader.php(427): {closure:Composer\\Autoload\\ClassLoader::initializeIncludeClosure():575}()
#1 [internal function]: Composer\\Autoload\\ClassLoader->loadClass()
#2 /home/yamojr/devyamo/edusaas/edusaas/vendor/laravel/framework/src/Illuminate/Routing/RouteSignatureParameters.php(46): method_exists()
#3 /home/yamojr/devyamo/edusaas/edusaas/vendor/laravel/framework/src/Illuminate/Routing/RouteSignatureParameters.php(26): Illuminate\\Routing\\RouteSignatureParameters::fromClassMethodString()
#4 /home/yamojr/devyamo/edusaas/edusaas/vendor/laravel/framework/src/Illuminate/Routing/Route.php(544): Illuminate\\Routing\\RouteSignatureParameters::fromAction()
#5 /home/yamojr/devyamo/edusaas/edusaas/vendor/tightenco/ziggy/src/Ziggy.php(173): Illuminate\\Routing\\Route->signatureParameters()
#6 /home/yamojr/devyamo/edusaas/edusaas/vendor/tightenco/ziggy/src/Ziggy.php(122): Tighten\\Ziggy\\Ziggy->resolveBindings()
#7 /home/yamojr/devyamo/edusaas/edusaas/vendor/tightenco/ziggy/src/Ziggy.php(32): Tighten\\Ziggy\\Ziggy->nameKeyedRoutes()
#8 /home/yamojr/devyamo/edusaas/edusaas/app/Http/Middleware/HandleInertiaRequests.php(62): Tighten\\Ziggy\\Ziggy->__construct()
#9 /home/yamojr/devyamo/edusaas/edusaas/vendor/laravel/framework/src/Illuminate/Container/BoundMethod.php(36): App\\Http\\Middleware\\HandleInertiaRequests->{closure:App\\Http\\Middleware\\HandleInertiaRequests::share():62}()
#10 /home/yamojr/devyamo/edusaas/edusaas/vendor/laravel/framework/src/Illuminate/Container/Util.php(43): Illuminate\\Container\\BoundMethod::{closure:Illuminate\\Container\\BoundMethod::call():35}()
#11 /home/yamojr/devyamo/edusaas/edusaas/vendor/laravel/framework/src/Illuminate/Container/BoundMethod.php(83): Illuminate\\Container\\Util::unwrapIfClosure()
#12 /home/yamojr/devyamo/edusaas/edusaas/vendor/laravel/framework/src/Illuminate/Container/BoundMethod.php(35): Illuminate\\Container\\BoundMethod::callBoundMethod()
#13 /home/yamojr/devyamo/edusaas/edusaas/vendor/laravel/framework/src/Illuminate/Container/Container.php(696): Illuminate\\Container\\BoundMethod::call()
#14 /home/yamojr/devyamo/edusaas/edusaas/vendor/laravel/framework/src/Illuminate/Support/Facades/Facade.php(361): Illuminate\\Container\\Container->call()
#15 /home/yamojr/devyamo/edusaas/edusaas/vendor/inertiajs/inertia-laravel/src/Response.php(348): Illuminate\\Support\\Facades\\Facade::__callStatic()
#16 /home/yamojr/devyamo/edusaas/edusaas/vendor/inertiajs/inertia-laravel/src/Response.php(232): Inertia\\Response->resolveArrayableProperties()
#17 /home/yamojr/devyamo/edusaas/edusaas/vendor/inertiajs/inertia-laravel/src/Response.php(196): Inertia\\Response->resolveProperties()
#18 /home/yamojr/devyamo/edusaas/edusaas/vendor/laravel/framework/src/Illuminate/Routing/Router.php(902): Inertia\\Response->toResponse()
#19 /home/yamojr/devyamo/edusaas/edusaas/vendor/laravel/framework/src/Illuminate/Routing/Router.php(887): Illuminate\\Routing\\Router::toResponse()
#20 /home/yamojr/devyamo/edusaas/edusaas/vendor/laravel/framework/src/Illuminate/Routing/Router.php(807): Illuminate\\Routing\\Router->prepareResponse()
#21 /home/yamojr/devyamo/edusaas/edusaas/vendor/laravel/framework/src/Illuminate/Pipeline/Pipeline.php(170): Illuminate\\Routing\\Router->{closure:Illuminate\\Routing\\Router::runRouteWithinStack():807}()
#22 /home/yamojr/devyamo/edusaas/edusaas/app/Http/Middleware/EnsureTenantAccess.php(26): Illuminate\\Pipeline\\Pipeline->{closure:Illuminate\\Pipeline\\Pipeline::prepareDestination():168}()
#23 /home/yamojr/devyamo/edusaas/edusaas/vendor/laravel/framework/src/Illuminate/Pipeline/Pipeline.php(209): App\\Http\\Middleware\\EnsureTenantAccess->handle()
#24 /home/yamojr/devyamo/edusaas/edusaas/vendor/spatie/laravel-permission/src/Middleware/RoleMiddleware.php(37): Illuminate\\Pipeline\\Pipeline->{closure:{closure:Illuminate\\Pipeline\\Pipeline::carry():184}:185}()
#25 /home/yamojr/devyamo/edusaas/edusaas/vendor/laravel/framework/src/Illuminate/Pipeline/Pipeline.php(209): Spatie\\Permission\\Middleware\\RoleMiddleware->handle()
#26 /home/yamojr/devyamo/edusaas/edusaas/app/Http/Middleware/IdentifyTenant.php(40): Illuminate\\Pipeline\\Pipeline->{closure:{closure:Illuminate\\Pipeline\\Pipeline::carry():184}:185}()
#27 /home/yamojr/devyamo/edusaas/edusaas/vendor/laravel/framework/src/Illuminate/Pipeline/Pipeline.php(209): App\\Http\\Middleware\\IdentifyTenant->handle()
#28 /home/yamojr/devyamo/edusaas/edusaas/vendor/inertiajs/inertia-laravel/src/Middleware.php(122): Illuminate\\Pipeline\\Pipeline->{closure:{closure:Illuminate\\Pipeline\\Pipeline::carry():184}:185}()
#29 /home/yamojr/devyamo/edusaas/edusaas/vendor/laravel/framework/src/Illuminate/Pipeline/Pipeline.php(209): Inertia\\Middleware->handle()
#30 /home/yamojr/devyamo/edusaas/edusaas/vendor/laravel/framework/src/Illuminate/Routing/Middleware/SubstituteBindings.php(51): Illuminate\\Pipeline\\Pipeline->{closure:{closure:Illuminate\\Pipeline\\Pipeline::carry():184}:185}()
#31 /home/yamojr/devyamo/edusaas/edusaas/vendor/laravel/framework/src/Illuminate/Pipeline/Pipeline.php(209): Illuminate\\Routing\\Middleware\\SubstituteBindings->handle()
#32 /home/yamojr/devyamo/edusaas/edusaas/vendor/laravel/framework/src/Illuminate/Auth/Middleware/Authenticate.php(64): Illuminate\\Pipeline\\Pipeline->{closure:{closure:Illuminate\\Pipeline\\Pipeline::carry():184}:185}()
#33 /home/yamojr/devyamo/edusaas/edusaas/vendor/laravel/framework/src/Illuminate/Pipeline/Pipeline.php(209): Illuminate\\Auth\\Middleware\\Authenticate->handle()
#34 /home/yamojr/devyamo/edusaas/edusaas/vendor/laravel/framework/src/Illuminate/Foundation/Http/Middleware/VerifyCsrfToken.php(88): Illuminate\\Pipeline\\Pipeline->{closure:{closure:Illuminate\\Pipeline\\Pipeline::carry():184}:185}()
#35 /home/yamojr/devyamo/edusaas/edusaas/vendor/laravel/framework/src/Illuminate/Pipeline/Pipeline.php(209): Illuminate\\Foundation\\Http\\Middleware\\VerifyCsrfToken->handle()
#36 /home/yamojr/devyamo/edusaas/edusaas/vendor/laravel/framework/src/Illuminate/View/Middleware/ShareErrorsFromSession.php(49): Illuminate\\Pipeline\\Pipeline->{closure:{closure:Illuminate\\Pipeline\\Pipeline::carry():184}:185}()
#37 /home/yamojr/devyamo/edusaas/edusaas/vendor/laravel/framework/src/Illuminate/Pipeline/Pipeline.php(209): Illuminate\\View\\Middleware\\ShareErrorsFromSession->handle()
#38 /home/yamojr/devyamo/edusaas/edusaas/vendor/laravel/framework/src/Illuminate/Session/Middleware/StartSession.php(121): Illuminate\\Pipeline\\Pipeline->{closure:{closure:Illuminate\\Pipeline\\Pipeline::carry():184}:185}()
#39 /home/yamojr/devyamo/edusaas/edusaas/vendor/laravel/framework/src/Illuminate/Session/Middleware/StartSession.php(64): Illuminate\\Session\\Middleware\\StartSession->handleStatefulRequest()
#40 /home/yamojr/devyamo/edusaas/edusaas/vendor/laravel/framework/src/Illuminate/Pipeline/Pipeline.php(209): Illuminate\\Session\\Middleware\\StartSession->handle()
#41 /home/yamojr/devyamo/edusaas/edusaas/vendor/laravel/framework/src/Illuminate/Cookie/Middleware/AddQueuedCookiesToResponse.php(37): Illuminate\\Pipeline\\Pipeline->{closure:{closure:Illuminate\\Pipeline\\Pipeline::carry():184}:185}()
#42 /home/yamojr/devyamo/edusaas/edusaas/vendor/laravel/framework/src/Illuminate/Pipeline/Pipeline.php(209): Illuminate\\Cookie\\Middleware\\AddQueuedCookiesToResponse->handle()
#43 /home/yamojr/devyamo/edusaas/edusaas/vendor/laravel/framework/src/Illuminate/Cookie/Middleware/EncryptCookies.php(75): Illuminate\\Pipeline\\Pipeline->{closure:{closure:Illuminate\\Pipeline\\Pipeline::carry():184}:185}()
#44 /home/yamojr/devyamo/edusaas/edusaas/vendor/laravel/framework/src/Illuminate/Pipeline/Pipeline.php(209): Illuminate\\Cookie\\Middleware\\EncryptCookies->handle()
#45 /home/yamojr/devyamo/edusaas/edusaas/vendor/laravel/framework/src/Illuminate/Pipeline/Pipeline.php(127): Illuminate\\Pipeline\\Pipeline->{closure:{closure:Illuminate\\Pipeline\\Pipeline::carry():184}:185}()
#46 /home/yamojr/devyamo/edusaas/edusaas/vendor/laravel/framework/src/Illuminate/Routing/Router.php(807): Illuminate\\Pipeline\\Pipeline->then()
#47 /home/yamojr/devyamo/edusaas/edusaas/vendor/laravel/framework/src/Illuminate/Routing/Router.php(786): Illuminate\\Routing\\Router->runRouteWithinStack()
#48 /home/yamojr/devyamo/edusaas/edusaas/vendor/laravel/framework/src/Illuminate/Routing/Router.php(750): Illuminate\\Routing\\Router->runRoute()
#49 /home/yamojr/devyamo/edusaas/edusaas/vendor/laravel/framework/src/Illuminate/Routing/Router.php(739): Illuminate\\Routing\\Router->dispatchToRoute()
#50 /home/yamojr/devyamo/edusaas/edusaas/vendor/laravel/framework/src/Illuminate/Foundation/Http/Kernel.php(201): Illuminate\\Routing\\Router->dispatch()
#51 /home/yamojr/devyamo/edusaas/edusaas/vendor/laravel/framework/src/Illuminate/Pipeline/Pipeline.php(170): Illuminate\\Foundation\\Http\\Kernel->{closure:Illuminate\\Foundation\\Http\\Kernel::dispatchToRouter():198}()
#52 /home/yamojr/devyamo/edusaas/edusaas/vendor/laravel/framework/src/Illuminate/Foundation/Http/Middleware/TransformsRequest.php(21): Illuminate\\Pipeline\\Pipeline->{closure:Illuminate\\Pipeline\\Pipeline::prepareDestination():168}()
#53 /home/yamojr/devyamo/edusaas/edusaas/vendor/laravel/framework/src/Illuminate/Foundation/Http/Middleware/ConvertEmptyStringsToNull.php(31): Illuminate\\Foundation\\Http\\Middleware\\TransformsRequest->handle()
#54 /home/yamojr/devyamo/edusaas/edusaas/vendor/laravel/framework/src/Illuminate/Pipeline/Pipeline.php(209): Illuminate\\Foundation\\Http\\Middleware\\ConvertEmptyStringsToNull->handle()
#55 /home/yamojr/devyamo/edusaas/edusaas/vendor/laravel/framework/src/Illuminate/Foundation/Http/Middleware/TransformsRequest.php(21): Illuminate\\Pipeline\\Pipeline->{closure:{closure:Illuminate\\Pipeline\\Pipeline::carry():184}:185}()
#56 /home/yamojr/devyamo/edusaas/edusaas/vendor/laravel/framework/src/Illuminate/Foundation/Http/Middleware/TrimStrings.php(51): Illuminate\\Foundation\\Http\\Middleware\\TransformsRequest->handle()
#57 /home/yamojr/devyamo/edusaas/edusaas/vendor/laravel/framework/src/Illuminate/Pipeline/Pipeline.php(209): Illuminate\\Foundation\\Http\\Middleware\\TrimStrings->handle()
#58 /home/yamojr/devyamo/edusaas/edusaas/vendor/laravel/framework/src/Illuminate/Http/Middleware/ValidatePostSize.php(27): Illuminate\\Pipeline\\Pipeline->{closure:{closure:Illuminate\\Pipeline\\Pipeline::carry():184}:185}()
#59 /home/yamojr/devyamo/edusaas/edusaas/vendor/laravel/framework/src/Illuminate/Pipeline/Pipeline.php(209): Illuminate\\Http\\Middleware\\ValidatePostSize->handle()
#60 /home/yamojr/devyamo/edusaas/edusaas/vendor/laravel/framework/src/Illuminate/Foundation/Http/Middleware/PreventRequestsDuringMaintenance.php(110): Illuminate\\Pipeline\\Pipeline->{closure:{closure:Illuminate\\Pipeline\\Pipeline::carry():184}:185}()
#61 /home/yamojr/devyamo/edusaas/edusaas/vendor/laravel/framework/src/Illuminate/Pipeline/Pipeline.php(209): Illuminate\\Foundation\\Http\\Middleware\\PreventRequestsDuringMaintenance->handle()
#62 /home/yamojr/devyamo/edusaas/edusaas/vendor/laravel/framework/src/Illuminate/Http/Middleware/HandleCors.php(49): Illuminate\\Pipeline\\Pipeline->{closure:{closure:Illuminate\\Pipeline\\Pipeline::carry():184}:185}()
#63 /home/yamojr/devyamo/edusaas/edusaas/vendor/laravel/framework/src/Illuminate/Pipeline/Pipeline.php(209): Illuminate\\Http\\Middleware\\HandleCors->handle()
#64 /home/yamojr/devyamo/edusaas/edusaas/vendor/laravel/framework/src/Illuminate/Http/Middleware/TrustProxies.php(58): Illuminate\\Pipeline\\Pipeline->{closure:{closure:Illuminate\\Pipeline\\Pipeline::carry():184}:185}()
#65 /home/yamojr/devyamo/edusaas/edusaas/vendor/laravel/framework/src/Illuminate/Pipeline/Pipeline.php(209): Illuminate\\Http\\Middleware\\TrustProxies->handle()
#66 /home/yamojr/devyamo/edusaas/edusaas/vendor/laravel/framework/src/Illuminate/Foundation/Http/Middleware/InvokeDeferredCallbacks.php(22): Illuminate\\Pipeline\\Pipeline->{closure:{closure:Illuminate\\Pipeline\\Pipeline::carry():184}:185}()
#67 /home/yamojr/devyamo/edusaas/edusaas/vendor/laravel/framework/src/Illuminate/Pipeline/Pipeline.php(209): Illuminate\\Foundation\\Http\\Middleware\\InvokeDeferredCallbacks->handle()
#68 /home/yamojr/devyamo/edusaas/edusaas/vendor/laravel/framework/src/Illuminate/Pipeline/Pipeline.php(127): Illuminate\\Pipeline\\Pipeline->{closure:{closure:Illuminate\\Pipeline\\Pipeline::carry():184}:185}()
#69 /home/yamojr/devyamo/edusaas/edusaas/vendor/laravel/framework/src/Illuminate/Foundation/Http/Kernel.php(176): Illuminate\\Pipeline\\Pipeline->then()
#70 /home/yamojr/devyamo/edusaas/edusaas/vendor/laravel/framework/src/Illuminate/Foundation/Http/Kernel.php(145): Illuminate\\Foundation\\Http\\Kernel->sendRequestThroughRouter()
#71 /home/yamojr/devyamo/edusaas/edusaas/vendor/laravel/framework/src/Illuminate/Foundation/Application.php(1220): Illuminate\\Foundation\\Http\\Kernel->handle()
#72 /home/yamojr/devyamo/edusaas/edusaas/public/index.php(19): Illuminate\\Foundation\\Application->handleRequest()
#73 /home/yamojr/devyamo/edusaas/edusaas/vendor/laravel/framework/src/Illuminate/Foundation/resources/server.php(23): require_once('...')
#74 {main}
"} 
[2026-03-22 04:21:28] local.ERROR: syntax error, unexpected token "public" {"userId":4,"exception":"[object] (ParseError(code: 0): syntax error, unexpected token \"public\" at /home/yamojr/devyamo/edusaas/edusaas/app/Http/Controllers/School/SettingsController.php:107)
[stacktrace]
#0 /home/yamojr/devyamo/edusaas/edusaas/vendor/composer/ClassLoader.php(427): {closure:Composer\\Autoload\\ClassLoader::initializeIncludeClosure():575}()
#1 [internal function]: Composer\\Autoload\\ClassLoader->loadClass()
#2 /home/yamojr/devyamo/edusaas/edusaas/vendor/laravel/framework/src/Illuminate/Routing/RouteSignatureParameters.php(46): method_exists()
#3 /home/yamojr/devyamo/edusaas/edusaas/vendor/laravel/framework/src/Illuminate/Routing/RouteSignatureParameters.php(26): Illuminate\\Routing\\RouteSignatureParameters::fromClassMethodString()
#4 /home/yamojr/devyamo/edusaas/edusaas/vendor/laravel/framework/src/Illuminate/Routing/Route.php(544): Illuminate\\Routing\\RouteSignatureParameters::fromAction()
#5 /home/yamojr/devyamo/edusaas/edusaas/vendor/tightenco/ziggy/src/Ziggy.php(173): Illuminate\\Routing\\Route->signatureParameters()
#6 /home/yamojr/devyamo/edusaas/edusaas/vendor/tightenco/ziggy/src/Ziggy.php(122): Tighten\\Ziggy\\Ziggy->resolveBindings()
#7 /home/yamojr/devyamo/edusaas/edusaas/vendor/tightenco/ziggy/src/Ziggy.php(32): Tighten\\Ziggy\\Ziggy->nameKeyedRoutes()
#8 /home/yamojr/devyamo/edusaas/edusaas/app/Http/Middleware/HandleInertiaRequests.php(62): Tighten\\Ziggy\\Ziggy->__construct()
#9 /home/yamojr/devyamo/edusaas/edusaas/vendor/laravel/framework/src/Illuminate/Container/BoundMethod.php(36): App\\Http\\Middleware\\HandleInertiaRequests->{closure:App\\Http\\Middleware\\HandleInertiaRequests::share():62}()
#10 /home/yamojr/devyamo/edusaas/edusaas/vendor/laravel/framework/src/Illuminate/Container/Util.php(43): Illuminate\\Container\\BoundMethod::{closure:Illuminate\\Container\\BoundMethod::call():35}()
#11 /home/yamojr/devyamo/edusaas/edusaas/vendor/laravel/framework/src/Illuminate/Container/BoundMethod.php(83): Illuminate\\Container\\Util::unwrapIfClosure()
#12 /home/yamojr/devyamo/edusaas/edusaas/vendor/laravel/framework/src/Illuminate/Container/BoundMethod.php(35): Illuminate\\Container\\BoundMethod::callBoundMethod()
#13 /home/yamojr/devyamo/edusaas/edusaas/vendor/laravel/framework/src/Illuminate/Container/Container.php(696): Illuminate\\Container\\BoundMethod::call()
#14 /home/yamojr/devyamo/edusaas/edusaas/vendor/laravel/framework/src/Illuminate/Support/Facades/Facade.php(361): Illuminate\\Container\\Container->call()
#15 /home/yamojr/devyamo/edusaas/edusaas/vendor/inertiajs/inertia-laravel/src/Response.php(348): Illuminate\\Support\\Facades\\Facade::__callStatic()
#16 /home/yamojr/devyamo/edusaas/edusaas/vendor/inertiajs/inertia-laravel/src/Response.php(232): Inertia\\Response->resolveArrayableProperties()
#17 /home/yamojr/devyamo/edusaas/edusaas/vendor/inertiajs/inertia-laravel/src/Response.php(196): Inertia\\Response->resolveProperties()
#18 /home/yamojr/devyamo/edusaas/edusaas/vendor/laravel/framework/src/Illuminate/Routing/Router.php(902): Inertia\\Response->toResponse()
#19 /home/yamojr/devyamo/edusaas/edusaas/vendor/laravel/framework/src/Illuminate/Routing/Router.php(887): Illuminate\\Routing\\Router::toResponse()
#20 /home/yamojr/devyamo/edusaas/edusaas/vendor/laravel/framework/src/Illuminate/Routing/Router.php(807): Illuminate\\Routing\\Router->prepareResponse()
#21 /home/yamojr/devyamo/edusaas/edusaas/vendor/laravel/framework/src/Illuminate/Pipeline/Pipeline.php(170): Illuminate\\Routing\\Router->{closure:Illuminate\\Routing\\Router::runRouteWithinStack():807}()
#22 /home/yamojr/devyamo/edusaas/edusaas/app/Http/Middleware/EnsureTenantAccess.php(26): Illuminate\\Pipeline\\Pipeline->{closure:Illuminate\\Pipeline\\Pipeline::prepareDestination():168}()
#23 /home/yamojr/devyamo/edusaas/edusaas/vendor/laravel/framework/src/Illuminate/Pipeline/Pipeline.php(209): App\\Http\\Middleware\\EnsureTenantAccess->handle()
#24 /home/yamojr/devyamo/edusaas/edusaas/vendor/spatie/laravel-permission/src/Middleware/RoleMiddleware.php(37): Illuminate\\Pipeline\\Pipeline->{closure:{closure:Illuminate\\Pipeline\\Pipeline::carry():184}:185}()
#25 /home/yamojr/devyamo/edusaas/edusaas/vendor/laravel/framework/src/Illuminate/Pipeline/Pipeline.php(209): Spatie\\Permission\\Middleware\\RoleMiddleware->handle()
#26 /home/yamojr/devyamo/edusaas/edusaas/app/Http/Middleware/IdentifyTenant.php(40): Illuminate\\Pipeline\\Pipeline->{closure:{closure:Illuminate\\Pipeline\\Pipeline::carry():184}:185}()
#27 /home/yamojr/devyamo/edusaas/edusaas/vendor/laravel/framework/src/Illuminate/Pipeline/Pipeline.php(209): App\\Http\\Middleware\\IdentifyTenant->handle()
#28 /home/yamojr/devyamo/edusaas/edusaas/vendor/inertiajs/inertia-laravel/src/Middleware.php(122): Illuminate\\Pipeline\\Pipeline->{closure:{closure:Illuminate\\Pipeline\\Pipeline::carry():184}:185}()
#29 /home/yamojr/devyamo/edusaas/edusaas/vendor/laravel/framework/src/Illuminate/Pipeline/Pipeline.php(209): Inertia\\Middleware->handle()
#30 /home/yamojr/devyamo/edusaas/edusaas/vendor/laravel/framework/src/Illuminate/Routing/Middleware/SubstituteBindings.php(51): Illuminate\\Pipeline\\Pipeline->{closure:{closure:Illuminate\\Pipeline\\Pipeline::carry():184}:185}()
#31 /home/yamojr/devyamo/edusaas/edusaas/vendor/laravel/framework/src/Illuminate/Pipeline/Pipeline.php(209): Illuminate\\Routing\\Middleware\\SubstituteBindings->handle()
#32 /home/yamojr/devyamo/edusaas/edusaas/vendor/laravel/framework/src/Illuminate/Auth/Middleware/Authenticate.php(64): Illuminate\\Pipeline\\Pipeline->{closure:{closure:Illuminate\\Pipeline\\Pipeline::carry():184}:185}()
#33 /home/yamojr/devyamo/edusaas/edusaas/vendor/laravel/framework/src/Illuminate/Pipeline/Pipeline.php(209): Illuminate\\Auth\\Middleware\\Authenticate->handle()
#34 /home/yamojr/devyamo/edusaas/edusaas/vendor/laravel/framework/src/Illuminate/Foundation/Http/Middleware/VerifyCsrfToken.php(88): Illuminate\\Pipeline\\Pipeline->{closure:{closure:Illuminate\\Pipeline\\Pipeline::carry():184}:185}()
#35 /home/yamojr/devyamo/edusaas/edusaas/vendor/laravel/framework/src/Illuminate/Pipeline/Pipeline.php(209): Illuminate\\Foundation\\Http\\Middleware\\VerifyCsrfToken->handle()
#36 /home/yamojr/devyamo/edusaas/edusaas/vendor/laravel/framework/src/Illuminate/View/Middleware/ShareErrorsFromSession.php(49): Illuminate\\Pipeline\\Pipeline->{closure:{closure:Illuminate\\Pipeline\\Pipeline::carry():184}:185}()
#37 /home/yamojr/devyamo/edusaas/edusaas/vendor/laravel/framework/src/Illuminate/Pipeline/Pipeline.php(209): Illuminate\\View\\Middleware\\ShareErrorsFromSession->handle()
#38 /home/yamojr/devyamo/edusaas/edusaas/vendor/laravel/framework/src/Illuminate/Session/Middleware/StartSession.php(121): Illuminate\\Pipeline\\Pipeline->{closure:{closure:Illuminate\\Pipeline\\Pipeline::carry():184}:185}()
#39 /home/yamojr/devyamo/edusaas/edusaas/vendor/laravel/framework/src/Illuminate/Session/Middleware/StartSession.php(64): Illuminate\\Session\\Middleware\\StartSession->handleStatefulRequest()
#40 /home/yamojr/devyamo/edusaas/edusaas/vendor/laravel/framework/src/Illuminate/Pipeline/Pipeline.php(209): Illuminate\\Session\\Middleware\\StartSession->handle()
#41 /home/yamojr/devyamo/edusaas/edusaas/vendor/laravel/framework/src/Illuminate/Cookie/Middleware/AddQueuedCookiesToResponse.php(37): Illuminate\\Pipeline\\Pipeline->{closure:{closure:Illuminate\\Pipeline\\Pipeline::carry():184}:185}()
#42 /home/yamojr/devyamo/edusaas/edusaas/vendor/laravel/framework/src/Illuminate/Pipeline/Pipeline.php(209): Illuminate\\Cookie\\Middleware\\AddQueuedCookiesToResponse->handle()
#43 /home/yamojr/devyamo/edusaas/edusaas/vendor/laravel/framework/src/Illuminate/Cookie/Middleware/EncryptCookies.php(75): Illuminate\\Pipeline\\Pipeline->{closure:{closure:Illuminate\\Pipeline\\Pipeline::carry():184}:185}()
#44 /home/yamojr/devyamo/edusaas/edusaas/vendor/laravel/framework/src/Illuminate/Pipeline/Pipeline.php(209): Illuminate\\Cookie\\Middleware\\EncryptCookies->handle()
#45 /home/yamojr/devyamo/edusaas/edusaas/vendor/laravel/framework/src/Illuminate/Pipeline/Pipeline.php(127): Illuminate\\Pipeline\\Pipeline->{closure:{closure:Illuminate\\Pipeline\\Pipeline::carry():184}:185}()
#46 /home/yamojr/devyamo/edusaas/edusaas/vendor/laravel/framework/src/Illuminate/Routing/Router.php(807): Illuminate\\Pipeline\\Pipeline->then()
#47 /home/yamojr/devyamo/edusaas/edusaas/vendor/laravel/framework/src/Illuminate/Routing/Router.php(786): Illuminate\\Routing\\Router->runRouteWithinStack()
#48 /home/yamojr/devyamo/edusaas/edusaas/vendor/laravel/framework/src/Illuminate/Routing/Router.php(750): Illuminate\\Routing\\Router->runRoute()
#49 /home/yamojr/devyamo/edusaas/edusaas/vendor/laravel/framework/src/Illuminate/Routing/Router.php(739): Illuminate\\Routing\\Router->dispatchToRoute()
#50 /home/yamojr/devyamo/edusaas/edusaas/vendor/laravel/framework/src/Illuminate/Foundation/Http/Kernel.php(201): Illuminate\\Routing\\Router->dispatch()
#51 /home/yamojr/devyamo/edusaas/edusaas/vendor/laravel/framework/src/Illuminate/Pipeline/Pipeline.php(170): Illuminate\\Foundation\\Http\\Kernel->{closure:Illuminate\\Foundation\\Http\\Kernel::dispatchToRouter():198}()
#52 /home/yamojr/devyamo/edusaas/edusaas/vendor/laravel/framework/src/Illuminate/Foundation/Http/Middleware/TransformsRequest.php(21): Illuminate\\Pipeline\\Pipeline->{closure:Illuminate\\Pipeline\\Pipeline::prepareDestination():168}()
#53 /home/yamojr/devyamo/edusaas/edusaas/vendor/laravel/framework/src/Illuminate/Foundation/Http/Middleware/ConvertEmptyStringsToNull.php(31): Illuminate\\Foundation\\Http\\Middleware\\TransformsRequest->handle()
#54 /home/yamojr/devyamo/edusaas/edusaas/vendor/laravel/framework/src/Illuminate/Pipeline/Pipeline.php(209): Illuminate\\Foundation\\Http\\Middleware\\ConvertEmptyStringsToNull->handle()
#55 /home/yamojr/devyamo/edusaas/edusaas/vendor/laravel/framework/src/Illuminate/Foundation/Http/Middleware/TransformsRequest.php(21): Illuminate\\Pipeline\\Pipeline->{closure:{closure:Illuminate\\Pipeline\\Pipeline::carry():184}:185}()
#56 /home/yamojr/devyamo/edusaas/edusaas/vendor/laravel/framework/src/Illuminate/Foundation/Http/Middleware/TrimStrings.php(51): Illuminate\\Foundation\\Http\\Middleware\\TransformsRequest->handle()
#57 /home/yamojr/devyamo/edusaas/edusaas/vendor/laravel/framework/src/Illuminate/Pipeline/Pipeline.php(209): Illuminate\\Foundation\\Http\\Middleware\\TrimStrings->handle()
#58 /home/yamojr/devyamo/edusaas/edusaas/vendor/laravel/framework/src/Illuminate/Http/Middleware/ValidatePostSize.php(27): Illuminate\\Pipeline\\Pipeline->{closure:{closure:Illuminate\\Pipeline\\Pipeline::carry():184}:185}()
#59 /home/yamojr/devyamo/edusaas/edusaas/vendor/laravel/framework/src/Illuminate/Pipeline/Pipeline.php(209): Illuminate\\Http\\Middleware\\ValidatePostSize->handle()
#60 /home/yamojr/devyamo/edusaas/edusaas/vendor/laravel/framework/src/Illuminate/Foundation/Http/Middleware/PreventRequestsDuringMaintenance.php(110): Illuminate\\Pipeline\\Pipeline->{closure:{closure:Illuminate\\Pipeline\\Pipeline::carry():184}:185}()
#61 /home/yamojr/devyamo/edusaas/edusaas/vendor/laravel/framework/src/Illuminate/Pipeline/Pipeline.php(209): Illuminate\\Foundation\\Http\\Middleware\\PreventRequestsDuringMaintenance->handle()
#62 /home/yamojr/devyamo/edusaas/edusaas/vendor/laravel/framework/src/Illuminate/Http/Middleware/HandleCors.php(49): Illuminate\\Pipeline\\Pipeline->{closure:{closure:Illuminate\\Pipeline\\Pipeline::carry():184}:185}()
#63 /home/yamojr/devyamo/edusaas/edusaas/vendor/laravel/framework/src/Illuminate/Pipeline/Pipeline.php(209): Illuminate\\Http\\Middleware\\HandleCors->handle()
#64 /home/yamojr/devyamo/edusaas/edusaas/vendor/laravel/framework/src/Illuminate/Http/Middleware/TrustProxies.php(58): Illuminate\\Pipeline\\Pipeline->{closure:{closure:Illuminate\\Pipeline\\Pipeline::carry():184}:185}()
#65 /home/yamojr/devyamo/edusaas/edusaas/vendor/laravel/framework/src/Illuminate/Pipeline/Pipeline.php(209): Illuminate\\Http\\Middleware\\TrustProxies->handle()
#66 /home/yamojr/devyamo/edusaas/edusaas/vendor/laravel/framework/src/Illuminate/Foundation/Http/Middleware/InvokeDeferredCallbacks.php(22): Illuminate\\Pipeline\\Pipeline->{closure:{closure:Illuminate\\Pipeline\\Pipeline::carry():184}:185}()
#67 /home/yamojr/devyamo/edusaas/edusaas/vendor/laravel/framework/src/Illuminate/Pipeline/Pipeline.php(209): Illuminate\\Foundation\\Http\\Middleware\\InvokeDeferredCallbacks->handle()
#68 /home/yamojr/devyamo/edusaas/edusaas/vendor/laravel/framework/src/Illuminate/Pipeline/Pipeline.php(127): Illuminate\\Pipeline\\Pipeline->{closure:{closure:Illuminate\\Pipeline\\Pipeline::carry():184}:185}()
#69 /home/yamojr/devyamo/edusaas/edusaas/vendor/laravel/framework/src/Illuminate/Foundation/Http/Kernel.php(176): Illuminate\\Pipeline\\Pipeline->then()
#70 /home/yamojr/devyamo/edusaas/edusaas/vendor/laravel/framework/src/Illuminate/Foundation/Http/Kernel.php(145): Illuminate\\Foundation\\Http\\Kernel->sendRequestThroughRouter()
#71 /home/yamojr/devyamo/edusaas/edusaas/vendor/laravel/framework/src/Illuminate/Foundation/Application.php(1220): Illuminate\\Foundation\\Http\\Kernel->handle()
#72 /home/yamojr/devyamo/edusaas/edusaas/public/index.php(19): Illuminate\\Foundation\\Application->handleRequest()
#73 /home/yamojr/devyamo/edusaas/edusaas/vendor/laravel/framework/src/Illuminate/Foundation/resources/server.php(23): require_once('...')
#74 {main}
"} 
[2026-03-22 04:21:34] local.ERROR: syntax error, unexpected token "public" {"userId":4,"exception":"[object] (ParseError(code: 0): syntax error, unexpected token \"public\" at /home/yamojr/devyamo/edusaas/edusaas/app/Http/Controllers/School/SettingsController.php:107)
[stacktrace]
#0 /home/yamojr/devyamo/edusaas/edusaas/vendor/composer/ClassLoader.php(427): {closure:Composer\\Autoload\\ClassLoader::initializeIncludeClosure():575}()
#1 [internal function]: Composer\\Autoload\\ClassLoader->loadClass()
#2 /home/yamojr/devyamo/edusaas/edusaas/vendor/laravel/framework/src/Illuminate/Routing/RouteSignatureParameters.php(46): method_exists()
#3 /home/yamojr/devyamo/edusaas/edusaas/vendor/laravel/framework/src/Illuminate/Routing/RouteSignatureParameters.php(26): Illuminate\\Routing\\RouteSignatureParameters::fromClassMethodString()
#4 /home/yamojr/devyamo/edusaas/edusaas/vendor/laravel/framework/src/Illuminate/Routing/Route.php(544): Illuminate\\Routing\\RouteSignatureParameters::fromAction()
#5 /home/yamojr/devyamo/edusaas/edusaas/vendor/tightenco/ziggy/src/Ziggy.php(173): Illuminate\\Routing\\Route->signatureParameters()
#6 /home/yamojr/devyamo/edusaas/edusaas/vendor/tightenco/ziggy/src/Ziggy.php(122): Tighten\\Ziggy\\Ziggy->resolveBindings()
#7 /home/yamojr/devyamo/edusaas/edusaas/vendor/tightenco/ziggy/src/Ziggy.php(32): Tighten\\Ziggy\\Ziggy->nameKeyedRoutes()
#8 /home/yamojr/devyamo/edusaas/edusaas/app/Http/Middleware/HandleInertiaRequests.php(62): Tighten\\Ziggy\\Ziggy->__construct()
#9 /home/yamojr/devyamo/edusaas/edusaas/vendor/laravel/framework/src/Illuminate/Container/BoundMethod.php(36): App\\Http\\Middleware\\HandleInertiaRequests->{closure:App\\Http\\Middleware\\HandleInertiaRequests::share():62}()
#10 /home/yamojr/devyamo/edusaas/edusaas/vendor/laravel/framework/src/Illuminate/Container/Util.php(43): Illuminate\\Container\\BoundMethod::{closure:Illuminate\\Container\\BoundMethod::call():35}()
#11 /home/yamojr/devyamo/edusaas/edusaas/vendor/laravel/framework/src/Illuminate/Container/BoundMethod.php(83): Illuminate\\Container\\Util::unwrapIfClosure()
#12 /home/yamojr/devyamo/edusaas/edusaas/vendor/laravel/framework/src/Illuminate/Container/BoundMethod.php(35): Illuminate\\Container\\BoundMethod::callBoundMethod()
#13 /home/yamojr/devyamo/edusaas/edusaas/vendor/laravel/framework/src/Illuminate/Container/Container.php(696): Illuminate\\Container\\BoundMethod::call()
#14 /home/yamojr/devyamo/edusaas/edusaas/vendor/laravel/framework/src/Illuminate/Support/Facades/Facade.php(361): Illuminate\\Container\\Container->call()
#15 /home/yamojr/devyamo/edusaas/edusaas/vendor/inertiajs/inertia-laravel/src/Response.php(348): Illuminate\\Support\\Facades\\Facade::__callStatic()
#16 /home/yamojr/devyamo/edusaas/edusaas/vendor/inertiajs/inertia-laravel/src/Response.php(232): Inertia\\Response->resolveArrayableProperties()
#17 /home/yamojr/devyamo/edusaas/edusaas/vendor/inertiajs/inertia-laravel/src/Response.php(196): Inertia\\Response->resolveProperties()
#18 /home/yamojr/devyamo/edusaas/edusaas/vendor/laravel/framework/src/Illuminate/Routing/Router.php(902): Inertia\\Response->toResponse()
#19 /home/yamojr/devyamo/edusaas/edusaas/vendor/laravel/framework/src/Illuminate/Routing/Router.php(887): Illuminate\\Routing\\Router::toResponse()
#20 /home/yamojr/devyamo/edusaas/edusaas/vendor/laravel/framework/src/Illuminate/Routing/Router.php(807): Illuminate\\Routing\\Router->prepareResponse()
#21 /home/yamojr/devyamo/edusaas/edusaas/vendor/laravel/framework/src/Illuminate/Pipeline/Pipeline.php(170): Illuminate\\Routing\\Router->{closure:Illuminate\\Routing\\Router::runRouteWithinStack():807}()
#22 /home/yamojr/devyamo/edusaas/edusaas/app/Http/Middleware/EnsureTenantAccess.php(26): Illuminate\\Pipeline\\Pipeline->{closure:Illuminate\\Pipeline\\Pipeline::prepareDestination():168}()
#23 /home/yamojr/devyamo/edusaas/edusaas/vendor/laravel/framework/src/Illuminate/Pipeline/Pipeline.php(209): App\\Http\\Middleware\\EnsureTenantAccess->handle()
#24 /home/yamojr/devyamo/edusaas/edusaas/vendor/spatie/laravel-permission/src/Middleware/RoleMiddleware.php(37): Illuminate\\Pipeline\\Pipeline->{closure:{closure:Illuminate\\Pipeline\\Pipeline::carry():184}:185}()
#25 /home/yamojr/devyamo/edusaas/edusaas/vendor/laravel/framework/src/Illuminate/Pipeline/Pipeline.php(209): Spatie\\Permission\\Middleware\\RoleMiddleware->handle()
#26 /home/yamojr/devyamo/edusaas/edusaas/app/Http/Middleware/IdentifyTenant.php(40): Illuminate\\Pipeline\\Pipeline->{closure:{closure:Illuminate\\Pipeline\\Pipeline::carry():184}:185}()
#27 /home/yamojr/devyamo/edusaas/edusaas/vendor/laravel/framework/src/Illuminate/Pipeline/Pipeline.php(209): App\\Http\\Middleware\\IdentifyTenant->handle()
#28 /home/yamojr/devyamo/edusaas/edusaas/vendor/inertiajs/inertia-laravel/src/Middleware.php(122): Illuminate\\Pipeline\\Pipeline->{closure:{closure:Illuminate\\Pipeline\\Pipeline::carry():184}:185}()
#29 /home/yamojr/devyamo/edusaas/edusaas/vendor/laravel/framework/src/Illuminate/Pipeline/Pipeline.php(209): Inertia\\Middleware->handle()
#30 /home/yamojr/devyamo/edusaas/edusaas/vendor/laravel/framework/src/Illuminate/Routing/Middleware/SubstituteBindings.php(51): Illuminate\\Pipeline\\Pipeline->{closure:{closure:Illuminate\\Pipeline\\Pipeline::carry():184}:185}()
#31 /home/yamojr/devyamo/edusaas/edusaas/vendor/laravel/framework/src/Illuminate/Pipeline/Pipeline.php(209): Illuminate\\Routing\\Middleware\\SubstituteBindings->handle()
#32 /home/yamojr/devyamo/edusaas/edusaas/vendor/laravel/framework/src/Illuminate/Auth/Middleware/Authenticate.php(64): Illuminate\\Pipeline\\Pipeline->{closure:{closure:Illuminate\\Pipeline\\Pipeline::carry():184}:185}()
#33 /home/yamojr/devyamo/edusaas/edusaas/vendor/laravel/framework/src/Illuminate/Pipeline/Pipeline.php(209): Illuminate\\Auth\\Middleware\\Authenticate->handle()
#34 /home/yamojr/devyamo/edusaas/edusaas/vendor/laravel/framework/src/Illuminate/Foundation/Http/Middleware/VerifyCsrfToken.php(88): Illuminate\\Pipeline\\Pipeline->{closure:{closure:Illuminate\\Pipeline\\Pipeline::carry():184}:185}()
#35 /home/yamojr/devyamo/edusaas/edusaas/vendor/laravel/framework/src/Illuminate/Pipeline/Pipeline.php(209): Illuminate\\Foundation\\Http\\Middleware\\VerifyCsrfToken->handle()
#36 /home/yamojr/devyamo/edusaas/edusaas/vendor/laravel/framework/src/Illuminate/View/Middleware/ShareErrorsFromSession.php(49): Illuminate\\Pipeline\\Pipeline->{closure:{closure:Illuminate\\Pipeline\\Pipeline::carry():184}:185}()
#37 /home/yamojr/devyamo/edusaas/edusaas/vendor/laravel/framework/src/Illuminate/Pipeline/Pipeline.php(209): Illuminate\\View\\Middleware\\ShareErrorsFromSession->handle()
#38 /home/yamojr/devyamo/edusaas/edusaas/vendor/laravel/framework/src/Illuminate/Session/Middleware/StartSession.php(121): Illuminate\\Pipeline\\Pipeline->{closure:{closure:Illuminate\\Pipeline\\Pipeline::carry():184}:185}()
#39 /home/yamojr/devyamo/edusaas/edusaas/vendor/laravel/framework/src/Illuminate/Session/Middleware/StartSession.php(64): Illuminate\\Session\\Middleware\\StartSession->handleStatefulRequest()
#40 /home/yamojr/devyamo/edusaas/edusaas/vendor/laravel/framework/src/Illuminate/Pipeline/Pipeline.php(209): Illuminate\\Session\\Middleware\\StartSession->handle()
#41 /home/yamojr/devyamo/edusaas/edusaas/vendor/laravel/framework/src/Illuminate/Cookie/Middleware/AddQueuedCookiesToResponse.php(37): Illuminate\\Pipeline\\Pipeline->{closure:{closure:Illuminate\\Pipeline\\Pipeline::carry():184}:185}()
#42 /home/yamojr/devyamo/edusaas/edusaas/vendor/laravel/framework/src/Illuminate/Pipeline/Pipeline.php(209): Illuminate\\Cookie\\Middleware\\AddQueuedCookiesToResponse->handle()
#43 /home/yamojr/devyamo/edusaas/edusaas/vendor/laravel/framework/src/Illuminate/Cookie/Middleware/EncryptCookies.php(75): Illuminate\\Pipeline\\Pipeline->{closure:{closure:Illuminate\\Pipeline\\Pipeline::carry():184}:185}()
#44 /home/yamojr/devyamo/edusaas/edusaas/vendor/laravel/framework/src/Illuminate/Pipeline/Pipeline.php(209): Illuminate\\Cookie\\Middleware\\EncryptCookies->handle()
#45 /home/yamojr/devyamo/edusaas/edusaas/vendor/laravel/framework/src/Illuminate/Pipeline/Pipeline.php(127): Illuminate\\Pipeline\\Pipeline->{closure:{closure:Illuminate\\Pipeline\\Pipeline::carry():184}:185}()
#46 /home/yamojr/devyamo/edusaas/edusaas/vendor/laravel/framework/src/Illuminate/Routing/Router.php(807): Illuminate\\Pipeline\\Pipeline->then()
#47 /home/yamojr/devyamo/edusaas/edusaas/vendor/laravel/framework/src/Illuminate/Routing/Router.php(786): Illuminate\\Routing\\Router->runRouteWithinStack()
#48 /home/yamojr/devyamo/edusaas/edusaas/vendor/laravel/framework/src/Illuminate/Routing/Router.php(750): Illuminate\\Routing\\Router->runRoute()
#49 /home/yamojr/devyamo/edusaas/edusaas/vendor/laravel/framework/src/Illuminate/Routing/Router.php(739): Illuminate\\Routing\\Router->dispatchToRoute()
#50 /home/yamojr/devyamo/edusaas/edusaas/vendor/laravel/framework/src/Illuminate/Foundation/Http/Kernel.php(201): Illuminate\\Routing\\Router->dispatch()
#51 /home/yamojr/devyamo/edusaas/edusaas/vendor/laravel/framework/src/Illuminate/Pipeline/Pipeline.php(170): Illuminate\\Foundation\\Http\\Kernel->{closure:Illuminate\\Foundation\\Http\\Kernel::dispatchToRouter():198}()
#52 /home/yamojr/devyamo/edusaas/edusaas/vendor/laravel/framework/src/Illuminate/Foundation/Http/Middleware/TransformsRequest.php(21): Illuminate\\Pipeline\\Pipeline->{closure:Illuminate\\Pipeline\\Pipeline::prepareDestination():168}()
#53 /home/yamojr/devyamo/edusaas/edusaas/vendor/laravel/framework/src/Illuminate/Foundation/Http/Middleware/ConvertEmptyStringsToNull.php(31): Illuminate\\Foundation\\Http\\Middleware\\TransformsRequest->handle()
#54 /home/yamojr/devyamo/edusaas/edusaas/vendor/laravel/framework/src/Illuminate/Pipeline/Pipeline.php(209): Illuminate\\Foundation\\Http\\Middleware\\ConvertEmptyStringsToNull->handle()
#55 /home/yamojr/devyamo/edusaas/edusaas/vendor/laravel/framework/src/Illuminate/Foundation/Http/Middleware/TransformsRequest.php(21): Illuminate\\Pipeline\\Pipeline->{closure:{closure:Illuminate\\Pipeline\\Pipeline::carry():184}:185}()
#56 /home/yamojr/devyamo/edusaas/edusaas/vendor/laravel/framework/src/Illuminate/Foundation/Http/Middleware/TrimStrings.php(51): Illuminate\\Foundation\\Http\\Middleware\\TransformsRequest->handle()
#57 /home/yamojr/devyamo/edusaas/edusaas/vendor/laravel/framework/src/Illuminate/Pipeline/Pipeline.php(209): Illuminate\\Foundation\\Http\\Middleware\\TrimStrings->handle()
#58 /home/yamojr/devyamo/edusaas/edusaas/vendor/laravel/framework/src/Illuminate/Http/Middleware/ValidatePostSize.php(27): Illuminate\\Pipeline\\Pipeline->{closure:{closure:Illuminate\\Pipeline\\Pipeline::carry():184}:185}()
#59 /home/yamojr/devyamo/edusaas/edusaas/vendor/laravel/framework/src/Illuminate/Pipeline/Pipeline.php(209): Illuminate\\Http\\Middleware\\ValidatePostSize->handle()
#60 /home/yamojr/devyamo/edusaas/edusaas/vendor/laravel/framework/src/Illuminate/Foundation/Http/Middleware/PreventRequestsDuringMaintenance.php(110): Illuminate\\Pipeline\\Pipeline->{closure:{closure:Illuminate\\Pipeline\\Pipeline::carry():184}:185}()
#61 /home/yamojr/devyamo/edusaas/edusaas/vendor/laravel/framework/src/Illuminate/Pipeline/Pipeline.php(209): Illuminate\\Foundation\\Http\\Middleware\\PreventRequestsDuringMaintenance->handle()
#62 /home/yamojr/devyamo/edusaas/edusaas/vendor/laravel/framework/src/Illuminate/Http/Middleware/HandleCors.php(49): Illuminate\\Pipeline\\Pipeline->{closure:{closure:Illuminate\\Pipeline\\Pipeline::carry():184}:185}()
#63 /home/yamojr/devyamo/edusaas/edusaas/vendor/laravel/framework/src/Illuminate/Pipeline/Pipeline.php(209): Illuminate\\Http\\Middleware\\HandleCors->handle()
#64 /home/yamojr/devyamo/edusaas/edusaas/vendor/laravel/framework/src/Illuminate/Http/Middleware/TrustProxies.php(58): Illuminate\\Pipeline\\Pipeline->{closure:{closure:Illuminate\\Pipeline\\Pipeline::carry():184}:185}()
#65 /home/yamojr/devyamo/edusaas/edusaas/vendor/laravel/framework/src/Illuminate/Pipeline/Pipeline.php(209): Illuminate\\Http\\Middleware\\TrustProxies->handle()
#66 /home/yamojr/devyamo/edusaas/edusaas/vendor/laravel/framework/src/Illuminate/Foundation/Http/Middleware/InvokeDeferredCallbacks.php(22): Illuminate\\Pipeline\\Pipeline->{closure:{closure:Illuminate\\Pipeline\\Pipeline::carry():184}:185}()
#67 /home/yamojr/devyamo/edusaas/edusaas/vendor/laravel/framework/src/Illuminate/Pipeline/Pipeline.php(209): Illuminate\\Foundation\\Http\\Middleware\\InvokeDeferredCallbacks->handle()
#68 /home/yamojr/devyamo/edusaas/edusaas/vendor/laravel/framework/src/Illuminate/Pipeline/Pipeline.php(127): Illuminate\\Pipeline\\Pipeline->{closure:{closure:Illuminate\\Pipeline\\Pipeline::carry():184}:185}()
#69 /home/yamojr/devyamo/edusaas/edusaas/vendor/laravel/framework/src/Illuminate/Foundation/Http/Kernel.php(176): Illuminate\\Pipeline\\Pipeline->then()
#70 /home/yamojr/devyamo/edusaas/edusaas/vendor/laravel/framework/src/Illuminate/Foundation/Http/Kernel.php(145): Illuminate\\Foundation\\Http\\Kernel->sendRequestThroughRouter()
#71 /home/yamojr/devyamo/edusaas/edusaas/vendor/laravel/framework/src/Illuminate/Foundation/Application.php(1220): Illuminate\\Foundation\\Http\\Kernel->handle()
#72 /home/yamojr/devyamo/edusaas/edusaas/public/index.php(19): Illuminate\\Foundation\\Application->handleRequest()
#73 /home/yamojr/devyamo/edusaas/edusaas/vendor/laravel/framework/src/Illuminate/Foundation/resources/server.php(23): require_once('...')
#74 {main}
"} 
[2026-03-22 10:32:50] local.ERROR: Method App\Http\Controllers\Student\DashboardController::dashboard does not exist. {"userId":6,"exception":"[object] (BadMethodCallException(code: 0): Method App\\Http\\Controllers\\Student\\DashboardController::dashboard does not exist. at /home/yamojr/devyamo/edusaas/edusaas/vendor/laravel/framework/src/Illuminate/Routing/Controller.php:68)
[stacktrace]
#0 /home/yamojr/devyamo/edusaas/edusaas/vendor/laravel/framework/src/Illuminate/Routing/Controller.php(54): Illuminate\\Routing\\Controller->__call()
#1 /home/yamojr/devyamo/edusaas/edusaas/vendor/laravel/framework/src/Illuminate/Routing/ControllerDispatcher.php(44): Illuminate\\Routing\\Controller->callAction()
#2 /home/yamojr/devyamo/edusaas/edusaas/vendor/laravel/framework/src/Illuminate/Routing/Route.php(266): Illuminate\\Routing\\ControllerDispatcher->dispatch()
#3 /home/yamojr/devyamo/edusaas/edusaas/vendor/laravel/framework/src/Illuminate/Routing/Route.php(212): Illuminate\\Routing\\Route->runController()
#4 /home/yamojr/devyamo/edusaas/edusaas/vendor/laravel/framework/src/Illuminate/Routing/Router.php(808): Illuminate\\Routing\\Route->run()
#5 /home/yamojr/devyamo/edusaas/edusaas/vendor/laravel/framework/src/Illuminate/Pipeline/Pipeline.php(170): Illuminate\\Routing\\Router->{closure:Illuminate\\Routing\\Router::runRouteWithinStack():807}()
#6 /home/yamojr/devyamo/edusaas/edusaas/app/Http/Middleware/EnsureTenantAccess.php(26): Illuminate\\Pipeline\\Pipeline->{closure:Illuminate\\Pipeline\\Pipeline::prepareDestination():168}()
#7 /home/yamojr/devyamo/edusaas/edusaas/vendor/laravel/framework/src/Illuminate/Pipeline/Pipeline.php(209): App\\Http\\Middleware\\EnsureTenantAccess->handle()
#8 /home/yamojr/devyamo/edusaas/edusaas/vendor/spatie/laravel-permission/src/Middleware/RoleMiddleware.php(37): Illuminate\\Pipeline\\Pipeline->{closure:{closure:Illuminate\\Pipeline\\Pipeline::carry():184}:185}()
#9 /home/yamojr/devyamo/edusaas/edusaas/vendor/laravel/framework/src/Illuminate/Pipeline/Pipeline.php(209): Spatie\\Permission\\Middleware\\RoleMiddleware->handle()
#10 /home/yamojr/devyamo/edusaas/edusaas/app/Http/Middleware/IdentifyTenant.php(40): Illuminate\\Pipeline\\Pipeline->{closure:{closure:Illuminate\\Pipeline\\Pipeline::carry():184}:185}()
#11 /home/yamojr/devyamo/edusaas/edusaas/vendor/laravel/framework/src/Illuminate/Pipeline/Pipeline.php(209): App\\Http\\Middleware\\IdentifyTenant->handle()
#12 /home/yamojr/devyamo/edusaas/edusaas/vendor/inertiajs/inertia-laravel/src/Middleware.php(122): Illuminate\\Pipeline\\Pipeline->{closure:{closure:Illuminate\\Pipeline\\Pipeline::carry():184}:185}()
#13 /home/yamojr/devyamo/edusaas/edusaas/vendor/laravel/framework/src/Illuminate/Pipeline/Pipeline.php(209): Inertia\\Middleware->handle()
#14 /home/yamojr/devyamo/edusaas/edusaas/vendor/laravel/framework/src/Illuminate/Routing/Middleware/SubstituteBindings.php(51): Illuminate\\Pipeline\\Pipeline->{closure:{closure:Illuminate\\Pipeline\\Pipeline::carry():184}:185}()
#15 /home/yamojr/devyamo/edusaas/edusaas/vendor/laravel/framework/src/Illuminate/Pipeline/Pipeline.php(209): Illuminate\\Routing\\Middleware\\SubstituteBindings->handle()
#16 /home/yamojr/devyamo/edusaas/edusaas/vendor/laravel/framework/src/Illuminate/Auth/Middleware/Authenticate.php(64): Illuminate\\Pipeline\\Pipeline->{closure:{closure:Illuminate\\Pipeline\\Pipeline::carry():184}:185}()
#17 /home/yamojr/devyamo/edusaas/edusaas/vendor/laravel/framework/src/Illuminate/Pipeline/Pipeline.php(209): Illuminate\\Auth\\Middleware\\Authenticate->handle()
#18 /home/yamojr/devyamo/edusaas/edusaas/vendor/laravel/framework/src/Illuminate/Foundation/Http/Middleware/VerifyCsrfToken.php(88): Illuminate\\Pipeline\\Pipeline->{closure:{closure:Illuminate\\Pipeline\\Pipeline::carry():184}:185}()
#19 /home/yamojr/devyamo/edusaas/edusaas/vendor/laravel/framework/src/Illuminate/Pipeline/Pipeline.php(209): Illuminate\\Foundation\\Http\\Middleware\\VerifyCsrfToken->handle()
#20 /home/yamojr/devyamo/edusaas/edusaas/vendor/laravel/framework/src/Illuminate/View/Middleware/ShareErrorsFromSession.php(49): Illuminate\\Pipeline\\Pipeline->{closure:{closure:Illuminate\\Pipeline\\Pipeline::carry():184}:185}()
#21 /home/yamojr/devyamo/edusaas/edusaas/vendor/laravel/framework/src/Illuminate/Pipeline/Pipeline.php(209): Illuminate\\View\\Middleware\\ShareErrorsFromSession->handle()
#22 /home/yamojr/devyamo/edusaas/edusaas/vendor/laravel/framework/src/Illuminate/Session/Middleware/StartSession.php(121): Illuminate\\Pipeline\\Pipeline->{closure:{closure:Illuminate\\Pipeline\\Pipeline::carry():184}:185}()
#23 /home/yamojr/devyamo/edusaas/edusaas/vendor/laravel/framework/src/Illuminate/Session/Middleware/StartSession.php(64): Illuminate\\Session\\Middleware\\StartSession->handleStatefulRequest()
#24 /home/yamojr/devyamo/edusaas/edusaas/vendor/laravel/framework/src/Illuminate/Pipeline/Pipeline.php(209): Illuminate\\Session\\Middleware\\StartSession->handle()
#25 /home/yamojr/devyamo/edusaas/edusaas/vendor/laravel/framework/src/Illuminate/Cookie/Middleware/AddQueuedCookiesToResponse.php(37): Illuminate\\Pipeline\\Pipeline->{closure:{closure:Illuminate\\Pipeline\\Pipeline::carry():184}:185}()
#26 /home/yamojr/devyamo/edusaas/edusaas/vendor/laravel/framework/src/Illuminate/Pipeline/Pipeline.php(209): Illuminate\\Cookie\\Middleware\\AddQueuedCookiesToResponse->handle()
#27 /home/yamojr/devyamo/edusaas/edusaas/vendor/laravel/framework/src/Illuminate/Cookie/Middleware/EncryptCookies.php(75): Illuminate\\Pipeline\\Pipeline->{closure:{closure:Illuminate\\Pipeline\\Pipeline::carry():184}:185}()
#28 /home/yamojr/devyamo/edusaas/edusaas/vendor/laravel/framework/src/Illuminate/Pipeline/Pipeline.php(209): Illuminate\\Cookie\\Middleware\\EncryptCookies->handle()
#29 /home/yamojr/devyamo/edusaas/edusaas/vendor/laravel/framework/src/Illuminate/Pipeline/Pipeline.php(127): Illuminate\\Pipeline\\Pipeline->{closure:{closure:Illuminate\\Pipeline\\Pipeline::carry():184}:185}()
#30 /home/yamojr/devyamo/edusaas/edusaas/vendor/laravel/framework/src/Illuminate/Routing/Router.php(807): Illuminate\\Pipeline\\Pipeline->then()
#31 /home/yamojr/devyamo/edusaas/edusaas/vendor/laravel/framework/src/Illuminate/Routing/Router.php(786): Illuminate\\Routing\\Router->runRouteWithinStack()
#32 /home/yamojr/devyamo/edusaas/edusaas/vendor/laravel/framework/src/Illuminate/Routing/Router.php(750): Illuminate\\Routing\\Router->runRoute()
#33 /home/yamojr/devyamo/edusaas/edusaas/vendor/laravel/framework/src/Illuminate/Routing/Router.php(739): Illuminate\\Routing\\Router->dispatchToRoute()
#34 /home/yamojr/devyamo/edusaas/edusaas/vendor/laravel/framework/src/Illuminate/Foundation/Http/Kernel.php(201): Illuminate\\Routing\\Router->dispatch()
#35 /home/yamojr/devyamo/edusaas/edusaas/vendor/laravel/framework/src/Illuminate/Pipeline/Pipeline.php(170): Illuminate\\Foundation\\Http\\Kernel->{closure:Illuminate\\Foundation\\Http\\Kernel::dispatchToRouter():198}()
#36 /home/yamojr/devyamo/edusaas/edusaas/vendor/laravel/framework/src/Illuminate/Foundation/Http/Middleware/TransformsRequest.php(21): Illuminate\\Pipeline\\Pipeline->{closure:Illuminate\\Pipeline\\Pipeline::prepareDestination():168}()
#37 /home/yamojr/devyamo/edusaas/edusaas/vendor/laravel/framework/src/Illuminate/Foundation/Http/Middleware/ConvertEmptyStringsToNull.php(31): Illuminate\\Foundation\\Http\\Middleware\\TransformsRequest->handle()
#38 /home/yamojr/devyamo/edusaas/edusaas/vendor/laravel/framework/src/Illuminate/Pipeline/Pipeline.php(209): Illuminate\\Foundation\\Http\\Middleware\\ConvertEmptyStringsToNull->handle()
#39 /home/yamojr/devyamo/edusaas/edusaas/vendor/laravel/framework/src/Illuminate/Foundation/Http/Middleware/TransformsRequest.php(21): Illuminate\\Pipeline\\Pipeline->{closure:{closure:Illuminate\\Pipeline\\Pipeline::carry():184}:185}()
#40 /home/yamojr/devyamo/edusaas/edusaas/vendor/laravel/framework/src/Illuminate/Foundation/Http/Middleware/TrimStrings.php(51): Illuminate\\Foundation\\Http\\Middleware\\TransformsRequest->handle()
#41 /home/yamojr/devyamo/edusaas/edusaas/vendor/laravel/framework/src/Illuminate/Pipeline/Pipeline.php(209): Illuminate\\Foundation\\Http\\Middleware\\TrimStrings->handle()
#42 /home/yamojr/devyamo/edusaas/edusaas/vendor/laravel/framework/src/Illuminate/Http/Middleware/ValidatePostSize.php(27): Illuminate\\Pipeline\\Pipeline->{closure:{closure:Illuminate\\Pipeline\\Pipeline::carry():184}:185}()
#43 /home/yamojr/devyamo/edusaas/edusaas/vendor/laravel/framework/src/Illuminate/Pipeline/Pipeline.php(209): Illuminate\\Http\\Middleware\\ValidatePostSize->handle()
#44 /home/yamojr/devyamo/edusaas/edusaas/vendor/laravel/framework/src/Illuminate/Foundation/Http/Middleware/PreventRequestsDuringMaintenance.php(110): Illuminate\\Pipeline\\Pipeline->{closure:{closure:Illuminate\\Pipeline\\Pipeline::carry():184}:185}()
#45 /home/yamojr/devyamo/edusaas/edusaas/vendor/laravel/framework/src/Illuminate/Pipeline/Pipeline.php(209): Illuminate\\Foundation\\Http\\Middleware\\PreventRequestsDuringMaintenance->handle()
#46 /home/yamojr/devyamo/edusaas/edusaas/vendor/laravel/framework/src/Illuminate/Http/Middleware/HandleCors.php(49): Illuminate\\Pipeline\\Pipeline->{closure:{closure:Illuminate\\Pipeline\\Pipeline::carry():184}:185}()
#47 /home/yamojr/devyamo/edusaas/edusaas/vendor/laravel/framework/src/Illuminate/Pipeline/Pipeline.php(209): Illuminate\\Http\\Middleware\\HandleCors->handle()
#48 /home/yamojr/devyamo/edusaas/edusaas/vendor/laravel/framework/src/Illuminate/Http/Middleware/TrustProxies.php(58): Illuminate\\Pipeline\\Pipeline->{closure:{closure:Illuminate\\Pipeline\\Pipeline::carry():184}:185}()
#49 /home/yamojr/devyamo/edusaas/edusaas/vendor/laravel/framework/src/Illuminate/Pipeline/Pipeline.php(209): Illuminate\\Http\\Middleware\\TrustProxies->handle()
#50 /home/yamojr/devyamo/edusaas/edusaas/vendor/laravel/framework/src/Illuminate/Foundation/Http/Middleware/InvokeDeferredCallbacks.php(22): Illuminate\\Pipeline\\Pipeline->{closure:{closure:Illuminate\\Pipeline\\Pipeline::carry():184}:185}()
#51 /home/yamojr/devyamo/edusaas/edusaas/vendor/laravel/framework/src/Illuminate/Pipeline/Pipeline.php(209): Illuminate\\Foundation\\Http\\Middleware\\InvokeDeferredCallbacks->handle()
#52 /home/yamojr/devyamo/edusaas/edusaas/vendor/laravel/framework/src/Illuminate/Pipeline/Pipeline.php(127): Illuminate\\Pipeline\\Pipeline->{closure:{closure:Illuminate\\Pipeline\\Pipeline::carry():184}:185}()
#53 /home/yamojr/devyamo/edusaas/edusaas/vendor/laravel/framework/src/Illuminate/Foundation/Http/Kernel.php(176): Illuminate\\Pipeline\\Pipeline->then()
#54 /home/yamojr/devyamo/edusaas/edusaas/vendor/laravel/framework/src/Illuminate/Foundation/Http/Kernel.php(145): Illuminate\\Foundation\\Http\\Kernel->sendRequestThroughRouter()
#55 /home/yamojr/devyamo/edusaas/edusaas/vendor/laravel/framework/src/Illuminate/Foundation/Application.php(1220): Illuminate\\Foundation\\Http\\Kernel->handle()
#56 /home/yamojr/devyamo/edusaas/edusaas/public/index.php(19): Illuminate\\Foundation\\Application->handleRequest()
#57 /home/yamojr/devyamo/edusaas/edusaas/vendor/laravel/framework/src/Illuminate/Foundation/resources/server.php(23): require_once('...')
#58 {main}
"} 
[2026-03-22 10:34:36] local.ERROR: Method App\Http\Controllers\Student\DashboardController::dashboard does not exist. {"userId":6,"exception":"[object] (BadMethodCallException(code: 0): Method App\\Http\\Controllers\\Student\\DashboardController::dashboard does not exist. at /home/yamojr/devyamo/edusaas/edusaas/vendor/laravel/framework/src/Illuminate/Routing/Controller.php:68)
[stacktrace]
#0 /home/yamojr/devyamo/edusaas/edusaas/vendor/laravel/framework/src/Illuminate/Routing/Controller.php(54): Illuminate\\Routing\\Controller->__call()
#1 /home/yamojr/devyamo/edusaas/edusaas/vendor/laravel/framework/src/Illuminate/Routing/ControllerDispatcher.php(44): Illuminate\\Routing\\Controller->callAction()
#2 /home/yamojr/devyamo/edusaas/edusaas/vendor/laravel/framework/src/Illuminate/Routing/Route.php(266): Illuminate\\Routing\\ControllerDispatcher->dispatch()
#3 /home/yamojr/devyamo/edusaas/edusaas/vendor/laravel/framework/src/Illuminate/Routing/Route.php(212): Illuminate\\Routing\\Route->runController()
#4 /home/yamojr/devyamo/edusaas/edusaas/vendor/laravel/framework/src/Illuminate/Routing/Router.php(808): Illuminate\\Routing\\Route->run()
#5 /home/yamojr/devyamo/edusaas/edusaas/vendor/laravel/framework/src/Illuminate/Pipeline/Pipeline.php(170): Illuminate\\Routing\\Router->{closure:Illuminate\\Routing\\Router::runRouteWithinStack():807}()
#6 /home/yamojr/devyamo/edusaas/edusaas/app/Http/Middleware/EnsureTenantAccess.php(26): Illuminate\\Pipeline\\Pipeline->{closure:Illuminate\\Pipeline\\Pipeline::prepareDestination():168}()
#7 /home/yamojr/devyamo/edusaas/edusaas/vendor/laravel/framework/src/Illuminate/Pipeline/Pipeline.php(209): App\\Http\\Middleware\\EnsureTenantAccess->handle()
#8 /home/yamojr/devyamo/edusaas/edusaas/vendor/spatie/laravel-permission/src/Middleware/RoleMiddleware.php(37): Illuminate\\Pipeline\\Pipeline->{closure:{closure:Illuminate\\Pipeline\\Pipeline::carry():184}:185}()
#9 /home/yamojr/devyamo/edusaas/edusaas/vendor/laravel/framework/src/Illuminate/Pipeline/Pipeline.php(209): Spatie\\Permission\\Middleware\\RoleMiddleware->handle()
#10 /home/yamojr/devyamo/edusaas/edusaas/app/Http/Middleware/IdentifyTenant.php(40): Illuminate\\Pipeline\\Pipeline->{closure:{closure:Illuminate\\Pipeline\\Pipeline::carry():184}:185}()
#11 /home/yamojr/devyamo/edusaas/edusaas/vendor/laravel/framework/src/Illuminate/Pipeline/Pipeline.php(209): App\\Http\\Middleware\\IdentifyTenant->handle()
#12 /home/yamojr/devyamo/edusaas/edusaas/vendor/inertiajs/inertia-laravel/src/Middleware.php(122): Illuminate\\Pipeline\\Pipeline->{closure:{closure:Illuminate\\Pipeline\\Pipeline::carry():184}:185}()
#13 /home/yamojr/devyamo/edusaas/edusaas/vendor/laravel/framework/src/Illuminate/Pipeline/Pipeline.php(209): Inertia\\Middleware->handle()
#14 /home/yamojr/devyamo/edusaas/edusaas/vendor/laravel/framework/src/Illuminate/Routing/Middleware/SubstituteBindings.php(51): Illuminate\\Pipeline\\Pipeline->{closure:{closure:Illuminate\\Pipeline\\Pipeline::carry():184}:185}()
#15 /home/yamojr/devyamo/edusaas/edusaas/vendor/laravel/framework/src/Illuminate/Pipeline/Pipeline.php(209): Illuminate\\Routing\\Middleware\\SubstituteBindings->handle()
#16 /home/yamojr/devyamo/edusaas/edusaas/vendor/laravel/framework/src/Illuminate/Auth/Middleware/Authenticate.php(64): Illuminate\\Pipeline\\Pipeline->{closure:{closure:Illuminate\\Pipeline\\Pipeline::carry():184}:185}()
#17 /home/yamojr/devyamo/edusaas/edusaas/vendor/laravel/framework/src/Illuminate/Pipeline/Pipeline.php(209): Illuminate\\Auth\\Middleware\\Authenticate->handle()
#18 /home/yamojr/devyamo/edusaas/edusaas/vendor/laravel/framework/src/Illuminate/Foundation/Http/Middleware/VerifyCsrfToken.php(88): Illuminate\\Pipeline\\Pipeline->{closure:{closure:Illuminate\\Pipeline\\Pipeline::carry():184}:185}()
#19 /home/yamojr/devyamo/edusaas/edusaas/vendor/laravel/framework/src/Illuminate/Pipeline/Pipeline.php(209): Illuminate\\Foundation\\Http\\Middleware\\VerifyCsrfToken->handle()
#20 /home/yamojr/devyamo/edusaas/edusaas/vendor/laravel/framework/src/Illuminate/View/Middleware/ShareErrorsFromSession.php(49): Illuminate\\Pipeline\\Pipeline->{closure:{closure:Illuminate\\Pipeline\\Pipeline::carry():184}:185}()
#21 /home/yamojr/devyamo/edusaas/edusaas/vendor/laravel/framework/src/Illuminate/Pipeline/Pipeline.php(209): Illuminate\\View\\Middleware\\ShareErrorsFromSession->handle()
#22 /home/yamojr/devyamo/edusaas/edusaas/vendor/laravel/framework/src/Illuminate/Session/Middleware/StartSession.php(121): Illuminate\\Pipeline\\Pipeline->{closure:{closure:Illuminate\\Pipeline\\Pipeline::carry():184}:185}()
#23 /home/yamojr/devyamo/edusaas/edusaas/vendor/laravel/framework/src/Illuminate/Session/Middleware/StartSession.php(64): Illuminate\\Session\\Middleware\\StartSession->handleStatefulRequest()
#24 /home/yamojr/devyamo/edusaas/edusaas/vendor/laravel/framework/src/Illuminate/Pipeline/Pipeline.php(209): Illuminate\\Session\\Middleware\\StartSession->handle()
#25 /home/yamojr/devyamo/edusaas/edusaas/vendor/laravel/framework/src/Illuminate/Cookie/Middleware/AddQueuedCookiesToResponse.php(37): Illuminate\\Pipeline\\Pipeline->{closure:{closure:Illuminate\\Pipeline\\Pipeline::carry():184}:185}()
#26 /home/yamojr/devyamo/edusaas/edusaas/vendor/laravel/framework/src/Illuminate/Pipeline/Pipeline.php(209): Illuminate\\Cookie\\Middleware\\AddQueuedCookiesToResponse->handle()
#27 /home/yamojr/devyamo/edusaas/edusaas/vendor/laravel/framework/src/Illuminate/Cookie/Middleware/EncryptCookies.php(75): Illuminate\\Pipeline\\Pipeline->{closure:{closure:Illuminate\\Pipeline\\Pipeline::carry():184}:185}()
#28 /home/yamojr/devyamo/edusaas/edusaas/vendor/laravel/framework/src/Illuminate/Pipeline/Pipeline.php(209): Illuminate\\Cookie\\Middleware\\EncryptCookies->handle()
#29 /home/yamojr/devyamo/edusaas/edusaas/vendor/laravel/framework/src/Illuminate/Pipeline/Pipeline.php(127): Illuminate\\Pipeline\\Pipeline->{closure:{closure:Illuminate\\Pipeline\\Pipeline::carry():184}:185}()
#30 /home/yamojr/devyamo/edusaas/edusaas/vendor/laravel/framework/src/Illuminate/Routing/Router.php(807): Illuminate\\Pipeline\\Pipeline->then()
#31 /home/yamojr/devyamo/edusaas/edusaas/vendor/laravel/framework/src/Illuminate/Routing/Router.php(786): Illuminate\\Routing\\Router->runRouteWithinStack()
#32 /home/yamojr/devyamo/edusaas/edusaas/vendor/laravel/framework/src/Illuminate/Routing/Router.php(750): Illuminate\\Routing\\Router->runRoute()
#33 /home/yamojr/devyamo/edusaas/edusaas/vendor/laravel/framework/src/Illuminate/Routing/Router.php(739): Illuminate\\Routing\\Router->dispatchToRoute()
#34 /home/yamojr/devyamo/edusaas/edusaas/vendor/laravel/framework/src/Illuminate/Foundation/Http/Kernel.php(201): Illuminate\\Routing\\Router->dispatch()
#35 /home/yamojr/devyamo/edusaas/edusaas/vendor/laravel/framework/src/Illuminate/Pipeline/Pipeline.php(170): Illuminate\\Foundation\\Http\\Kernel->{closure:Illuminate\\Foundation\\Http\\Kernel::dispatchToRouter():198}()
#36 /home/yamojr/devyamo/edusaas/edusaas/vendor/laravel/framework/src/Illuminate/Foundation/Http/Middleware/TransformsRequest.php(21): Illuminate\\Pipeline\\Pipeline->{closure:Illuminate\\Pipeline\\Pipeline::prepareDestination():168}()
#37 /home/yamojr/devyamo/edusaas/edusaas/vendor/laravel/framework/src/Illuminate/Foundation/Http/Middleware/ConvertEmptyStringsToNull.php(31): Illuminate\\Foundation\\Http\\Middleware\\TransformsRequest->handle()
#38 /home/yamojr/devyamo/edusaas/edusaas/vendor/laravel/framework/src/Illuminate/Pipeline/Pipeline.php(209): Illuminate\\Foundation\\Http\\Middleware\\ConvertEmptyStringsToNull->handle()
#39 /home/yamojr/devyamo/edusaas/edusaas/vendor/laravel/framework/src/Illuminate/Foundation/Http/Middleware/TransformsRequest.php(21): Illuminate\\Pipeline\\Pipeline->{closure:{closure:Illuminate\\Pipeline\\Pipeline::carry():184}:185}()
#40 /home/yamojr/devyamo/edusaas/edusaas/vendor/laravel/framework/src/Illuminate/Foundation/Http/Middleware/TrimStrings.php(51): Illuminate\\Foundation\\Http\\Middleware\\TransformsRequest->handle()
#41 /home/yamojr/devyamo/edusaas/edusaas/vendor/laravel/framework/src/Illuminate/Pipeline/Pipeline.php(209): Illuminate\\Foundation\\Http\\Middleware\\TrimStrings->handle()
#42 /home/yamojr/devyamo/edusaas/edusaas/vendor/laravel/framework/src/Illuminate/Http/Middleware/ValidatePostSize.php(27): Illuminate\\Pipeline\\Pipeline->{closure:{closure:Illuminate\\Pipeline\\Pipeline::carry():184}:185}()
#43 /home/yamojr/devyamo/edusaas/edusaas/vendor/laravel/framework/src/Illuminate/Pipeline/Pipeline.php(209): Illuminate\\Http\\Middleware\\ValidatePostSize->handle()
#44 /home/yamojr/devyamo/edusaas/edusaas/vendor/laravel/framework/src/Illuminate/Foundation/Http/Middleware/PreventRequestsDuringMaintenance.php(110): Illuminate\\Pipeline\\Pipeline->{closure:{closure:Illuminate\\Pipeline\\Pipeline::carry():184}:185}()
#45 /home/yamojr/devyamo/edusaas/edusaas/vendor/laravel/framework/src/Illuminate/Pipeline/Pipeline.php(209): Illuminate\\Foundation\\Http\\Middleware\\PreventRequestsDuringMaintenance->handle()
#46 /home/yamojr/devyamo/edusaas/edusaas/vendor/laravel/framework/src/Illuminate/Http/Middleware/HandleCors.php(49): Illuminate\\Pipeline\\Pipeline->{closure:{closure:Illuminate\\Pipeline\\Pipeline::carry():184}:185}()
#47 /home/yamojr/devyamo/edusaas/edusaas/vendor/laravel/framework/src/Illuminate/Pipeline/Pipeline.php(209): Illuminate\\Http\\Middleware\\HandleCors->handle()
#48 /home/yamojr/devyamo/edusaas/edusaas/vendor/laravel/framework/src/Illuminate/Http/Middleware/TrustProxies.php(58): Illuminate\\Pipeline\\Pipeline->{closure:{closure:Illuminate\\Pipeline\\Pipeline::carry():184}:185}()
#49 /home/yamojr/devyamo/edusaas/edusaas/vendor/laravel/framework/src/Illuminate/Pipeline/Pipeline.php(209): Illuminate\\Http\\Middleware\\TrustProxies->handle()
#50 /home/yamojr/devyamo/edusaas/edusaas/vendor/laravel/framework/src/Illuminate/Foundation/Http/Middleware/InvokeDeferredCallbacks.php(22): Illuminate\\Pipeline\\Pipeline->{closure:{closure:Illuminate\\Pipeline\\Pipeline::carry():184}:185}()
#51 /home/yamojr/devyamo/edusaas/edusaas/vendor/laravel/framework/src/Illuminate/Pipeline/Pipeline.php(209): Illuminate\\Foundation\\Http\\Middleware\\InvokeDeferredCallbacks->handle()
#52 /home/yamojr/devyamo/edusaas/edusaas/vendor/laravel/framework/src/Illuminate/Pipeline/Pipeline.php(127): Illuminate\\Pipeline\\Pipeline->{closure:{closure:Illuminate\\Pipeline\\Pipeline::carry():184}:185}()
#53 /home/yamojr/devyamo/edusaas/edusaas/vendor/laravel/framework/src/Illuminate/Foundation/Http/Kernel.php(176): Illuminate\\Pipeline\\Pipeline->then()
#54 /home/yamojr/devyamo/edusaas/edusaas/vendor/laravel/framework/src/Illuminate/Foundation/Http/Kernel.php(145): Illuminate\\Foundation\\Http\\Kernel->sendRequestThroughRouter()
#55 /home/yamojr/devyamo/edusaas/edusaas/vendor/laravel/framework/src/Illuminate/Foundation/Application.php(1220): Illuminate\\Foundation\\Http\\Kernel->handle()
#56 /home/yamojr/devyamo/edusaas/edusaas/public/index.php(19): Illuminate\\Foundation\\Application->handleRequest()
#57 /home/yamojr/devyamo/edusaas/edusaas/vendor/laravel/framework/src/Illuminate/Foundation/resources/server.php(23): require_once('...')
#58 {main}
"} 
[2026-03-22 10:43:41] local.ERROR: Method App\Http\Controllers\Student\DashboardController::dashboard does not exist. {"userId":6,"exception":"[object] (BadMethodCallException(code: 0): Method App\\Http\\Controllers\\Student\\DashboardController::dashboard does not exist. at /home/yamojr/devyamo/edusaas/edusaas/vendor/laravel/framework/src/Illuminate/Routing/Controller.php:68)
[stacktrace]
#0 /home/yamojr/devyamo/edusaas/edusaas/vendor/laravel/framework/src/Illuminate/Routing/Controller.php(54): Illuminate\\Routing\\Controller->__call()
#1 /home/yamojr/devyamo/edusaas/edusaas/vendor/laravel/framework/src/Illuminate/Routing/ControllerDispatcher.php(44): Illuminate\\Routing\\Controller->callAction()
#2 /home/yamojr/devyamo/edusaas/edusaas/vendor/laravel/framework/src/Illuminate/Routing/Route.php(266): Illuminate\\Routing\\ControllerDispatcher->dispatch()
#3 /home/yamojr/devyamo/edusaas/edusaas/vendor/laravel/framework/src/Illuminate/Routing/Route.php(212): Illuminate\\Routing\\Route->runController()
#4 /home/yamojr/devyamo/edusaas/edusaas/vendor/laravel/framework/src/Illuminate/Routing/Router.php(808): Illuminate\\Routing\\Route->run()
#5 /home/yamojr/devyamo/edusaas/edusaas/vendor/laravel/framework/src/Illuminate/Pipeline/Pipeline.php(170): Illuminate\\Routing\\Router->{closure:Illuminate\\Routing\\Router::runRouteWithinStack():807}()
#6 /home/yamojr/devyamo/edusaas/edusaas/app/Http/Middleware/EnsureTenantAccess.php(26): Illuminate\\Pipeline\\Pipeline->{closure:Illuminate\\Pipeline\\Pipeline::prepareDestination():168}()
#7 /home/yamojr/devyamo/edusaas/edusaas/vendor/laravel/framework/src/Illuminate/Pipeline/Pipeline.php(209): App\\Http\\Middleware\\EnsureTenantAccess->handle()
#8 /home/yamojr/devyamo/edusaas/edusaas/vendor/spatie/laravel-permission/src/Middleware/RoleMiddleware.php(37): Illuminate\\Pipeline\\Pipeline->{closure:{closure:Illuminate\\Pipeline\\Pipeline::carry():184}:185}()
#9 /home/yamojr/devyamo/edusaas/edusaas/vendor/laravel/framework/src/Illuminate/Pipeline/Pipeline.php(209): Spatie\\Permission\\Middleware\\RoleMiddleware->handle()
#10 /home/yamojr/devyamo/edusaas/edusaas/app/Http/Middleware/IdentifyTenant.php(40): Illuminate\\Pipeline\\Pipeline->{closure:{closure:Illuminate\\Pipeline\\Pipeline::carry():184}:185}()
#11 /home/yamojr/devyamo/edusaas/edusaas/vendor/laravel/framework/src/Illuminate/Pipeline/Pipeline.php(209): App\\Http\\Middleware\\IdentifyTenant->handle()
#12 /home/yamojr/devyamo/edusaas/edusaas/vendor/inertiajs/inertia-laravel/src/Middleware.php(122): Illuminate\\Pipeline\\Pipeline->{closure:{closure:Illuminate\\Pipeline\\Pipeline::carry():184}:185}()
#13 /home/yamojr/devyamo/edusaas/edusaas/vendor/laravel/framework/src/Illuminate/Pipeline/Pipeline.php(209): Inertia\\Middleware->handle()
#14 /home/yamojr/devyamo/edusaas/edusaas/vendor/laravel/framework/src/Illuminate/Routing/Middleware/SubstituteBindings.php(51): Illuminate\\Pipeline\\Pipeline->{closure:{closure:Illuminate\\Pipeline\\Pipeline::carry():184}:185}()
#15 /home/yamojr/devyamo/edusaas/edusaas/vendor/laravel/framework/src/Illuminate/Pipeline/Pipeline.php(209): Illuminate\\Routing\\Middleware\\SubstituteBindings->handle()
#16 /home/yamojr/devyamo/edusaas/edusaas/vendor/laravel/framework/src/Illuminate/Auth/Middleware/Authenticate.php(64): Illuminate\\Pipeline\\Pipeline->{closure:{closure:Illuminate\\Pipeline\\Pipeline::carry():184}:185}()
#17 /home/yamojr/devyamo/edusaas/edusaas/vendor/laravel/framework/src/Illuminate/Pipeline/Pipeline.php(209): Illuminate\\Auth\\Middleware\\Authenticate->handle()
#18 /home/yamojr/devyamo/edusaas/edusaas/vendor/laravel/framework/src/Illuminate/Foundation/Http/Middleware/VerifyCsrfToken.php(88): Illuminate\\Pipeline\\Pipeline->{closure:{closure:Illuminate\\Pipeline\\Pipeline::carry():184}:185}()
#19 /home/yamojr/devyamo/edusaas/edusaas/vendor/laravel/framework/src/Illuminate/Pipeline/Pipeline.php(209): Illuminate\\Foundation\\Http\\Middleware\\VerifyCsrfToken->handle()
#20 /home/yamojr/devyamo/edusaas/edusaas/vendor/laravel/framework/src/Illuminate/View/Middleware/ShareErrorsFromSession.php(49): Illuminate\\Pipeline\\Pipeline->{closure:{closure:Illuminate\\Pipeline\\Pipeline::carry():184}:185}()
#21 /home/yamojr/devyamo/edusaas/edusaas/vendor/laravel/framework/src/Illuminate/Pipeline/Pipeline.php(209): Illuminate\\View\\Middleware\\ShareErrorsFromSession->handle()
#22 /home/yamojr/devyamo/edusaas/edusaas/vendor/laravel/framework/src/Illuminate/Session/Middleware/StartSession.php(121): Illuminate\\Pipeline\\Pipeline->{closure:{closure:Illuminate\\Pipeline\\Pipeline::carry():184}:185}()
#23 /home/yamojr/devyamo/edusaas/edusaas/vendor/laravel/framework/src/Illuminate/Session/Middleware/StartSession.php(64): Illuminate\\Session\\Middleware\\StartSession->handleStatefulRequest()
#24 /home/yamojr/devyamo/edusaas/edusaas/vendor/laravel/framework/src/Illuminate/Pipeline/Pipeline.php(209): Illuminate\\Session\\Middleware\\StartSession->handle()
#25 /home/yamojr/devyamo/edusaas/edusaas/vendor/laravel/framework/src/Illuminate/Cookie/Middleware/AddQueuedCookiesToResponse.php(37): Illuminate\\Pipeline\\Pipeline->{closure:{closure:Illuminate\\Pipeline\\Pipeline::carry():184}:185}()
#26 /home/yamojr/devyamo/edusaas/edusaas/vendor/laravel/framework/src/Illuminate/Pipeline/Pipeline.php(209): Illuminate\\Cookie\\Middleware\\AddQueuedCookiesToResponse->handle()
#27 /home/yamojr/devyamo/edusaas/edusaas/vendor/laravel/framework/src/Illuminate/Cookie/Middleware/EncryptCookies.php(75): Illuminate\\Pipeline\\Pipeline->{closure:{closure:Illuminate\\Pipeline\\Pipeline::carry():184}:185}()
#28 /home/yamojr/devyamo/edusaas/edusaas/vendor/laravel/framework/src/Illuminate/Pipeline/Pipeline.php(209): Illuminate\\Cookie\\Middleware\\EncryptCookies->handle()
#29 /home/yamojr/devyamo/edusaas/edusaas/vendor/laravel/framework/src/Illuminate/Pipeline/Pipeline.php(127): Illuminate\\Pipeline\\Pipeline->{closure:{closure:Illuminate\\Pipeline\\Pipeline::carry():184}:185}()
#30 /home/yamojr/devyamo/edusaas/edusaas/vendor/laravel/framework/src/Illuminate/Routing/Router.php(807): Illuminate\\Pipeline\\Pipeline->then()
#31 /home/yamojr/devyamo/edusaas/edusaas/vendor/laravel/framework/src/Illuminate/Routing/Router.php(786): Illuminate\\Routing\\Router->runRouteWithinStack()
#32 /home/yamojr/devyamo/edusaas/edusaas/vendor/laravel/framework/src/Illuminate/Routing/Router.php(750): Illuminate\\Routing\\Router->runRoute()
#33 /home/yamojr/devyamo/edusaas/edusaas/vendor/laravel/framework/src/Illuminate/Routing/Router.php(739): Illuminate\\Routing\\Router->dispatchToRoute()
#34 /home/yamojr/devyamo/edusaas/edusaas/vendor/laravel/framework/src/Illuminate/Foundation/Http/Kernel.php(201): Illuminate\\Routing\\Router->dispatch()
#35 /home/yamojr/devyamo/edusaas/edusaas/vendor/laravel/framework/src/Illuminate/Pipeline/Pipeline.php(170): Illuminate\\Foundation\\Http\\Kernel->{closure:Illuminate\\Foundation\\Http\\Kernel::dispatchToRouter():198}()
#36 /home/yamojr/devyamo/edusaas/edusaas/vendor/laravel/framework/src/Illuminate/Foundation/Http/Middleware/TransformsRequest.php(21): Illuminate\\Pipeline\\Pipeline->{closure:Illuminate\\Pipeline\\Pipeline::prepareDestination():168}()
#37 /home/yamojr/devyamo/edusaas/edusaas/vendor/laravel/framework/src/Illuminate/Foundation/Http/Middleware/ConvertEmptyStringsToNull.php(31): Illuminate\\Foundation\\Http\\Middleware\\TransformsRequest->handle()
#38 /home/yamojr/devyamo/edusaas/edusaas/vendor/laravel/framework/src/Illuminate/Pipeline/Pipeline.php(209): Illuminate\\Foundation\\Http\\Middleware\\ConvertEmptyStringsToNull->handle()
#39 /home/yamojr/devyamo/edusaas/edusaas/vendor/laravel/framework/src/Illuminate/Foundation/Http/Middleware/TransformsRequest.php(21): Illuminate\\Pipeline\\Pipeline->{closure:{closure:Illuminate\\Pipeline\\Pipeline::carry():184}:185}()
#40 /home/yamojr/devyamo/edusaas/edusaas/vendor/laravel/framework/src/Illuminate/Foundation/Http/Middleware/TrimStrings.php(51): Illuminate\\Foundation\\Http\\Middleware\\TransformsRequest->handle()
#41 /home/yamojr/devyamo/edusaas/edusaas/vendor/laravel/framework/src/Illuminate/Pipeline/Pipeline.php(209): Illuminate\\Foundation\\Http\\Middleware\\TrimStrings->handle()
#42 /home/yamojr/devyamo/edusaas/edusaas/vendor/laravel/framework/src/Illuminate/Http/Middleware/ValidatePostSize.php(27): Illuminate\\Pipeline\\Pipeline->{closure:{closure:Illuminate\\Pipeline\\Pipeline::carry():184}:185}()
#43 /home/yamojr/devyamo/edusaas/edusaas/vendor/laravel/framework/src/Illuminate/Pipeline/Pipeline.php(209): Illuminate\\Http\\Middleware\\ValidatePostSize->handle()
#44 /home/yamojr/devyamo/edusaas/edusaas/vendor/laravel/framework/src/Illuminate/Foundation/Http/Middleware/PreventRequestsDuringMaintenance.php(110): Illuminate\\Pipeline\\Pipeline->{closure:{closure:Illuminate\\Pipeline\\Pipeline::carry():184}:185}()
#45 /home/yamojr/devyamo/edusaas/edusaas/vendor/laravel/framework/src/Illuminate/Pipeline/Pipeline.php(209): Illuminate\\Foundation\\Http\\Middleware\\PreventRequestsDuringMaintenance->handle()
#46 /home/yamojr/devyamo/edusaas/edusaas/vendor/laravel/framework/src/Illuminate/Http/Middleware/HandleCors.php(49): Illuminate\\Pipeline\\Pipeline->{closure:{closure:Illuminate\\Pipeline\\Pipeline::carry():184}:185}()
#47 /home/yamojr/devyamo/edusaas/edusaas/vendor/laravel/framework/src/Illuminate/Pipeline/Pipeline.php(209): Illuminate\\Http\\Middleware\\HandleCors->handle()
#48 /home/yamojr/devyamo/edusaas/edusaas/vendor/laravel/framework/src/Illuminate/Http/Middleware/TrustProxies.php(58): Illuminate\\Pipeline\\Pipeline->{closure:{closure:Illuminate\\Pipeline\\Pipeline::carry():184}:185}()
#49 /home/yamojr/devyamo/edusaas/edusaas/vendor/laravel/framework/src/Illuminate/Pipeline/Pipeline.php(209): Illuminate\\Http\\Middleware\\TrustProxies->handle()
#50 /home/yamojr/devyamo/edusaas/edusaas/vendor/laravel/framework/src/Illuminate/Foundation/Http/Middleware/InvokeDeferredCallbacks.php(22): Illuminate\\Pipeline\\Pipeline->{closure:{closure:Illuminate\\Pipeline\\Pipeline::carry():184}:185}()
#51 /home/yamojr/devyamo/edusaas/edusaas/vendor/laravel/framework/src/Illuminate/Pipeline/Pipeline.php(209): Illuminate\\Foundation\\Http\\Middleware\\InvokeDeferredCallbacks->handle()
#52 /home/yamojr/devyamo/edusaas/edusaas/vendor/laravel/framework/src/Illuminate/Pipeline/Pipeline.php(127): Illuminate\\Pipeline\\Pipeline->{closure:{closure:Illuminate\\Pipeline\\Pipeline::carry():184}:185}()
#53 /home/yamojr/devyamo/edusaas/edusaas/vendor/laravel/framework/src/Illuminate/Foundation/Http/Kernel.php(176): Illuminate\\Pipeline\\Pipeline->then()
#54 /home/yamojr/devyamo/edusaas/edusaas/vendor/laravel/framework/src/Illuminate/Foundation/Http/Kernel.php(145): Illuminate\\Foundation\\Http\\Kernel->sendRequestThroughRouter()
#55 /home/yamojr/devyamo/edusaas/edusaas/vendor/laravel/framework/src/Illuminate/Foundation/Application.php(1220): Illuminate\\Foundation\\Http\\Kernel->handle()
#56 /home/yamojr/devyamo/edusaas/edusaas/public/index.php(19): Illuminate\\Foundation\\Application->handleRequest()
#57 /home/yamojr/devyamo/edusaas/edusaas/vendor/laravel/framework/src/Illuminate/Foundation/resources/server.php(23): require_once('...')
#58 {main}
"} 
[2026-03-22 10:44:52] local.ERROR: Method App\Http\Controllers\Student\ResultController::resultsIndex does not exist. {"userId":6,"exception":"[object] (BadMethodCallException(code: 0): Method App\\Http\\Controllers\\Student\\ResultController::resultsIndex does not exist. at /home/yamojr/devyamo/edusaas/edusaas/vendor/laravel/framework/src/Illuminate/Routing/Controller.php:68)
[stacktrace]
#0 /home/yamojr/devyamo/edusaas/edusaas/vendor/laravel/framework/src/Illuminate/Routing/Controller.php(54): Illuminate\\Routing\\Controller->__call()
#1 /home/yamojr/devyamo/edusaas/edusaas/vendor/laravel/framework/src/Illuminate/Routing/ControllerDispatcher.php(44): Illuminate\\Routing\\Controller->callAction()
#2 /home/yamojr/devyamo/edusaas/edusaas/vendor/laravel/framework/src/Illuminate/Routing/Route.php(266): Illuminate\\Routing\\ControllerDispatcher->dispatch()
#3 /home/yamojr/devyamo/edusaas/edusaas/vendor/laravel/framework/src/Illuminate/Routing/Route.php(212): Illuminate\\Routing\\Route->runController()
#4 /home/yamojr/devyamo/edusaas/edusaas/vendor/laravel/framework/src/Illuminate/Routing/Router.php(808): Illuminate\\Routing\\Route->run()
#5 /home/yamojr/devyamo/edusaas/edusaas/vendor/laravel/framework/src/Illuminate/Pipeline/Pipeline.php(170): Illuminate\\Routing\\Router->{closure:Illuminate\\Routing\\Router::runRouteWithinStack():807}()
#6 /home/yamojr/devyamo/edusaas/edusaas/app/Http/Middleware/EnsureTenantAccess.php(26): Illuminate\\Pipeline\\Pipeline->{closure:Illuminate\\Pipeline\\Pipeline::prepareDestination():168}()
#7 /home/yamojr/devyamo/edusaas/edusaas/vendor/laravel/framework/src/Illuminate/Pipeline/Pipeline.php(209): App\\Http\\Middleware\\EnsureTenantAccess->handle()
#8 /home/yamojr/devyamo/edusaas/edusaas/vendor/spatie/laravel-permission/src/Middleware/RoleMiddleware.php(37): Illuminate\\Pipeline\\Pipeline->{closure:{closure:Illuminate\\Pipeline\\Pipeline::carry():184}:185}()
#9 /home/yamojr/devyamo/edusaas/edusaas/vendor/laravel/framework/src/Illuminate/Pipeline/Pipeline.php(209): Spatie\\Permission\\Middleware\\RoleMiddleware->handle()
#10 /home/yamojr/devyamo/edusaas/edusaas/app/Http/Middleware/IdentifyTenant.php(40): Illuminate\\Pipeline\\Pipeline->{closure:{closure:Illuminate\\Pipeline\\Pipeline::carry():184}:185}()
#11 /home/yamojr/devyamo/edusaas/edusaas/vendor/laravel/framework/src/Illuminate/Pipeline/Pipeline.php(209): App\\Http\\Middleware\\IdentifyTenant->handle()
#12 /home/yamojr/devyamo/edusaas/edusaas/vendor/inertiajs/inertia-laravel/src/Middleware.php(122): Illuminate\\Pipeline\\Pipeline->{closure:{closure:Illuminate\\Pipeline\\Pipeline::carry():184}:185}()
#13 /home/yamojr/devyamo/edusaas/edusaas/vendor/laravel/framework/src/Illuminate/Pipeline/Pipeline.php(209): Inertia\\Middleware->handle()
#14 /home/yamojr/devyamo/edusaas/edusaas/vendor/laravel/framework/src/Illuminate/Routing/Middleware/SubstituteBindings.php(51): Illuminate\\Pipeline\\Pipeline->{closure:{closure:Illuminate\\Pipeline\\Pipeline::carry():184}:185}()
#15 /home/yamojr/devyamo/edusaas/edusaas/vendor/laravel/framework/src/Illuminate/Pipeline/Pipeline.php(209): Illuminate\\Routing\\Middleware\\SubstituteBindings->handle()
#16 /home/yamojr/devyamo/edusaas/edusaas/vendor/laravel/framework/src/Illuminate/Auth/Middleware/Authenticate.php(64): Illuminate\\Pipeline\\Pipeline->{closure:{closure:Illuminate\\Pipeline\\Pipeline::carry():184}:185}()
#17 /home/yamojr/devyamo/edusaas/edusaas/vendor/laravel/framework/src/Illuminate/Pipeline/Pipeline.php(209): Illuminate\\Auth\\Middleware\\Authenticate->handle()
#18 /home/yamojr/devyamo/edusaas/edusaas/vendor/laravel/framework/src/Illuminate/Foundation/Http/Middleware/VerifyCsrfToken.php(88): Illuminate\\Pipeline\\Pipeline->{closure:{closure:Illuminate\\Pipeline\\Pipeline::carry():184}:185}()
#19 /home/yamojr/devyamo/edusaas/edusaas/vendor/laravel/framework/src/Illuminate/Pipeline/Pipeline.php(209): Illuminate\\Foundation\\Http\\Middleware\\VerifyCsrfToken->handle()
#20 /home/yamojr/devyamo/edusaas/edusaas/vendor/laravel/framework/src/Illuminate/View/Middleware/ShareErrorsFromSession.php(49): Illuminate\\Pipeline\\Pipeline->{closure:{closure:Illuminate\\Pipeline\\Pipeline::carry():184}:185}()
#21 /home/yamojr/devyamo/edusaas/edusaas/vendor/laravel/framework/src/Illuminate/Pipeline/Pipeline.php(209): Illuminate\\View\\Middleware\\ShareErrorsFromSession->handle()
#22 /home/yamojr/devyamo/edusaas/edusaas/vendor/laravel/framework/src/Illuminate/Session/Middleware/StartSession.php(121): Illuminate\\Pipeline\\Pipeline->{closure:{closure:Illuminate\\Pipeline\\Pipeline::carry():184}:185}()
#23 /home/yamojr/devyamo/edusaas/edusaas/vendor/laravel/framework/src/Illuminate/Session/Middleware/StartSession.php(64): Illuminate\\Session\\Middleware\\StartSession->handleStatefulRequest()
#24 /home/yamojr/devyamo/edusaas/edusaas/vendor/laravel/framework/src/Illuminate/Pipeline/Pipeline.php(209): Illuminate\\Session\\Middleware\\StartSession->handle()
#25 /home/yamojr/devyamo/edusaas/edusaas/vendor/laravel/framework/src/Illuminate/Cookie/Middleware/AddQueuedCookiesToResponse.php(37): Illuminate\\Pipeline\\Pipeline->{closure:{closure:Illuminate\\Pipeline\\Pipeline::carry():184}:185}()
#26 /home/yamojr/devyamo/edusaas/edusaas/vendor/laravel/framework/src/Illuminate/Pipeline/Pipeline.php(209): Illuminate\\Cookie\\Middleware\\AddQueuedCookiesToResponse->handle()
#27 /home/yamojr/devyamo/edusaas/edusaas/vendor/laravel/framework/src/Illuminate/Cookie/Middleware/EncryptCookies.php(75): Illuminate\\Pipeline\\Pipeline->{closure:{closure:Illuminate\\Pipeline\\Pipeline::carry():184}:185}()
#28 /home/yamojr/devyamo/edusaas/edusaas/vendor/laravel/framework/src/Illuminate/Pipeline/Pipeline.php(209): Illuminate\\Cookie\\Middleware\\EncryptCookies->handle()
#29 /home/yamojr/devyamo/edusaas/edusaas/vendor/laravel/framework/src/Illuminate/Pipeline/Pipeline.php(127): Illuminate\\Pipeline\\Pipeline->{closure:{closure:Illuminate\\Pipeline\\Pipeline::carry():184}:185}()
#30 /home/yamojr/devyamo/edusaas/edusaas/vendor/laravel/framework/src/Illuminate/Routing/Router.php(807): Illuminate\\Pipeline\\Pipeline->then()
#31 /home/yamojr/devyamo/edusaas/edusaas/vendor/laravel/framework/src/Illuminate/Routing/Router.php(786): Illuminate\\Routing\\Router->runRouteWithinStack()
#32 /home/yamojr/devyamo/edusaas/edusaas/vendor/laravel/framework/src/Illuminate/Routing/Router.php(750): Illuminate\\Routing\\Router->runRoute()
#33 /home/yamojr/devyamo/edusaas/edusaas/vendor/laravel/framework/src/Illuminate/Routing/Router.php(739): Illuminate\\Routing\\Router->dispatchToRoute()
#34 /home/yamojr/devyamo/edusaas/edusaas/vendor/laravel/framework/src/Illuminate/Foundation/Http/Kernel.php(201): Illuminate\\Routing\\Router->dispatch()
#35 /home/yamojr/devyamo/edusaas/edusaas/vendor/laravel/framework/src/Illuminate/Pipeline/Pipeline.php(170): Illuminate\\Foundation\\Http\\Kernel->{closure:Illuminate\\Foundation\\Http\\Kernel::dispatchToRouter():198}()
#36 /home/yamojr/devyamo/edusaas/edusaas/vendor/laravel/framework/src/Illuminate/Foundation/Http/Middleware/TransformsRequest.php(21): Illuminate\\Pipeline\\Pipeline->{closure:Illuminate\\Pipeline\\Pipeline::prepareDestination():168}()
#37 /home/yamojr/devyamo/edusaas/edusaas/vendor/laravel/framework/src/Illuminate/Foundation/Http/Middleware/ConvertEmptyStringsToNull.php(31): Illuminate\\Foundation\\Http\\Middleware\\TransformsRequest->handle()
#38 /home/yamojr/devyamo/edusaas/edusaas/vendor/laravel/framework/src/Illuminate/Pipeline/Pipeline.php(209): Illuminate\\Foundation\\Http\\Middleware\\ConvertEmptyStringsToNull->handle()
#39 /home/yamojr/devyamo/edusaas/edusaas/vendor/laravel/framework/src/Illuminate/Foundation/Http/Middleware/TransformsRequest.php(21): Illuminate\\Pipeline\\Pipeline->{closure:{closure:Illuminate\\Pipeline\\Pipeline::carry():184}:185}()
#40 /home/yamojr/devyamo/edusaas/edusaas/vendor/laravel/framework/src/Illuminate/Foundation/Http/Middleware/TrimStrings.php(51): Illuminate\\Foundation\\Http\\Middleware\\TransformsRequest->handle()
#41 /home/yamojr/devyamo/edusaas/edusaas/vendor/laravel/framework/src/Illuminate/Pipeline/Pipeline.php(209): Illuminate\\Foundation\\Http\\Middleware\\TrimStrings->handle()
#42 /home/yamojr/devyamo/edusaas/edusaas/vendor/laravel/framework/src/Illuminate/Http/Middleware/ValidatePostSize.php(27): Illuminate\\Pipeline\\Pipeline->{closure:{closure:Illuminate\\Pipeline\\Pipeline::carry():184}:185}()
#43 /home/yamojr/devyamo/edusaas/edusaas/vendor/laravel/framework/src/Illuminate/Pipeline/Pipeline.php(209): Illuminate\\Http\\Middleware\\ValidatePostSize->handle()
#44 /home/yamojr/devyamo/edusaas/edusaas/vendor/laravel/framework/src/Illuminate/Foundation/Http/Middleware/PreventRequestsDuringMaintenance.php(110): Illuminate\\Pipeline\\Pipeline->{closure:{closure:Illuminate\\Pipeline\\Pipeline::carry():184}:185}()
#45 /home/yamojr/devyamo/edusaas/edusaas/vendor/laravel/framework/src/Illuminate/Pipeline/Pipeline.php(209): Illuminate\\Foundation\\Http\\Middleware\\PreventRequestsDuringMaintenance->handle()
#46 /home/yamojr/devyamo/edusaas/edusaas/vendor/laravel/framework/src/Illuminate/Http/Middleware/HandleCors.php(49): Illuminate\\Pipeline\\Pipeline->{closure:{closure:Illuminate\\Pipeline\\Pipeline::carry():184}:185}()
#47 /home/yamojr/devyamo/edusaas/edusaas/vendor/laravel/framework/src/Illuminate/Pipeline/Pipeline.php(209): Illuminate\\Http\\Middleware\\HandleCors->handle()
#48 /home/yamojr/devyamo/edusaas/edusaas/vendor/laravel/framework/src/Illuminate/Http/Middleware/TrustProxies.php(58): Illuminate\\Pipeline\\Pipeline->{closure:{closure:Illuminate\\Pipeline\\Pipeline::carry():184}:185}()
#49 /home/yamojr/devyamo/edusaas/edusaas/vendor/laravel/framework/src/Illuminate/Pipeline/Pipeline.php(209): Illuminate\\Http\\Middleware\\TrustProxies->handle()
#50 /home/yamojr/devyamo/edusaas/edusaas/vendor/laravel/framework/src/Illuminate/Foundation/Http/Middleware/InvokeDeferredCallbacks.php(22): Illuminate\\Pipeline\\Pipeline->{closure:{closure:Illuminate\\Pipeline\\Pipeline::carry():184}:185}()
#51 /home/yamojr/devyamo/edusaas/edusaas/vendor/laravel/framework/src/Illuminate/Pipeline/Pipeline.php(209): Illuminate\\Foundation\\Http\\Middleware\\InvokeDeferredCallbacks->handle()
#52 /home/yamojr/devyamo/edusaas/edusaas/vendor/laravel/framework/src/Illuminate/Pipeline/Pipeline.php(127): Illuminate\\Pipeline\\Pipeline->{closure:{closure:Illuminate\\Pipeline\\Pipeline::carry():184}:185}()
#53 /home/yamojr/devyamo/edusaas/edusaas/vendor/laravel/framework/src/Illuminate/Foundation/Http/Kernel.php(176): Illuminate\\Pipeline\\Pipeline->then()
#54 /home/yamojr/devyamo/edusaas/edusaas/vendor/laravel/framework/src/Illuminate/Foundation/Http/Kernel.php(145): Illuminate\\Foundation\\Http\\Kernel->sendRequestThroughRouter()
#55 /home/yamojr/devyamo/edusaas/edusaas/vendor/laravel/framework/src/Illuminate/Foundation/Application.php(1220): Illuminate\\Foundation\\Http\\Kernel->handle()
#56 /home/yamojr/devyamo/edusaas/edusaas/public/index.php(19): Illuminate\\Foundation\\Application->handleRequest()
#57 /home/yamojr/devyamo/edusaas/edusaas/vendor/laravel/framework/src/Illuminate/Foundation/resources/server.php(23): require_once('...')
#58 {main}
"} 
[2026-03-22 11:33:52] local.ERROR: Method App\Http\Controllers\School\TeacherController::create does not exist. {"userId":4,"exception":"[object] (BadMethodCallException(code: 0): Method App\\Http\\Controllers\\School\\TeacherController::create does not exist. at /home/yamojr/devyamo/edusaas/edusaas/vendor/laravel/framework/src/Illuminate/Routing/Controller.php:68)
[stacktrace]
#0 /home/yamojr/devyamo/edusaas/edusaas/vendor/laravel/framework/src/Illuminate/Routing/Controller.php(54): Illuminate\\Routing\\Controller->__call()
#1 /home/yamojr/devyamo/edusaas/edusaas/vendor/laravel/framework/src/Illuminate/Routing/ControllerDispatcher.php(44): Illuminate\\Routing\\Controller->callAction()
#2 /home/yamojr/devyamo/edusaas/edusaas/vendor/laravel/framework/src/Illuminate/Routing/Route.php(266): Illuminate\\Routing\\ControllerDispatcher->dispatch()
#3 /home/yamojr/devyamo/edusaas/edusaas/vendor/laravel/framework/src/Illuminate/Routing/Route.php(212): Illuminate\\Routing\\Route->runController()
#4 /home/yamojr/devyamo/edusaas/edusaas/vendor/laravel/framework/src/Illuminate/Routing/Router.php(808): Illuminate\\Routing\\Route->run()
#5 /home/yamojr/devyamo/edusaas/edusaas/vendor/laravel/framework/src/Illuminate/Pipeline/Pipeline.php(170): Illuminate\\Routing\\Router->{closure:Illuminate\\Routing\\Router::runRouteWithinStack():807}()
#6 /home/yamojr/devyamo/edusaas/edusaas/app/Http/Middleware/EnsureTenantAccess.php(26): Illuminate\\Pipeline\\Pipeline->{closure:Illuminate\\Pipeline\\Pipeline::prepareDestination():168}()
#7 /home/yamojr/devyamo/edusaas/edusaas/vendor/laravel/framework/src/Illuminate/Pipeline/Pipeline.php(209): App\\Http\\Middleware\\EnsureTenantAccess->handle()
#8 /home/yamojr/devyamo/edusaas/edusaas/vendor/spatie/laravel-permission/src/Middleware/RoleMiddleware.php(37): Illuminate\\Pipeline\\Pipeline->{closure:{closure:Illuminate\\Pipeline\\Pipeline::carry():184}:185}()
#9 /home/yamojr/devyamo/edusaas/edusaas/vendor/laravel/framework/src/Illuminate/Pipeline/Pipeline.php(209): Spatie\\Permission\\Middleware\\RoleMiddleware->handle()
#10 /home/yamojr/devyamo/edusaas/edusaas/app/Http/Middleware/IdentifyTenant.php(40): Illuminate\\Pipeline\\Pipeline->{closure:{closure:Illuminate\\Pipeline\\Pipeline::carry():184}:185}()
#11 /home/yamojr/devyamo/edusaas/edusaas/vendor/laravel/framework/src/Illuminate/Pipeline/Pipeline.php(209): App\\Http\\Middleware\\IdentifyTenant->handle()
#12 /home/yamojr/devyamo/edusaas/edusaas/vendor/inertiajs/inertia-laravel/src/Middleware.php(122): Illuminate\\Pipeline\\Pipeline->{closure:{closure:Illuminate\\Pipeline\\Pipeline::carry():184}:185}()
#13 /home/yamojr/devyamo/edusaas/edusaas/vendor/laravel/framework/src/Illuminate/Pipeline/Pipeline.php(209): Inertia\\Middleware->handle()
#14 /home/yamojr/devyamo/edusaas/edusaas/vendor/laravel/framework/src/Illuminate/Routing/Middleware/SubstituteBindings.php(51): Illuminate\\Pipeline\\Pipeline->{closure:{closure:Illuminate\\Pipeline\\Pipeline::carry():184}:185}()
#15 /home/yamojr/devyamo/edusaas/edusaas/vendor/laravel/framework/src/Illuminate/Pipeline/Pipeline.php(209): Illuminate\\Routing\\Middleware\\SubstituteBindings->handle()
#16 /home/yamojr/devyamo/edusaas/edusaas/vendor/laravel/framework/src/Illuminate/Auth/Middleware/Authenticate.php(64): Illuminate\\Pipeline\\Pipeline->{closure:{closure:Illuminate\\Pipeline\\Pipeline::carry():184}:185}()
#17 /home/yamojr/devyamo/edusaas/edusaas/vendor/laravel/framework/src/Illuminate/Pipeline/Pipeline.php(209): Illuminate\\Auth\\Middleware\\Authenticate->handle()
#18 /home/yamojr/devyamo/edusaas/edusaas/vendor/laravel/framework/src/Illuminate/Foundation/Http/Middleware/VerifyCsrfToken.php(88): Illuminate\\Pipeline\\Pipeline->{closure:{closure:Illuminate\\Pipeline\\Pipeline::carry():184}:185}()
#19 /home/yamojr/devyamo/edusaas/edusaas/vendor/laravel/framework/src/Illuminate/Pipeline/Pipeline.php(209): Illuminate\\Foundation\\Http\\Middleware\\VerifyCsrfToken->handle()
#20 /home/yamojr/devyamo/edusaas/edusaas/vendor/laravel/framework/src/Illuminate/View/Middleware/ShareErrorsFromSession.php(49): Illuminate\\Pipeline\\Pipeline->{closure:{closure:Illuminate\\Pipeline\\Pipeline::carry():184}:185}()
#21 /home/yamojr/devyamo/edusaas/edusaas/vendor/laravel/framework/src/Illuminate/Pipeline/Pipeline.php(209): Illuminate\\View\\Middleware\\ShareErrorsFromSession->handle()
#22 /home/yamojr/devyamo/edusaas/edusaas/vendor/laravel/framework/src/Illuminate/Session/Middleware/StartSession.php(121): Illuminate\\Pipeline\\Pipeline->{closure:{closure:Illuminate\\Pipeline\\Pipeline::carry():184}:185}()
#23 /home/yamojr/devyamo/edusaas/edusaas/vendor/laravel/framework/src/Illuminate/Session/Middleware/StartSession.php(64): Illuminate\\Session\\Middleware\\StartSession->handleStatefulRequest()
#24 /home/yamojr/devyamo/edusaas/edusaas/vendor/laravel/framework/src/Illuminate/Pipeline/Pipeline.php(209): Illuminate\\Session\\Middleware\\StartSession->handle()
#25 /home/yamojr/devyamo/edusaas/edusaas/vendor/laravel/framework/src/Illuminate/Cookie/Middleware/AddQueuedCookiesToResponse.php(37): Illuminate\\Pipeline\\Pipeline->{closure:{closure:Illuminate\\Pipeline\\Pipeline::carry():184}:185}()
#26 /home/yamojr/devyamo/edusaas/edusaas/vendor/laravel/framework/src/Illuminate/Pipeline/Pipeline.php(209): Illuminate\\Cookie\\Middleware\\AddQueuedCookiesToResponse->handle()
#27 /home/yamojr/devyamo/edusaas/edusaas/vendor/laravel/framework/src/Illuminate/Cookie/Middleware/EncryptCookies.php(75): Illuminate\\Pipeline\\Pipeline->{closure:{closure:Illuminate\\Pipeline\\Pipeline::carry():184}:185}()
#28 /home/yamojr/devyamo/edusaas/edusaas/vendor/laravel/framework/src/Illuminate/Pipeline/Pipeline.php(209): Illuminate\\Cookie\\Middleware\\EncryptCookies->handle()
#29 /home/yamojr/devyamo/edusaas/edusaas/vendor/laravel/framework/src/Illuminate/Pipeline/Pipeline.php(127): Illuminate\\Pipeline\\Pipeline->{closure:{closure:Illuminate\\Pipeline\\Pipeline::carry():184}:185}()
#30 /home/yamojr/devyamo/edusaas/edusaas/vendor/laravel/framework/src/Illuminate/Routing/Router.php(807): Illuminate\\Pipeline\\Pipeline->then()
#31 /home/yamojr/devyamo/edusaas/edusaas/vendor/laravel/framework/src/Illuminate/Routing/Router.php(786): Illuminate\\Routing\\Router->runRouteWithinStack()
#32 /home/yamojr/devyamo/edusaas/edusaas/vendor/laravel/framework/src/Illuminate/Routing/Router.php(750): Illuminate\\Routing\\Router->runRoute()
#33 /home/yamojr/devyamo/edusaas/edusaas/vendor/laravel/framework/src/Illuminate/Routing/Router.php(739): Illuminate\\Routing\\Router->dispatchToRoute()
#34 /home/yamojr/devyamo/edusaas/edusaas/vendor/laravel/framework/src/Illuminate/Foundation/Http/Kernel.php(201): Illuminate\\Routing\\Router->dispatch()
#35 /home/yamojr/devyamo/edusaas/edusaas/vendor/laravel/framework/src/Illuminate/Pipeline/Pipeline.php(170): Illuminate\\Foundation\\Http\\Kernel->{closure:Illuminate\\Foundation\\Http\\Kernel::dispatchToRouter():198}()
#36 /home/yamojr/devyamo/edusaas/edusaas/vendor/laravel/framework/src/Illuminate/Foundation/Http/Middleware/TransformsRequest.php(21): Illuminate\\Pipeline\\Pipeline->{closure:Illuminate\\Pipeline\\Pipeline::prepareDestination():168}()
#37 /home/yamojr/devyamo/edusaas/edusaas/vendor/laravel/framework/src/Illuminate/Foundation/Http/Middleware/ConvertEmptyStringsToNull.php(31): Illuminate\\Foundation\\Http\\Middleware\\TransformsRequest->handle()
#38 /home/yamojr/devyamo/edusaas/edusaas/vendor/laravel/framework/src/Illuminate/Pipeline/Pipeline.php(209): Illuminate\\Foundation\\Http\\Middleware\\ConvertEmptyStringsToNull->handle()
#39 /home/yamojr/devyamo/edusaas/edusaas/vendor/laravel/framework/src/Illuminate/Foundation/Http/Middleware/TransformsRequest.php(21): Illuminate\\Pipeline\\Pipeline->{closure:{closure:Illuminate\\Pipeline\\Pipeline::carry():184}:185}()
#40 /home/yamojr/devyamo/edusaas/edusaas/vendor/laravel/framework/src/Illuminate/Foundation/Http/Middleware/TrimStrings.php(51): Illuminate\\Foundation\\Http\\Middleware\\TransformsRequest->handle()
#41 /home/yamojr/devyamo/edusaas/edusaas/vendor/laravel/framework/src/Illuminate/Pipeline/Pipeline.php(209): Illuminate\\Foundation\\Http\\Middleware\\TrimStrings->handle()
#42 /home/yamojr/devyamo/edusaas/edusaas/vendor/laravel/framework/src/Illuminate/Http/Middleware/ValidatePostSize.php(27): Illuminate\\Pipeline\\Pipeline->{closure:{closure:Illuminate\\Pipeline\\Pipeline::carry():184}:185}()
#43 /home/yamojr/devyamo/edusaas/edusaas/vendor/laravel/framework/src/Illuminate/Pipeline/Pipeline.php(209): Illuminate\\Http\\Middleware\\ValidatePostSize->handle()
#44 /home/yamojr/devyamo/edusaas/edusaas/vendor/laravel/framework/src/Illuminate/Foundation/Http/Middleware/PreventRequestsDuringMaintenance.php(110): Illuminate\\Pipeline\\Pipeline->{closure:{closure:Illuminate\\Pipeline\\Pipeline::carry():184}:185}()
#45 /home/yamojr/devyamo/edusaas/edusaas/vendor/laravel/framework/src/Illuminate/Pipeline/Pipeline.php(209): Illuminate\\Foundation\\Http\\Middleware\\PreventRequestsDuringMaintenance->handle()
#46 /home/yamojr/devyamo/edusaas/edusaas/vendor/laravel/framework/src/Illuminate/Http/Middleware/HandleCors.php(49): Illuminate\\Pipeline\\Pipeline->{closure:{closure:Illuminate\\Pipeline\\Pipeline::carry():184}:185}()
#47 /home/yamojr/devyamo/edusaas/edusaas/vendor/laravel/framework/src/Illuminate/Pipeline/Pipeline.php(209): Illuminate\\Http\\Middleware\\HandleCors->handle()
#48 /home/yamojr/devyamo/edusaas/edusaas/vendor/laravel/framework/src/Illuminate/Http/Middleware/TrustProxies.php(58): Illuminate\\Pipeline\\Pipeline->{closure:{closure:Illuminate\\Pipeline\\Pipeline::carry():184}:185}()
#49 /home/yamojr/devyamo/edusaas/edusaas/vendor/laravel/framework/src/Illuminate/Pipeline/Pipeline.php(209): Illuminate\\Http\\Middleware\\TrustProxies->handle()
#50 /home/yamojr/devyamo/edusaas/edusaas/vendor/laravel/framework/src/Illuminate/Foundation/Http/Middleware/InvokeDeferredCallbacks.php(22): Illuminate\\Pipeline\\Pipeline->{closure:{closure:Illuminate\\Pipeline\\Pipeline::carry():184}:185}()
#51 /home/yamojr/devyamo/edusaas/edusaas/vendor/laravel/framework/src/Illuminate/Pipeline/Pipeline.php(209): Illuminate\\Foundation\\Http\\Middleware\\InvokeDeferredCallbacks->handle()
#52 /home/yamojr/devyamo/edusaas/edusaas/vendor/laravel/framework/src/Illuminate/Pipeline/Pipeline.php(127): Illuminate\\Pipeline\\Pipeline->{closure:{closure:Illuminate\\Pipeline\\Pipeline::carry():184}:185}()
#53 /home/yamojr/devyamo/edusaas/edusaas/vendor/laravel/framework/src/Illuminate/Foundation/Http/Kernel.php(176): Illuminate\\Pipeline\\Pipeline->then()
#54 /home/yamojr/devyamo/edusaas/edusaas/vendor/laravel/framework/src/Illuminate/Foundation/Http/Kernel.php(145): Illuminate\\Foundation\\Http\\Kernel->sendRequestThroughRouter()
#55 /home/yamojr/devyamo/edusaas/edusaas/vendor/laravel/framework/src/Illuminate/Foundation/Application.php(1220): Illuminate\\Foundation\\Http\\Kernel->handle()
#56 /home/yamojr/devyamo/edusaas/edusaas/public/index.php(19): Illuminate\\Foundation\\Application->handleRequest()
#57 /home/yamojr/devyamo/edusaas/edusaas/vendor/laravel/framework/src/Illuminate/Foundation/resources/server.php(23): require_once('...')
#58 {main}
"} 
[2026-03-22 11:34:22] local.ERROR: Method App\Http\Controllers\School\TeacherController::create does not exist. {"userId":4,"exception":"[object] (BadMethodCallException(code: 0): Method App\\Http\\Controllers\\School\\TeacherController::create does not exist. at /home/yamojr/devyamo/edusaas/edusaas/vendor/laravel/framework/src/Illuminate/Routing/Controller.php:68)
[stacktrace]
#0 /home/yamojr/devyamo/edusaas/edusaas/vendor/laravel/framework/src/Illuminate/Routing/Controller.php(54): Illuminate\\Routing\\Controller->__call()
#1 /home/yamojr/devyamo/edusaas/edusaas/vendor/laravel/framework/src/Illuminate/Routing/ControllerDispatcher.php(44): Illuminate\\Routing\\Controller->callAction()
#2 /home/yamojr/devyamo/edusaas/edusaas/vendor/laravel/framework/src/Illuminate/Routing/Route.php(266): Illuminate\\Routing\\ControllerDispatcher->dispatch()
#3 /home/yamojr/devyamo/edusaas/edusaas/vendor/laravel/framework/src/Illuminate/Routing/Route.php(212): Illuminate\\Routing\\Route->runController()
#4 /home/yamojr/devyamo/edusaas/edusaas/vendor/laravel/framework/src/Illuminate/Routing/Router.php(808): Illuminate\\Routing\\Route->run()
#5 /home/yamojr/devyamo/edusaas/edusaas/vendor/laravel/framework/src/Illuminate/Pipeline/Pipeline.php(170): Illuminate\\Routing\\Router->{closure:Illuminate\\Routing\\Router::runRouteWithinStack():807}()
#6 /home/yamojr/devyamo/edusaas/edusaas/app/Http/Middleware/EnsureTenantAccess.php(26): Illuminate\\Pipeline\\Pipeline->{closure:Illuminate\\Pipeline\\Pipeline::prepareDestination():168}()
#7 /home/yamojr/devyamo/edusaas/edusaas/vendor/laravel/framework/src/Illuminate/Pipeline/Pipeline.php(209): App\\Http\\Middleware\\EnsureTenantAccess->handle()
#8 /home/yamojr/devyamo/edusaas/edusaas/vendor/spatie/laravel-permission/src/Middleware/RoleMiddleware.php(37): Illuminate\\Pipeline\\Pipeline->{closure:{closure:Illuminate\\Pipeline\\Pipeline::carry():184}:185}()
#9 /home/yamojr/devyamo/edusaas/edusaas/vendor/laravel/framework/src/Illuminate/Pipeline/Pipeline.php(209): Spatie\\Permission\\Middleware\\RoleMiddleware->handle()
#10 /home/yamojr/devyamo/edusaas/edusaas/app/Http/Middleware/IdentifyTenant.php(40): Illuminate\\Pipeline\\Pipeline->{closure:{closure:Illuminate\\Pipeline\\Pipeline::carry():184}:185}()
#11 /home/yamojr/devyamo/edusaas/edusaas/vendor/laravel/framework/src/Illuminate/Pipeline/Pipeline.php(209): App\\Http\\Middleware\\IdentifyTenant->handle()
#12 /home/yamojr/devyamo/edusaas/edusaas/vendor/inertiajs/inertia-laravel/src/Middleware.php(122): Illuminate\\Pipeline\\Pipeline->{closure:{closure:Illuminate\\Pipeline\\Pipeline::carry():184}:185}()
#13 /home/yamojr/devyamo/edusaas/edusaas/vendor/laravel/framework/src/Illuminate/Pipeline/Pipeline.php(209): Inertia\\Middleware->handle()
#14 /home/yamojr/devyamo/edusaas/edusaas/vendor/laravel/framework/src/Illuminate/Routing/Middleware/SubstituteBindings.php(51): Illuminate\\Pipeline\\Pipeline->{closure:{closure:Illuminate\\Pipeline\\Pipeline::carry():184}:185}()
#15 /home/yamojr/devyamo/edusaas/edusaas/vendor/laravel/framework/src/Illuminate/Pipeline/Pipeline.php(209): Illuminate\\Routing\\Middleware\\SubstituteBindings->handle()
#16 /home/yamojr/devyamo/edusaas/edusaas/vendor/laravel/framework/src/Illuminate/Auth/Middleware/Authenticate.php(64): Illuminate\\Pipeline\\Pipeline->{closure:{closure:Illuminate\\Pipeline\\Pipeline::carry():184}:185}()
#17 /home/yamojr/devyamo/edusaas/edusaas/vendor/laravel/framework/src/Illuminate/Pipeline/Pipeline.php(209): Illuminate\\Auth\\Middleware\\Authenticate->handle()
#18 /home/yamojr/devyamo/edusaas/edusaas/vendor/laravel/framework/src/Illuminate/Foundation/Http/Middleware/VerifyCsrfToken.php(88): Illuminate\\Pipeline\\Pipeline->{closure:{closure:Illuminate\\Pipeline\\Pipeline::carry():184}:185}()
#19 /home/yamojr/devyamo/edusaas/edusaas/vendor/laravel/framework/src/Illuminate/Pipeline/Pipeline.php(209): Illuminate\\Foundation\\Http\\Middleware\\VerifyCsrfToken->handle()
#20 /home/yamojr/devyamo/edusaas/edusaas/vendor/laravel/framework/src/Illuminate/View/Middleware/ShareErrorsFromSession.php(49): Illuminate\\Pipeline\\Pipeline->{closure:{closure:Illuminate\\Pipeline\\Pipeline::carry():184}:185}()
#21 /home/yamojr/devyamo/edusaas/edusaas/vendor/laravel/framework/src/Illuminate/Pipeline/Pipeline.php(209): Illuminate\\View\\Middleware\\ShareErrorsFromSession->handle()
#22 /home/yamojr/devyamo/edusaas/edusaas/vendor/laravel/framework/src/Illuminate/Session/Middleware/StartSession.php(121): Illuminate\\Pipeline\\Pipeline->{closure:{closure:Illuminate\\Pipeline\\Pipeline::carry():184}:185}()
#23 /home/yamojr/devyamo/edusaas/edusaas/vendor/laravel/framework/src/Illuminate/Session/Middleware/StartSession.php(64): Illuminate\\Session\\Middleware\\StartSession->handleStatefulRequest()
#24 /home/yamojr/devyamo/edusaas/edusaas/vendor/laravel/framework/src/Illuminate/Pipeline/Pipeline.php(209): Illuminate\\Session\\Middleware\\StartSession->handle()
#25 /home/yamojr/devyamo/edusaas/edusaas/vendor/laravel/framework/src/Illuminate/Cookie/Middleware/AddQueuedCookiesToResponse.php(37): Illuminate\\Pipeline\\Pipeline->{closure:{closure:Illuminate\\Pipeline\\Pipeline::carry():184}:185}()
#26 /home/yamojr/devyamo/edusaas/edusaas/vendor/laravel/framework/src/Illuminate/Pipeline/Pipeline.php(209): Illuminate\\Cookie\\Middleware\\AddQueuedCookiesToResponse->handle()
#27 /home/yamojr/devyamo/edusaas/edusaas/vendor/laravel/framework/src/Illuminate/Cookie/Middleware/EncryptCookies.php(75): Illuminate\\Pipeline\\Pipeline->{closure:{closure:Illuminate\\Pipeline\\Pipeline::carry():184}:185}()
#28 /home/yamojr/devyamo/edusaas/edusaas/vendor/laravel/framework/src/Illuminate/Pipeline/Pipeline.php(209): Illuminate\\Cookie\\Middleware\\EncryptCookies->handle()
#29 /home/yamojr/devyamo/edusaas/edusaas/vendor/laravel/framework/src/Illuminate/Pipeline/Pipeline.php(127): Illuminate\\Pipeline\\Pipeline->{closure:{closure:Illuminate\\Pipeline\\Pipeline::carry():184}:185}()
#30 /home/yamojr/devyamo/edusaas/edusaas/vendor/laravel/framework/src/Illuminate/Routing/Router.php(807): Illuminate\\Pipeline\\Pipeline->then()
#31 /home/yamojr/devyamo/edusaas/edusaas/vendor/laravel/framework/src/Illuminate/Routing/Router.php(786): Illuminate\\Routing\\Router->runRouteWithinStack()
#32 /home/yamojr/devyamo/edusaas/edusaas/vendor/laravel/framework/src/Illuminate/Routing/Router.php(750): Illuminate\\Routing\\Router->runRoute()
#33 /home/yamojr/devyamo/edusaas/edusaas/vendor/laravel/framework/src/Illuminate/Routing/Router.php(739): Illuminate\\Routing\\Router->dispatchToRoute()
#34 /home/yamojr/devyamo/edusaas/edusaas/vendor/laravel/framework/src/Illuminate/Foundation/Http/Kernel.php(201): Illuminate\\Routing\\Router->dispatch()
#35 /home/yamojr/devyamo/edusaas/edusaas/vendor/laravel/framework/src/Illuminate/Pipeline/Pipeline.php(170): Illuminate\\Foundation\\Http\\Kernel->{closure:Illuminate\\Foundation\\Http\\Kernel::dispatchToRouter():198}()
#36 /home/yamojr/devyamo/edusaas/edusaas/vendor/laravel/framework/src/Illuminate/Foundation/Http/Middleware/TransformsRequest.php(21): Illuminate\\Pipeline\\Pipeline->{closure:Illuminate\\Pipeline\\Pipeline::prepareDestination():168}()
#37 /home/yamojr/devyamo/edusaas/edusaas/vendor/laravel/framework/src/Illuminate/Foundation/Http/Middleware/ConvertEmptyStringsToNull.php(31): Illuminate\\Foundation\\Http\\Middleware\\TransformsRequest->handle()
#38 /home/yamojr/devyamo/edusaas/edusaas/vendor/laravel/framework/src/Illuminate/Pipeline/Pipeline.php(209): Illuminate\\Foundation\\Http\\Middleware\\ConvertEmptyStringsToNull->handle()
#39 /home/yamojr/devyamo/edusaas/edusaas/vendor/laravel/framework/src/Illuminate/Foundation/Http/Middleware/TransformsRequest.php(21): Illuminate\\Pipeline\\Pipeline->{closure:{closure:Illuminate\\Pipeline\\Pipeline::carry():184}:185}()
#40 /home/yamojr/devyamo/edusaas/edusaas/vendor/laravel/framework/src/Illuminate/Foundation/Http/Middleware/TrimStrings.php(51): Illuminate\\Foundation\\Http\\Middleware\\TransformsRequest->handle()
#41 /home/yamojr/devyamo/edusaas/edusaas/vendor/laravel/framework/src/Illuminate/Pipeline/Pipeline.php(209): Illuminate\\Foundation\\Http\\Middleware\\TrimStrings->handle()
#42 /home/yamojr/devyamo/edusaas/edusaas/vendor/laravel/framework/src/Illuminate/Http/Middleware/ValidatePostSize.php(27): Illuminate\\Pipeline\\Pipeline->{closure:{closure:Illuminate\\Pipeline\\Pipeline::carry():184}:185}()
#43 /home/yamojr/devyamo/edusaas/edusaas/vendor/laravel/framework/src/Illuminate/Pipeline/Pipeline.php(209): Illuminate\\Http\\Middleware\\ValidatePostSize->handle()
#44 /home/yamojr/devyamo/edusaas/edusaas/vendor/laravel/framework/src/Illuminate/Foundation/Http/Middleware/PreventRequestsDuringMaintenance.php(110): Illuminate\\Pipeline\\Pipeline->{closure:{closure:Illuminate\\Pipeline\\Pipeline::carry():184}:185}()
#45 /home/yamojr/devyamo/edusaas/edusaas/vendor/laravel/framework/src/Illuminate/Pipeline/Pipeline.php(209): Illuminate\\Foundation\\Http\\Middleware\\PreventRequestsDuringMaintenance->handle()
#46 /home/yamojr/devyamo/edusaas/edusaas/vendor/laravel/framework/src/Illuminate/Http/Middleware/HandleCors.php(49): Illuminate\\Pipeline\\Pipeline->{closure:{closure:Illuminate\\Pipeline\\Pipeline::carry():184}:185}()
#47 /home/yamojr/devyamo/edusaas/edusaas/vendor/laravel/framework/src/Illuminate/Pipeline/Pipeline.php(209): Illuminate\\Http\\Middleware\\HandleCors->handle()
#48 /home/yamojr/devyamo/edusaas/edusaas/vendor/laravel/framework/src/Illuminate/Http/Middleware/TrustProxies.php(58): Illuminate\\Pipeline\\Pipeline->{closure:{closure:Illuminate\\Pipeline\\Pipeline::carry():184}:185}()
#49 /home/yamojr/devyamo/edusaas/edusaas/vendor/laravel/framework/src/Illuminate/Pipeline/Pipeline.php(209): Illuminate\\Http\\Middleware\\TrustProxies->handle()
#50 /home/yamojr/devyamo/edusaas/edusaas/vendor/laravel/framework/src/Illuminate/Foundation/Http/Middleware/InvokeDeferredCallbacks.php(22): Illuminate\\Pipeline\\Pipeline->{closure:{closure:Illuminate\\Pipeline\\Pipeline::carry():184}:185}()
#51 /home/yamojr/devyamo/edusaas/edusaas/vendor/laravel/framework/src/Illuminate/Pipeline/Pipeline.php(209): Illuminate\\Foundation\\Http\\Middleware\\InvokeDeferredCallbacks->handle()
#52 /home/yamojr/devyamo/edusaas/edusaas/vendor/laravel/framework/src/Illuminate/Pipeline/Pipeline.php(127): Illuminate\\Pipeline\\Pipeline->{closure:{closure:Illuminate\\Pipeline\\Pipeline::carry():184}:185}()
#53 /home/yamojr/devyamo/edusaas/edusaas/vendor/laravel/framework/src/Illuminate/Foundation/Http/Kernel.php(176): Illuminate\\Pipeline\\Pipeline->then()
#54 /home/yamojr/devyamo/edusaas/edusaas/vendor/laravel/framework/src/Illuminate/Foundation/Http/Kernel.php(145): Illuminate\\Foundation\\Http\\Kernel->sendRequestThroughRouter()
#55 /home/yamojr/devyamo/edusaas/edusaas/vendor/laravel/framework/src/Illuminate/Foundation/Application.php(1220): Illuminate\\Foundation\\Http\\Kernel->handle()
#56 /home/yamojr/devyamo/edusaas/edusaas/public/index.php(19): Illuminate\\Foundation\\Application->handleRequest()
#57 /home/yamojr/devyamo/edusaas/edusaas/vendor/laravel/framework/src/Illuminate/Foundation/resources/server.php(23): require_once('...')
#58 {main}
"} 
[2026-03-22 11:36:36] local.ERROR: Class "App\Http\Requests\School\StoreFeeRequest" does not exist {"userId":4,"exception":"[object] (ReflectionException(code: -1): Class \"App\\Http\\Requests\\School\\StoreFeeRequest\" does not exist at /home/yamojr/devyamo/edusaas/edusaas/vendor/laravel/framework/src/Illuminate/Routing/ResolvesRouteDependencies.php:88)
[stacktrace]
#0 /home/yamojr/devyamo/edusaas/edusaas/vendor/laravel/framework/src/Illuminate/Routing/ResolvesRouteDependencies.php(88): ReflectionClass->__construct()
#1 /home/yamojr/devyamo/edusaas/edusaas/vendor/laravel/framework/src/Illuminate/Routing/ResolvesRouteDependencies.php(51): Illuminate\\Routing\\ControllerDispatcher->transformDependency()
#2 /home/yamojr/devyamo/edusaas/edusaas/vendor/laravel/framework/src/Illuminate/Routing/ResolvesRouteDependencies.php(30): Illuminate\\Routing\\ControllerDispatcher->resolveMethodDependencies()
#3 /home/yamojr/devyamo/edusaas/edusaas/vendor/laravel/framework/src/Illuminate/Routing/ControllerDispatcher.php(60): Illuminate\\Routing\\ControllerDispatcher->resolveClassMethodDependencies()
#4 /home/yamojr/devyamo/edusaas/edusaas/vendor/laravel/framework/src/Illuminate/Routing/ControllerDispatcher.php(41): Illuminate\\Routing\\ControllerDispatcher->resolveParameters()
#5 /home/yamojr/devyamo/edusaas/edusaas/vendor/laravel/framework/src/Illuminate/Routing/Route.php(266): Illuminate\\Routing\\ControllerDispatcher->dispatch()
#6 /home/yamojr/devyamo/edusaas/edusaas/vendor/laravel/framework/src/Illuminate/Routing/Route.php(212): Illuminate\\Routing\\Route->runController()
#7 /home/yamojr/devyamo/edusaas/edusaas/vendor/laravel/framework/src/Illuminate/Routing/Router.php(808): Illuminate\\Routing\\Route->run()
#8 /home/yamojr/devyamo/edusaas/edusaas/vendor/laravel/framework/src/Illuminate/Pipeline/Pipeline.php(170): Illuminate\\Routing\\Router->{closure:Illuminate\\Routing\\Router::runRouteWithinStack():807}()
#9 /home/yamojr/devyamo/edusaas/edusaas/app/Http/Middleware/EnsureTenantAccess.php(26): Illuminate\\Pipeline\\Pipeline->{closure:Illuminate\\Pipeline\\Pipeline::prepareDestination():168}()
#10 /home/yamojr/devyamo/edusaas/edusaas/vendor/laravel/framework/src/Illuminate/Pipeline/Pipeline.php(209): App\\Http\\Middleware\\EnsureTenantAccess->handle()
#11 /home/yamojr/devyamo/edusaas/edusaas/vendor/spatie/laravel-permission/src/Middleware/RoleMiddleware.php(37): Illuminate\\Pipeline\\Pipeline->{closure:{closure:Illuminate\\Pipeline\\Pipeline::carry():184}:185}()
#12 /home/yamojr/devyamo/edusaas/edusaas/vendor/laravel/framework/src/Illuminate/Pipeline/Pipeline.php(209): Spatie\\Permission\\Middleware\\RoleMiddleware->handle()
#13 /home/yamojr/devyamo/edusaas/edusaas/app/Http/Middleware/IdentifyTenant.php(40): Illuminate\\Pipeline\\Pipeline->{closure:{closure:Illuminate\\Pipeline\\Pipeline::carry():184}:185}()
#14 /home/yamojr/devyamo/edusaas/edusaas/vendor/laravel/framework/src/Illuminate/Pipeline/Pipeline.php(209): App\\Http\\Middleware\\IdentifyTenant->handle()
#15 /home/yamojr/devyamo/edusaas/edusaas/vendor/inertiajs/inertia-laravel/src/Middleware.php(122): Illuminate\\Pipeline\\Pipeline->{closure:{closure:Illuminate\\Pipeline\\Pipeline::carry():184}:185}()
#16 /home/yamojr/devyamo/edusaas/edusaas/vendor/laravel/framework/src/Illuminate/Pipeline/Pipeline.php(209): Inertia\\Middleware->handle()
#17 /home/yamojr/devyamo/edusaas/edusaas/vendor/laravel/framework/src/Illuminate/Routing/Middleware/SubstituteBindings.php(51): Illuminate\\Pipeline\\Pipeline->{closure:{closure:Illuminate\\Pipeline\\Pipeline::carry():184}:185}()
#18 /home/yamojr/devyamo/edusaas/edusaas/vendor/laravel/framework/src/Illuminate/Pipeline/Pipeline.php(209): Illuminate\\Routing\\Middleware\\SubstituteBindings->handle()
#19 /home/yamojr/devyamo/edusaas/edusaas/vendor/laravel/framework/src/Illuminate/Auth/Middleware/Authenticate.php(64): Illuminate\\Pipeline\\Pipeline->{closure:{closure:Illuminate\\Pipeline\\Pipeline::carry():184}:185}()
#20 /home/yamojr/devyamo/edusaas/edusaas/vendor/laravel/framework/src/Illuminate/Pipeline/Pipeline.php(209): Illuminate\\Auth\\Middleware\\Authenticate->handle()
#21 /home/yamojr/devyamo/edusaas/edusaas/vendor/laravel/framework/src/Illuminate/Foundation/Http/Middleware/VerifyCsrfToken.php(88): Illuminate\\Pipeline\\Pipeline->{closure:{closure:Illuminate\\Pipeline\\Pipeline::carry():184}:185}()
#22 /home/yamojr/devyamo/edusaas/edusaas/vendor/laravel/framework/src/Illuminate/Pipeline/Pipeline.php(209): Illuminate\\Foundation\\Http\\Middleware\\VerifyCsrfToken->handle()
#23 /home/yamojr/devyamo/edusaas/edusaas/vendor/laravel/framework/src/Illuminate/View/Middleware/ShareErrorsFromSession.php(49): Illuminate\\Pipeline\\Pipeline->{closure:{closure:Illuminate\\Pipeline\\Pipeline::carry():184}:185}()
#24 /home/yamojr/devyamo/edusaas/edusaas/vendor/laravel/framework/src/Illuminate/Pipeline/Pipeline.php(209): Illuminate\\View\\Middleware\\ShareErrorsFromSession->handle()
#25 /home/yamojr/devyamo/edusaas/edusaas/vendor/laravel/framework/src/Illuminate/Session/Middleware/StartSession.php(121): Illuminate\\Pipeline\\Pipeline->{closure:{closure:Illuminate\\Pipeline\\Pipeline::carry():184}:185}()
#26 /home/yamojr/devyamo/edusaas/edusaas/vendor/laravel/framework/src/Illuminate/Session/Middleware/StartSession.php(64): Illuminate\\Session\\Middleware\\StartSession->handleStatefulRequest()
#27 /home/yamojr/devyamo/edusaas/edusaas/vendor/laravel/framework/src/Illuminate/Pipeline/Pipeline.php(209): Illuminate\\Session\\Middleware\\StartSession->handle()
#28 /home/yamojr/devyamo/edusaas/edusaas/vendor/laravel/framework/src/Illuminate/Cookie/Middleware/AddQueuedCookiesToResponse.php(37): Illuminate\\Pipeline\\Pipeline->{closure:{closure:Illuminate\\Pipeline\\Pipeline::carry():184}:185}()
#29 /home/yamojr/devyamo/edusaas/edusaas/vendor/laravel/framework/src/Illuminate/Pipeline/Pipeline.php(209): Illuminate\\Cookie\\Middleware\\AddQueuedCookiesToResponse->handle()
#30 /home/yamojr/devyamo/edusaas/edusaas/vendor/laravel/framework/src/Illuminate/Cookie/Middleware/EncryptCookies.php(75): Illuminate\\Pipeline\\Pipeline->{closure:{closure:Illuminate\\Pipeline\\Pipeline::carry():184}:185}()
#31 /home/yamojr/devyamo/edusaas/edusaas/vendor/laravel/framework/src/Illuminate/Pipeline/Pipeline.php(209): Illuminate\\Cookie\\Middleware\\EncryptCookies->handle()
#32 /home/yamojr/devyamo/edusaas/edusaas/vendor/laravel/framework/src/Illuminate/Pipeline/Pipeline.php(127): Illuminate\\Pipeline\\Pipeline->{closure:{closure:Illuminate\\Pipeline\\Pipeline::carry():184}:185}()
#33 /home/yamojr/devyamo/edusaas/edusaas/vendor/laravel/framework/src/Illuminate/Routing/Router.php(807): Illuminate\\Pipeline\\Pipeline->then()
#34 /home/yamojr/devyamo/edusaas/edusaas/vendor/laravel/framework/src/Illuminate/Routing/Router.php(786): Illuminate\\Routing\\Router->runRouteWithinStack()
#35 /home/yamojr/devyamo/edusaas/edusaas/vendor/laravel/framework/src/Illuminate/Routing/Router.php(750): Illuminate\\Routing\\Router->runRoute()
#36 /home/yamojr/devyamo/edusaas/edusaas/vendor/laravel/framework/src/Illuminate/Routing/Router.php(739): Illuminate\\Routing\\Router->dispatchToRoute()
#37 /home/yamojr/devyamo/edusaas/edusaas/vendor/laravel/framework/src/Illuminate/Foundation/Http/Kernel.php(201): Illuminate\\Routing\\Router->dispatch()
#38 /home/yamojr/devyamo/edusaas/edusaas/vendor/laravel/framework/src/Illuminate/Pipeline/Pipeline.php(170): Illuminate\\Foundation\\Http\\Kernel->{closure:Illuminate\\Foundation\\Http\\Kernel::dispatchToRouter():198}()
#39 /home/yamojr/devyamo/edusaas/edusaas/vendor/laravel/framework/src/Illuminate/Foundation/Http/Middleware/TransformsRequest.php(21): Illuminate\\Pipeline\\Pipeline->{closure:Illuminate\\Pipeline\\Pipeline::prepareDestination():168}()
#40 /home/yamojr/devyamo/edusaas/edusaas/vendor/laravel/framework/src/Illuminate/Foundation/Http/Middleware/ConvertEmptyStringsToNull.php(31): Illuminate\\Foundation\\Http\\Middleware\\TransformsRequest->handle()
#41 /home/yamojr/devyamo/edusaas/edusaas/vendor/laravel/framework/src/Illuminate/Pipeline/Pipeline.php(209): Illuminate\\Foundation\\Http\\Middleware\\ConvertEmptyStringsToNull->handle()
#42 /home/yamojr/devyamo/edusaas/edusaas/vendor/laravel/framework/src/Illuminate/Foundation/Http/Middleware/TransformsRequest.php(21): Illuminate\\Pipeline\\Pipeline->{closure:{closure:Illuminate\\Pipeline\\Pipeline::carry():184}:185}()
#43 /home/yamojr/devyamo/edusaas/edusaas/vendor/laravel/framework/src/Illuminate/Foundation/Http/Middleware/TrimStrings.php(51): Illuminate\\Foundation\\Http\\Middleware\\TransformsRequest->handle()
#44 /home/yamojr/devyamo/edusaas/edusaas/vendor/laravel/framework/src/Illuminate/Pipeline/Pipeline.php(209): Illuminate\\Foundation\\Http\\Middleware\\TrimStrings->handle()
#45 /home/yamojr/devyamo/edusaas/edusaas/vendor/laravel/framework/src/Illuminate/Http/Middleware/ValidatePostSize.php(27): Illuminate\\Pipeline\\Pipeline->{closure:{closure:Illuminate\\Pipeline\\Pipeline::carry():184}:185}()
#46 /home/yamojr/devyamo/edusaas/edusaas/vendor/laravel/framework/src/Illuminate/Pipeline/Pipeline.php(209): Illuminate\\Http\\Middleware\\ValidatePostSize->handle()
#47 /home/yamojr/devyamo/edusaas/edusaas/vendor/laravel/framework/src/Illuminate/Foundation/Http/Middleware/PreventRequestsDuringMaintenance.php(110): Illuminate\\Pipeline\\Pipeline->{closure:{closure:Illuminate\\Pipeline\\Pipeline::carry():184}:185}()
#48 /home/yamojr/devyamo/edusaas/edusaas/vendor/laravel/framework/src/Illuminate/Pipeline/Pipeline.php(209): Illuminate\\Foundation\\Http\\Middleware\\PreventRequestsDuringMaintenance->handle()
#49 /home/yamojr/devyamo/edusaas/edusaas/vendor/laravel/framework/src/Illuminate/Http/Middleware/HandleCors.php(49): Illuminate\\Pipeline\\Pipeline->{closure:{closure:Illuminate\\Pipeline\\Pipeline::carry():184}:185}()
#50 /home/yamojr/devyamo/edusaas/edusaas/vendor/laravel/framework/src/Illuminate/Pipeline/Pipeline.php(209): Illuminate\\Http\\Middleware\\HandleCors->handle()
#51 /home/yamojr/devyamo/edusaas/edusaas/vendor/laravel/framework/src/Illuminate/Http/Middleware/TrustProxies.php(58): Illuminate\\Pipeline\\Pipeline->{closure:{closure:Illuminate\\Pipeline\\Pipeline::carry():184}:185}()
#52 /home/yamojr/devyamo/edusaas/edusaas/vendor/laravel/framework/src/Illuminate/Pipeline/Pipeline.php(209): Illuminate\\Http\\Middleware\\TrustProxies->handle()
#53 /home/yamojr/devyamo/edusaas/edusaas/vendor/laravel/framework/src/Illuminate/Foundation/Http/Middleware/InvokeDeferredCallbacks.php(22): Illuminate\\Pipeline\\Pipeline->{closure:{closure:Illuminate\\Pipeline\\Pipeline::carry():184}:185}()
#54 /home/yamojr/devyamo/edusaas/edusaas/vendor/laravel/framework/src/Illuminate/Pipeline/Pipeline.php(209): Illuminate\\Foundation\\Http\\Middleware\\InvokeDeferredCallbacks->handle()
#55 /home/yamojr/devyamo/edusaas/edusaas/vendor/laravel/framework/src/Illuminate/Pipeline/Pipeline.php(127): Illuminate\\Pipeline\\Pipeline->{closure:{closure:Illuminate\\Pipeline\\Pipeline::carry():184}:185}()
#56 /home/yamojr/devyamo/edusaas/edusaas/vendor/laravel/framework/src/Illuminate/Foundation/Http/Kernel.php(176): Illuminate\\Pipeline\\Pipeline->then()
#57 /home/yamojr/devyamo/edusaas/edusaas/vendor/laravel/framework/src/Illuminate/Foundation/Http/Kernel.php(145): Illuminate\\Foundation\\Http\\Kernel->sendRequestThroughRouter()
#58 /home/yamojr/devyamo/edusaas/edusaas/vendor/laravel/framework/src/Illuminate/Foundation/Application.php(1220): Illuminate\\Foundation\\Http\\Kernel->handle()
#59 /home/yamojr/devyamo/edusaas/edusaas/public/index.php(19): Illuminate\\Foundation\\Application->handleRequest()
#60 /home/yamojr/devyamo/edusaas/edusaas/vendor/laravel/framework/src/Illuminate/Foundation/resources/server.php(23): require_once('...')
#61 {main}
"} 
