[2026-05-20 06:25:34] local.ERROR: syntax error, unexpected token "->" {"exception":"[object] (ParseError(code: 0): syntax error, unexpected token \"->\" at /home/yamojr/devyamo/SchoolofNursing/edusaas/app/Http/Controllers/Student/PaymentController.php:131)
[stacktrace]
#0 /home/yamojr/devyamo/SchoolofNursing/edusaas/vendor/composer/ClassLoader.php(427): {closure:Composer\\Autoload\\ClassLoader::initializeIncludeClosure():575}()
#1 [internal function]: Composer\\Autoload\\ClassLoader->loadClass()
#2 /home/yamojr/devyamo/SchoolofNursing/edusaas/vendor/laravel/framework/src/Illuminate/Routing/RouteSignatureParameters.php(46): method_exists()
#3 /home/yamojr/devyamo/SchoolofNursing/edusaas/vendor/laravel/framework/src/Illuminate/Routing/RouteSignatureParameters.php(26): Illuminate\\Routing\\RouteSignatureParameters::fromClassMethodString()
#4 /home/yamojr/devyamo/SchoolofNursing/edusaas/vendor/laravel/framework/src/Illuminate/Routing/Route.php(544): Illuminate\\Routing\\RouteSignatureParameters::fromAction()
#5 /home/yamojr/devyamo/SchoolofNursing/edusaas/vendor/tightenco/ziggy/src/Ziggy.php(173): Illuminate\\Routing\\Route->signatureParameters()
#6 /home/yamojr/devyamo/SchoolofNursing/edusaas/vendor/tightenco/ziggy/src/Ziggy.php(122): Tighten\\Ziggy\\Ziggy->resolveBindings()
#7 /home/yamojr/devyamo/SchoolofNursing/edusaas/vendor/tightenco/ziggy/src/Ziggy.php(32): Tighten\\Ziggy\\Ziggy->nameKeyedRoutes()
#8 /home/yamojr/devyamo/SchoolofNursing/edusaas/app/Http/Middleware/HandleInertiaRequests.php(65): Tighten\\Ziggy\\Ziggy->__construct()
#9 /home/yamojr/devyamo/SchoolofNursing/edusaas/vendor/laravel/framework/src/Illuminate/Container/BoundMethod.php(36): App\\Http\\Middleware\\HandleInertiaRequests->{closure:App\\Http\\Middleware\\HandleInertiaRequests::share():65}()
#10 /home/yamojr/devyamo/SchoolofNursing/edusaas/vendor/laravel/framework/src/Illuminate/Container/Util.php(43): Illuminate\\Container\\BoundMethod::{closure:Illuminate\\Container\\BoundMethod::call():35}()
#11 /home/yamojr/devyamo/SchoolofNursing/edusaas/vendor/laravel/framework/src/Illuminate/Container/BoundMethod.php(83): Illuminate\\Container\\Util::unwrapIfClosure()
#12 /home/yamojr/devyamo/SchoolofNursing/edusaas/vendor/laravel/framework/src/Illuminate/Container/BoundMethod.php(35): Illuminate\\Container\\BoundMethod::callBoundMethod()
#13 /home/yamojr/devyamo/SchoolofNursing/edusaas/vendor/laravel/framework/src/Illuminate/Container/Container.php(696): Illuminate\\Container\\BoundMethod::call()
#14 /home/yamojr/devyamo/SchoolofNursing/edusaas/vendor/laravel/framework/src/Illuminate/Support/Facades/Facade.php(361): Illuminate\\Container\\Container->call()
#15 /home/yamojr/devyamo/SchoolofNursing/edusaas/vendor/inertiajs/inertia-laravel/src/Response.php(348): Illuminate\\Support\\Facades\\Facade::__callStatic()
#16 /home/yamojr/devyamo/SchoolofNursing/edusaas/vendor/inertiajs/inertia-laravel/src/Response.php(232): Inertia\\Response->resolveArrayableProperties()
#17 /home/yamojr/devyamo/SchoolofNursing/edusaas/vendor/inertiajs/inertia-laravel/src/Response.php(196): Inertia\\Response->resolveProperties()
#18 /home/yamojr/devyamo/SchoolofNursing/edusaas/vendor/laravel/framework/src/Illuminate/Routing/Router.php(902): Inertia\\Response->toResponse()
#19 /home/yamojr/devyamo/SchoolofNursing/edusaas/vendor/laravel/framework/src/Illuminate/Routing/Router.php(887): Illuminate\\Routing\\Router::toResponse()
#20 /home/yamojr/devyamo/SchoolofNursing/edusaas/vendor/laravel/framework/src/Illuminate/Routing/Router.php(807): Illuminate\\Routing\\Router->prepareResponse()
#21 /home/yamojr/devyamo/SchoolofNursing/edusaas/vendor/laravel/framework/src/Illuminate/Pipeline/Pipeline.php(170): Illuminate\\Routing\\Router->{closure:Illuminate\\Routing\\Router::runRouteWithinStack():807}()
#22 /home/yamojr/devyamo/SchoolofNursing/edusaas/app/Http/Middleware/IdentifyTenant.php(39): Illuminate\\Pipeline\\Pipeline->{closure:Illuminate\\Pipeline\\Pipeline::prepareDestination():168}()
#23 /home/yamojr/devyamo/SchoolofNursing/edusaas/vendor/laravel/framework/src/Illuminate/Pipeline/Pipeline.php(209): App\\Http\\Middleware\\IdentifyTenant->handle()
#24 /home/yamojr/devyamo/SchoolofNursing/edusaas/vendor/inertiajs/inertia-laravel/src/Middleware.php(122): Illuminate\\Pipeline\\Pipeline->{closure:{closure:Illuminate\\Pipeline\\Pipeline::carry():184}:185}()
#25 /home/yamojr/devyamo/SchoolofNursing/edusaas/vendor/laravel/framework/src/Illuminate/Pipeline/Pipeline.php(209): Inertia\\Middleware->handle()
#26 /home/yamojr/devyamo/SchoolofNursing/edusaas/vendor/laravel/framework/src/Illuminate/Routing/Middleware/SubstituteBindings.php(51): Illuminate\\Pipeline\\Pipeline->{closure:{closure:Illuminate\\Pipeline\\Pipeline::carry():184}:185}()
#27 /home/yamojr/devyamo/SchoolofNursing/edusaas/vendor/laravel/framework/src/Illuminate/Pipeline/Pipeline.php(209): Illuminate\\Routing\\Middleware\\SubstituteBindings->handle()
#28 /home/yamojr/devyamo/SchoolofNursing/edusaas/vendor/laravel/framework/src/Illuminate/Foundation/Http/Middleware/VerifyCsrfToken.php(88): Illuminate\\Pipeline\\Pipeline->{closure:{closure:Illuminate\\Pipeline\\Pipeline::carry():184}:185}()
#29 /home/yamojr/devyamo/SchoolofNursing/edusaas/vendor/laravel/framework/src/Illuminate/Pipeline/Pipeline.php(209): Illuminate\\Foundation\\Http\\Middleware\\VerifyCsrfToken->handle()
#30 /home/yamojr/devyamo/SchoolofNursing/edusaas/vendor/laravel/framework/src/Illuminate/View/Middleware/ShareErrorsFromSession.php(49): Illuminate\\Pipeline\\Pipeline->{closure:{closure:Illuminate\\Pipeline\\Pipeline::carry():184}:185}()
#31 /home/yamojr/devyamo/SchoolofNursing/edusaas/vendor/laravel/framework/src/Illuminate/Pipeline/Pipeline.php(209): Illuminate\\View\\Middleware\\ShareErrorsFromSession->handle()
#32 /home/yamojr/devyamo/SchoolofNursing/edusaas/vendor/laravel/framework/src/Illuminate/Session/Middleware/StartSession.php(121): Illuminate\\Pipeline\\Pipeline->{closure:{closure:Illuminate\\Pipeline\\Pipeline::carry():184}:185}()
#33 /home/yamojr/devyamo/SchoolofNursing/edusaas/vendor/laravel/framework/src/Illuminate/Session/Middleware/StartSession.php(64): Illuminate\\Session\\Middleware\\StartSession->handleStatefulRequest()
#34 /home/yamojr/devyamo/SchoolofNursing/edusaas/vendor/laravel/framework/src/Illuminate/Pipeline/Pipeline.php(209): Illuminate\\Session\\Middleware\\StartSession->handle()
#35 /home/yamojr/devyamo/SchoolofNursing/edusaas/vendor/laravel/framework/src/Illuminate/Cookie/Middleware/AddQueuedCookiesToResponse.php(37): Illuminate\\Pipeline\\Pipeline->{closure:{closure:Illuminate\\Pipeline\\Pipeline::carry():184}:185}()
#36 /home/yamojr/devyamo/SchoolofNursing/edusaas/vendor/laravel/framework/src/Illuminate/Pipeline/Pipeline.php(209): Illuminate\\Cookie\\Middleware\\AddQueuedCookiesToResponse->handle()
#37 /home/yamojr/devyamo/SchoolofNursing/edusaas/vendor/laravel/framework/src/Illuminate/Cookie/Middleware/EncryptCookies.php(75): Illuminate\\Pipeline\\Pipeline->{closure:{closure:Illuminate\\Pipeline\\Pipeline::carry():184}:185}()
#38 /home/yamojr/devyamo/SchoolofNursing/edusaas/vendor/laravel/framework/src/Illuminate/Pipeline/Pipeline.php(209): Illuminate\\Cookie\\Middleware\\EncryptCookies->handle()
#39 /home/yamojr/devyamo/SchoolofNursing/edusaas/vendor/laravel/framework/src/Illuminate/Pipeline/Pipeline.php(127): Illuminate\\Pipeline\\Pipeline->{closure:{closure:Illuminate\\Pipeline\\Pipeline::carry():184}:185}()
#40 /home/yamojr/devyamo/SchoolofNursing/edusaas/vendor/laravel/framework/src/Illuminate/Routing/Router.php(807): Illuminate\\Pipeline\\Pipeline->then()
#41 /home/yamojr/devyamo/SchoolofNursing/edusaas/vendor/laravel/framework/src/Illuminate/Routing/Router.php(786): Illuminate\\Routing\\Router->runRouteWithinStack()
#42 /home/yamojr/devyamo/SchoolofNursing/edusaas/vendor/laravel/framework/src/Illuminate/Routing/Router.php(750): Illuminate\\Routing\\Router->runRoute()
#43 /home/yamojr/devyamo/SchoolofNursing/edusaas/vendor/laravel/framework/src/Illuminate/Routing/Router.php(739): Illuminate\\Routing\\Router->dispatchToRoute()
#44 /home/yamojr/devyamo/SchoolofNursing/edusaas/vendor/laravel/framework/src/Illuminate/Foundation/Http/Kernel.php(201): Illuminate\\Routing\\Router->dispatch()
#45 /home/yamojr/devyamo/SchoolofNursing/edusaas/vendor/laravel/framework/src/Illuminate/Pipeline/Pipeline.php(170): Illuminate\\Foundation\\Http\\Kernel->{closure:Illuminate\\Foundation\\Http\\Kernel::dispatchToRouter():198}()
#46 /home/yamojr/devyamo/SchoolofNursing/edusaas/vendor/laravel/framework/src/Illuminate/Foundation/Http/Middleware/TransformsRequest.php(21): Illuminate\\Pipeline\\Pipeline->{closure:Illuminate\\Pipeline\\Pipeline::prepareDestination():168}()
#47 /home/yamojr/devyamo/SchoolofNursing/edusaas/vendor/laravel/framework/src/Illuminate/Foundation/Http/Middleware/ConvertEmptyStringsToNull.php(31): Illuminate\\Foundation\\Http\\Middleware\\TransformsRequest->handle()
#48 /home/yamojr/devyamo/SchoolofNursing/edusaas/vendor/laravel/framework/src/Illuminate/Pipeline/Pipeline.php(209): Illuminate\\Foundation\\Http\\Middleware\\ConvertEmptyStringsToNull->handle()
#49 /home/yamojr/devyamo/SchoolofNursing/edusaas/vendor/laravel/framework/src/Illuminate/Foundation/Http/Middleware/TransformsRequest.php(21): Illuminate\\Pipeline\\Pipeline->{closure:{closure:Illuminate\\Pipeline\\Pipeline::carry():184}:185}()
#50 /home/yamojr/devyamo/SchoolofNursing/edusaas/vendor/laravel/framework/src/Illuminate/Foundation/Http/Middleware/TrimStrings.php(51): Illuminate\\Foundation\\Http\\Middleware\\TransformsRequest->handle()
#51 /home/yamojr/devyamo/SchoolofNursing/edusaas/vendor/laravel/framework/src/Illuminate/Pipeline/Pipeline.php(209): Illuminate\\Foundation\\Http\\Middleware\\TrimStrings->handle()
#52 /home/yamojr/devyamo/SchoolofNursing/edusaas/vendor/laravel/framework/src/Illuminate/Http/Middleware/ValidatePostSize.php(27): Illuminate\\Pipeline\\Pipeline->{closure:{closure:Illuminate\\Pipeline\\Pipeline::carry():184}:185}()
#53 /home/yamojr/devyamo/SchoolofNursing/edusaas/vendor/laravel/framework/src/Illuminate/Pipeline/Pipeline.php(209): Illuminate\\Http\\Middleware\\ValidatePostSize->handle()
#54 /home/yamojr/devyamo/SchoolofNursing/edusaas/vendor/laravel/framework/src/Illuminate/Foundation/Http/Middleware/PreventRequestsDuringMaintenance.php(110): Illuminate\\Pipeline\\Pipeline->{closure:{closure:Illuminate\\Pipeline\\Pipeline::carry():184}:185}()
#55 /home/yamojr/devyamo/SchoolofNursing/edusaas/vendor/laravel/framework/src/Illuminate/Pipeline/Pipeline.php(209): Illuminate\\Foundation\\Http\\Middleware\\PreventRequestsDuringMaintenance->handle()
#56 /home/yamojr/devyamo/SchoolofNursing/edusaas/vendor/laravel/framework/src/Illuminate/Http/Middleware/HandleCors.php(49): Illuminate\\Pipeline\\Pipeline->{closure:{closure:Illuminate\\Pipeline\\Pipeline::carry():184}:185}()
#57 /home/yamojr/devyamo/SchoolofNursing/edusaas/vendor/laravel/framework/src/Illuminate/Pipeline/Pipeline.php(209): Illuminate\\Http\\Middleware\\HandleCors->handle()
#58 /home/yamojr/devyamo/SchoolofNursing/edusaas/vendor/laravel/framework/src/Illuminate/Http/Middleware/TrustProxies.php(58): Illuminate\\Pipeline\\Pipeline->{closure:{closure:Illuminate\\Pipeline\\Pipeline::carry():184}:185}()
#59 /home/yamojr/devyamo/SchoolofNursing/edusaas/vendor/laravel/framework/src/Illuminate/Pipeline/Pipeline.php(209): Illuminate\\Http\\Middleware\\TrustProxies->handle()
#60 /home/yamojr/devyamo/SchoolofNursing/edusaas/vendor/laravel/framework/src/Illuminate/Foundation/Http/Middleware/InvokeDeferredCallbacks.php(22): Illuminate\\Pipeline\\Pipeline->{closure:{closure:Illuminate\\Pipeline\\Pipeline::carry():184}:185}()
#61 /home/yamojr/devyamo/SchoolofNursing/edusaas/vendor/laravel/framework/src/Illuminate/Pipeline/Pipeline.php(209): Illuminate\\Foundation\\Http\\Middleware\\InvokeDeferredCallbacks->handle()
#62 /home/yamojr/devyamo/SchoolofNursing/edusaas/vendor/laravel/framework/src/Illuminate/Pipeline/Pipeline.php(127): Illuminate\\Pipeline\\Pipeline->{closure:{closure:Illuminate\\Pipeline\\Pipeline::carry():184}:185}()
#63 /home/yamojr/devyamo/SchoolofNursing/edusaas/vendor/laravel/framework/src/Illuminate/Foundation/Http/Kernel.php(176): Illuminate\\Pipeline\\Pipeline->then()
#64 /home/yamojr/devyamo/SchoolofNursing/edusaas/vendor/laravel/framework/src/Illuminate/Foundation/Http/Kernel.php(145): Illuminate\\Foundation\\Http\\Kernel->sendRequestThroughRouter()
#65 /home/yamojr/devyamo/SchoolofNursing/edusaas/vendor/laravel/framework/src/Illuminate/Foundation/Application.php(1220): Illuminate\\Foundation\\Http\\Kernel->handle()
#66 /home/yamojr/devyamo/SchoolofNursing/edusaas/public/index.php(19): Illuminate\\Foundation\\Application->handleRequest()
#67 /home/yamojr/devyamo/SchoolofNursing/edusaas/vendor/laravel/framework/src/Illuminate/Foundation/resources/server.php(23): require_once('...')
#68 {main}
"} 
[2026-05-20 06:25:34] local.ERROR: syntax error, unexpected token "->" {"exception":"[object] (ParseError(code: 0): syntax error, unexpected token \"->\" at /home/yamojr/devyamo/SchoolofNursing/edusaas/app/Http/Controllers/Student/PaymentController.php:131)
[stacktrace]
#0 /home/yamojr/devyamo/SchoolofNursing/edusaas/vendor/composer/ClassLoader.php(427): {closure:Composer\\Autoload\\ClassLoader::initializeIncludeClosure():575}()
#1 [internal function]: Composer\\Autoload\\ClassLoader->loadClass()
#2 /home/yamojr/devyamo/SchoolofNursing/edusaas/vendor/laravel/framework/src/Illuminate/Routing/RouteSignatureParameters.php(46): method_exists()
#3 /home/yamojr/devyamo/SchoolofNursing/edusaas/vendor/laravel/framework/src/Illuminate/Routing/RouteSignatureParameters.php(26): Illuminate\\Routing\\RouteSignatureParameters::fromClassMethodString()
#4 /home/yamojr/devyamo/SchoolofNursing/edusaas/vendor/laravel/framework/src/Illuminate/Routing/Route.php(544): Illuminate\\Routing\\RouteSignatureParameters::fromAction()
#5 /home/yamojr/devyamo/SchoolofNursing/edusaas/vendor/tightenco/ziggy/src/Ziggy.php(173): Illuminate\\Routing\\Route->signatureParameters()
#6 /home/yamojr/devyamo/SchoolofNursing/edusaas/vendor/tightenco/ziggy/src/Ziggy.php(122): Tighten\\Ziggy\\Ziggy->resolveBindings()
#7 /home/yamojr/devyamo/SchoolofNursing/edusaas/vendor/tightenco/ziggy/src/Ziggy.php(32): Tighten\\Ziggy\\Ziggy->nameKeyedRoutes()
#8 /home/yamojr/devyamo/SchoolofNursing/edusaas/app/Http/Middleware/HandleInertiaRequests.php(65): Tighten\\Ziggy\\Ziggy->__construct()
#9 /home/yamojr/devyamo/SchoolofNursing/edusaas/vendor/laravel/framework/src/Illuminate/Container/BoundMethod.php(36): App\\Http\\Middleware\\HandleInertiaRequests->{closure:App\\Http\\Middleware\\HandleInertiaRequests::share():65}()
#10 /home/yamojr/devyamo/SchoolofNursing/edusaas/vendor/laravel/framework/src/Illuminate/Container/Util.php(43): Illuminate\\Container\\BoundMethod::{closure:Illuminate\\Container\\BoundMethod::call():35}()
#11 /home/yamojr/devyamo/SchoolofNursing/edusaas/vendor/laravel/framework/src/Illuminate/Container/BoundMethod.php(83): Illuminate\\Container\\Util::unwrapIfClosure()
#12 /home/yamojr/devyamo/SchoolofNursing/edusaas/vendor/laravel/framework/src/Illuminate/Container/BoundMethod.php(35): Illuminate\\Container\\BoundMethod::callBoundMethod()
#13 /home/yamojr/devyamo/SchoolofNursing/edusaas/vendor/laravel/framework/src/Illuminate/Container/Container.php(696): Illuminate\\Container\\BoundMethod::call()
#14 /home/yamojr/devyamo/SchoolofNursing/edusaas/vendor/laravel/framework/src/Illuminate/Support/Facades/Facade.php(361): Illuminate\\Container\\Container->call()
#15 /home/yamojr/devyamo/SchoolofNursing/edusaas/vendor/inertiajs/inertia-laravel/src/Response.php(348): Illuminate\\Support\\Facades\\Facade::__callStatic()
#16 /home/yamojr/devyamo/SchoolofNursing/edusaas/vendor/inertiajs/inertia-laravel/src/Response.php(232): Inertia\\Response->resolveArrayableProperties()
#17 /home/yamojr/devyamo/SchoolofNursing/edusaas/vendor/inertiajs/inertia-laravel/src/Response.php(196): Inertia\\Response->resolveProperties()
#18 /home/yamojr/devyamo/SchoolofNursing/edusaas/vendor/laravel/framework/src/Illuminate/Routing/Router.php(902): Inertia\\Response->toResponse()
#19 /home/yamojr/devyamo/SchoolofNursing/edusaas/vendor/laravel/framework/src/Illuminate/Routing/Router.php(887): Illuminate\\Routing\\Router::toResponse()
#20 /home/yamojr/devyamo/SchoolofNursing/edusaas/vendor/laravel/framework/src/Illuminate/Routing/Router.php(807): Illuminate\\Routing\\Router->prepareResponse()
#21 /home/yamojr/devyamo/SchoolofNursing/edusaas/vendor/laravel/framework/src/Illuminate/Pipeline/Pipeline.php(170): Illuminate\\Routing\\Router->{closure:Illuminate\\Routing\\Router::runRouteWithinStack():807}()
#22 /home/yamojr/devyamo/SchoolofNursing/edusaas/app/Http/Middleware/IdentifyTenant.php(39): Illuminate\\Pipeline\\Pipeline->{closure:Illuminate\\Pipeline\\Pipeline::prepareDestination():168}()
#23 /home/yamojr/devyamo/SchoolofNursing/edusaas/vendor/laravel/framework/src/Illuminate/Pipeline/Pipeline.php(209): App\\Http\\Middleware\\IdentifyTenant->handle()
#24 /home/yamojr/devyamo/SchoolofNursing/edusaas/vendor/inertiajs/inertia-laravel/src/Middleware.php(122): Illuminate\\Pipeline\\Pipeline->{closure:{closure:Illuminate\\Pipeline\\Pipeline::carry():184}:185}()
#25 /home/yamojr/devyamo/SchoolofNursing/edusaas/vendor/laravel/framework/src/Illuminate/Pipeline/Pipeline.php(209): Inertia\\Middleware->handle()
#26 /home/yamojr/devyamo/SchoolofNursing/edusaas/vendor/laravel/framework/src/Illuminate/Routing/Middleware/SubstituteBindings.php(51): Illuminate\\Pipeline\\Pipeline->{closure:{closure:Illuminate\\Pipeline\\Pipeline::carry():184}:185}()
#27 /home/yamojr/devyamo/SchoolofNursing/edusaas/vendor/laravel/framework/src/Illuminate/Pipeline/Pipeline.php(209): Illuminate\\Routing\\Middleware\\SubstituteBindings->handle()
#28 /home/yamojr/devyamo/SchoolofNursing/edusaas/vendor/laravel/framework/src/Illuminate/Foundation/Http/Middleware/VerifyCsrfToken.php(88): Illuminate\\Pipeline\\Pipeline->{closure:{closure:Illuminate\\Pipeline\\Pipeline::carry():184}:185}()
#29 /home/yamojr/devyamo/SchoolofNursing/edusaas/vendor/laravel/framework/src/Illuminate/Pipeline/Pipeline.php(209): Illuminate\\Foundation\\Http\\Middleware\\VerifyCsrfToken->handle()
#30 /home/yamojr/devyamo/SchoolofNursing/edusaas/vendor/laravel/framework/src/Illuminate/View/Middleware/ShareErrorsFromSession.php(49): Illuminate\\Pipeline\\Pipeline->{closure:{closure:Illuminate\\Pipeline\\Pipeline::carry():184}:185}()
#31 /home/yamojr/devyamo/SchoolofNursing/edusaas/vendor/laravel/framework/src/Illuminate/Pipeline/Pipeline.php(209): Illuminate\\View\\Middleware\\ShareErrorsFromSession->handle()
#32 /home/yamojr/devyamo/SchoolofNursing/edusaas/vendor/laravel/framework/src/Illuminate/Session/Middleware/StartSession.php(121): Illuminate\\Pipeline\\Pipeline->{closure:{closure:Illuminate\\Pipeline\\Pipeline::carry():184}:185}()
#33 /home/yamojr/devyamo/SchoolofNursing/edusaas/vendor/laravel/framework/src/Illuminate/Session/Middleware/StartSession.php(64): Illuminate\\Session\\Middleware\\StartSession->handleStatefulRequest()
#34 /home/yamojr/devyamo/SchoolofNursing/edusaas/vendor/laravel/framework/src/Illuminate/Pipeline/Pipeline.php(209): Illuminate\\Session\\Middleware\\StartSession->handle()
#35 /home/yamojr/devyamo/SchoolofNursing/edusaas/vendor/laravel/framework/src/Illuminate/Cookie/Middleware/AddQueuedCookiesToResponse.php(37): Illuminate\\Pipeline\\Pipeline->{closure:{closure:Illuminate\\Pipeline\\Pipeline::carry():184}:185}()
#36 /home/yamojr/devyamo/SchoolofNursing/edusaas/vendor/laravel/framework/src/Illuminate/Pipeline/Pipeline.php(209): Illuminate\\Cookie\\Middleware\\AddQueuedCookiesToResponse->handle()
#37 /home/yamojr/devyamo/SchoolofNursing/edusaas/vendor/laravel/framework/src/Illuminate/Cookie/Middleware/EncryptCookies.php(75): Illuminate\\Pipeline\\Pipeline->{closure:{closure:Illuminate\\Pipeline\\Pipeline::carry():184}:185}()
#38 /home/yamojr/devyamo/SchoolofNursing/edusaas/vendor/laravel/framework/src/Illuminate/Pipeline/Pipeline.php(209): Illuminate\\Cookie\\Middleware\\EncryptCookies->handle()
#39 /home/yamojr/devyamo/SchoolofNursing/edusaas/vendor/laravel/framework/src/Illuminate/Pipeline/Pipeline.php(127): Illuminate\\Pipeline\\Pipeline->{closure:{closure:Illuminate\\Pipeline\\Pipeline::carry():184}:185}()
#40 /home/yamojr/devyamo/SchoolofNursing/edusaas/vendor/laravel/framework/src/Illuminate/Routing/Router.php(807): Illuminate\\Pipeline\\Pipeline->then()
#41 /home/yamojr/devyamo/SchoolofNursing/edusaas/vendor/laravel/framework/src/Illuminate/Routing/Router.php(786): Illuminate\\Routing\\Router->runRouteWithinStack()
#42 /home/yamojr/devyamo/SchoolofNursing/edusaas/vendor/laravel/framework/src/Illuminate/Routing/Router.php(750): Illuminate\\Routing\\Router->runRoute()
#43 /home/yamojr/devyamo/SchoolofNursing/edusaas/vendor/laravel/framework/src/Illuminate/Routing/Router.php(739): Illuminate\\Routing\\Router->dispatchToRoute()
#44 /home/yamojr/devyamo/SchoolofNursing/edusaas/vendor/laravel/framework/src/Illuminate/Foundation/Http/Kernel.php(201): Illuminate\\Routing\\Router->dispatch()
#45 /home/yamojr/devyamo/SchoolofNursing/edusaas/vendor/laravel/framework/src/Illuminate/Pipeline/Pipeline.php(170): Illuminate\\Foundation\\Http\\Kernel->{closure:Illuminate\\Foundation\\Http\\Kernel::dispatchToRouter():198}()
#46 /home/yamojr/devyamo/SchoolofNursing/edusaas/vendor/laravel/framework/src/Illuminate/Foundation/Http/Middleware/TransformsRequest.php(21): Illuminate\\Pipeline\\Pipeline->{closure:Illuminate\\Pipeline\\Pipeline::prepareDestination():168}()
#47 /home/yamojr/devyamo/SchoolofNursing/edusaas/vendor/laravel/framework/src/Illuminate/Foundation/Http/Middleware/ConvertEmptyStringsToNull.php(31): Illuminate\\Foundation\\Http\\Middleware\\TransformsRequest->handle()
#48 /home/yamojr/devyamo/SchoolofNursing/edusaas/vendor/laravel/framework/src/Illuminate/Pipeline/Pipeline.php(209): Illuminate\\Foundation\\Http\\Middleware\\ConvertEmptyStringsToNull->handle()
#49 /home/yamojr/devyamo/SchoolofNursing/edusaas/vendor/laravel/framework/src/Illuminate/Foundation/Http/Middleware/TransformsRequest.php(21): Illuminate\\Pipeline\\Pipeline->{closure:{closure:Illuminate\\Pipeline\\Pipeline::carry():184}:185}()
#50 /home/yamojr/devyamo/SchoolofNursing/edusaas/vendor/laravel/framework/src/Illuminate/Foundation/Http/Middleware/TrimStrings.php(51): Illuminate\\Foundation\\Http\\Middleware\\TransformsRequest->handle()
#51 /home/yamojr/devyamo/SchoolofNursing/edusaas/vendor/laravel/framework/src/Illuminate/Pipeline/Pipeline.php(209): Illuminate\\Foundation\\Http\\Middleware\\TrimStrings->handle()
#52 /home/yamojr/devyamo/SchoolofNursing/edusaas/vendor/laravel/framework/src/Illuminate/Http/Middleware/ValidatePostSize.php(27): Illuminate\\Pipeline\\Pipeline->{closure:{closure:Illuminate\\Pipeline\\Pipeline::carry():184}:185}()
#53 /home/yamojr/devyamo/SchoolofNursing/edusaas/vendor/laravel/framework/src/Illuminate/Pipeline/Pipeline.php(209): Illuminate\\Http\\Middleware\\ValidatePostSize->handle()
#54 /home/yamojr/devyamo/SchoolofNursing/edusaas/vendor/laravel/framework/src/Illuminate/Foundation/Http/Middleware/PreventRequestsDuringMaintenance.php(110): Illuminate\\Pipeline\\Pipeline->{closure:{closure:Illuminate\\Pipeline\\Pipeline::carry():184}:185}()
#55 /home/yamojr/devyamo/SchoolofNursing/edusaas/vendor/laravel/framework/src/Illuminate/Pipeline/Pipeline.php(209): Illuminate\\Foundation\\Http\\Middleware\\PreventRequestsDuringMaintenance->handle()
#56 /home/yamojr/devyamo/SchoolofNursing/edusaas/vendor/laravel/framework/src/Illuminate/Http/Middleware/HandleCors.php(49): Illuminate\\Pipeline\\Pipeline->{closure:{closure:Illuminate\\Pipeline\\Pipeline::carry():184}:185}()
#57 /home/yamojr/devyamo/SchoolofNursing/edusaas/vendor/laravel/framework/src/Illuminate/Pipeline/Pipeline.php(209): Illuminate\\Http\\Middleware\\HandleCors->handle()
#58 /home/yamojr/devyamo/SchoolofNursing/edusaas/vendor/laravel/framework/src/Illuminate/Http/Middleware/TrustProxies.php(58): Illuminate\\Pipeline\\Pipeline->{closure:{closure:Illuminate\\Pipeline\\Pipeline::carry():184}:185}()
#59 /home/yamojr/devyamo/SchoolofNursing/edusaas/vendor/laravel/framework/src/Illuminate/Pipeline/Pipeline.php(209): Illuminate\\Http\\Middleware\\TrustProxies->handle()
#60 /home/yamojr/devyamo/SchoolofNursing/edusaas/vendor/laravel/framework/src/Illuminate/Foundation/Http/Middleware/InvokeDeferredCallbacks.php(22): Illuminate\\Pipeline\\Pipeline->{closure:{closure:Illuminate\\Pipeline\\Pipeline::carry():184}:185}()
#61 /home/yamojr/devyamo/SchoolofNursing/edusaas/vendor/laravel/framework/src/Illuminate/Pipeline/Pipeline.php(209): Illuminate\\Foundation\\Http\\Middleware\\InvokeDeferredCallbacks->handle()
#62 /home/yamojr/devyamo/SchoolofNursing/edusaas/vendor/laravel/framework/src/Illuminate/Pipeline/Pipeline.php(127): Illuminate\\Pipeline\\Pipeline->{closure:{closure:Illuminate\\Pipeline\\Pipeline::carry():184}:185}()
#63 /home/yamojr/devyamo/SchoolofNursing/edusaas/vendor/laravel/framework/src/Illuminate/Foundation/Http/Kernel.php(176): Illuminate\\Pipeline\\Pipeline->then()
#64 /home/yamojr/devyamo/SchoolofNursing/edusaas/vendor/laravel/framework/src/Illuminate/Foundation/Http/Kernel.php(145): Illuminate\\Foundation\\Http\\Kernel->sendRequestThroughRouter()
#65 /home/yamojr/devyamo/SchoolofNursing/edusaas/vendor/laravel/framework/src/Illuminate/Foundation/Application.php(1220): Illuminate\\Foundation\\Http\\Kernel->handle()
#66 /home/yamojr/devyamo/SchoolofNursing/edusaas/public/index.php(19): Illuminate\\Foundation\\Application->handleRequest()
#67 /home/yamojr/devyamo/SchoolofNursing/edusaas/vendor/laravel/framework/src/Illuminate/Foundation/resources/server.php(23): require_once('...')
#68 {main}
"} 
[2026-05-20 06:25:48] local.ERROR: syntax error, unexpected token "->" {"exception":"[object] (ParseError(code: 0): syntax error, unexpected token \"->\" at /home/yamojr/devyamo/SchoolofNursing/edusaas/app/Http/Controllers/Student/PaymentController.php:131)
[stacktrace]
#0 /home/yamojr/devyamo/SchoolofNursing/edusaas/vendor/composer/ClassLoader.php(427): {closure:Composer\\Autoload\\ClassLoader::initializeIncludeClosure():575}()
#1 [internal function]: Composer\\Autoload\\ClassLoader->loadClass()
#2 /home/yamojr/devyamo/SchoolofNursing/edusaas/vendor/laravel/framework/src/Illuminate/Routing/RouteSignatureParameters.php(46): method_exists()
#3 /home/yamojr/devyamo/SchoolofNursing/edusaas/vendor/laravel/framework/src/Illuminate/Routing/RouteSignatureParameters.php(26): Illuminate\\Routing\\RouteSignatureParameters::fromClassMethodString()
#4 /home/yamojr/devyamo/SchoolofNursing/edusaas/vendor/laravel/framework/src/Illuminate/Routing/Route.php(544): Illuminate\\Routing\\RouteSignatureParameters::fromAction()
#5 /home/yamojr/devyamo/SchoolofNursing/edusaas/vendor/tightenco/ziggy/src/Ziggy.php(173): Illuminate\\Routing\\Route->signatureParameters()
#6 /home/yamojr/devyamo/SchoolofNursing/edusaas/vendor/tightenco/ziggy/src/Ziggy.php(122): Tighten\\Ziggy\\Ziggy->resolveBindings()
#7 /home/yamojr/devyamo/SchoolofNursing/edusaas/vendor/tightenco/ziggy/src/Ziggy.php(32): Tighten\\Ziggy\\Ziggy->nameKeyedRoutes()
#8 /home/yamojr/devyamo/SchoolofNursing/edusaas/app/Http/Middleware/HandleInertiaRequests.php(65): Tighten\\Ziggy\\Ziggy->__construct()
#9 /home/yamojr/devyamo/SchoolofNursing/edusaas/vendor/laravel/framework/src/Illuminate/Container/BoundMethod.php(36): App\\Http\\Middleware\\HandleInertiaRequests->{closure:App\\Http\\Middleware\\HandleInertiaRequests::share():65}()
#10 /home/yamojr/devyamo/SchoolofNursing/edusaas/vendor/laravel/framework/src/Illuminate/Container/Util.php(43): Illuminate\\Container\\BoundMethod::{closure:Illuminate\\Container\\BoundMethod::call():35}()
#11 /home/yamojr/devyamo/SchoolofNursing/edusaas/vendor/laravel/framework/src/Illuminate/Container/BoundMethod.php(83): Illuminate\\Container\\Util::unwrapIfClosure()
#12 /home/yamojr/devyamo/SchoolofNursing/edusaas/vendor/laravel/framework/src/Illuminate/Container/BoundMethod.php(35): Illuminate\\Container\\BoundMethod::callBoundMethod()
#13 /home/yamojr/devyamo/SchoolofNursing/edusaas/vendor/laravel/framework/src/Illuminate/Container/Container.php(696): Illuminate\\Container\\BoundMethod::call()
#14 /home/yamojr/devyamo/SchoolofNursing/edusaas/vendor/laravel/framework/src/Illuminate/Support/Facades/Facade.php(361): Illuminate\\Container\\Container->call()
#15 /home/yamojr/devyamo/SchoolofNursing/edusaas/vendor/inertiajs/inertia-laravel/src/Response.php(348): Illuminate\\Support\\Facades\\Facade::__callStatic()
#16 /home/yamojr/devyamo/SchoolofNursing/edusaas/vendor/inertiajs/inertia-laravel/src/Response.php(232): Inertia\\Response->resolveArrayableProperties()
#17 /home/yamojr/devyamo/SchoolofNursing/edusaas/vendor/inertiajs/inertia-laravel/src/Response.php(196): Inertia\\Response->resolveProperties()
#18 /home/yamojr/devyamo/SchoolofNursing/edusaas/vendor/laravel/framework/src/Illuminate/Routing/Router.php(902): Inertia\\Response->toResponse()
#19 /home/yamojr/devyamo/SchoolofNursing/edusaas/vendor/laravel/framework/src/Illuminate/Routing/Router.php(887): Illuminate\\Routing\\Router::toResponse()
#20 /home/yamojr/devyamo/SchoolofNursing/edusaas/vendor/laravel/framework/src/Illuminate/Routing/Router.php(807): Illuminate\\Routing\\Router->prepareResponse()
#21 /home/yamojr/devyamo/SchoolofNursing/edusaas/vendor/laravel/framework/src/Illuminate/Pipeline/Pipeline.php(170): Illuminate\\Routing\\Router->{closure:Illuminate\\Routing\\Router::runRouteWithinStack():807}()
#22 /home/yamojr/devyamo/SchoolofNursing/edusaas/app/Http/Middleware/IdentifyTenant.php(39): Illuminate\\Pipeline\\Pipeline->{closure:Illuminate\\Pipeline\\Pipeline::prepareDestination():168}()
#23 /home/yamojr/devyamo/SchoolofNursing/edusaas/vendor/laravel/framework/src/Illuminate/Pipeline/Pipeline.php(209): App\\Http\\Middleware\\IdentifyTenant->handle()
#24 /home/yamojr/devyamo/SchoolofNursing/edusaas/vendor/inertiajs/inertia-laravel/src/Middleware.php(122): Illuminate\\Pipeline\\Pipeline->{closure:{closure:Illuminate\\Pipeline\\Pipeline::carry():184}:185}()
#25 /home/yamojr/devyamo/SchoolofNursing/edusaas/vendor/laravel/framework/src/Illuminate/Pipeline/Pipeline.php(209): Inertia\\Middleware->handle()
#26 /home/yamojr/devyamo/SchoolofNursing/edusaas/vendor/laravel/framework/src/Illuminate/Routing/Middleware/SubstituteBindings.php(51): Illuminate\\Pipeline\\Pipeline->{closure:{closure:Illuminate\\Pipeline\\Pipeline::carry():184}:185}()
#27 /home/yamojr/devyamo/SchoolofNursing/edusaas/vendor/laravel/framework/src/Illuminate/Pipeline/Pipeline.php(209): Illuminate\\Routing\\Middleware\\SubstituteBindings->handle()
#28 /home/yamojr/devyamo/SchoolofNursing/edusaas/vendor/laravel/framework/src/Illuminate/Foundation/Http/Middleware/VerifyCsrfToken.php(88): Illuminate\\Pipeline\\Pipeline->{closure:{closure:Illuminate\\Pipeline\\Pipeline::carry():184}:185}()
#29 /home/yamojr/devyamo/SchoolofNursing/edusaas/vendor/laravel/framework/src/Illuminate/Pipeline/Pipeline.php(209): Illuminate\\Foundation\\Http\\Middleware\\VerifyCsrfToken->handle()
#30 /home/yamojr/devyamo/SchoolofNursing/edusaas/vendor/laravel/framework/src/Illuminate/View/Middleware/ShareErrorsFromSession.php(49): Illuminate\\Pipeline\\Pipeline->{closure:{closure:Illuminate\\Pipeline\\Pipeline::carry():184}:185}()
#31 /home/yamojr/devyamo/SchoolofNursing/edusaas/vendor/laravel/framework/src/Illuminate/Pipeline/Pipeline.php(209): Illuminate\\View\\Middleware\\ShareErrorsFromSession->handle()
#32 /home/yamojr/devyamo/SchoolofNursing/edusaas/vendor/laravel/framework/src/Illuminate/Session/Middleware/StartSession.php(121): Illuminate\\Pipeline\\Pipeline->{closure:{closure:Illuminate\\Pipeline\\Pipeline::carry():184}:185}()
#33 /home/yamojr/devyamo/SchoolofNursing/edusaas/vendor/laravel/framework/src/Illuminate/Session/Middleware/StartSession.php(64): Illuminate\\Session\\Middleware\\StartSession->handleStatefulRequest()
#34 /home/yamojr/devyamo/SchoolofNursing/edusaas/vendor/laravel/framework/src/Illuminate/Pipeline/Pipeline.php(209): Illuminate\\Session\\Middleware\\StartSession->handle()
#35 /home/yamojr/devyamo/SchoolofNursing/edusaas/vendor/laravel/framework/src/Illuminate/Cookie/Middleware/AddQueuedCookiesToResponse.php(37): Illuminate\\Pipeline\\Pipeline->{closure:{closure:Illuminate\\Pipeline\\Pipeline::carry():184}:185}()
#36 /home/yamojr/devyamo/SchoolofNursing/edusaas/vendor/laravel/framework/src/Illuminate/Pipeline/Pipeline.php(209): Illuminate\\Cookie\\Middleware\\AddQueuedCookiesToResponse->handle()
#37 /home/yamojr/devyamo/SchoolofNursing/edusaas/vendor/laravel/framework/src/Illuminate/Cookie/Middleware/EncryptCookies.php(75): Illuminate\\Pipeline\\Pipeline->{closure:{closure:Illuminate\\Pipeline\\Pipeline::carry():184}:185}()
#38 /home/yamojr/devyamo/SchoolofNursing/edusaas/vendor/laravel/framework/src/Illuminate/Pipeline/Pipeline.php(209): Illuminate\\Cookie\\Middleware\\EncryptCookies->handle()
#39 /home/yamojr/devyamo/SchoolofNursing/edusaas/vendor/laravel/framework/src/Illuminate/Pipeline/Pipeline.php(127): Illuminate\\Pipeline\\Pipeline->{closure:{closure:Illuminate\\Pipeline\\Pipeline::carry():184}:185}()
#40 /home/yamojr/devyamo/SchoolofNursing/edusaas/vendor/laravel/framework/src/Illuminate/Routing/Router.php(807): Illuminate\\Pipeline\\Pipeline->then()
#41 /home/yamojr/devyamo/SchoolofNursing/edusaas/vendor/laravel/framework/src/Illuminate/Routing/Router.php(786): Illuminate\\Routing\\Router->runRouteWithinStack()
#42 /home/yamojr/devyamo/SchoolofNursing/edusaas/vendor/laravel/framework/src/Illuminate/Routing/Router.php(750): Illuminate\\Routing\\Router->runRoute()
#43 /home/yamojr/devyamo/SchoolofNursing/edusaas/vendor/laravel/framework/src/Illuminate/Routing/Router.php(739): Illuminate\\Routing\\Router->dispatchToRoute()
#44 /home/yamojr/devyamo/SchoolofNursing/edusaas/vendor/laravel/framework/src/Illuminate/Foundation/Http/Kernel.php(201): Illuminate\\Routing\\Router->dispatch()
#45 /home/yamojr/devyamo/SchoolofNursing/edusaas/vendor/laravel/framework/src/Illuminate/Pipeline/Pipeline.php(170): Illuminate\\Foundation\\Http\\Kernel->{closure:Illuminate\\Foundation\\Http\\Kernel::dispatchToRouter():198}()
#46 /home/yamojr/devyamo/SchoolofNursing/edusaas/vendor/laravel/framework/src/Illuminate/Foundation/Http/Middleware/TransformsRequest.php(21): Illuminate\\Pipeline\\Pipeline->{closure:Illuminate\\Pipeline\\Pipeline::prepareDestination():168}()
#47 /home/yamojr/devyamo/SchoolofNursing/edusaas/vendor/laravel/framework/src/Illuminate/Foundation/Http/Middleware/ConvertEmptyStringsToNull.php(31): Illuminate\\Foundation\\Http\\Middleware\\TransformsRequest->handle()
#48 /home/yamojr/devyamo/SchoolofNursing/edusaas/vendor/laravel/framework/src/Illuminate/Pipeline/Pipeline.php(209): Illuminate\\Foundation\\Http\\Middleware\\ConvertEmptyStringsToNull->handle()
#49 /home/yamojr/devyamo/SchoolofNursing/edusaas/vendor/laravel/framework/src/Illuminate/Foundation/Http/Middleware/TransformsRequest.php(21): Illuminate\\Pipeline\\Pipeline->{closure:{closure:Illuminate\\Pipeline\\Pipeline::carry():184}:185}()
#50 /home/yamojr/devyamo/SchoolofNursing/edusaas/vendor/laravel/framework/src/Illuminate/Foundation/Http/Middleware/TrimStrings.php(51): Illuminate\\Foundation\\Http\\Middleware\\TransformsRequest->handle()
#51 /home/yamojr/devyamo/SchoolofNursing/edusaas/vendor/laravel/framework/src/Illuminate/Pipeline/Pipeline.php(209): Illuminate\\Foundation\\Http\\Middleware\\TrimStrings->handle()
#52 /home/yamojr/devyamo/SchoolofNursing/edusaas/vendor/laravel/framework/src/Illuminate/Http/Middleware/ValidatePostSize.php(27): Illuminate\\Pipeline\\Pipeline->{closure:{closure:Illuminate\\Pipeline\\Pipeline::carry():184}:185}()
#53 /home/yamojr/devyamo/SchoolofNursing/edusaas/vendor/laravel/framework/src/Illuminate/Pipeline/Pipeline.php(209): Illuminate\\Http\\Middleware\\ValidatePostSize->handle()
#54 /home/yamojr/devyamo/SchoolofNursing/edusaas/vendor/laravel/framework/src/Illuminate/Foundation/Http/Middleware/PreventRequestsDuringMaintenance.php(110): Illuminate\\Pipeline\\Pipeline->{closure:{closure:Illuminate\\Pipeline\\Pipeline::carry():184}:185}()
#55 /home/yamojr/devyamo/SchoolofNursing/edusaas/vendor/laravel/framework/src/Illuminate/Pipeline/Pipeline.php(209): Illuminate\\Foundation\\Http\\Middleware\\PreventRequestsDuringMaintenance->handle()
#56 /home/yamojr/devyamo/SchoolofNursing/edusaas/vendor/laravel/framework/src/Illuminate/Http/Middleware/HandleCors.php(49): Illuminate\\Pipeline\\Pipeline->{closure:{closure:Illuminate\\Pipeline\\Pipeline::carry():184}:185}()
#57 /home/yamojr/devyamo/SchoolofNursing/edusaas/vendor/laravel/framework/src/Illuminate/Pipeline/Pipeline.php(209): Illuminate\\Http\\Middleware\\HandleCors->handle()
#58 /home/yamojr/devyamo/SchoolofNursing/edusaas/vendor/laravel/framework/src/Illuminate/Http/Middleware/TrustProxies.php(58): Illuminate\\Pipeline\\Pipeline->{closure:{closure:Illuminate\\Pipeline\\Pipeline::carry():184}:185}()
#59 /home/yamojr/devyamo/SchoolofNursing/edusaas/vendor/laravel/framework/src/Illuminate/Pipeline/Pipeline.php(209): Illuminate\\Http\\Middleware\\TrustProxies->handle()
#60 /home/yamojr/devyamo/SchoolofNursing/edusaas/vendor/laravel/framework/src/Illuminate/Foundation/Http/Middleware/InvokeDeferredCallbacks.php(22): Illuminate\\Pipeline\\Pipeline->{closure:{closure:Illuminate\\Pipeline\\Pipeline::carry():184}:185}()
#61 /home/yamojr/devyamo/SchoolofNursing/edusaas/vendor/laravel/framework/src/Illuminate/Pipeline/Pipeline.php(209): Illuminate\\Foundation\\Http\\Middleware\\InvokeDeferredCallbacks->handle()
#62 /home/yamojr/devyamo/SchoolofNursing/edusaas/vendor/laravel/framework/src/Illuminate/Pipeline/Pipeline.php(127): Illuminate\\Pipeline\\Pipeline->{closure:{closure:Illuminate\\Pipeline\\Pipeline::carry():184}:185}()
#63 /home/yamojr/devyamo/SchoolofNursing/edusaas/vendor/laravel/framework/src/Illuminate/Foundation/Http/Kernel.php(176): Illuminate\\Pipeline\\Pipeline->then()
#64 /home/yamojr/devyamo/SchoolofNursing/edusaas/vendor/laravel/framework/src/Illuminate/Foundation/Http/Kernel.php(145): Illuminate\\Foundation\\Http\\Kernel->sendRequestThroughRouter()
#65 /home/yamojr/devyamo/SchoolofNursing/edusaas/vendor/laravel/framework/src/Illuminate/Foundation/Application.php(1220): Illuminate\\Foundation\\Http\\Kernel->handle()
#66 /home/yamojr/devyamo/SchoolofNursing/edusaas/public/index.php(19): Illuminate\\Foundation\\Application->handleRequest()
#67 /home/yamojr/devyamo/SchoolofNursing/edusaas/vendor/laravel/framework/src/Illuminate/Foundation/resources/server.php(23): require_once('...')
#68 {main}
"} 
[2026-05-20 06:49:03] local.ERROR: The command "'/usr/bin/php8.5' 'vendor/pestphp/pest/bin/pest' '--configuration=/home/yamojr/devyamo/SchoolofNursing/edusaas/phpunit.xml.dist' '--no-output'" failed.

Working directory: /home/yamojr/devyamo/SchoolofNursing/edusaas

Error: proc_open(/dev/tty): Failed to open stream: No such device or address {"exception":"[object] (Symfony\\Component\\Process\\Exception\\ProcessStartFailedException(code: 0): The command \"'/usr/bin/php8.5' 'vendor/pestphp/pest/bin/pest' '--configuration=/home/yamojr/devyamo/SchoolofNursing/edusaas/phpunit.xml.dist' '--no-output'\" failed.

Working directory: /home/yamojr/devyamo/SchoolofNursing/edusaas

Error: proc_open(/dev/tty): Failed to open stream: No such device or address at /home/yamojr/devyamo/SchoolofNursing/edusaas/vendor/symfony/process/Process.php:387)
[stacktrace]
#0 /home/yamojr/devyamo/SchoolofNursing/edusaas/vendor/symfony/process/Process.php(252): Symfony\\Component\\Process\\Process->start()
#1 /home/yamojr/devyamo/SchoolofNursing/edusaas/vendor/nunomaduro/collision/src/Adapters/Laravel/Commands/TestCommand.php(119): Symfony\\Component\\Process\\Process->run()
#2 /home/yamojr/devyamo/SchoolofNursing/edusaas/vendor/laravel/framework/src/Illuminate/Container/BoundMethod.php(36): NunoMaduro\\Collision\\Adapters\\Laravel\\Commands\\TestCommand->handle()
#3 /home/yamojr/devyamo/SchoolofNursing/edusaas/vendor/laravel/framework/src/Illuminate/Container/Util.php(43): Illuminate\\Container\\BoundMethod::{closure:Illuminate\\Container\\BoundMethod::call():35}()
#4 /home/yamojr/devyamo/SchoolofNursing/edusaas/vendor/laravel/framework/src/Illuminate/Container/BoundMethod.php(95): Illuminate\\Container\\Util::unwrapIfClosure()
#5 /home/yamojr/devyamo/SchoolofNursing/edusaas/vendor/laravel/framework/src/Illuminate/Container/BoundMethod.php(35): Illuminate\\Container\\BoundMethod::callBoundMethod()
#6 /home/yamojr/devyamo/SchoolofNursing/edusaas/vendor/laravel/framework/src/Illuminate/Container/Container.php(696): Illuminate\\Container\\BoundMethod::call()
#7 /home/yamojr/devyamo/SchoolofNursing/edusaas/vendor/laravel/framework/src/Illuminate/Console/Command.php(213): Illuminate\\Container\\Container->call()
#8 /home/yamojr/devyamo/SchoolofNursing/edusaas/vendor/symfony/console/Command/Command.php(341): Illuminate\\Console\\Command->execute()
#9 /home/yamojr/devyamo/SchoolofNursing/edusaas/vendor/laravel/framework/src/Illuminate/Console/Command.php(182): Symfony\\Component\\Console\\Command\\Command->run()
#10 /home/yamojr/devyamo/SchoolofNursing/edusaas/vendor/symfony/console/Application.php(1117): Illuminate\\Console\\Command->run()
#11 /home/yamojr/devyamo/SchoolofNursing/edusaas/vendor/symfony/console/Application.php(356): Symfony\\Component\\Console\\Application->doRunCommand()
#12 /home/yamojr/devyamo/SchoolofNursing/edusaas/vendor/symfony/console/Application.php(195): Symfony\\Component\\Console\\Application->doRun()
#13 /home/yamojr/devyamo/SchoolofNursing/edusaas/vendor/laravel/framework/src/Illuminate/Foundation/Console/Kernel.php(198): Symfony\\Component\\Console\\Application->run()
#14 /home/yamojr/devyamo/SchoolofNursing/edusaas/vendor/laravel/framework/src/Illuminate/Foundation/Application.php(1235): Illuminate\\Foundation\\Console\\Kernel->handle()
#15 /home/yamojr/devyamo/SchoolofNursing/edusaas/artisan(12): Illuminate\\Foundation\\Application->handleCommand()
#16 {main}
"} 
[2026-05-20 07:10:12] local.ERROR: SQLSTATE[23000]: Integrity constraint violation: 1062 Duplicate entry '1-provost@ameenatu.edu.ng' for key 'users_tenant_id_email_unique' (Connection: mysql, SQL: insert into `users` (`tenant_id`, `name`, `email`, `password`, `updated_at`, `created_at`) values (1, Dr. Jane Doe, provost@ameenatu.edu.ng, $2y$12$Y.8SSnNqDOh7VT0JdNGfOOsqEsSUhut.pglp4O439LOa7Gi6LwgSi, 2026-05-20 07:10:12, 2026-05-20 07:10:12)) {"exception":"[object] (Illuminate\\Database\\UniqueConstraintViolationException(code: 23000): SQLSTATE[23000]: Integrity constraint violation: 1062 Duplicate entry '1-provost@ameenatu.edu.ng' for key 'users_tenant_id_email_unique' (Connection: mysql, SQL: insert into `users` (`tenant_id`, `name`, `email`, `password`, `updated_at`, `created_at`) values (1, Dr. Jane Doe, provost@ameenatu.edu.ng, $2y$12$Y.8SSnNqDOh7VT0JdNGfOOsqEsSUhut.pglp4O439LOa7Gi6LwgSi, 2026-05-20 07:10:12, 2026-05-20 07:10:12)) at /home/yamojr/devyamo/SchoolofNursing/edusaas/vendor/laravel/framework/src/Illuminate/Database/Connection.php:820)
[stacktrace]
#0 /home/yamojr/devyamo/SchoolofNursing/edusaas/vendor/laravel/framework/src/Illuminate/Database/Connection.php(779): Illuminate\\Database\\Connection->runQueryCallback()
#1 /home/yamojr/devyamo/SchoolofNursing/edusaas/vendor/laravel/framework/src/Illuminate/Database/MySqlConnection.php(42): Illuminate\\Database\\Connection->run()
#2 /home/yamojr/devyamo/SchoolofNursing/edusaas/vendor/laravel/framework/src/Illuminate/Database/Query/Processors/MySqlProcessor.php(35): Illuminate\\Database\\MySqlConnection->insert()
#3 /home/yamojr/devyamo/SchoolofNursing/edusaas/vendor/laravel/framework/src/Illuminate/Database/Query/Builder.php(3766): Illuminate\\Database\\Query\\Processors\\MySqlProcessor->processInsertGetId()
#4 /home/yamojr/devyamo/SchoolofNursing/edusaas/vendor/laravel/framework/src/Illuminate/Database/Eloquent/Builder.php(2120): Illuminate\\Database\\Query\\Builder->insertGetId()
#5 /home/yamojr/devyamo/SchoolofNursing/edusaas/vendor/laravel/framework/src/Illuminate/Database/Eloquent/Model.php(1359): Illuminate\\Database\\Eloquent\\Builder->__call()
#6 /home/yamojr/devyamo/SchoolofNursing/edusaas/vendor/laravel/framework/src/Illuminate/Database/Eloquent/Model.php(1324): Illuminate\\Database\\Eloquent\\Model->insertAndSetId()
#7 /home/yamojr/devyamo/SchoolofNursing/edusaas/vendor/laravel/framework/src/Illuminate/Database/Eloquent/Model.php(1163): Illuminate\\Database\\Eloquent\\Model->performInsert()
#8 /home/yamojr/devyamo/SchoolofNursing/edusaas/vendor/laravel/framework/src/Illuminate/Database/Eloquent/Builder.php(1128): Illuminate\\Database\\Eloquent\\Model->save()
#9 /home/yamojr/devyamo/SchoolofNursing/edusaas/vendor/laravel/framework/src/Illuminate/Support/helpers.php(399): Illuminate\\Database\\Eloquent\\Builder->{closure:Illuminate\\Database\\Eloquent\\Builder::create():1127}()
#10 /home/yamojr/devyamo/SchoolofNursing/edusaas/vendor/laravel/framework/src/Illuminate/Database/Eloquent/Builder.php(1127): tap()
#11 /home/yamojr/devyamo/SchoolofNursing/edusaas/vendor/laravel/framework/src/Illuminate/Support/Traits/ForwardsCalls.php(23): Illuminate\\Database\\Eloquent\\Builder->create()
#12 /home/yamojr/devyamo/SchoolofNursing/edusaas/vendor/laravel/framework/src/Illuminate/Database/Eloquent/Model.php(2372): Illuminate\\Database\\Eloquent\\Model->forwardCallTo()
#13 /home/yamojr/devyamo/SchoolofNursing/edusaas/vendor/laravel/framework/src/Illuminate/Database/Eloquent/Model.php(2384): Illuminate\\Database\\Eloquent\\Model->__call()
#14 /home/yamojr/devyamo/SchoolofNursing/edusaas/database/seeders/SchoolSeeder.php(51): Illuminate\\Database\\Eloquent\\Model::__callStatic()
#15 /home/yamojr/devyamo/SchoolofNursing/edusaas/vendor/laravel/framework/src/Illuminate/Container/BoundMethod.php(36): Database\\Seeders\\SchoolSeeder->run()
#16 /home/yamojr/devyamo/SchoolofNursing/edusaas/vendor/laravel/framework/src/Illuminate/Container/Util.php(43): Illuminate\\Container\\BoundMethod::{closure:Illuminate\\Container\\BoundMethod::call():35}()
#17 /home/yamojr/devyamo/SchoolofNursing/edusaas/vendor/laravel/framework/src/Illuminate/Container/BoundMethod.php(95): Illuminate\\Container\\Util::unwrapIfClosure()
#18 /home/yamojr/devyamo/SchoolofNursing/edusaas/vendor/laravel/framework/src/Illuminate/Container/BoundMethod.php(35): Illuminate\\Container\\BoundMethod::callBoundMethod()
#19 /home/yamojr/devyamo/SchoolofNursing/edusaas/vendor/laravel/framework/src/Illuminate/Container/Container.php(696): Illuminate\\Container\\BoundMethod::call()
#20 /home/yamojr/devyamo/SchoolofNursing/edusaas/vendor/laravel/framework/src/Illuminate/Database/Seeder.php(188): Illuminate\\Container\\Container->call()
#21 /home/yamojr/devyamo/SchoolofNursing/edusaas/vendor/laravel/framework/src/Illuminate/Database/Seeder.php(197): Illuminate\\Database\\Seeder->{closure:Illuminate\\Database\\Seeder::__invoke():187}()
#22 /home/yamojr/devyamo/SchoolofNursing/edusaas/vendor/laravel/framework/src/Illuminate/Database/Console/Seeds/SeedCommand.php(70): Illuminate\\Database\\Seeder->__invoke()
#23 /home/yamojr/devyamo/SchoolofNursing/edusaas/vendor/laravel/framework/src/Illuminate/Database/Eloquent/Concerns/GuardsAttributes.php(155): Illuminate\\Database\\Console\\Seeds\\SeedCommand->{closure:Illuminate\\Database\\Console\\Seeds\\SeedCommand::handle():69}()
#24 /home/yamojr/devyamo/SchoolofNursing/edusaas/vendor/laravel/framework/src/Illuminate/Database/Console/Seeds/SeedCommand.php(69): Illuminate\\Database\\Eloquent\\Model::unguarded()
#25 /home/yamojr/devyamo/SchoolofNursing/edusaas/vendor/laravel/framework/src/Illuminate/Container/BoundMethod.php(36): Illuminate\\Database\\Console\\Seeds\\SeedCommand->handle()
#26 /home/yamojr/devyamo/SchoolofNursing/edusaas/vendor/laravel/framework/src/Illuminate/Container/Util.php(43): Illuminate\\Container\\BoundMethod::{closure:Illuminate\\Container\\BoundMethod::call():35}()
#27 /home/yamojr/devyamo/SchoolofNursing/edusaas/vendor/laravel/framework/src/Illuminate/Container/BoundMethod.php(95): Illuminate\\Container\\Util::unwrapIfClosure()
#28 /home/yamojr/devyamo/SchoolofNursing/edusaas/vendor/laravel/framework/src/Illuminate/Container/BoundMethod.php(35): Illuminate\\Container\\BoundMethod::callBoundMethod()
#29 /home/yamojr/devyamo/SchoolofNursing/edusaas/vendor/laravel/framework/src/Illuminate/Container/Container.php(696): Illuminate\\Container\\BoundMethod::call()
#30 /home/yamojr/devyamo/SchoolofNursing/edusaas/vendor/laravel/framework/src/Illuminate/Console/Command.php(213): Illuminate\\Container\\Container->call()
#31 /home/yamojr/devyamo/SchoolofNursing/edusaas/vendor/symfony/console/Command/Command.php(341): Illuminate\\Console\\Command->execute()
#32 /home/yamojr/devyamo/SchoolofNursing/edusaas/vendor/laravel/framework/src/Illuminate/Console/Command.php(182): Symfony\\Component\\Console\\Command\\Command->run()
#33 /home/yamojr/devyamo/SchoolofNursing/edusaas/vendor/symfony/console/Application.php(1117): Illuminate\\Console\\Command->run()
#34 /home/yamojr/devyamo/SchoolofNursing/edusaas/vendor/symfony/console/Application.php(356): Symfony\\Component\\Console\\Application->doRunCommand()
#35 /home/yamojr/devyamo/SchoolofNursing/edusaas/vendor/symfony/console/Application.php(195): Symfony\\Component\\Console\\Application->doRun()
#36 /home/yamojr/devyamo/SchoolofNursing/edusaas/vendor/laravel/framework/src/Illuminate/Foundation/Console/Kernel.php(198): Symfony\\Component\\Console\\Application->run()
#37 /home/yamojr/devyamo/SchoolofNursing/edusaas/vendor/laravel/framework/src/Illuminate/Foundation/Application.php(1235): Illuminate\\Foundation\\Console\\Kernel->handle()
#38 /home/yamojr/devyamo/SchoolofNursing/edusaas/artisan(12): Illuminate\\Foundation\\Application->handleCommand()
#39 {main}

[previous exception] [object] (PDOException(code: 23000): SQLSTATE[23000]: Integrity constraint violation: 1062 Duplicate entry '1-provost@ameenatu.edu.ng' for key 'users_tenant_id_email_unique' at /home/yamojr/devyamo/SchoolofNursing/edusaas/vendor/laravel/framework/src/Illuminate/Database/MySqlConnection.php:53)
[stacktrace]
#0 /home/yamojr/devyamo/SchoolofNursing/edusaas/vendor/laravel/framework/src/Illuminate/Database/MySqlConnection.php(53): PDOStatement->execute()
#1 /home/yamojr/devyamo/SchoolofNursing/edusaas/vendor/laravel/framework/src/Illuminate/Database/Connection.php(812): Illuminate\\Database\\MySqlConnection->{closure:Illuminate\\Database\\MySqlConnection::insert():42}()
#2 /home/yamojr/devyamo/SchoolofNursing/edusaas/vendor/laravel/framework/src/Illuminate/Database/Connection.php(779): Illuminate\\Database\\Connection->runQueryCallback()
#3 /home/yamojr/devyamo/SchoolofNursing/edusaas/vendor/laravel/framework/src/Illuminate/Database/MySqlConnection.php(42): Illuminate\\Database\\Connection->run()
#4 /home/yamojr/devyamo/SchoolofNursing/edusaas/vendor/laravel/framework/src/Illuminate/Database/Query/Processors/MySqlProcessor.php(35): Illuminate\\Database\\MySqlConnection->insert()
#5 /home/yamojr/devyamo/SchoolofNursing/edusaas/vendor/laravel/framework/src/Illuminate/Database/Query/Builder.php(3766): Illuminate\\Database\\Query\\Processors\\MySqlProcessor->processInsertGetId()
#6 /home/yamojr/devyamo/SchoolofNursing/edusaas/vendor/laravel/framework/src/Illuminate/Database/Eloquent/Builder.php(2120): Illuminate\\Database\\Query\\Builder->insertGetId()
#7 /home/yamojr/devyamo/SchoolofNursing/edusaas/vendor/laravel/framework/src/Illuminate/Database/Eloquent/Model.php(1359): Illuminate\\Database\\Eloquent\\Builder->__call()
#8 /home/yamojr/devyamo/SchoolofNursing/edusaas/vendor/laravel/framework/src/Illuminate/Database/Eloquent/Model.php(1324): Illuminate\\Database\\Eloquent\\Model->insertAndSetId()
#9 /home/yamojr/devyamo/SchoolofNursing/edusaas/vendor/laravel/framework/src/Illuminate/Database/Eloquent/Model.php(1163): Illuminate\\Database\\Eloquent\\Model->performInsert()
#10 /home/yamojr/devyamo/SchoolofNursing/edusaas/vendor/laravel/framework/src/Illuminate/Database/Eloquent/Builder.php(1128): Illuminate\\Database\\Eloquent\\Model->save()
#11 /home/yamojr/devyamo/SchoolofNursing/edusaas/vendor/laravel/framework/src/Illuminate/Support/helpers.php(399): Illuminate\\Database\\Eloquent\\Builder->{closure:Illuminate\\Database\\Eloquent\\Builder::create():1127}()
#12 /home/yamojr/devyamo/SchoolofNursing/edusaas/vendor/laravel/framework/src/Illuminate/Database/Eloquent/Builder.php(1127): tap()
#13 /home/yamojr/devyamo/SchoolofNursing/edusaas/vendor/laravel/framework/src/Illuminate/Support/Traits/ForwardsCalls.php(23): Illuminate\\Database\\Eloquent\\Builder->create()
#14 /home/yamojr/devyamo/SchoolofNursing/edusaas/vendor/laravel/framework/src/Illuminate/Database/Eloquent/Model.php(2372): Illuminate\\Database\\Eloquent\\Model->forwardCallTo()
#15 /home/yamojr/devyamo/SchoolofNursing/edusaas/vendor/laravel/framework/src/Illuminate/Database/Eloquent/Model.php(2384): Illuminate\\Database\\Eloquent\\Model->__call()
#16 /home/yamojr/devyamo/SchoolofNursing/edusaas/database/seeders/SchoolSeeder.php(51): Illuminate\\Database\\Eloquent\\Model::__callStatic()
#17 /home/yamojr/devyamo/SchoolofNursing/edusaas/vendor/laravel/framework/src/Illuminate/Container/BoundMethod.php(36): Database\\Seeders\\SchoolSeeder->run()
#18 /home/yamojr/devyamo/SchoolofNursing/edusaas/vendor/laravel/framework/src/Illuminate/Container/Util.php(43): Illuminate\\Container\\BoundMethod::{closure:Illuminate\\Container\\BoundMethod::call():35}()
#19 /home/yamojr/devyamo/SchoolofNursing/edusaas/vendor/laravel/framework/src/Illuminate/Container/BoundMethod.php(95): Illuminate\\Container\\Util::unwrapIfClosure()
#20 /home/yamojr/devyamo/SchoolofNursing/edusaas/vendor/laravel/framework/src/Illuminate/Container/BoundMethod.php(35): Illuminate\\Container\\BoundMethod::callBoundMethod()
#21 /home/yamojr/devyamo/SchoolofNursing/edusaas/vendor/laravel/framework/src/Illuminate/Container/Container.php(696): Illuminate\\Container\\BoundMethod::call()
#22 /home/yamojr/devyamo/SchoolofNursing/edusaas/vendor/laravel/framework/src/Illuminate/Database/Seeder.php(188): Illuminate\\Container\\Container->call()
#23 /home/yamojr/devyamo/SchoolofNursing/edusaas/vendor/laravel/framework/src/Illuminate/Database/Seeder.php(197): Illuminate\\Database\\Seeder->{closure:Illuminate\\Database\\Seeder::__invoke():187}()
#24 /home/yamojr/devyamo/SchoolofNursing/edusaas/vendor/laravel/framework/src/Illuminate/Database/Console/Seeds/SeedCommand.php(70): Illuminate\\Database\\Seeder->__invoke()
#25 /home/yamojr/devyamo/SchoolofNursing/edusaas/vendor/laravel/framework/src/Illuminate/Database/Eloquent/Concerns/GuardsAttributes.php(155): Illuminate\\Database\\Console\\Seeds\\SeedCommand->{closure:Illuminate\\Database\\Console\\Seeds\\SeedCommand::handle():69}()
#26 /home/yamojr/devyamo/SchoolofNursing/edusaas/vendor/laravel/framework/src/Illuminate/Database/Console/Seeds/SeedCommand.php(69): Illuminate\\Database\\Eloquent\\Model::unguarded()
#27 /home/yamojr/devyamo/SchoolofNursing/edusaas/vendor/laravel/framework/src/Illuminate/Container/BoundMethod.php(36): Illuminate\\Database\\Console\\Seeds\\SeedCommand->handle()
#28 /home/yamojr/devyamo/SchoolofNursing/edusaas/vendor/laravel/framework/src/Illuminate/Container/Util.php(43): Illuminate\\Container\\BoundMethod::{closure:Illuminate\\Container\\BoundMethod::call():35}()
#29 /home/yamojr/devyamo/SchoolofNursing/edusaas/vendor/laravel/framework/src/Illuminate/Container/BoundMethod.php(95): Illuminate\\Container\\Util::unwrapIfClosure()
#30 /home/yamojr/devyamo/SchoolofNursing/edusaas/vendor/laravel/framework/src/Illuminate/Container/BoundMethod.php(35): Illuminate\\Container\\BoundMethod::callBoundMethod()
#31 /home/yamojr/devyamo/SchoolofNursing/edusaas/vendor/laravel/framework/src/Illuminate/Container/Container.php(696): Illuminate\\Container\\BoundMethod::call()
#32 /home/yamojr/devyamo/SchoolofNursing/edusaas/vendor/laravel/framework/src/Illuminate/Console/Command.php(213): Illuminate\\Container\\Container->call()
#33 /home/yamojr/devyamo/SchoolofNursing/edusaas/vendor/symfony/console/Command/Command.php(341): Illuminate\\Console\\Command->execute()
#34 /home/yamojr/devyamo/SchoolofNursing/edusaas/vendor/laravel/framework/src/Illuminate/Console/Command.php(182): Symfony\\Component\\Console\\Command\\Command->run()
#35 /home/yamojr/devyamo/SchoolofNursing/edusaas/vendor/symfony/console/Application.php(1117): Illuminate\\Console\\Command->run()
#36 /home/yamojr/devyamo/SchoolofNursing/edusaas/vendor/symfony/console/Application.php(356): Symfony\\Component\\Console\\Application->doRunCommand()
#37 /home/yamojr/devyamo/SchoolofNursing/edusaas/vendor/symfony/console/Application.php(195): Symfony\\Component\\Console\\Application->doRun()
#38 /home/yamojr/devyamo/SchoolofNursing/edusaas/vendor/laravel/framework/src/Illuminate/Foundation/Console/Kernel.php(198): Symfony\\Component\\Console\\Application->run()
#39 /home/yamojr/devyamo/SchoolofNursing/edusaas/vendor/laravel/framework/src/Illuminate/Foundation/Application.php(1235): Illuminate\\Foundation\\Console\\Kernel->handle()
#40 /home/yamojr/devyamo/SchoolofNursing/edusaas/artisan(12): Illuminate\\Foundation\\Application->handleCommand()
#41 {main}
"} 
[2026-05-20 07:35:59] local.ERROR: SQLSTATE[23000]: Integrity constraint violation: 1062 Duplicate entry '1-provost@ameenatu.edu.ng' for key 'users_tenant_id_email_unique' (Connection: mysql, SQL: insert into `users` (`tenant_id`, `name`, `email`, `password`, `updated_at`, `created_at`) values (1, Dr. Jane Doe, provost@ameenatu.edu.ng, $2y$12$GT42uKVSK73321HHyf/xBuxK2p.IGfo.2Au1yuXJJExM7/bcoyekW, 2026-05-20 07:35:59, 2026-05-20 07:35:59)) {"exception":"[object] (Illuminate\\Database\\UniqueConstraintViolationException(code: 23000): SQLSTATE[23000]: Integrity constraint violation: 1062 Duplicate entry '1-provost@ameenatu.edu.ng' for key 'users_tenant_id_email_unique' (Connection: mysql, SQL: insert into `users` (`tenant_id`, `name`, `email`, `password`, `updated_at`, `created_at`) values (1, Dr. Jane Doe, provost@ameenatu.edu.ng, $2y$12$GT42uKVSK73321HHyf/xBuxK2p.IGfo.2Au1yuXJJExM7/bcoyekW, 2026-05-20 07:35:59, 2026-05-20 07:35:59)) at /home/yamojr/devyamo/SchoolofNursing/edusaas/vendor/laravel/framework/src/Illuminate/Database/Connection.php:820)
[stacktrace]
#0 /home/yamojr/devyamo/SchoolofNursing/edusaas/vendor/laravel/framework/src/Illuminate/Database/Connection.php(779): Illuminate\\Database\\Connection->runQueryCallback()
#1 /home/yamojr/devyamo/SchoolofNursing/edusaas/vendor/laravel/framework/src/Illuminate/Database/MySqlConnection.php(42): Illuminate\\Database\\Connection->run()
#2 /home/yamojr/devyamo/SchoolofNursing/edusaas/vendor/laravel/framework/src/Illuminate/Database/Query/Processors/MySqlProcessor.php(35): Illuminate\\Database\\MySqlConnection->insert()
#3 /home/yamojr/devyamo/SchoolofNursing/edusaas/vendor/laravel/framework/src/Illuminate/Database/Query/Builder.php(3766): Illuminate\\Database\\Query\\Processors\\MySqlProcessor->processInsertGetId()
#4 /home/yamojr/devyamo/SchoolofNursing/edusaas/vendor/laravel/framework/src/Illuminate/Database/Eloquent/Builder.php(2120): Illuminate\\Database\\Query\\Builder->insertGetId()
#5 /home/yamojr/devyamo/SchoolofNursing/edusaas/vendor/laravel/framework/src/Illuminate/Database/Eloquent/Model.php(1359): Illuminate\\Database\\Eloquent\\Builder->__call()
#6 /home/yamojr/devyamo/SchoolofNursing/edusaas/vendor/laravel/framework/src/Illuminate/Database/Eloquent/Model.php(1324): Illuminate\\Database\\Eloquent\\Model->insertAndSetId()
#7 /home/yamojr/devyamo/SchoolofNursing/edusaas/vendor/laravel/framework/src/Illuminate/Database/Eloquent/Model.php(1163): Illuminate\\Database\\Eloquent\\Model->performInsert()
#8 /home/yamojr/devyamo/SchoolofNursing/edusaas/vendor/laravel/framework/src/Illuminate/Database/Eloquent/Builder.php(1128): Illuminate\\Database\\Eloquent\\Model->save()
#9 /home/yamojr/devyamo/SchoolofNursing/edusaas/vendor/laravel/framework/src/Illuminate/Support/helpers.php(399): Illuminate\\Database\\Eloquent\\Builder->{closure:Illuminate\\Database\\Eloquent\\Builder::create():1127}()
#10 /home/yamojr/devyamo/SchoolofNursing/edusaas/vendor/laravel/framework/src/Illuminate/Database/Eloquent/Builder.php(1127): tap()
#11 /home/yamojr/devyamo/SchoolofNursing/edusaas/vendor/laravel/framework/src/Illuminate/Support/Traits/ForwardsCalls.php(23): Illuminate\\Database\\Eloquent\\Builder->create()
#12 /home/yamojr/devyamo/SchoolofNursing/edusaas/vendor/laravel/framework/src/Illuminate/Database/Eloquent/Model.php(2372): Illuminate\\Database\\Eloquent\\Model->forwardCallTo()
#13 /home/yamojr/devyamo/SchoolofNursing/edusaas/vendor/laravel/framework/src/Illuminate/Database/Eloquent/Model.php(2384): Illuminate\\Database\\Eloquent\\Model->__call()
#14 /home/yamojr/devyamo/SchoolofNursing/edusaas/database/seeders/SchoolSeeder.php(51): Illuminate\\Database\\Eloquent\\Model::__callStatic()
#15 /home/yamojr/devyamo/SchoolofNursing/edusaas/vendor/laravel/framework/src/Illuminate/Container/BoundMethod.php(36): Database\\Seeders\\SchoolSeeder->run()
#16 /home/yamojr/devyamo/SchoolofNursing/edusaas/vendor/laravel/framework/src/Illuminate/Container/Util.php(43): Illuminate\\Container\\BoundMethod::{closure:Illuminate\\Container\\BoundMethod::call():35}()
#17 /home/yamojr/devyamo/SchoolofNursing/edusaas/vendor/laravel/framework/src/Illuminate/Container/BoundMethod.php(95): Illuminate\\Container\\Util::unwrapIfClosure()
#18 /home/yamojr/devyamo/SchoolofNursing/edusaas/vendor/laravel/framework/src/Illuminate/Container/BoundMethod.php(35): Illuminate\\Container\\BoundMethod::callBoundMethod()
#19 /home/yamojr/devyamo/SchoolofNursing/edusaas/vendor/laravel/framework/src/Illuminate/Container/Container.php(696): Illuminate\\Container\\BoundMethod::call()
#20 /home/yamojr/devyamo/SchoolofNursing/edusaas/vendor/laravel/framework/src/Illuminate/Database/Seeder.php(188): Illuminate\\Container\\Container->call()
#21 /home/yamojr/devyamo/SchoolofNursing/edusaas/vendor/laravel/framework/src/Illuminate/Database/Seeder.php(197): Illuminate\\Database\\Seeder->{closure:Illuminate\\Database\\Seeder::__invoke():187}()
#22 /home/yamojr/devyamo/SchoolofNursing/edusaas/vendor/laravel/framework/src/Illuminate/Database/Console/Seeds/SeedCommand.php(70): Illuminate\\Database\\Seeder->__invoke()
#23 /home/yamojr/devyamo/SchoolofNursing/edusaas/vendor/laravel/framework/src/Illuminate/Database/Eloquent/Concerns/GuardsAttributes.php(155): Illuminate\\Database\\Console\\Seeds\\SeedCommand->{closure:Illuminate\\Database\\Console\\Seeds\\SeedCommand::handle():69}()
#24 /home/yamojr/devyamo/SchoolofNursing/edusaas/vendor/laravel/framework/src/Illuminate/Database/Console/Seeds/SeedCommand.php(69): Illuminate\\Database\\Eloquent\\Model::unguarded()
#25 /home/yamojr/devyamo/SchoolofNursing/edusaas/vendor/laravel/framework/src/Illuminate/Container/BoundMethod.php(36): Illuminate\\Database\\Console\\Seeds\\SeedCommand->handle()
#26 /home/yamojr/devyamo/SchoolofNursing/edusaas/vendor/laravel/framework/src/Illuminate/Container/Util.php(43): Illuminate\\Container\\BoundMethod::{closure:Illuminate\\Container\\BoundMethod::call():35}()
#27 /home/yamojr/devyamo/SchoolofNursing/edusaas/vendor/laravel/framework/src/Illuminate/Container/BoundMethod.php(95): Illuminate\\Container\\Util::unwrapIfClosure()
#28 /home/yamojr/devyamo/SchoolofNursing/edusaas/vendor/laravel/framework/src/Illuminate/Container/BoundMethod.php(35): Illuminate\\Container\\BoundMethod::callBoundMethod()
#29 /home/yamojr/devyamo/SchoolofNursing/edusaas/vendor/laravel/framework/src/Illuminate/Container/Container.php(696): Illuminate\\Container\\BoundMethod::call()
#30 /home/yamojr/devyamo/SchoolofNursing/edusaas/vendor/laravel/framework/src/Illuminate/Console/Command.php(213): Illuminate\\Container\\Container->call()
#31 /home/yamojr/devyamo/SchoolofNursing/edusaas/vendor/symfony/console/Command/Command.php(341): Illuminate\\Console\\Command->execute()
#32 /home/yamojr/devyamo/SchoolofNursing/edusaas/vendor/laravel/framework/src/Illuminate/Console/Command.php(182): Symfony\\Component\\Console\\Command\\Command->run()
#33 /home/yamojr/devyamo/SchoolofNursing/edusaas/vendor/symfony/console/Application.php(1117): Illuminate\\Console\\Command->run()
#34 /home/yamojr/devyamo/SchoolofNursing/edusaas/vendor/symfony/console/Application.php(356): Symfony\\Component\\Console\\Application->doRunCommand()
#35 /home/yamojr/devyamo/SchoolofNursing/edusaas/vendor/symfony/console/Application.php(195): Symfony\\Component\\Console\\Application->doRun()
#36 /home/yamojr/devyamo/SchoolofNursing/edusaas/vendor/laravel/framework/src/Illuminate/Foundation/Console/Kernel.php(198): Symfony\\Component\\Console\\Application->run()
#37 /home/yamojr/devyamo/SchoolofNursing/edusaas/vendor/laravel/framework/src/Illuminate/Foundation/Application.php(1235): Illuminate\\Foundation\\Console\\Kernel->handle()
#38 /home/yamojr/devyamo/SchoolofNursing/edusaas/artisan(12): Illuminate\\Foundation\\Application->handleCommand()
#39 {main}

[previous exception] [object] (PDOException(code: 23000): SQLSTATE[23000]: Integrity constraint violation: 1062 Duplicate entry '1-provost@ameenatu.edu.ng' for key 'users_tenant_id_email_unique' at /home/yamojr/devyamo/SchoolofNursing/edusaas/vendor/laravel/framework/src/Illuminate/Database/MySqlConnection.php:53)
[stacktrace]
#0 /home/yamojr/devyamo/SchoolofNursing/edusaas/vendor/laravel/framework/src/Illuminate/Database/MySqlConnection.php(53): PDOStatement->execute()
#1 /home/yamojr/devyamo/SchoolofNursing/edusaas/vendor/laravel/framework/src/Illuminate/Database/Connection.php(812): Illuminate\\Database\\MySqlConnection->{closure:Illuminate\\Database\\MySqlConnection::insert():42}()
#2 /home/yamojr/devyamo/SchoolofNursing/edusaas/vendor/laravel/framework/src/Illuminate/Database/Connection.php(779): Illuminate\\Database\\Connection->runQueryCallback()
#3 /home/yamojr/devyamo/SchoolofNursing/edusaas/vendor/laravel/framework/src/Illuminate/Database/MySqlConnection.php(42): Illuminate\\Database\\Connection->run()
#4 /home/yamojr/devyamo/SchoolofNursing/edusaas/vendor/laravel/framework/src/Illuminate/Database/Query/Processors/MySqlProcessor.php(35): Illuminate\\Database\\MySqlConnection->insert()
#5 /home/yamojr/devyamo/SchoolofNursing/edusaas/vendor/laravel/framework/src/Illuminate/Database/Query/Builder.php(3766): Illuminate\\Database\\Query\\Processors\\MySqlProcessor->processInsertGetId()
#6 /home/yamojr/devyamo/SchoolofNursing/edusaas/vendor/laravel/framework/src/Illuminate/Database/Eloquent/Builder.php(2120): Illuminate\\Database\\Query\\Builder->insertGetId()
#7 /home/yamojr/devyamo/SchoolofNursing/edusaas/vendor/laravel/framework/src/Illuminate/Database/Eloquent/Model.php(1359): Illuminate\\Database\\Eloquent\\Builder->__call()
#8 /home/yamojr/devyamo/SchoolofNursing/edusaas/vendor/laravel/framework/src/Illuminate/Database/Eloquent/Model.php(1324): Illuminate\\Database\\Eloquent\\Model->insertAndSetId()
#9 /home/yamojr/devyamo/SchoolofNursing/edusaas/vendor/laravel/framework/src/Illuminate/Database/Eloquent/Model.php(1163): Illuminate\\Database\\Eloquent\\Model->performInsert()
#10 /home/yamojr/devyamo/SchoolofNursing/edusaas/vendor/laravel/framework/src/Illuminate/Database/Eloquent/Builder.php(1128): Illuminate\\Database\\Eloquent\\Model->save()
#11 /home/yamojr/devyamo/SchoolofNursing/edusaas/vendor/laravel/framework/src/Illuminate/Support/helpers.php(399): Illuminate\\Database\\Eloquent\\Builder->{closure:Illuminate\\Database\\Eloquent\\Builder::create():1127}()
#12 /home/yamojr/devyamo/SchoolofNursing/edusaas/vendor/laravel/framework/src/Illuminate/Database/Eloquent/Builder.php(1127): tap()
#13 /home/yamojr/devyamo/SchoolofNursing/edusaas/vendor/laravel/framework/src/Illuminate/Support/Traits/ForwardsCalls.php(23): Illuminate\\Database\\Eloquent\\Builder->create()
#14 /home/yamojr/devyamo/SchoolofNursing/edusaas/vendor/laravel/framework/src/Illuminate/Database/Eloquent/Model.php(2372): Illuminate\\Database\\Eloquent\\Model->forwardCallTo()
#15 /home/yamojr/devyamo/SchoolofNursing/edusaas/vendor/laravel/framework/src/Illuminate/Database/Eloquent/Model.php(2384): Illuminate\\Database\\Eloquent\\Model->__call()
#16 /home/yamojr/devyamo/SchoolofNursing/edusaas/database/seeders/SchoolSeeder.php(51): Illuminate\\Database\\Eloquent\\Model::__callStatic()
#17 /home/yamojr/devyamo/SchoolofNursing/edusaas/vendor/laravel/framework/src/Illuminate/Container/BoundMethod.php(36): Database\\Seeders\\SchoolSeeder->run()
#18 /home/yamojr/devyamo/SchoolofNursing/edusaas/vendor/laravel/framework/src/Illuminate/Container/Util.php(43): Illuminate\\Container\\BoundMethod::{closure:Illuminate\\Container\\BoundMethod::call():35}()
#19 /home/yamojr/devyamo/SchoolofNursing/edusaas/vendor/laravel/framework/src/Illuminate/Container/BoundMethod.php(95): Illuminate\\Container\\Util::unwrapIfClosure()
#20 /home/yamojr/devyamo/SchoolofNursing/edusaas/vendor/laravel/framework/src/Illuminate/Container/BoundMethod.php(35): Illuminate\\Container\\BoundMethod::callBoundMethod()
#21 /home/yamojr/devyamo/SchoolofNursing/edusaas/vendor/laravel/framework/src/Illuminate/Container/Container.php(696): Illuminate\\Container\\BoundMethod::call()
#22 /home/yamojr/devyamo/SchoolofNursing/edusaas/vendor/laravel/framework/src/Illuminate/Database/Seeder.php(188): Illuminate\\Container\\Container->call()
#23 /home/yamojr/devyamo/SchoolofNursing/edusaas/vendor/laravel/framework/src/Illuminate/Database/Seeder.php(197): Illuminate\\Database\\Seeder->{closure:Illuminate\\Database\\Seeder::__invoke():187}()
#24 /home/yamojr/devyamo/SchoolofNursing/edusaas/vendor/laravel/framework/src/Illuminate/Database/Console/Seeds/SeedCommand.php(70): Illuminate\\Database\\Seeder->__invoke()
#25 /home/yamojr/devyamo/SchoolofNursing/edusaas/vendor/laravel/framework/src/Illuminate/Database/Eloquent/Concerns/GuardsAttributes.php(155): Illuminate\\Database\\Console\\Seeds\\SeedCommand->{closure:Illuminate\\Database\\Console\\Seeds\\SeedCommand::handle():69}()
#26 /home/yamojr/devyamo/SchoolofNursing/edusaas/vendor/laravel/framework/src/Illuminate/Database/Console/Seeds/SeedCommand.php(69): Illuminate\\Database\\Eloquent\\Model::unguarded()
#27 /home/yamojr/devyamo/SchoolofNursing/edusaas/vendor/laravel/framework/src/Illuminate/Container/BoundMethod.php(36): Illuminate\\Database\\Console\\Seeds\\SeedCommand->handle()
#28 /home/yamojr/devyamo/SchoolofNursing/edusaas/vendor/laravel/framework/src/Illuminate/Container/Util.php(43): Illuminate\\Container\\BoundMethod::{closure:Illuminate\\Container\\BoundMethod::call():35}()
#29 /home/yamojr/devyamo/SchoolofNursing/edusaas/vendor/laravel/framework/src/Illuminate/Container/BoundMethod.php(95): Illuminate\\Container\\Util::unwrapIfClosure()
#30 /home/yamojr/devyamo/SchoolofNursing/edusaas/vendor/laravel/framework/src/Illuminate/Container/BoundMethod.php(35): Illuminate\\Container\\BoundMethod::callBoundMethod()
#31 /home/yamojr/devyamo/SchoolofNursing/edusaas/vendor/laravel/framework/src/Illuminate/Container/Container.php(696): Illuminate\\Container\\BoundMethod::call()
#32 /home/yamojr/devyamo/SchoolofNursing/edusaas/vendor/laravel/framework/src/Illuminate/Console/Command.php(213): Illuminate\\Container\\Container->call()
#33 /home/yamojr/devyamo/SchoolofNursing/edusaas/vendor/symfony/console/Command/Command.php(341): Illuminate\\Console\\Command->execute()
#34 /home/yamojr/devyamo/SchoolofNursing/edusaas/vendor/laravel/framework/src/Illuminate/Console/Command.php(182): Symfony\\Component\\Console\\Command\\Command->run()
#35 /home/yamojr/devyamo/SchoolofNursing/edusaas/vendor/symfony/console/Application.php(1117): Illuminate\\Console\\Command->run()
#36 /home/yamojr/devyamo/SchoolofNursing/edusaas/vendor/symfony/console/Application.php(356): Symfony\\Component\\Console\\Application->doRunCommand()
#37 /home/yamojr/devyamo/SchoolofNursing/edusaas/vendor/symfony/console/Application.php(195): Symfony\\Component\\Console\\Application->doRun()
#38 /home/yamojr/devyamo/SchoolofNursing/edusaas/vendor/laravel/framework/src/Illuminate/Foundation/Console/Kernel.php(198): Symfony\\Component\\Console\\Application->run()
#39 /home/yamojr/devyamo/SchoolofNursing/edusaas/vendor/laravel/framework/src/Illuminate/Foundation/Application.php(1235): Illuminate\\Foundation\\Console\\Kernel->handle()
#40 /home/yamojr/devyamo/SchoolofNursing/edusaas/artisan(12): Illuminate\\Foundation\\Application->handleCommand()
#41 {main}
"} 
[2026-05-20 07:58:20] local.ERROR: SQLSTATE[23000]: Integrity constraint violation: 1062 Duplicate entry '1-provost@ameenatu.edu.ng' for key 'users_tenant_id_email_unique' (Connection: mysql, SQL: insert into `users` (`tenant_id`, `name`, `email`, `password`, `updated_at`, `created_at`) values (1, Dr. Jane Doe, provost@ameenatu.edu.ng, $2y$12$9ab3HG4aQvPF938PVnzhxO5wJSo5pu/4sQrUOqFKcdU8EFHSEJWbe, 2026-05-20 07:58:20, 2026-05-20 07:58:20)) {"exception":"[object] (Illuminate\\Database\\UniqueConstraintViolationException(code: 23000): SQLSTATE[23000]: Integrity constraint violation: 1062 Duplicate entry '1-provost@ameenatu.edu.ng' for key 'users_tenant_id_email_unique' (Connection: mysql, SQL: insert into `users` (`tenant_id`, `name`, `email`, `password`, `updated_at`, `created_at`) values (1, Dr. Jane Doe, provost@ameenatu.edu.ng, $2y$12$9ab3HG4aQvPF938PVnzhxO5wJSo5pu/4sQrUOqFKcdU8EFHSEJWbe, 2026-05-20 07:58:20, 2026-05-20 07:58:20)) at /home/yamojr/devyamo/SchoolofNursing/edusaas/vendor/laravel/framework/src/Illuminate/Database/Connection.php:820)
[stacktrace]
#0 /home/yamojr/devyamo/SchoolofNursing/edusaas/vendor/laravel/framework/src/Illuminate/Database/Connection.php(779): Illuminate\\Database\\Connection->runQueryCallback()
#1 /home/yamojr/devyamo/SchoolofNursing/edusaas/vendor/laravel/framework/src/Illuminate/Database/MySqlConnection.php(42): Illuminate\\Database\\Connection->run()
#2 /home/yamojr/devyamo/SchoolofNursing/edusaas/vendor/laravel/framework/src/Illuminate/Database/Query/Processors/MySqlProcessor.php(35): Illuminate\\Database\\MySqlConnection->insert()
#3 /home/yamojr/devyamo/SchoolofNursing/edusaas/vendor/laravel/framework/src/Illuminate/Database/Query/Builder.php(3766): Illuminate\\Database\\Query\\Processors\\MySqlProcessor->processInsertGetId()
#4 /home/yamojr/devyamo/SchoolofNursing/edusaas/vendor/laravel/framework/src/Illuminate/Database/Eloquent/Builder.php(2120): Illuminate\\Database\\Query\\Builder->insertGetId()
#5 /home/yamojr/devyamo/SchoolofNursing/edusaas/vendor/laravel/framework/src/Illuminate/Database/Eloquent/Model.php(1359): Illuminate\\Database\\Eloquent\\Builder->__call()
#6 /home/yamojr/devyamo/SchoolofNursing/edusaas/vendor/laravel/framework/src/Illuminate/Database/Eloquent/Model.php(1324): Illuminate\\Database\\Eloquent\\Model->insertAndSetId()
#7 /home/yamojr/devyamo/SchoolofNursing/edusaas/vendor/laravel/framework/src/Illuminate/Database/Eloquent/Model.php(1163): Illuminate\\Database\\Eloquent\\Model->performInsert()
#8 /home/yamojr/devyamo/SchoolofNursing/edusaas/vendor/laravel/framework/src/Illuminate/Database/Eloquent/Builder.php(1128): Illuminate\\Database\\Eloquent\\Model->save()
#9 /home/yamojr/devyamo/SchoolofNursing/edusaas/vendor/laravel/framework/src/Illuminate/Support/helpers.php(399): Illuminate\\Database\\Eloquent\\Builder->{closure:Illuminate\\Database\\Eloquent\\Builder::create():1127}()
#10 /home/yamojr/devyamo/SchoolofNursing/edusaas/vendor/laravel/framework/src/Illuminate/Database/Eloquent/Builder.php(1127): tap()
#11 /home/yamojr/devyamo/SchoolofNursing/edusaas/vendor/laravel/framework/src/Illuminate/Support/Traits/ForwardsCalls.php(23): Illuminate\\Database\\Eloquent\\Builder->create()
#12 /home/yamojr/devyamo/SchoolofNursing/edusaas/vendor/laravel/framework/src/Illuminate/Database/Eloquent/Model.php(2372): Illuminate\\Database\\Eloquent\\Model->forwardCallTo()
#13 /home/yamojr/devyamo/SchoolofNursing/edusaas/vendor/laravel/framework/src/Illuminate/Database/Eloquent/Model.php(2384): Illuminate\\Database\\Eloquent\\Model->__call()
#14 /home/yamojr/devyamo/SchoolofNursing/edusaas/database/seeders/SchoolSeeder.php(51): Illuminate\\Database\\Eloquent\\Model::__callStatic()
#15 /home/yamojr/devyamo/SchoolofNursing/edusaas/vendor/laravel/framework/src/Illuminate/Container/BoundMethod.php(36): Database\\Seeders\\SchoolSeeder->run()
#16 /home/yamojr/devyamo/SchoolofNursing/edusaas/vendor/laravel/framework/src/Illuminate/Container/Util.php(43): Illuminate\\Container\\BoundMethod::{closure:Illuminate\\Container\\BoundMethod::call():35}()
#17 /home/yamojr/devyamo/SchoolofNursing/edusaas/vendor/laravel/framework/src/Illuminate/Container/BoundMethod.php(95): Illuminate\\Container\\Util::unwrapIfClosure()
#18 /home/yamojr/devyamo/SchoolofNursing/edusaas/vendor/laravel/framework/src/Illuminate/Container/BoundMethod.php(35): Illuminate\\Container\\BoundMethod::callBoundMethod()
#19 /home/yamojr/devyamo/SchoolofNursing/edusaas/vendor/laravel/framework/src/Illuminate/Container/Container.php(696): Illuminate\\Container\\BoundMethod::call()
#20 /home/yamojr/devyamo/SchoolofNursing/edusaas/vendor/laravel/framework/src/Illuminate/Database/Seeder.php(188): Illuminate\\Container\\Container->call()
#21 /home/yamojr/devyamo/SchoolofNursing/edusaas/vendor/laravel/framework/src/Illuminate/Database/Seeder.php(197): Illuminate\\Database\\Seeder->{closure:Illuminate\\Database\\Seeder::__invoke():187}()
#22 /home/yamojr/devyamo/SchoolofNursing/edusaas/vendor/laravel/framework/src/Illuminate/Database/Console/Seeds/SeedCommand.php(70): Illuminate\\Database\\Seeder->__invoke()
#23 /home/yamojr/devyamo/SchoolofNursing/edusaas/vendor/laravel/framework/src/Illuminate/Database/Eloquent/Concerns/GuardsAttributes.php(155): Illuminate\\Database\\Console\\Seeds\\SeedCommand->{closure:Illuminate\\Database\\Console\\Seeds\\SeedCommand::handle():69}()
#24 /home/yamojr/devyamo/SchoolofNursing/edusaas/vendor/laravel/framework/src/Illuminate/Database/Console/Seeds/SeedCommand.php(69): Illuminate\\Database\\Eloquent\\Model::unguarded()
#25 /home/yamojr/devyamo/SchoolofNursing/edusaas/vendor/laravel/framework/src/Illuminate/Container/BoundMethod.php(36): Illuminate\\Database\\Console\\Seeds\\SeedCommand->handle()
#26 /home/yamojr/devyamo/SchoolofNursing/edusaas/vendor/laravel/framework/src/Illuminate/Container/Util.php(43): Illuminate\\Container\\BoundMethod::{closure:Illuminate\\Container\\BoundMethod::call():35}()
#27 /home/yamojr/devyamo/SchoolofNursing/edusaas/vendor/laravel/framework/src/Illuminate/Container/BoundMethod.php(95): Illuminate\\Container\\Util::unwrapIfClosure()
#28 /home/yamojr/devyamo/SchoolofNursing/edusaas/vendor/laravel/framework/src/Illuminate/Container/BoundMethod.php(35): Illuminate\\Container\\BoundMethod::callBoundMethod()
#29 /home/yamojr/devyamo/SchoolofNursing/edusaas/vendor/laravel/framework/src/Illuminate/Container/Container.php(696): Illuminate\\Container\\BoundMethod::call()
#30 /home/yamojr/devyamo/SchoolofNursing/edusaas/vendor/laravel/framework/src/Illuminate/Console/Command.php(213): Illuminate\\Container\\Container->call()
#31 /home/yamojr/devyamo/SchoolofNursing/edusaas/vendor/symfony/console/Command/Command.php(341): Illuminate\\Console\\Command->execute()
#32 /home/yamojr/devyamo/SchoolofNursing/edusaas/vendor/laravel/framework/src/Illuminate/Console/Command.php(182): Symfony\\Component\\Console\\Command\\Command->run()
#33 /home/yamojr/devyamo/SchoolofNursing/edusaas/vendor/symfony/console/Application.php(1117): Illuminate\\Console\\Command->run()
#34 /home/yamojr/devyamo/SchoolofNursing/edusaas/vendor/symfony/console/Application.php(356): Symfony\\Component\\Console\\Application->doRunCommand()
#35 /home/yamojr/devyamo/SchoolofNursing/edusaas/vendor/symfony/console/Application.php(195): Symfony\\Component\\Console\\Application->doRun()
#36 /home/yamojr/devyamo/SchoolofNursing/edusaas/vendor/laravel/framework/src/Illuminate/Foundation/Console/Kernel.php(198): Symfony\\Component\\Console\\Application->run()
#37 /home/yamojr/devyamo/SchoolofNursing/edusaas/vendor/laravel/framework/src/Illuminate/Foundation/Application.php(1235): Illuminate\\Foundation\\Console\\Kernel->handle()
#38 /home/yamojr/devyamo/SchoolofNursing/edusaas/artisan(12): Illuminate\\Foundation\\Application->handleCommand()
#39 {main}

[previous exception] [object] (PDOException(code: 23000): SQLSTATE[23000]: Integrity constraint violation: 1062 Duplicate entry '1-provost@ameenatu.edu.ng' for key 'users_tenant_id_email_unique' at /home/yamojr/devyamo/SchoolofNursing/edusaas/vendor/laravel/framework/src/Illuminate/Database/MySqlConnection.php:53)
[stacktrace]
#0 /home/yamojr/devyamo/SchoolofNursing/edusaas/vendor/laravel/framework/src/Illuminate/Database/MySqlConnection.php(53): PDOStatement->execute()
#1 /home/yamojr/devyamo/SchoolofNursing/edusaas/vendor/laravel/framework/src/Illuminate/Database/Connection.php(812): Illuminate\\Database\\MySqlConnection->{closure:Illuminate\\Database\\MySqlConnection::insert():42}()
#2 /home/yamojr/devyamo/SchoolofNursing/edusaas/vendor/laravel/framework/src/Illuminate/Database/Connection.php(779): Illuminate\\Database\\Connection->runQueryCallback()
#3 /home/yamojr/devyamo/SchoolofNursing/edusaas/vendor/laravel/framework/src/Illuminate/Database/MySqlConnection.php(42): Illuminate\\Database\\Connection->run()
#4 /home/yamojr/devyamo/SchoolofNursing/edusaas/vendor/laravel/framework/src/Illuminate/Database/Query/Processors/MySqlProcessor.php(35): Illuminate\\Database\\MySqlConnection->insert()
#5 /home/yamojr/devyamo/SchoolofNursing/edusaas/vendor/laravel/framework/src/Illuminate/Database/Query/Builder.php(3766): Illuminate\\Database\\Query\\Processors\\MySqlProcessor->processInsertGetId()
#6 /home/yamojr/devyamo/SchoolofNursing/edusaas/vendor/laravel/framework/src/Illuminate/Database/Eloquent/Builder.php(2120): Illuminate\\Database\\Query\\Builder->insertGetId()
#7 /home/yamojr/devyamo/SchoolofNursing/edusaas/vendor/laravel/framework/src/Illuminate/Database/Eloquent/Model.php(1359): Illuminate\\Database\\Eloquent\\Builder->__call()
#8 /home/yamojr/devyamo/SchoolofNursing/edusaas/vendor/laravel/framework/src/Illuminate/Database/Eloquent/Model.php(1324): Illuminate\\Database\\Eloquent\\Model->insertAndSetId()
#9 /home/yamojr/devyamo/SchoolofNursing/edusaas/vendor/laravel/framework/src/Illuminate/Database/Eloquent/Model.php(1163): Illuminate\\Database\\Eloquent\\Model->performInsert()
#10 /home/yamojr/devyamo/SchoolofNursing/edusaas/vendor/laravel/framework/src/Illuminate/Database/Eloquent/Builder.php(1128): Illuminate\\Database\\Eloquent\\Model->save()
#11 /home/yamojr/devyamo/SchoolofNursing/edusaas/vendor/laravel/framework/src/Illuminate/Support/helpers.php(399): Illuminate\\Database\\Eloquent\\Builder->{closure:Illuminate\\Database\\Eloquent\\Builder::create():1127}()
#12 /home/yamojr/devyamo/SchoolofNursing/edusaas/vendor/laravel/framework/src/Illuminate/Database/Eloquent/Builder.php(1127): tap()
#13 /home/yamojr/devyamo/SchoolofNursing/edusaas/vendor/laravel/framework/src/Illuminate/Support/Traits/ForwardsCalls.php(23): Illuminate\\Database\\Eloquent\\Builder->create()
#14 /home/yamojr/devyamo/SchoolofNursing/edusaas/vendor/laravel/framework/src/Illuminate/Database/Eloquent/Model.php(2372): Illuminate\\Database\\Eloquent\\Model->forwardCallTo()
#15 /home/yamojr/devyamo/SchoolofNursing/edusaas/vendor/laravel/framework/src/Illuminate/Database/Eloquent/Model.php(2384): Illuminate\\Database\\Eloquent\\Model->__call()
#16 /home/yamojr/devyamo/SchoolofNursing/edusaas/database/seeders/SchoolSeeder.php(51): Illuminate\\Database\\Eloquent\\Model::__callStatic()
#17 /home/yamojr/devyamo/SchoolofNursing/edusaas/vendor/laravel/framework/src/Illuminate/Container/BoundMethod.php(36): Database\\Seeders\\SchoolSeeder->run()
#18 /home/yamojr/devyamo/SchoolofNursing/edusaas/vendor/laravel/framework/src/Illuminate/Container/Util.php(43): Illuminate\\Container\\BoundMethod::{closure:Illuminate\\Container\\BoundMethod::call():35}()
#19 /home/yamojr/devyamo/SchoolofNursing/edusaas/vendor/laravel/framework/src/Illuminate/Container/BoundMethod.php(95): Illuminate\\Container\\Util::unwrapIfClosure()
#20 /home/yamojr/devyamo/SchoolofNursing/edusaas/vendor/laravel/framework/src/Illuminate/Container/BoundMethod.php(35): Illuminate\\Container\\BoundMethod::callBoundMethod()
#21 /home/yamojr/devyamo/SchoolofNursing/edusaas/vendor/laravel/framework/src/Illuminate/Container/Container.php(696): Illuminate\\Container\\BoundMethod::call()
#22 /home/yamojr/devyamo/SchoolofNursing/edusaas/vendor/laravel/framework/src/Illuminate/Database/Seeder.php(188): Illuminate\\Container\\Container->call()
#23 /home/yamojr/devyamo/SchoolofNursing/edusaas/vendor/laravel/framework/src/Illuminate/Database/Seeder.php(197): Illuminate\\Database\\Seeder->{closure:Illuminate\\Database\\Seeder::__invoke():187}()
#24 /home/yamojr/devyamo/SchoolofNursing/edusaas/vendor/laravel/framework/src/Illuminate/Database/Console/Seeds/SeedCommand.php(70): Illuminate\\Database\\Seeder->__invoke()
#25 /home/yamojr/devyamo/SchoolofNursing/edusaas/vendor/laravel/framework/src/Illuminate/Database/Eloquent/Concerns/GuardsAttributes.php(155): Illuminate\\Database\\Console\\Seeds\\SeedCommand->{closure:Illuminate\\Database\\Console\\Seeds\\SeedCommand::handle():69}()
#26 /home/yamojr/devyamo/SchoolofNursing/edusaas/vendor/laravel/framework/src/Illuminate/Database/Console/Seeds/SeedCommand.php(69): Illuminate\\Database\\Eloquent\\Model::unguarded()
#27 /home/yamojr/devyamo/SchoolofNursing/edusaas/vendor/laravel/framework/src/Illuminate/Container/BoundMethod.php(36): Illuminate\\Database\\Console\\Seeds\\SeedCommand->handle()
#28 /home/yamojr/devyamo/SchoolofNursing/edusaas/vendor/laravel/framework/src/Illuminate/Container/Util.php(43): Illuminate\\Container\\BoundMethod::{closure:Illuminate\\Container\\BoundMethod::call():35}()
#29 /home/yamojr/devyamo/SchoolofNursing/edusaas/vendor/laravel/framework/src/Illuminate/Container/BoundMethod.php(95): Illuminate\\Container\\Util::unwrapIfClosure()
#30 /home/yamojr/devyamo/SchoolofNursing/edusaas/vendor/laravel/framework/src/Illuminate/Container/BoundMethod.php(35): Illuminate\\Container\\BoundMethod::callBoundMethod()
#31 /home/yamojr/devyamo/SchoolofNursing/edusaas/vendor/laravel/framework/src/Illuminate/Container/Container.php(696): Illuminate\\Container\\BoundMethod::call()
#32 /home/yamojr/devyamo/SchoolofNursing/edusaas/vendor/laravel/framework/src/Illuminate/Console/Command.php(213): Illuminate\\Container\\Container->call()
#33 /home/yamojr/devyamo/SchoolofNursing/edusaas/vendor/symfony/console/Command/Command.php(341): Illuminate\\Console\\Command->execute()
#34 /home/yamojr/devyamo/SchoolofNursing/edusaas/vendor/laravel/framework/src/Illuminate/Console/Command.php(182): Symfony\\Component\\Console\\Command\\Command->run()
#35 /home/yamojr/devyamo/SchoolofNursing/edusaas/vendor/symfony/console/Application.php(1117): Illuminate\\Console\\Command->run()
#36 /home/yamojr/devyamo/SchoolofNursing/edusaas/vendor/symfony/console/Application.php(356): Symfony\\Component\\Console\\Application->doRunCommand()
#37 /home/yamojr/devyamo/SchoolofNursing/edusaas/vendor/symfony/console/Application.php(195): Symfony\\Component\\Console\\Application->doRun()
#38 /home/yamojr/devyamo/SchoolofNursing/edusaas/vendor/laravel/framework/src/Illuminate/Foundation/Console/Kernel.php(198): Symfony\\Component\\Console\\Application->run()
#39 /home/yamojr/devyamo/SchoolofNursing/edusaas/vendor/laravel/framework/src/Illuminate/Foundation/Application.php(1235): Illuminate\\Foundation\\Console\\Kernel->handle()
#40 /home/yamojr/devyamo/SchoolofNursing/edusaas/artisan(12): Illuminate\\Foundation\\Application->handleCommand()
#41 {main}
"} 
[2026-05-20 08:01:56] local.ERROR: Call to undefined relationship [student] on model [App\Models\AdmissionApplication]. {"userId":32,"exception":"[object] (Illuminate\\Database\\Eloquent\\RelationNotFoundException(code: 0): Call to undefined relationship [student] on model [App\\Models\\AdmissionApplication]. at /home/yamojr/devyamo/SchoolofNursing/edusaas/vendor/laravel/framework/src/Illuminate/Database/Eloquent/RelationNotFoundException.php:35)
[stacktrace]
#0 /home/yamojr/devyamo/SchoolofNursing/edusaas/vendor/laravel/framework/src/Illuminate/Database/Eloquent/Builder.php(878): Illuminate\\Database\\Eloquent\\RelationNotFoundException::make()
#1 /home/yamojr/devyamo/SchoolofNursing/edusaas/vendor/laravel/framework/src/Illuminate/Database/Eloquent/Relations/Relation.php(120): Illuminate\\Database\\Eloquent\\Builder->{closure:Illuminate\\Database\\Eloquent\\Builder::getRelation():874}()
#2 /home/yamojr/devyamo/SchoolofNursing/edusaas/vendor/laravel/framework/src/Illuminate/Database/Eloquent/Builder.php(874): Illuminate\\Database\\Eloquent\\Relations\\Relation::noConstraints()
#3 /home/yamojr/devyamo/SchoolofNursing/edusaas/vendor/laravel/framework/src/Illuminate/Database/Eloquent/Builder.php(848): Illuminate\\Database\\Eloquent\\Builder->getRelation()
#4 /home/yamojr/devyamo/SchoolofNursing/edusaas/vendor/laravel/framework/src/Illuminate/Database/Eloquent/Builder.php(828): Illuminate\\Database\\Eloquent\\Builder->eagerLoadRelation()
#5 /home/yamojr/devyamo/SchoolofNursing/edusaas/vendor/laravel/framework/src/Illuminate/Database/Eloquent/Builder.php(794): Illuminate\\Database\\Eloquent\\Builder->eagerLoadRelations()
#6 /home/yamojr/devyamo/SchoolofNursing/edusaas/app/Http/Controllers/AdmissionOfficer/DashboardController.php(21): Illuminate\\Database\\Eloquent\\Builder->get()
#7 /home/yamojr/devyamo/SchoolofNursing/edusaas/vendor/laravel/framework/src/Illuminate/Routing/Controller.php(54): App\\Http\\Controllers\\AdmissionOfficer\\DashboardController->index()
#8 /home/yamojr/devyamo/SchoolofNursing/edusaas/vendor/laravel/framework/src/Illuminate/Routing/ControllerDispatcher.php(44): Illuminate\\Routing\\Controller->callAction()
#9 /home/yamojr/devyamo/SchoolofNursing/edusaas/vendor/laravel/framework/src/Illuminate/Routing/Route.php(266): Illuminate\\Routing\\ControllerDispatcher->dispatch()
#10 /home/yamojr/devyamo/SchoolofNursing/edusaas/vendor/laravel/framework/src/Illuminate/Routing/Route.php(212): Illuminate\\Routing\\Route->runController()
#11 /home/yamojr/devyamo/SchoolofNursing/edusaas/vendor/laravel/framework/src/Illuminate/Routing/Router.php(808): Illuminate\\Routing\\Route->run()
#12 /home/yamojr/devyamo/SchoolofNursing/edusaas/vendor/laravel/framework/src/Illuminate/Pipeline/Pipeline.php(170): Illuminate\\Routing\\Router->{closure:Illuminate\\Routing\\Router::runRouteWithinStack():807}()
#13 /home/yamojr/devyamo/SchoolofNursing/edusaas/vendor/spatie/laravel-permission/src/Middleware/RoleMiddleware.php(37): Illuminate\\Pipeline\\Pipeline->{closure:Illuminate\\Pipeline\\Pipeline::prepareDestination():168}()
#14 /home/yamojr/devyamo/SchoolofNursing/edusaas/vendor/laravel/framework/src/Illuminate/Pipeline/Pipeline.php(209): Spatie\\Permission\\Middleware\\RoleMiddleware->handle()
#15 /home/yamojr/devyamo/SchoolofNursing/edusaas/app/Http/Middleware/EnsureTenantAccess.php(26): Illuminate\\Pipeline\\Pipeline->{closure:{closure:Illuminate\\Pipeline\\Pipeline::carry():184}:185}()
#16 /home/yamojr/devyamo/SchoolofNursing/edusaas/vendor/laravel/framework/src/Illuminate/Pipeline/Pipeline.php(209): App\\Http\\Middleware\\EnsureTenantAccess->handle()
#17 /home/yamojr/devyamo/SchoolofNursing/edusaas/app/Http/Middleware/IdentifyTenant.php(39): Illuminate\\Pipeline\\Pipeline->{closure:{closure:Illuminate\\Pipeline\\Pipeline::carry():184}:185}()
#18 /home/yamojr/devyamo/SchoolofNursing/edusaas/vendor/laravel/framework/src/Illuminate/Pipeline/Pipeline.php(209): App\\Http\\Middleware\\IdentifyTenant->handle()
#19 /home/yamojr/devyamo/SchoolofNursing/edusaas/vendor/inertiajs/inertia-laravel/src/Middleware.php(122): Illuminate\\Pipeline\\Pipeline->{closure:{closure:Illuminate\\Pipeline\\Pipeline::carry():184}:185}()
#20 /home/yamojr/devyamo/SchoolofNursing/edusaas/vendor/laravel/framework/src/Illuminate/Pipeline/Pipeline.php(209): Inertia\\Middleware->handle()
#21 /home/yamojr/devyamo/SchoolofNursing/edusaas/vendor/laravel/framework/src/Illuminate/Routing/Middleware/SubstituteBindings.php(51): Illuminate\\Pipeline\\Pipeline->{closure:{closure:Illuminate\\Pipeline\\Pipeline::carry():184}:185}()
#22 /home/yamojr/devyamo/SchoolofNursing/edusaas/vendor/laravel/framework/src/Illuminate/Pipeline/Pipeline.php(209): Illuminate\\Routing\\Middleware\\SubstituteBindings->handle()
#23 /home/yamojr/devyamo/SchoolofNursing/edusaas/vendor/laravel/framework/src/Illuminate/Auth/Middleware/Authenticate.php(64): Illuminate\\Pipeline\\Pipeline->{closure:{closure:Illuminate\\Pipeline\\Pipeline::carry():184}:185}()
#24 /home/yamojr/devyamo/SchoolofNursing/edusaas/vendor/laravel/framework/src/Illuminate/Pipeline/Pipeline.php(209): Illuminate\\Auth\\Middleware\\Authenticate->handle()
#25 /home/yamojr/devyamo/SchoolofNursing/edusaas/vendor/laravel/framework/src/Illuminate/Foundation/Http/Middleware/VerifyCsrfToken.php(88): Illuminate\\Pipeline\\Pipeline->{closure:{closure:Illuminate\\Pipeline\\Pipeline::carry():184}:185}()
#26 /home/yamojr/devyamo/SchoolofNursing/edusaas/vendor/laravel/framework/src/Illuminate/Pipeline/Pipeline.php(209): Illuminate\\Foundation\\Http\\Middleware\\VerifyCsrfToken->handle()
#27 /home/yamojr/devyamo/SchoolofNursing/edusaas/vendor/laravel/framework/src/Illuminate/View/Middleware/ShareErrorsFromSession.php(49): Illuminate\\Pipeline\\Pipeline->{closure:{closure:Illuminate\\Pipeline\\Pipeline::carry():184}:185}()
#28 /home/yamojr/devyamo/SchoolofNursing/edusaas/vendor/laravel/framework/src/Illuminate/Pipeline/Pipeline.php(209): Illuminate\\View\\Middleware\\ShareErrorsFromSession->handle()
#29 /home/yamojr/devyamo/SchoolofNursing/edusaas/vendor/laravel/framework/src/Illuminate/Session/Middleware/StartSession.php(121): Illuminate\\Pipeline\\Pipeline->{closure:{closure:Illuminate\\Pipeline\\Pipeline::carry():184}:185}()
#30 /home/yamojr/devyamo/SchoolofNursing/edusaas/vendor/laravel/framework/src/Illuminate/Session/Middleware/StartSession.php(64): Illuminate\\Session\\Middleware\\StartSession->handleStatefulRequest()
#31 /home/yamojr/devyamo/SchoolofNursing/edusaas/vendor/laravel/framework/src/Illuminate/Pipeline/Pipeline.php(209): Illuminate\\Session\\Middleware\\StartSession->handle()
#32 /home/yamojr/devyamo/SchoolofNursing/edusaas/vendor/laravel/framework/src/Illuminate/Cookie/Middleware/AddQueuedCookiesToResponse.php(37): Illuminate\\Pipeline\\Pipeline->{closure:{closure:Illuminate\\Pipeline\\Pipeline::carry():184}:185}()
#33 /home/yamojr/devyamo/SchoolofNursing/edusaas/vendor/laravel/framework/src/Illuminate/Pipeline/Pipeline.php(209): Illuminate\\Cookie\\Middleware\\AddQueuedCookiesToResponse->handle()
#34 /home/yamojr/devyamo/SchoolofNursing/edusaas/vendor/laravel/framework/src/Illuminate/Cookie/Middleware/EncryptCookies.php(75): Illuminate\\Pipeline\\Pipeline->{closure:{closure:Illuminate\\Pipeline\\Pipeline::carry():184}:185}()
#35 /home/yamojr/devyamo/SchoolofNursing/edusaas/vendor/laravel/framework/src/Illuminate/Pipeline/Pipeline.php(209): Illuminate\\Cookie\\Middleware\\EncryptCookies->handle()
#36 /home/yamojr/devyamo/SchoolofNursing/edusaas/vendor/laravel/framework/src/Illuminate/Pipeline/Pipeline.php(127): Illuminate\\Pipeline\\Pipeline->{closure:{closure:Illuminate\\Pipeline\\Pipeline::carry():184}:185}()
#37 /home/yamojr/devyamo/SchoolofNursing/edusaas/vendor/laravel/framework/src/Illuminate/Routing/Router.php(807): Illuminate\\Pipeline\\Pipeline->then()
#38 /home/yamojr/devyamo/SchoolofNursing/edusaas/vendor/laravel/framework/src/Illuminate/Routing/Router.php(786): Illuminate\\Routing\\Router->runRouteWithinStack()
#39 /home/yamojr/devyamo/SchoolofNursing/edusaas/vendor/laravel/framework/src/Illuminate/Routing/Router.php(750): Illuminate\\Routing\\Router->runRoute()
#40 /home/yamojr/devyamo/SchoolofNursing/edusaas/vendor/laravel/framework/src/Illuminate/Routing/Router.php(739): Illuminate\\Routing\\Router->dispatchToRoute()
#41 /home/yamojr/devyamo/SchoolofNursing/edusaas/vendor/laravel/framework/src/Illuminate/Foundation/Http/Kernel.php(201): Illuminate\\Routing\\Router->dispatch()
#42 /home/yamojr/devyamo/SchoolofNursing/edusaas/vendor/laravel/framework/src/Illuminate/Pipeline/Pipeline.php(170): Illuminate\\Foundation\\Http\\Kernel->{closure:Illuminate\\Foundation\\Http\\Kernel::dispatchToRouter():198}()
#43 /home/yamojr/devyamo/SchoolofNursing/edusaas/vendor/laravel/framework/src/Illuminate/Foundation/Http/Middleware/TransformsRequest.php(21): Illuminate\\Pipeline\\Pipeline->{closure:Illuminate\\Pipeline\\Pipeline::prepareDestination():168}()
#44 /home/yamojr/devyamo/SchoolofNursing/edusaas/vendor/laravel/framework/src/Illuminate/Foundation/Http/Middleware/ConvertEmptyStringsToNull.php(31): Illuminate\\Foundation\\Http\\Middleware\\TransformsRequest->handle()
#45 /home/yamojr/devyamo/SchoolofNursing/edusaas/vendor/laravel/framework/src/Illuminate/Pipeline/Pipeline.php(209): Illuminate\\Foundation\\Http\\Middleware\\ConvertEmptyStringsToNull->handle()
#46 /home/yamojr/devyamo/SchoolofNursing/edusaas/vendor/laravel/framework/src/Illuminate/Foundation/Http/Middleware/TransformsRequest.php(21): Illuminate\\Pipeline\\Pipeline->{closure:{closure:Illuminate\\Pipeline\\Pipeline::carry():184}:185}()
#47 /home/yamojr/devyamo/SchoolofNursing/edusaas/vendor/laravel/framework/src/Illuminate/Foundation/Http/Middleware/TrimStrings.php(51): Illuminate\\Foundation\\Http\\Middleware\\TransformsRequest->handle()
#48 /home/yamojr/devyamo/SchoolofNursing/edusaas/vendor/laravel/framework/src/Illuminate/Pipeline/Pipeline.php(209): Illuminate\\Foundation\\Http\\Middleware\\TrimStrings->handle()
#49 /home/yamojr/devyamo/SchoolofNursing/edusaas/vendor/laravel/framework/src/Illuminate/Http/Middleware/ValidatePostSize.php(27): Illuminate\\Pipeline\\Pipeline->{closure:{closure:Illuminate\\Pipeline\\Pipeline::carry():184}:185}()
#50 /home/yamojr/devyamo/SchoolofNursing/edusaas/vendor/laravel/framework/src/Illuminate/Pipeline/Pipeline.php(209): Illuminate\\Http\\Middleware\\ValidatePostSize->handle()
#51 /home/yamojr/devyamo/SchoolofNursing/edusaas/vendor/laravel/framework/src/Illuminate/Foundation/Http/Middleware/PreventRequestsDuringMaintenance.php(110): Illuminate\\Pipeline\\Pipeline->{closure:{closure:Illuminate\\Pipeline\\Pipeline::carry():184}:185}()
#52 /home/yamojr/devyamo/SchoolofNursing/edusaas/vendor/laravel/framework/src/Illuminate/Pipeline/Pipeline.php(209): Illuminate\\Foundation\\Http\\Middleware\\PreventRequestsDuringMaintenance->handle()
#53 /home/yamojr/devyamo/SchoolofNursing/edusaas/vendor/laravel/framework/src/Illuminate/Http/Middleware/HandleCors.php(49): Illuminate\\Pipeline\\Pipeline->{closure:{closure:Illuminate\\Pipeline\\Pipeline::carry():184}:185}()
#54 /home/yamojr/devyamo/SchoolofNursing/edusaas/vendor/laravel/framework/src/Illuminate/Pipeline/Pipeline.php(209): Illuminate\\Http\\Middleware\\HandleCors->handle()
#55 /home/yamojr/devyamo/SchoolofNursing/edusaas/vendor/laravel/framework/src/Illuminate/Http/Middleware/TrustProxies.php(58): Illuminate\\Pipeline\\Pipeline->{closure:{closure:Illuminate\\Pipeline\\Pipeline::carry():184}:185}()
#56 /home/yamojr/devyamo/SchoolofNursing/edusaas/vendor/laravel/framework/src/Illuminate/Pipeline/Pipeline.php(209): Illuminate\\Http\\Middleware\\TrustProxies->handle()
#57 /home/yamojr/devyamo/SchoolofNursing/edusaas/vendor/laravel/framework/src/Illuminate/Foundation/Http/Middleware/InvokeDeferredCallbacks.php(22): Illuminate\\Pipeline\\Pipeline->{closure:{closure:Illuminate\\Pipeline\\Pipeline::carry():184}:185}()
#58 /home/yamojr/devyamo/SchoolofNursing/edusaas/vendor/laravel/framework/src/Illuminate/Pipeline/Pipeline.php(209): Illuminate\\Foundation\\Http\\Middleware\\InvokeDeferredCallbacks->handle()
#59 /home/yamojr/devyamo/SchoolofNursing/edusaas/vendor/laravel/framework/src/Illuminate/Pipeline/Pipeline.php(127): Illuminate\\Pipeline\\Pipeline->{closure:{closure:Illuminate\\Pipeline\\Pipeline::carry():184}:185}()
#60 /home/yamojr/devyamo/SchoolofNursing/edusaas/vendor/laravel/framework/src/Illuminate/Foundation/Http/Kernel.php(176): Illuminate\\Pipeline\\Pipeline->then()
#61 /home/yamojr/devyamo/SchoolofNursing/edusaas/vendor/laravel/framework/src/Illuminate/Foundation/Http/Kernel.php(145): Illuminate\\Foundation\\Http\\Kernel->sendRequestThroughRouter()
#62 /home/yamojr/devyamo/SchoolofNursing/edusaas/vendor/laravel/framework/src/Illuminate/Foundation/Application.php(1220): Illuminate\\Foundation\\Http\\Kernel->handle()
#63 /home/yamojr/devyamo/SchoolofNursing/edusaas/public/index.php(19): Illuminate\\Foundation\\Application->handleRequest()
#64 /home/yamojr/devyamo/SchoolofNursing/edusaas/vendor/laravel/framework/src/Illuminate/Foundation/resources/server.php(23): require_once('...')
#65 {main}
"} 
[2026-05-20 08:01:59] local.ERROR: Call to undefined relationship [student] on model [App\Models\AdmissionApplication]. {"userId":32,"exception":"[object] (Illuminate\\Database\\Eloquent\\RelationNotFoundException(code: 0): Call to undefined relationship [student] on model [App\\Models\\AdmissionApplication]. at /home/yamojr/devyamo/SchoolofNursing/edusaas/vendor/laravel/framework/src/Illuminate/Database/Eloquent/RelationNotFoundException.php:35)
[stacktrace]
#0 /home/yamojr/devyamo/SchoolofNursing/edusaas/vendor/laravel/framework/src/Illuminate/Database/Eloquent/Builder.php(878): Illuminate\\Database\\Eloquent\\RelationNotFoundException::make()
#1 /home/yamojr/devyamo/SchoolofNursing/edusaas/vendor/laravel/framework/src/Illuminate/Database/Eloquent/Relations/Relation.php(120): Illuminate\\Database\\Eloquent\\Builder->{closure:Illuminate\\Database\\Eloquent\\Builder::getRelation():874}()
#2 /home/yamojr/devyamo/SchoolofNursing/edusaas/vendor/laravel/framework/src/Illuminate/Database/Eloquent/Builder.php(874): Illuminate\\Database\\Eloquent\\Relations\\Relation::noConstraints()
#3 /home/yamojr/devyamo/SchoolofNursing/edusaas/vendor/laravel/framework/src/Illuminate/Database/Eloquent/Builder.php(848): Illuminate\\Database\\Eloquent\\Builder->getRelation()
#4 /home/yamojr/devyamo/SchoolofNursing/edusaas/vendor/laravel/framework/src/Illuminate/Database/Eloquent/Builder.php(828): Illuminate\\Database\\Eloquent\\Builder->eagerLoadRelation()
#5 /home/yamojr/devyamo/SchoolofNursing/edusaas/vendor/laravel/framework/src/Illuminate/Database/Eloquent/Builder.php(794): Illuminate\\Database\\Eloquent\\Builder->eagerLoadRelations()
#6 /home/yamojr/devyamo/SchoolofNursing/edusaas/app/Http/Controllers/AdmissionOfficer/DashboardController.php(21): Illuminate\\Database\\Eloquent\\Builder->get()
#7 /home/yamojr/devyamo/SchoolofNursing/edusaas/vendor/laravel/framework/src/Illuminate/Routing/Controller.php(54): App\\Http\\Controllers\\AdmissionOfficer\\DashboardController->index()
#8 /home/yamojr/devyamo/SchoolofNursing/edusaas/vendor/laravel/framework/src/Illuminate/Routing/ControllerDispatcher.php(44): Illuminate\\Routing\\Controller->callAction()
#9 /home/yamojr/devyamo/SchoolofNursing/edusaas/vendor/laravel/framework/src/Illuminate/Routing/Route.php(266): Illuminate\\Routing\\ControllerDispatcher->dispatch()
#10 /home/yamojr/devyamo/SchoolofNursing/edusaas/vendor/laravel/framework/src/Illuminate/Routing/Route.php(212): Illuminate\\Routing\\Route->runController()
#11 /home/yamojr/devyamo/SchoolofNursing/edusaas/vendor/laravel/framework/src/Illuminate/Routing/Router.php(808): Illuminate\\Routing\\Route->run()
#12 /home/yamojr/devyamo/SchoolofNursing/edusaas/vendor/laravel/framework/src/Illuminate/Pipeline/Pipeline.php(170): Illuminate\\Routing\\Router->{closure:Illuminate\\Routing\\Router::runRouteWithinStack():807}()
#13 /home/yamojr/devyamo/SchoolofNursing/edusaas/vendor/spatie/laravel-permission/src/Middleware/RoleMiddleware.php(37): Illuminate\\Pipeline\\Pipeline->{closure:Illuminate\\Pipeline\\Pipeline::prepareDestination():168}()
#14 /home/yamojr/devyamo/SchoolofNursing/edusaas/vendor/laravel/framework/src/Illuminate/Pipeline/Pipeline.php(209): Spatie\\Permission\\Middleware\\RoleMiddleware->handle()
#15 /home/yamojr/devyamo/SchoolofNursing/edusaas/app/Http/Middleware/EnsureTenantAccess.php(26): Illuminate\\Pipeline\\Pipeline->{closure:{closure:Illuminate\\Pipeline\\Pipeline::carry():184}:185}()
#16 /home/yamojr/devyamo/SchoolofNursing/edusaas/vendor/laravel/framework/src/Illuminate/Pipeline/Pipeline.php(209): App\\Http\\Middleware\\EnsureTenantAccess->handle()
#17 /home/yamojr/devyamo/SchoolofNursing/edusaas/app/Http/Middleware/IdentifyTenant.php(39): Illuminate\\Pipeline\\Pipeline->{closure:{closure:Illuminate\\Pipeline\\Pipeline::carry():184}:185}()
#18 /home/yamojr/devyamo/SchoolofNursing/edusaas/vendor/laravel/framework/src/Illuminate/Pipeline/Pipeline.php(209): App\\Http\\Middleware\\IdentifyTenant->handle()
#19 /home/yamojr/devyamo/SchoolofNursing/edusaas/vendor/inertiajs/inertia-laravel/src/Middleware.php(122): Illuminate\\Pipeline\\Pipeline->{closure:{closure:Illuminate\\Pipeline\\Pipeline::carry():184}:185}()
#20 /home/yamojr/devyamo/SchoolofNursing/edusaas/vendor/laravel/framework/src/Illuminate/Pipeline/Pipeline.php(209): Inertia\\Middleware->handle()
#21 /home/yamojr/devyamo/SchoolofNursing/edusaas/vendor/laravel/framework/src/Illuminate/Routing/Middleware/SubstituteBindings.php(51): Illuminate\\Pipeline\\Pipeline->{closure:{closure:Illuminate\\Pipeline\\Pipeline::carry():184}:185}()
#22 /home/yamojr/devyamo/SchoolofNursing/edusaas/vendor/laravel/framework/src/Illuminate/Pipeline/Pipeline.php(209): Illuminate\\Routing\\Middleware\\SubstituteBindings->handle()
#23 /home/yamojr/devyamo/SchoolofNursing/edusaas/vendor/laravel/framework/src/Illuminate/Auth/Middleware/Authenticate.php(64): Illuminate\\Pipeline\\Pipeline->{closure:{closure:Illuminate\\Pipeline\\Pipeline::carry():184}:185}()
#24 /home/yamojr/devyamo/SchoolofNursing/edusaas/vendor/laravel/framework/src/Illuminate/Pipeline/Pipeline.php(209): Illuminate\\Auth\\Middleware\\Authenticate->handle()
#25 /home/yamojr/devyamo/SchoolofNursing/edusaas/vendor/laravel/framework/src/Illuminate/Foundation/Http/Middleware/VerifyCsrfToken.php(88): Illuminate\\Pipeline\\Pipeline->{closure:{closure:Illuminate\\Pipeline\\Pipeline::carry():184}:185}()
#26 /home/yamojr/devyamo/SchoolofNursing/edusaas/vendor/laravel/framework/src/Illuminate/Pipeline/Pipeline.php(209): Illuminate\\Foundation\\Http\\Middleware\\VerifyCsrfToken->handle()
#27 /home/yamojr/devyamo/SchoolofNursing/edusaas/vendor/laravel/framework/src/Illuminate/View/Middleware/ShareErrorsFromSession.php(49): Illuminate\\Pipeline\\Pipeline->{closure:{closure:Illuminate\\Pipeline\\Pipeline::carry():184}:185}()
#28 /home/yamojr/devyamo/SchoolofNursing/edusaas/vendor/laravel/framework/src/Illuminate/Pipeline/Pipeline.php(209): Illuminate\\View\\Middleware\\ShareErrorsFromSession->handle()
#29 /home/yamojr/devyamo/SchoolofNursing/edusaas/vendor/laravel/framework/src/Illuminate/Session/Middleware/StartSession.php(121): Illuminate\\Pipeline\\Pipeline->{closure:{closure:Illuminate\\Pipeline\\Pipeline::carry():184}:185}()
#30 /home/yamojr/devyamo/SchoolofNursing/edusaas/vendor/laravel/framework/src/Illuminate/Session/Middleware/StartSession.php(64): Illuminate\\Session\\Middleware\\StartSession->handleStatefulRequest()
#31 /home/yamojr/devyamo/SchoolofNursing/edusaas/vendor/laravel/framework/src/Illuminate/Pipeline/Pipeline.php(209): Illuminate\\Session\\Middleware\\StartSession->handle()
#32 /home/yamojr/devyamo/SchoolofNursing/edusaas/vendor/laravel/framework/src/Illuminate/Cookie/Middleware/AddQueuedCookiesToResponse.php(37): Illuminate\\Pipeline\\Pipeline->{closure:{closure:Illuminate\\Pipeline\\Pipeline::carry():184}:185}()
#33 /home/yamojr/devyamo/SchoolofNursing/edusaas/vendor/laravel/framework/src/Illuminate/Pipeline/Pipeline.php(209): Illuminate\\Cookie\\Middleware\\AddQueuedCookiesToResponse->handle()
#34 /home/yamojr/devyamo/SchoolofNursing/edusaas/vendor/laravel/framework/src/Illuminate/Cookie/Middleware/EncryptCookies.php(75): Illuminate\\Pipeline\\Pipeline->{closure:{closure:Illuminate\\Pipeline\\Pipeline::carry():184}:185}()
#35 /home/yamojr/devyamo/SchoolofNursing/edusaas/vendor/laravel/framework/src/Illuminate/Pipeline/Pipeline.php(209): Illuminate\\Cookie\\Middleware\\EncryptCookies->handle()
#36 /home/yamojr/devyamo/SchoolofNursing/edusaas/vendor/laravel/framework/src/Illuminate/Pipeline/Pipeline.php(127): Illuminate\\Pipeline\\Pipeline->{closure:{closure:Illuminate\\Pipeline\\Pipeline::carry():184}:185}()
#37 /home/yamojr/devyamo/SchoolofNursing/edusaas/vendor/laravel/framework/src/Illuminate/Routing/Router.php(807): Illuminate\\Pipeline\\Pipeline->then()
#38 /home/yamojr/devyamo/SchoolofNursing/edusaas/vendor/laravel/framework/src/Illuminate/Routing/Router.php(786): Illuminate\\Routing\\Router->runRouteWithinStack()
#39 /home/yamojr/devyamo/SchoolofNursing/edusaas/vendor/laravel/framework/src/Illuminate/Routing/Router.php(750): Illuminate\\Routing\\Router->runRoute()
#40 /home/yamojr/devyamo/SchoolofNursing/edusaas/vendor/laravel/framework/src/Illuminate/Routing/Router.php(739): Illuminate\\Routing\\Router->dispatchToRoute()
#41 /home/yamojr/devyamo/SchoolofNursing/edusaas/vendor/laravel/framework/src/Illuminate/Foundation/Http/Kernel.php(201): Illuminate\\Routing\\Router->dispatch()
#42 /home/yamojr/devyamo/SchoolofNursing/edusaas/vendor/laravel/framework/src/Illuminate/Pipeline/Pipeline.php(170): Illuminate\\Foundation\\Http\\Kernel->{closure:Illuminate\\Foundation\\Http\\Kernel::dispatchToRouter():198}()
#43 /home/yamojr/devyamo/SchoolofNursing/edusaas/vendor/laravel/framework/src/Illuminate/Foundation/Http/Middleware/TransformsRequest.php(21): Illuminate\\Pipeline\\Pipeline->{closure:Illuminate\\Pipeline\\Pipeline::prepareDestination():168}()
#44 /home/yamojr/devyamo/SchoolofNursing/edusaas/vendor/laravel/framework/src/Illuminate/Foundation/Http/Middleware/ConvertEmptyStringsToNull.php(31): Illuminate\\Foundation\\Http\\Middleware\\TransformsRequest->handle()
#45 /home/yamojr/devyamo/SchoolofNursing/edusaas/vendor/laravel/framework/src/Illuminate/Pipeline/Pipeline.php(209): Illuminate\\Foundation\\Http\\Middleware\\ConvertEmptyStringsToNull->handle()
#46 /home/yamojr/devyamo/SchoolofNursing/edusaas/vendor/laravel/framework/src/Illuminate/Foundation/Http/Middleware/TransformsRequest.php(21): Illuminate\\Pipeline\\Pipeline->{closure:{closure:Illuminate\\Pipeline\\Pipeline::carry():184}:185}()
#47 /home/yamojr/devyamo/SchoolofNursing/edusaas/vendor/laravel/framework/src/Illuminate/Foundation/Http/Middleware/TrimStrings.php(51): Illuminate\\Foundation\\Http\\Middleware\\TransformsRequest->handle()
#48 /home/yamojr/devyamo/SchoolofNursing/edusaas/vendor/laravel/framework/src/Illuminate/Pipeline/Pipeline.php(209): Illuminate\\Foundation\\Http\\Middleware\\TrimStrings->handle()
#49 /home/yamojr/devyamo/SchoolofNursing/edusaas/vendor/laravel/framework/src/Illuminate/Http/Middleware/ValidatePostSize.php(27): Illuminate\\Pipeline\\Pipeline->{closure:{closure:Illuminate\\Pipeline\\Pipeline::carry():184}:185}()
#50 /home/yamojr/devyamo/SchoolofNursing/edusaas/vendor/laravel/framework/src/Illuminate/Pipeline/Pipeline.php(209): Illuminate\\Http\\Middleware\\ValidatePostSize->handle()
#51 /home/yamojr/devyamo/SchoolofNursing/edusaas/vendor/laravel/framework/src/Illuminate/Foundation/Http/Middleware/PreventRequestsDuringMaintenance.php(110): Illuminate\\Pipeline\\Pipeline->{closure:{closure:Illuminate\\Pipeline\\Pipeline::carry():184}:185}()
#52 /home/yamojr/devyamo/SchoolofNursing/edusaas/vendor/laravel/framework/src/Illuminate/Pipeline/Pipeline.php(209): Illuminate\\Foundation\\Http\\Middleware\\PreventRequestsDuringMaintenance->handle()
#53 /home/yamojr/devyamo/SchoolofNursing/edusaas/vendor/laravel/framework/src/Illuminate/Http/Middleware/HandleCors.php(49): Illuminate\\Pipeline\\Pipeline->{closure:{closure:Illuminate\\Pipeline\\Pipeline::carry():184}:185}()
#54 /home/yamojr/devyamo/SchoolofNursing/edusaas/vendor/laravel/framework/src/Illuminate/Pipeline/Pipeline.php(209): Illuminate\\Http\\Middleware\\HandleCors->handle()
#55 /home/yamojr/devyamo/SchoolofNursing/edusaas/vendor/laravel/framework/src/Illuminate/Http/Middleware/TrustProxies.php(58): Illuminate\\Pipeline\\Pipeline->{closure:{closure:Illuminate\\Pipeline\\Pipeline::carry():184}:185}()
#56 /home/yamojr/devyamo/SchoolofNursing/edusaas/vendor/laravel/framework/src/Illuminate/Pipeline/Pipeline.php(209): Illuminate\\Http\\Middleware\\TrustProxies->handle()
#57 /home/yamojr/devyamo/SchoolofNursing/edusaas/vendor/laravel/framework/src/Illuminate/Foundation/Http/Middleware/InvokeDeferredCallbacks.php(22): Illuminate\\Pipeline\\Pipeline->{closure:{closure:Illuminate\\Pipeline\\Pipeline::carry():184}:185}()
#58 /home/yamojr/devyamo/SchoolofNursing/edusaas/vendor/laravel/framework/src/Illuminate/Pipeline/Pipeline.php(209): Illuminate\\Foundation\\Http\\Middleware\\InvokeDeferredCallbacks->handle()
#59 /home/yamojr/devyamo/SchoolofNursing/edusaas/vendor/laravel/framework/src/Illuminate/Pipeline/Pipeline.php(127): Illuminate\\Pipeline\\Pipeline->{closure:{closure:Illuminate\\Pipeline\\Pipeline::carry():184}:185}()
#60 /home/yamojr/devyamo/SchoolofNursing/edusaas/vendor/laravel/framework/src/Illuminate/Foundation/Http/Kernel.php(176): Illuminate\\Pipeline\\Pipeline->then()
#61 /home/yamojr/devyamo/SchoolofNursing/edusaas/vendor/laravel/framework/src/Illuminate/Foundation/Http/Kernel.php(145): Illuminate\\Foundation\\Http\\Kernel->sendRequestThroughRouter()
#62 /home/yamojr/devyamo/SchoolofNursing/edusaas/vendor/laravel/framework/src/Illuminate/Foundation/Application.php(1220): Illuminate\\Foundation\\Http\\Kernel->handle()
#63 /home/yamojr/devyamo/SchoolofNursing/edusaas/public/index.php(19): Illuminate\\Foundation\\Application->handleRequest()
#64 /home/yamojr/devyamo/SchoolofNursing/edusaas/vendor/laravel/framework/src/Illuminate/Foundation/resources/server.php(23): require_once('...')
#65 {main}
"} 
[2026-05-20 08:03:13] local.ERROR: Call to undefined relationship [student] on model [App\Models\AdmissionApplication]. {"userId":32,"exception":"[object] (Illuminate\\Database\\Eloquent\\RelationNotFoundException(code: 0): Call to undefined relationship [student] on model [App\\Models\\AdmissionApplication]. at /home/yamojr/devyamo/SchoolofNursing/edusaas/vendor/laravel/framework/src/Illuminate/Database/Eloquent/RelationNotFoundException.php:35)
[stacktrace]
#0 /home/yamojr/devyamo/SchoolofNursing/edusaas/vendor/laravel/framework/src/Illuminate/Database/Eloquent/Builder.php(878): Illuminate\\Database\\Eloquent\\RelationNotFoundException::make()
#1 /home/yamojr/devyamo/SchoolofNursing/edusaas/vendor/laravel/framework/src/Illuminate/Database/Eloquent/Relations/Relation.php(120): Illuminate\\Database\\Eloquent\\Builder->{closure:Illuminate\\Database\\Eloquent\\Builder::getRelation():874}()
#2 /home/yamojr/devyamo/SchoolofNursing/edusaas/vendor/laravel/framework/src/Illuminate/Database/Eloquent/Builder.php(874): Illuminate\\Database\\Eloquent\\Relations\\Relation::noConstraints()
#3 /home/yamojr/devyamo/SchoolofNursing/edusaas/vendor/laravel/framework/src/Illuminate/Database/Eloquent/Builder.php(848): Illuminate\\Database\\Eloquent\\Builder->getRelation()
#4 /home/yamojr/devyamo/SchoolofNursing/edusaas/vendor/laravel/framework/src/Illuminate/Database/Eloquent/Builder.php(828): Illuminate\\Database\\Eloquent\\Builder->eagerLoadRelation()
#5 /home/yamojr/devyamo/SchoolofNursing/edusaas/vendor/laravel/framework/src/Illuminate/Database/Eloquent/Builder.php(794): Illuminate\\Database\\Eloquent\\Builder->eagerLoadRelations()
#6 /home/yamojr/devyamo/SchoolofNursing/edusaas/app/Http/Controllers/AdmissionOfficer/DashboardController.php(21): Illuminate\\Database\\Eloquent\\Builder->get()
#7 /home/yamojr/devyamo/SchoolofNursing/edusaas/vendor/laravel/framework/src/Illuminate/Routing/Controller.php(54): App\\Http\\Controllers\\AdmissionOfficer\\DashboardController->index()
#8 /home/yamojr/devyamo/SchoolofNursing/edusaas/vendor/laravel/framework/src/Illuminate/Routing/ControllerDispatcher.php(44): Illuminate\\Routing\\Controller->callAction()
#9 /home/yamojr/devyamo/SchoolofNursing/edusaas/vendor/laravel/framework/src/Illuminate/Routing/Route.php(266): Illuminate\\Routing\\ControllerDispatcher->dispatch()
#10 /home/yamojr/devyamo/SchoolofNursing/edusaas/vendor/laravel/framework/src/Illuminate/Routing/Route.php(212): Illuminate\\Routing\\Route->runController()
#11 /home/yamojr/devyamo/SchoolofNursing/edusaas/vendor/laravel/framework/src/Illuminate/Routing/Router.php(808): Illuminate\\Routing\\Route->run()
#12 /home/yamojr/devyamo/SchoolofNursing/edusaas/vendor/laravel/framework/src/Illuminate/Pipeline/Pipeline.php(170): Illuminate\\Routing\\Router->{closure:Illuminate\\Routing\\Router::runRouteWithinStack():807}()
#13 /home/yamojr/devyamo/SchoolofNursing/edusaas/vendor/spatie/laravel-permission/src/Middleware/RoleMiddleware.php(37): Illuminate\\Pipeline\\Pipeline->{closure:Illuminate\\Pipeline\\Pipeline::prepareDestination():168}()
#14 /home/yamojr/devyamo/SchoolofNursing/edusaas/vendor/laravel/framework/src/Illuminate/Pipeline/Pipeline.php(209): Spatie\\Permission\\Middleware\\RoleMiddleware->handle()
#15 /home/yamojr/devyamo/SchoolofNursing/edusaas/app/Http/Middleware/EnsureTenantAccess.php(26): Illuminate\\Pipeline\\Pipeline->{closure:{closure:Illuminate\\Pipeline\\Pipeline::carry():184}:185}()
#16 /home/yamojr/devyamo/SchoolofNursing/edusaas/vendor/laravel/framework/src/Illuminate/Pipeline/Pipeline.php(209): App\\Http\\Middleware\\EnsureTenantAccess->handle()
#17 /home/yamojr/devyamo/SchoolofNursing/edusaas/app/Http/Middleware/IdentifyTenant.php(39): Illuminate\\Pipeline\\Pipeline->{closure:{closure:Illuminate\\Pipeline\\Pipeline::carry():184}:185}()
#18 /home/yamojr/devyamo/SchoolofNursing/edusaas/vendor/laravel/framework/src/Illuminate/Pipeline/Pipeline.php(209): App\\Http\\Middleware\\IdentifyTenant->handle()
#19 /home/yamojr/devyamo/SchoolofNursing/edusaas/vendor/inertiajs/inertia-laravel/src/Middleware.php(122): Illuminate\\Pipeline\\Pipeline->{closure:{closure:Illuminate\\Pipeline\\Pipeline::carry():184}:185}()
#20 /home/yamojr/devyamo/SchoolofNursing/edusaas/vendor/laravel/framework/src/Illuminate/Pipeline/Pipeline.php(209): Inertia\\Middleware->handle()
#21 /home/yamojr/devyamo/SchoolofNursing/edusaas/vendor/laravel/framework/src/Illuminate/Routing/Middleware/SubstituteBindings.php(51): Illuminate\\Pipeline\\Pipeline->{closure:{closure:Illuminate\\Pipeline\\Pipeline::carry():184}:185}()
#22 /home/yamojr/devyamo/SchoolofNursing/edusaas/vendor/laravel/framework/src/Illuminate/Pipeline/Pipeline.php(209): Illuminate\\Routing\\Middleware\\SubstituteBindings->handle()
#23 /home/yamojr/devyamo/SchoolofNursing/edusaas/vendor/laravel/framework/src/Illuminate/Auth/Middleware/Authenticate.php(64): Illuminate\\Pipeline\\Pipeline->{closure:{closure:Illuminate\\Pipeline\\Pipeline::carry():184}:185}()
#24 /home/yamojr/devyamo/SchoolofNursing/edusaas/vendor/laravel/framework/src/Illuminate/Pipeline/Pipeline.php(209): Illuminate\\Auth\\Middleware\\Authenticate->handle()
#25 /home/yamojr/devyamo/SchoolofNursing/edusaas/vendor/laravel/framework/src/Illuminate/Foundation/Http/Middleware/VerifyCsrfToken.php(88): Illuminate\\Pipeline\\Pipeline->{closure:{closure:Illuminate\\Pipeline\\Pipeline::carry():184}:185}()
#26 /home/yamojr/devyamo/SchoolofNursing/edusaas/vendor/laravel/framework/src/Illuminate/Pipeline/Pipeline.php(209): Illuminate\\Foundation\\Http\\Middleware\\VerifyCsrfToken->handle()
#27 /home/yamojr/devyamo/SchoolofNursing/edusaas/vendor/laravel/framework/src/Illuminate/View/Middleware/ShareErrorsFromSession.php(49): Illuminate\\Pipeline\\Pipeline->{closure:{closure:Illuminate\\Pipeline\\Pipeline::carry():184}:185}()
#28 /home/yamojr/devyamo/SchoolofNursing/edusaas/vendor/laravel/framework/src/Illuminate/Pipeline/Pipeline.php(209): Illuminate\\View\\Middleware\\ShareErrorsFromSession->handle()
#29 /home/yamojr/devyamo/SchoolofNursing/edusaas/vendor/laravel/framework/src/Illuminate/Session/Middleware/StartSession.php(121): Illuminate\\Pipeline\\Pipeline->{closure:{closure:Illuminate\\Pipeline\\Pipeline::carry():184}:185}()
#30 /home/yamojr/devyamo/SchoolofNursing/edusaas/vendor/laravel/framework/src/Illuminate/Session/Middleware/StartSession.php(64): Illuminate\\Session\\Middleware\\StartSession->handleStatefulRequest()
#31 /home/yamojr/devyamo/SchoolofNursing/edusaas/vendor/laravel/framework/src/Illuminate/Pipeline/Pipeline.php(209): Illuminate\\Session\\Middleware\\StartSession->handle()
#32 /home/yamojr/devyamo/SchoolofNursing/edusaas/vendor/laravel/framework/src/Illuminate/Cookie/Middleware/AddQueuedCookiesToResponse.php(37): Illuminate\\Pipeline\\Pipeline->{closure:{closure:Illuminate\\Pipeline\\Pipeline::carry():184}:185}()
#33 /home/yamojr/devyamo/SchoolofNursing/edusaas/vendor/laravel/framework/src/Illuminate/Pipeline/Pipeline.php(209): Illuminate\\Cookie\\Middleware\\AddQueuedCookiesToResponse->handle()
#34 /home/yamojr/devyamo/SchoolofNursing/edusaas/vendor/laravel/framework/src/Illuminate/Cookie/Middleware/EncryptCookies.php(75): Illuminate\\Pipeline\\Pipeline->{closure:{closure:Illuminate\\Pipeline\\Pipeline::carry():184}:185}()
#35 /home/yamojr/devyamo/SchoolofNursing/edusaas/vendor/laravel/framework/src/Illuminate/Pipeline/Pipeline.php(209): Illuminate\\Cookie\\Middleware\\EncryptCookies->handle()
#36 /home/yamojr/devyamo/SchoolofNursing/edusaas/vendor/laravel/framework/src/Illuminate/Pipeline/Pipeline.php(127): Illuminate\\Pipeline\\Pipeline->{closure:{closure:Illuminate\\Pipeline\\Pipeline::carry():184}:185}()
#37 /home/yamojr/devyamo/SchoolofNursing/edusaas/vendor/laravel/framework/src/Illuminate/Routing/Router.php(807): Illuminate\\Pipeline\\Pipeline->then()
#38 /home/yamojr/devyamo/SchoolofNursing/edusaas/vendor/laravel/framework/src/Illuminate/Routing/Router.php(786): Illuminate\\Routing\\Router->runRouteWithinStack()
#39 /home/yamojr/devyamo/SchoolofNursing/edusaas/vendor/laravel/framework/src/Illuminate/Routing/Router.php(750): Illuminate\\Routing\\Router->runRoute()
#40 /home/yamojr/devyamo/SchoolofNursing/edusaas/vendor/laravel/framework/src/Illuminate/Routing/Router.php(739): Illuminate\\Routing\\Router->dispatchToRoute()
#41 /home/yamojr/devyamo/SchoolofNursing/edusaas/vendor/laravel/framework/src/Illuminate/Foundation/Http/Kernel.php(201): Illuminate\\Routing\\Router->dispatch()
#42 /home/yamojr/devyamo/SchoolofNursing/edusaas/vendor/laravel/framework/src/Illuminate/Pipeline/Pipeline.php(170): Illuminate\\Foundation\\Http\\Kernel->{closure:Illuminate\\Foundation\\Http\\Kernel::dispatchToRouter():198}()
#43 /home/yamojr/devyamo/SchoolofNursing/edusaas/vendor/laravel/framework/src/Illuminate/Foundation/Http/Middleware/TransformsRequest.php(21): Illuminate\\Pipeline\\Pipeline->{closure:Illuminate\\Pipeline\\Pipeline::prepareDestination():168}()
#44 /home/yamojr/devyamo/SchoolofNursing/edusaas/vendor/laravel/framework/src/Illuminate/Foundation/Http/Middleware/ConvertEmptyStringsToNull.php(31): Illuminate\\Foundation\\Http\\Middleware\\TransformsRequest->handle()
#45 /home/yamojr/devyamo/SchoolofNursing/edusaas/vendor/laravel/framework/src/Illuminate/Pipeline/Pipeline.php(209): Illuminate\\Foundation\\Http\\Middleware\\ConvertEmptyStringsToNull->handle()
#46 /home/yamojr/devyamo/SchoolofNursing/edusaas/vendor/laravel/framework/src/Illuminate/Foundation/Http/Middleware/TransformsRequest.php(21): Illuminate\\Pipeline\\Pipeline->{closure:{closure:Illuminate\\Pipeline\\Pipeline::carry():184}:185}()
#47 /home/yamojr/devyamo/SchoolofNursing/edusaas/vendor/laravel/framework/src/Illuminate/Foundation/Http/Middleware/TrimStrings.php(51): Illuminate\\Foundation\\Http\\Middleware\\TransformsRequest->handle()
#48 /home/yamojr/devyamo/SchoolofNursing/edusaas/vendor/laravel/framework/src/Illuminate/Pipeline/Pipeline.php(209): Illuminate\\Foundation\\Http\\Middleware\\TrimStrings->handle()
#49 /home/yamojr/devyamo/SchoolofNursing/edusaas/vendor/laravel/framework/src/Illuminate/Http/Middleware/ValidatePostSize.php(27): Illuminate\\Pipeline\\Pipeline->{closure:{closure:Illuminate\\Pipeline\\Pipeline::carry():184}:185}()
#50 /home/yamojr/devyamo/SchoolofNursing/edusaas/vendor/laravel/framework/src/Illuminate/Pipeline/Pipeline.php(209): Illuminate\\Http\\Middleware\\ValidatePostSize->handle()
#51 /home/yamojr/devyamo/SchoolofNursing/edusaas/vendor/laravel/framework/src/Illuminate/Foundation/Http/Middleware/PreventRequestsDuringMaintenance.php(110): Illuminate\\Pipeline\\Pipeline->{closure:{closure:Illuminate\\Pipeline\\Pipeline::carry():184}:185}()
#52 /home/yamojr/devyamo/SchoolofNursing/edusaas/vendor/laravel/framework/src/Illuminate/Pipeline/Pipeline.php(209): Illuminate\\Foundation\\Http\\Middleware\\PreventRequestsDuringMaintenance->handle()
#53 /home/yamojr/devyamo/SchoolofNursing/edusaas/vendor/laravel/framework/src/Illuminate/Http/Middleware/HandleCors.php(49): Illuminate\\Pipeline\\Pipeline->{closure:{closure:Illuminate\\Pipeline\\Pipeline::carry():184}:185}()
#54 /home/yamojr/devyamo/SchoolofNursing/edusaas/vendor/laravel/framework/src/Illuminate/Pipeline/Pipeline.php(209): Illuminate\\Http\\Middleware\\HandleCors->handle()
#55 /home/yamojr/devyamo/SchoolofNursing/edusaas/vendor/laravel/framework/src/Illuminate/Http/Middleware/TrustProxies.php(58): Illuminate\\Pipeline\\Pipeline->{closure:{closure:Illuminate\\Pipeline\\Pipeline::carry():184}:185}()
#56 /home/yamojr/devyamo/SchoolofNursing/edusaas/vendor/laravel/framework/src/Illuminate/Pipeline/Pipeline.php(209): Illuminate\\Http\\Middleware\\TrustProxies->handle()
#57 /home/yamojr/devyamo/SchoolofNursing/edusaas/vendor/laravel/framework/src/Illuminate/Foundation/Http/Middleware/InvokeDeferredCallbacks.php(22): Illuminate\\Pipeline\\Pipeline->{closure:{closure:Illuminate\\Pipeline\\Pipeline::carry():184}:185}()
#58 /home/yamojr/devyamo/SchoolofNursing/edusaas/vendor/laravel/framework/src/Illuminate/Pipeline/Pipeline.php(209): Illuminate\\Foundation\\Http\\Middleware\\InvokeDeferredCallbacks->handle()
#59 /home/yamojr/devyamo/SchoolofNursing/edusaas/vendor/laravel/framework/src/Illuminate/Pipeline/Pipeline.php(127): Illuminate\\Pipeline\\Pipeline->{closure:{closure:Illuminate\\Pipeline\\Pipeline::carry():184}:185}()
#60 /home/yamojr/devyamo/SchoolofNursing/edusaas/vendor/laravel/framework/src/Illuminate/Foundation/Http/Kernel.php(176): Illuminate\\Pipeline\\Pipeline->then()
#61 /home/yamojr/devyamo/SchoolofNursing/edusaas/vendor/laravel/framework/src/Illuminate/Foundation/Http/Kernel.php(145): Illuminate\\Foundation\\Http\\Kernel->sendRequestThroughRouter()
#62 /home/yamojr/devyamo/SchoolofNursing/edusaas/vendor/laravel/framework/src/Illuminate/Foundation/Application.php(1220): Illuminate\\Foundation\\Http\\Kernel->handle()
#63 /home/yamojr/devyamo/SchoolofNursing/edusaas/public/index.php(19): Illuminate\\Foundation\\Application->handleRequest()
#64 /home/yamojr/devyamo/SchoolofNursing/edusaas/vendor/laravel/framework/src/Illuminate/Foundation/resources/server.php(23): require_once('...')
#65 {main}
"} 
[2026-05-20 10:01:06] local.ERROR: SQLSTATE[01000]: Warning: 1265 Data truncated for column 'status' at row 1 (Connection: mysql, SQL: update `admission_applications` set `status` = admitted, `admission_applications`.`updated_at` = 2026-05-20 10:01:06 where `id` = 1) {"userId":32,"exception":"[object] (Illuminate\\Database\\QueryException(code: 01000): SQLSTATE[01000]: Warning: 1265 Data truncated for column 'status' at row 1 (Connection: mysql, SQL: update `admission_applications` set `status` = admitted, `admission_applications`.`updated_at` = 2026-05-20 10:01:06 where `id` = 1) at /home/yamojr/devyamo/SchoolofNursing/edusaas/vendor/laravel/framework/src/Illuminate/Database/Connection.php:825)
[stacktrace]
#0 /home/yamojr/devyamo/SchoolofNursing/edusaas/vendor/laravel/framework/src/Illuminate/Database/Connection.php(779): Illuminate\\Database\\Connection->runQueryCallback()
#1 /home/yamojr/devyamo/SchoolofNursing/edusaas/vendor/laravel/framework/src/Illuminate/Database/Connection.php(584): Illuminate\\Database\\Connection->run()
#2 /home/yamojr/devyamo/SchoolofNursing/edusaas/vendor/laravel/framework/src/Illuminate/Database/Connection.php(536): Illuminate\\Database\\Connection->affectingStatement()
#3 /home/yamojr/devyamo/SchoolofNursing/edusaas/vendor/laravel/framework/src/Illuminate/Database/Query/Builder.php(3830): Illuminate\\Database\\Connection->update()
#4 /home/yamojr/devyamo/SchoolofNursing/edusaas/vendor/laravel/framework/src/Illuminate/Database/Eloquent/Builder.php(1175): Illuminate\\Database\\Query\\Builder->update()
#5 /home/yamojr/devyamo/SchoolofNursing/edusaas/vendor/laravel/framework/src/Illuminate/Database/Eloquent/Model.php(1239): Illuminate\\Database\\Eloquent\\Builder->update()
#6 /home/yamojr/devyamo/SchoolofNursing/edusaas/vendor/laravel/framework/src/Illuminate/Database/Eloquent/Model.php(1156): Illuminate\\Database\\Eloquent\\Model->performUpdate()
#7 /home/yamojr/devyamo/SchoolofNursing/edusaas/vendor/laravel/framework/src/Illuminate/Database/Eloquent/Model.php(1014): Illuminate\\Database\\Eloquent\\Model->save()
#8 /home/yamojr/devyamo/SchoolofNursing/edusaas/app/Http/Controllers/Registrar/DashboardController.php(375): Illuminate\\Database\\Eloquent\\Model->update()
#9 /home/yamojr/devyamo/SchoolofNursing/edusaas/vendor/laravel/framework/src/Illuminate/Routing/Controller.php(54): App\\Http\\Controllers\\Registrar\\DashboardController->postAdmit()
#10 /home/yamojr/devyamo/SchoolofNursing/edusaas/vendor/laravel/framework/src/Illuminate/Routing/ControllerDispatcher.php(44): Illuminate\\Routing\\Controller->callAction()
#11 /home/yamojr/devyamo/SchoolofNursing/edusaas/vendor/laravel/framework/src/Illuminate/Routing/Route.php(266): Illuminate\\Routing\\ControllerDispatcher->dispatch()
#12 /home/yamojr/devyamo/SchoolofNursing/edusaas/vendor/laravel/framework/src/Illuminate/Routing/Route.php(212): Illuminate\\Routing\\Route->runController()
#13 /home/yamojr/devyamo/SchoolofNursing/edusaas/vendor/laravel/framework/src/Illuminate/Routing/Router.php(808): Illuminate\\Routing\\Route->run()
#14 /home/yamojr/devyamo/SchoolofNursing/edusaas/vendor/laravel/framework/src/Illuminate/Pipeline/Pipeline.php(170): Illuminate\\Routing\\Router->{closure:Illuminate\\Routing\\Router::runRouteWithinStack():807}()
#15 /home/yamojr/devyamo/SchoolofNursing/edusaas/vendor/spatie/laravel-permission/src/Middleware/RoleMiddleware.php(37): Illuminate\\Pipeline\\Pipeline->{closure:Illuminate\\Pipeline\\Pipeline::prepareDestination():168}()
#16 /home/yamojr/devyamo/SchoolofNursing/edusaas/vendor/laravel/framework/src/Illuminate/Pipeline/Pipeline.php(209): Spatie\\Permission\\Middleware\\RoleMiddleware->handle()
#17 /home/yamojr/devyamo/SchoolofNursing/edusaas/app/Http/Middleware/EnsureTenantAccess.php(26): Illuminate\\Pipeline\\Pipeline->{closure:{closure:Illuminate\\Pipeline\\Pipeline::carry():184}:185}()
#18 /home/yamojr/devyamo/SchoolofNursing/edusaas/vendor/laravel/framework/src/Illuminate/Pipeline/Pipeline.php(209): App\\Http\\Middleware\\EnsureTenantAccess->handle()
#19 /home/yamojr/devyamo/SchoolofNursing/edusaas/app/Http/Middleware/IdentifyTenant.php(39): Illuminate\\Pipeline\\Pipeline->{closure:{closure:Illuminate\\Pipeline\\Pipeline::carry():184}:185}()
#20 /home/yamojr/devyamo/SchoolofNursing/edusaas/vendor/laravel/framework/src/Illuminate/Pipeline/Pipeline.php(209): App\\Http\\Middleware\\IdentifyTenant->handle()
#21 /home/yamojr/devyamo/SchoolofNursing/edusaas/vendor/inertiajs/inertia-laravel/src/Middleware.php(122): Illuminate\\Pipeline\\Pipeline->{closure:{closure:Illuminate\\Pipeline\\Pipeline::carry():184}:185}()
#22 /home/yamojr/devyamo/SchoolofNursing/edusaas/vendor/laravel/framework/src/Illuminate/Pipeline/Pipeline.php(209): Inertia\\Middleware->handle()
#23 /home/yamojr/devyamo/SchoolofNursing/edusaas/vendor/laravel/framework/src/Illuminate/Routing/Middleware/SubstituteBindings.php(51): Illuminate\\Pipeline\\Pipeline->{closure:{closure:Illuminate\\Pipeline\\Pipeline::carry():184}:185}()
#24 /home/yamojr/devyamo/SchoolofNursing/edusaas/vendor/laravel/framework/src/Illuminate/Pipeline/Pipeline.php(209): Illuminate\\Routing\\Middleware\\SubstituteBindings->handle()
#25 /home/yamojr/devyamo/SchoolofNursing/edusaas/vendor/laravel/framework/src/Illuminate/Auth/Middleware/Authenticate.php(64): Illuminate\\Pipeline\\Pipeline->{closure:{closure:Illuminate\\Pipeline\\Pipeline::carry():184}:185}()
#26 /home/yamojr/devyamo/SchoolofNursing/edusaas/vendor/laravel/framework/src/Illuminate/Pipeline/Pipeline.php(209): Illuminate\\Auth\\Middleware\\Authenticate->handle()
#27 /home/yamojr/devyamo/SchoolofNursing/edusaas/vendor/laravel/framework/src/Illuminate/Foundation/Http/Middleware/VerifyCsrfToken.php(88): Illuminate\\Pipeline\\Pipeline->{closure:{closure:Illuminate\\Pipeline\\Pipeline::carry():184}:185}()
#28 /home/yamojr/devyamo/SchoolofNursing/edusaas/vendor/laravel/framework/src/Illuminate/Pipeline/Pipeline.php(209): Illuminate\\Foundation\\Http\\Middleware\\VerifyCsrfToken->handle()
#29 /home/yamojr/devyamo/SchoolofNursing/edusaas/vendor/laravel/framework/src/Illuminate/View/Middleware/ShareErrorsFromSession.php(49): Illuminate\\Pipeline\\Pipeline->{closure:{closure:Illuminate\\Pipeline\\Pipeline::carry():184}:185}()
#30 /home/yamojr/devyamo/SchoolofNursing/edusaas/vendor/laravel/framework/src/Illuminate/Pipeline/Pipeline.php(209): Illuminate\\View\\Middleware\\ShareErrorsFromSession->handle()
#31 /home/yamojr/devyamo/SchoolofNursing/edusaas/vendor/laravel/framework/src/Illuminate/Session/Middleware/StartSession.php(121): Illuminate\\Pipeline\\Pipeline->{closure:{closure:Illuminate\\Pipeline\\Pipeline::carry():184}:185}()
#32 /home/yamojr/devyamo/SchoolofNursing/edusaas/vendor/laravel/framework/src/Illuminate/Session/Middleware/StartSession.php(64): Illuminate\\Session\\Middleware\\StartSession->handleStatefulRequest()
#33 /home/yamojr/devyamo/SchoolofNursing/edusaas/vendor/laravel/framework/src/Illuminate/Pipeline/Pipeline.php(209): Illuminate\\Session\\Middleware\\StartSession->handle()
#34 /home/yamojr/devyamo/SchoolofNursing/edusaas/vendor/laravel/framework/src/Illuminate/Cookie/Middleware/AddQueuedCookiesToResponse.php(37): Illuminate\\Pipeline\\Pipeline->{closure:{closure:Illuminate\\Pipeline\\Pipeline::carry():184}:185}()
#35 /home/yamojr/devyamo/SchoolofNursing/edusaas/vendor/laravel/framework/src/Illuminate/Pipeline/Pipeline.php(209): Illuminate\\Cookie\\Middleware\\AddQueuedCookiesToResponse->handle()
#36 /home/yamojr/devyamo/SchoolofNursing/edusaas/vendor/laravel/framework/src/Illuminate/Cookie/Middleware/EncryptCookies.php(75): Illuminate\\Pipeline\\Pipeline->{closure:{closure:Illuminate\\Pipeline\\Pipeline::carry():184}:185}()
#37 /home/yamojr/devyamo/SchoolofNursing/edusaas/vendor/laravel/framework/src/Illuminate/Pipeline/Pipeline.php(209): Illuminate\\Cookie\\Middleware\\EncryptCookies->handle()
#38 /home/yamojr/devyamo/SchoolofNursing/edusaas/vendor/laravel/framework/src/Illuminate/Pipeline/Pipeline.php(127): Illuminate\\Pipeline\\Pipeline->{closure:{closure:Illuminate\\Pipeline\\Pipeline::carry():184}:185}()
#39 /home/yamojr/devyamo/SchoolofNursing/edusaas/vendor/laravel/framework/src/Illuminate/Routing/Router.php(807): Illuminate\\Pipeline\\Pipeline->then()
#40 /home/yamojr/devyamo/SchoolofNursing/edusaas/vendor/laravel/framework/src/Illuminate/Routing/Router.php(786): Illuminate\\Routing\\Router->runRouteWithinStack()
#41 /home/yamojr/devyamo/SchoolofNursing/edusaas/vendor/laravel/framework/src/Illuminate/Routing/Router.php(750): Illuminate\\Routing\\Router->runRoute()
#42 /home/yamojr/devyamo/SchoolofNursing/edusaas/vendor/laravel/framework/src/Illuminate/Routing/Router.php(739): Illuminate\\Routing\\Router->dispatchToRoute()
#43 /home/yamojr/devyamo/SchoolofNursing/edusaas/vendor/laravel/framework/src/Illuminate/Foundation/Http/Kernel.php(201): Illuminate\\Routing\\Router->dispatch()
#44 /home/yamojr/devyamo/SchoolofNursing/edusaas/vendor/laravel/framework/src/Illuminate/Pipeline/Pipeline.php(170): Illuminate\\Foundation\\Http\\Kernel->{closure:Illuminate\\Foundation\\Http\\Kernel::dispatchToRouter():198}()
#45 /home/yamojr/devyamo/SchoolofNursing/edusaas/vendor/laravel/framework/src/Illuminate/Foundation/Http/Middleware/TransformsRequest.php(21): Illuminate\\Pipeline\\Pipeline->{closure:Illuminate\\Pipeline\\Pipeline::prepareDestination():168}()
#46 /home/yamojr/devyamo/SchoolofNursing/edusaas/vendor/laravel/framework/src/Illuminate/Foundation/Http/Middleware/ConvertEmptyStringsToNull.php(31): Illuminate\\Foundation\\Http\\Middleware\\TransformsRequest->handle()
#47 /home/yamojr/devyamo/SchoolofNursing/edusaas/vendor/laravel/framework/src/Illuminate/Pipeline/Pipeline.php(209): Illuminate\\Foundation\\Http\\Middleware\\ConvertEmptyStringsToNull->handle()
#48 /home/yamojr/devyamo/SchoolofNursing/edusaas/vendor/laravel/framework/src/Illuminate/Foundation/Http/Middleware/TransformsRequest.php(21): Illuminate\\Pipeline\\Pipeline->{closure:{closure:Illuminate\\Pipeline\\Pipeline::carry():184}:185}()
#49 /home/yamojr/devyamo/SchoolofNursing/edusaas/vendor/laravel/framework/src/Illuminate/Foundation/Http/Middleware/TrimStrings.php(51): Illuminate\\Foundation\\Http\\Middleware\\TransformsRequest->handle()
#50 /home/yamojr/devyamo/SchoolofNursing/edusaas/vendor/laravel/framework/src/Illuminate/Pipeline/Pipeline.php(209): Illuminate\\Foundation\\Http\\Middleware\\TrimStrings->handle()
#51 /home/yamojr/devyamo/SchoolofNursing/edusaas/vendor/laravel/framework/src/Illuminate/Http/Middleware/ValidatePostSize.php(27): Illuminate\\Pipeline\\Pipeline->{closure:{closure:Illuminate\\Pipeline\\Pipeline::carry():184}:185}()
#52 /home/yamojr/devyamo/SchoolofNursing/edusaas/vendor/laravel/framework/src/Illuminate/Pipeline/Pipeline.php(209): Illuminate\\Http\\Middleware\\ValidatePostSize->handle()
#53 /home/yamojr/devyamo/SchoolofNursing/edusaas/vendor/laravel/framework/src/Illuminate/Foundation/Http/Middleware/PreventRequestsDuringMaintenance.php(110): Illuminate\\Pipeline\\Pipeline->{closure:{closure:Illuminate\\Pipeline\\Pipeline::carry():184}:185}()
#54 /home/yamojr/devyamo/SchoolofNursing/edusaas/vendor/laravel/framework/src/Illuminate/Pipeline/Pipeline.php(209): Illuminate\\Foundation\\Http\\Middleware\\PreventRequestsDuringMaintenance->handle()
#55 /home/yamojr/devyamo/SchoolofNursing/edusaas/vendor/laravel/framework/src/Illuminate/Http/Middleware/HandleCors.php(49): Illuminate\\Pipeline\\Pipeline->{closure:{closure:Illuminate\\Pipeline\\Pipeline::carry():184}:185}()
#56 /home/yamojr/devyamo/SchoolofNursing/edusaas/vendor/laravel/framework/src/Illuminate/Pipeline/Pipeline.php(209): Illuminate\\Http\\Middleware\\HandleCors->handle()
#57 /home/yamojr/devyamo/SchoolofNursing/edusaas/vendor/laravel/framework/src/Illuminate/Http/Middleware/TrustProxies.php(58): Illuminate\\Pipeline\\Pipeline->{closure:{closure:Illuminate\\Pipeline\\Pipeline::carry():184}:185}()
#58 /home/yamojr/devyamo/SchoolofNursing/edusaas/vendor/laravel/framework/src/Illuminate/Pipeline/Pipeline.php(209): Illuminate\\Http\\Middleware\\TrustProxies->handle()
#59 /home/yamojr/devyamo/SchoolofNursing/edusaas/vendor/laravel/framework/src/Illuminate/Foundation/Http/Middleware/InvokeDeferredCallbacks.php(22): Illuminate\\Pipeline\\Pipeline->{closure:{closure:Illuminate\\Pipeline\\Pipeline::carry():184}:185}()
#60 /home/yamojr/devyamo/SchoolofNursing/edusaas/vendor/laravel/framework/src/Illuminate/Pipeline/Pipeline.php(209): Illuminate\\Foundation\\Http\\Middleware\\InvokeDeferredCallbacks->handle()
#61 /home/yamojr/devyamo/SchoolofNursing/edusaas/vendor/laravel/framework/src/Illuminate/Pipeline/Pipeline.php(127): Illuminate\\Pipeline\\Pipeline->{closure:{closure:Illuminate\\Pipeline\\Pipeline::carry():184}:185}()
#62 /home/yamojr/devyamo/SchoolofNursing/edusaas/vendor/laravel/framework/src/Illuminate/Foundation/Http/Kernel.php(176): Illuminate\\Pipeline\\Pipeline->then()
#63 /home/yamojr/devyamo/SchoolofNursing/edusaas/vendor/laravel/framework/src/Illuminate/Foundation/Http/Kernel.php(145): Illuminate\\Foundation\\Http\\Kernel->sendRequestThroughRouter()
#64 /home/yamojr/devyamo/SchoolofNursing/edusaas/vendor/laravel/framework/src/Illuminate/Foundation/Application.php(1220): Illuminate\\Foundation\\Http\\Kernel->handle()
#65 /home/yamojr/devyamo/SchoolofNursing/edusaas/public/index.php(19): Illuminate\\Foundation\\Application->handleRequest()
#66 /home/yamojr/devyamo/SchoolofNursing/edusaas/vendor/laravel/framework/src/Illuminate/Foundation/resources/server.php(23): require_once('...')
#67 {main}

[previous exception] [object] (PDOException(code: 01000): SQLSTATE[01000]: Warning: 1265 Data truncated for column 'status' at row 1 at /home/yamojr/devyamo/SchoolofNursing/edusaas/vendor/laravel/framework/src/Illuminate/Database/Connection.php:596)
[stacktrace]
#0 /home/yamojr/devyamo/SchoolofNursing/edusaas/vendor/laravel/framework/src/Illuminate/Database/Connection.php(596): PDOStatement->execute()
#1 /home/yamojr/devyamo/SchoolofNursing/edusaas/vendor/laravel/framework/src/Illuminate/Database/Connection.php(812): Illuminate\\Database\\Connection->{closure:Illuminate\\Database\\Connection::affectingStatement():584}()
#2 /home/yamojr/devyamo/SchoolofNursing/edusaas/vendor/laravel/framework/src/Illuminate/Database/Connection.php(779): Illuminate\\Database\\Connection->runQueryCallback()
#3 /home/yamojr/devyamo/SchoolofNursing/edusaas/vendor/laravel/framework/src/Illuminate/Database/Connection.php(584): Illuminate\\Database\\Connection->run()
#4 /home/yamojr/devyamo/SchoolofNursing/edusaas/vendor/laravel/framework/src/Illuminate/Database/Connection.php(536): Illuminate\\Database\\Connection->affectingStatement()
#5 /home/yamojr/devyamo/SchoolofNursing/edusaas/vendor/laravel/framework/src/Illuminate/Database/Query/Builder.php(3830): Illuminate\\Database\\Connection->update()
#6 /home/yamojr/devyamo/SchoolofNursing/edusaas/vendor/laravel/framework/src/Illuminate/Database/Eloquent/Builder.php(1175): Illuminate\\Database\\Query\\Builder->update()
#7 /home/yamojr/devyamo/SchoolofNursing/edusaas/vendor/laravel/framework/src/Illuminate/Database/Eloquent/Model.php(1239): Illuminate\\Database\\Eloquent\\Builder->update()
#8 /home/yamojr/devyamo/SchoolofNursing/edusaas/vendor/laravel/framework/src/Illuminate/Database/Eloquent/Model.php(1156): Illuminate\\Database\\Eloquent\\Model->performUpdate()
#9 /home/yamojr/devyamo/SchoolofNursing/edusaas/vendor/laravel/framework/src/Illuminate/Database/Eloquent/Model.php(1014): Illuminate\\Database\\Eloquent\\Model->save()
#10 /home/yamojr/devyamo/SchoolofNursing/edusaas/app/Http/Controllers/Registrar/DashboardController.php(375): Illuminate\\Database\\Eloquent\\Model->update()
#11 /home/yamojr/devyamo/SchoolofNursing/edusaas/vendor/laravel/framework/src/Illuminate/Routing/Controller.php(54): App\\Http\\Controllers\\Registrar\\DashboardController->postAdmit()
#12 /home/yamojr/devyamo/SchoolofNursing/edusaas/vendor/laravel/framework/src/Illuminate/Routing/ControllerDispatcher.php(44): Illuminate\\Routing\\Controller->callAction()
#13 /home/yamojr/devyamo/SchoolofNursing/edusaas/vendor/laravel/framework/src/Illuminate/Routing/Route.php(266): Illuminate\\Routing\\ControllerDispatcher->dispatch()
#14 /home/yamojr/devyamo/SchoolofNursing/edusaas/vendor/laravel/framework/src/Illuminate/Routing/Route.php(212): Illuminate\\Routing\\Route->runController()
#15 /home/yamojr/devyamo/SchoolofNursing/edusaas/vendor/laravel/framework/src/Illuminate/Routing/Router.php(808): Illuminate\\Routing\\Route->run()
#16 /home/yamojr/devyamo/SchoolofNursing/edusaas/vendor/laravel/framework/src/Illuminate/Pipeline/Pipeline.php(170): Illuminate\\Routing\\Router->{closure:Illuminate\\Routing\\Router::runRouteWithinStack():807}()
#17 /home/yamojr/devyamo/SchoolofNursing/edusaas/vendor/spatie/laravel-permission/src/Middleware/RoleMiddleware.php(37): Illuminate\\Pipeline\\Pipeline->{closure:Illuminate\\Pipeline\\Pipeline::prepareDestination():168}()
#18 /home/yamojr/devyamo/SchoolofNursing/edusaas/vendor/laravel/framework/src/Illuminate/Pipeline/Pipeline.php(209): Spatie\\Permission\\Middleware\\RoleMiddleware->handle()
#19 /home/yamojr/devyamo/SchoolofNursing/edusaas/app/Http/Middleware/EnsureTenantAccess.php(26): Illuminate\\Pipeline\\Pipeline->{closure:{closure:Illuminate\\Pipeline\\Pipeline::carry():184}:185}()
#20 /home/yamojr/devyamo/SchoolofNursing/edusaas/vendor/laravel/framework/src/Illuminate/Pipeline/Pipeline.php(209): App\\Http\\Middleware\\EnsureTenantAccess->handle()
#21 /home/yamojr/devyamo/SchoolofNursing/edusaas/app/Http/Middleware/IdentifyTenant.php(39): Illuminate\\Pipeline\\Pipeline->{closure:{closure:Illuminate\\Pipeline\\Pipeline::carry():184}:185}()
#22 /home/yamojr/devyamo/SchoolofNursing/edusaas/vendor/laravel/framework/src/Illuminate/Pipeline/Pipeline.php(209): App\\Http\\Middleware\\IdentifyTenant->handle()
#23 /home/yamojr/devyamo/SchoolofNursing/edusaas/vendor/inertiajs/inertia-laravel/src/Middleware.php(122): Illuminate\\Pipeline\\Pipeline->{closure:{closure:Illuminate\\Pipeline\\Pipeline::carry():184}:185}()
#24 /home/yamojr/devyamo/SchoolofNursing/edusaas/vendor/laravel/framework/src/Illuminate/Pipeline/Pipeline.php(209): Inertia\\Middleware->handle()
#25 /home/yamojr/devyamo/SchoolofNursing/edusaas/vendor/laravel/framework/src/Illuminate/Routing/Middleware/SubstituteBindings.php(51): Illuminate\\Pipeline\\Pipeline->{closure:{closure:Illuminate\\Pipeline\\Pipeline::carry():184}:185}()
#26 /home/yamojr/devyamo/SchoolofNursing/edusaas/vendor/laravel/framework/src/Illuminate/Pipeline/Pipeline.php(209): Illuminate\\Routing\\Middleware\\SubstituteBindings->handle()
#27 /home/yamojr/devyamo/SchoolofNursing/edusaas/vendor/laravel/framework/src/Illuminate/Auth/Middleware/Authenticate.php(64): Illuminate\\Pipeline\\Pipeline->{closure:{closure:Illuminate\\Pipeline\\Pipeline::carry():184}:185}()
#28 /home/yamojr/devyamo/SchoolofNursing/edusaas/vendor/laravel/framework/src/Illuminate/Pipeline/Pipeline.php(209): Illuminate\\Auth\\Middleware\\Authenticate->handle()
#29 /home/yamojr/devyamo/SchoolofNursing/edusaas/vendor/laravel/framework/src/Illuminate/Foundation/Http/Middleware/VerifyCsrfToken.php(88): Illuminate\\Pipeline\\Pipeline->{closure:{closure:Illuminate\\Pipeline\\Pipeline::carry():184}:185}()
#30 /home/yamojr/devyamo/SchoolofNursing/edusaas/vendor/laravel/framework/src/Illuminate/Pipeline/Pipeline.php(209): Illuminate\\Foundation\\Http\\Middleware\\VerifyCsrfToken->handle()
#31 /home/yamojr/devyamo/SchoolofNursing/edusaas/vendor/laravel/framework/src/Illuminate/View/Middleware/ShareErrorsFromSession.php(49): Illuminate\\Pipeline\\Pipeline->{closure:{closure:Illuminate\\Pipeline\\Pipeline::carry():184}:185}()
#32 /home/yamojr/devyamo/SchoolofNursing/edusaas/vendor/laravel/framework/src/Illuminate/Pipeline/Pipeline.php(209): Illuminate\\View\\Middleware\\ShareErrorsFromSession->handle()
#33 /home/yamojr/devyamo/SchoolofNursing/edusaas/vendor/laravel/framework/src/Illuminate/Session/Middleware/StartSession.php(121): Illuminate\\Pipeline\\Pipeline->{closure:{closure:Illuminate\\Pipeline\\Pipeline::carry():184}:185}()
#34 /home/yamojr/devyamo/SchoolofNursing/edusaas/vendor/laravel/framework/src/Illuminate/Session/Middleware/StartSession.php(64): Illuminate\\Session\\Middleware\\StartSession->handleStatefulRequest()
#35 /home/yamojr/devyamo/SchoolofNursing/edusaas/vendor/laravel/framework/src/Illuminate/Pipeline/Pipeline.php(209): Illuminate\\Session\\Middleware\\StartSession->handle()
#36 /home/yamojr/devyamo/SchoolofNursing/edusaas/vendor/laravel/framework/src/Illuminate/Cookie/Middleware/AddQueuedCookiesToResponse.php(37): Illuminate\\Pipeline\\Pipeline->{closure:{closure:Illuminate\\Pipeline\\Pipeline::carry():184}:185}()
#37 /home/yamojr/devyamo/SchoolofNursing/edusaas/vendor/laravel/framework/src/Illuminate/Pipeline/Pipeline.php(209): Illuminate\\Cookie\\Middleware\\AddQueuedCookiesToResponse->handle()
#38 /home/yamojr/devyamo/SchoolofNursing/edusaas/vendor/laravel/framework/src/Illuminate/Cookie/Middleware/EncryptCookies.php(75): Illuminate\\Pipeline\\Pipeline->{closure:{closure:Illuminate\\Pipeline\\Pipeline::carry():184}:185}()
#39 /home/yamojr/devyamo/SchoolofNursing/edusaas/vendor/laravel/framework/src/Illuminate/Pipeline/Pipeline.php(209): Illuminate\\Cookie\\Middleware\\EncryptCookies->handle()
#40 /home/yamojr/devyamo/SchoolofNursing/edusaas/vendor/laravel/framework/src/Illuminate/Pipeline/Pipeline.php(127): Illuminate\\Pipeline\\Pipeline->{closure:{closure:Illuminate\\Pipeline\\Pipeline::carry():184}:185}()
#41 /home/yamojr/devyamo/SchoolofNursing/edusaas/vendor/laravel/framework/src/Illuminate/Routing/Router.php(807): Illuminate\\Pipeline\\Pipeline->then()
#42 /home/yamojr/devyamo/SchoolofNursing/edusaas/vendor/laravel/framework/src/Illuminate/Routing/Router.php(786): Illuminate\\Routing\\Router->runRouteWithinStack()
#43 /home/yamojr/devyamo/SchoolofNursing/edusaas/vendor/laravel/framework/src/Illuminate/Routing/Router.php(750): Illuminate\\Routing\\Router->runRoute()
#44 /home/yamojr/devyamo/SchoolofNursing/edusaas/vendor/laravel/framework/src/Illuminate/Routing/Router.php(739): Illuminate\\Routing\\Router->dispatchToRoute()
#45 /home/yamojr/devyamo/SchoolofNursing/edusaas/vendor/laravel/framework/src/Illuminate/Foundation/Http/Kernel.php(201): Illuminate\\Routing\\Router->dispatch()
#46 /home/yamojr/devyamo/SchoolofNursing/edusaas/vendor/laravel/framework/src/Illuminate/Pipeline/Pipeline.php(170): Illuminate\\Foundation\\Http\\Kernel->{closure:Illuminate\\Foundation\\Http\\Kernel::dispatchToRouter():198}()
#47 /home/yamojr/devyamo/SchoolofNursing/edusaas/vendor/laravel/framework/src/Illuminate/Foundation/Http/Middleware/TransformsRequest.php(21): Illuminate\\Pipeline\\Pipeline->{closure:Illuminate\\Pipeline\\Pipeline::prepareDestination():168}()
#48 /home/yamojr/devyamo/SchoolofNursing/edusaas/vendor/laravel/framework/src/Illuminate/Foundation/Http/Middleware/ConvertEmptyStringsToNull.php(31): Illuminate\\Foundation\\Http\\Middleware\\TransformsRequest->handle()
#49 /home/yamojr/devyamo/SchoolofNursing/edusaas/vendor/laravel/framework/src/Illuminate/Pipeline/Pipeline.php(209): Illuminate\\Foundation\\Http\\Middleware\\ConvertEmptyStringsToNull->handle()
#50 /home/yamojr/devyamo/SchoolofNursing/edusaas/vendor/laravel/framework/src/Illuminate/Foundation/Http/Middleware/TransformsRequest.php(21): Illuminate\\Pipeline\\Pipeline->{closure:{closure:Illuminate\\Pipeline\\Pipeline::carry():184}:185}()
#51 /home/yamojr/devyamo/SchoolofNursing/edusaas/vendor/laravel/framework/src/Illuminate/Foundation/Http/Middleware/TrimStrings.php(51): Illuminate\\Foundation\\Http\\Middleware\\TransformsRequest->handle()
#52 /home/yamojr/devyamo/SchoolofNursing/edusaas/vendor/laravel/framework/src/Illuminate/Pipeline/Pipeline.php(209): Illuminate\\Foundation\\Http\\Middleware\\TrimStrings->handle()
#53 /home/yamojr/devyamo/SchoolofNursing/edusaas/vendor/laravel/framework/src/Illuminate/Http/Middleware/ValidatePostSize.php(27): Illuminate\\Pipeline\\Pipeline->{closure:{closure:Illuminate\\Pipeline\\Pipeline::carry():184}:185}()
#54 /home/yamojr/devyamo/SchoolofNursing/edusaas/vendor/laravel/framework/src/Illuminate/Pipeline/Pipeline.php(209): Illuminate\\Http\\Middleware\\ValidatePostSize->handle()
#55 /home/yamojr/devyamo/SchoolofNursing/edusaas/vendor/laravel/framework/src/Illuminate/Foundation/Http/Middleware/PreventRequestsDuringMaintenance.php(110): Illuminate\\Pipeline\\Pipeline->{closure:{closure:Illuminate\\Pipeline\\Pipeline::carry():184}:185}()
#56 /home/yamojr/devyamo/SchoolofNursing/edusaas/vendor/laravel/framework/src/Illuminate/Pipeline/Pipeline.php(209): Illuminate\\Foundation\\Http\\Middleware\\PreventRequestsDuringMaintenance->handle()
#57 /home/yamojr/devyamo/SchoolofNursing/edusaas/vendor/laravel/framework/src/Illuminate/Http/Middleware/HandleCors.php(49): Illuminate\\Pipeline\\Pipeline->{closure:{closure:Illuminate\\Pipeline\\Pipeline::carry():184}:185}()
#58 /home/yamojr/devyamo/SchoolofNursing/edusaas/vendor/laravel/framework/src/Illuminate/Pipeline/Pipeline.php(209): Illuminate\\Http\\Middleware\\HandleCors->handle()
#59 /home/yamojr/devyamo/SchoolofNursing/edusaas/vendor/laravel/framework/src/Illuminate/Http/Middleware/TrustProxies.php(58): Illuminate\\Pipeline\\Pipeline->{closure:{closure:Illuminate\\Pipeline\\Pipeline::carry():184}:185}()
#60 /home/yamojr/devyamo/SchoolofNursing/edusaas/vendor/laravel/framework/src/Illuminate/Pipeline/Pipeline.php(209): Illuminate\\Http\\Middleware\\TrustProxies->handle()
#61 /home/yamojr/devyamo/SchoolofNursing/edusaas/vendor/laravel/framework/src/Illuminate/Foundation/Http/Middleware/InvokeDeferredCallbacks.php(22): Illuminate\\Pipeline\\Pipeline->{closure:{closure:Illuminate\\Pipeline\\Pipeline::carry():184}:185}()
#62 /home/yamojr/devyamo/SchoolofNursing/edusaas/vendor/laravel/framework/src/Illuminate/Pipeline/Pipeline.php(209): Illuminate\\Foundation\\Http\\Middleware\\InvokeDeferredCallbacks->handle()
#63 /home/yamojr/devyamo/SchoolofNursing/edusaas/vendor/laravel/framework/src/Illuminate/Pipeline/Pipeline.php(127): Illuminate\\Pipeline\\Pipeline->{closure:{closure:Illuminate\\Pipeline\\Pipeline::carry():184}:185}()
#64 /home/yamojr/devyamo/SchoolofNursing/edusaas/vendor/laravel/framework/src/Illuminate/Foundation/Http/Kernel.php(176): Illuminate\\Pipeline\\Pipeline->then()
#65 /home/yamojr/devyamo/SchoolofNursing/edusaas/vendor/laravel/framework/src/Illuminate/Foundation/Http/Kernel.php(145): Illuminate\\Foundation\\Http\\Kernel->sendRequestThroughRouter()
#66 /home/yamojr/devyamo/SchoolofNursing/edusaas/vendor/laravel/framework/src/Illuminate/Foundation/Application.php(1220): Illuminate\\Foundation\\Http\\Kernel->handle()
#67 /home/yamojr/devyamo/SchoolofNursing/edusaas/public/index.php(19): Illuminate\\Foundation\\Application->handleRequest()
#68 /home/yamojr/devyamo/SchoolofNursing/edusaas/vendor/laravel/framework/src/Illuminate/Foundation/resources/server.php(23): require_once('...')
#69 {main}
"} 
[2026-05-20 10:33:18] local.ERROR: SQLSTATE[HY000]: General error: 1364 Field 'matriculation_number' doesn't have a default value (Connection: mysql, SQL: insert into `students` (`tenant_id`, `user_id`, `department_id`, `program_id`, `phone_number`, `status`, `current_level`, `jamb_registration_number`, `updated_at`, `created_at`) values (1, 35, 1, 1, 08036894451, active, ND1, 2510283168AH, 2026-05-20 10:33:18, 2026-05-20 10:33:18)) {"userId":2,"exception":"[object] (Illuminate\\Database\\QueryException(code: HY000): SQLSTATE[HY000]: General error: 1364 Field 'matriculation_number' doesn't have a default value (Connection: mysql, SQL: insert into `students` (`tenant_id`, `user_id`, `department_id`, `program_id`, `phone_number`, `status`, `current_level`, `jamb_registration_number`, `updated_at`, `created_at`) values (1, 35, 1, 1, 08036894451, active, ND1, 2510283168AH, 2026-05-20 10:33:18, 2026-05-20 10:33:18)) at /home/yamojr/devyamo/SchoolofNursing/edusaas/vendor/laravel/framework/src/Illuminate/Database/Connection.php:825)
[stacktrace]
#0 /home/yamojr/devyamo/SchoolofNursing/edusaas/vendor/laravel/framework/src/Illuminate/Database/Connection.php(779): Illuminate\\Database\\Connection->runQueryCallback()
#1 /home/yamojr/devyamo/SchoolofNursing/edusaas/vendor/laravel/framework/src/Illuminate/Database/MySqlConnection.php(42): Illuminate\\Database\\Connection->run()
#2 /home/yamojr/devyamo/SchoolofNursing/edusaas/vendor/laravel/framework/src/Illuminate/Database/Query/Processors/MySqlProcessor.php(35): Illuminate\\Database\\MySqlConnection->insert()
#3 /home/yamojr/devyamo/SchoolofNursing/edusaas/vendor/laravel/framework/src/Illuminate/Database/Query/Builder.php(3766): Illuminate\\Database\\Query\\Processors\\MySqlProcessor->processInsertGetId()
#4 /home/yamojr/devyamo/SchoolofNursing/edusaas/vendor/laravel/framework/src/Illuminate/Database/Eloquent/Builder.php(2120): Illuminate\\Database\\Query\\Builder->insertGetId()
#5 /home/yamojr/devyamo/SchoolofNursing/edusaas/vendor/laravel/framework/src/Illuminate/Database/Eloquent/Model.php(1359): Illuminate\\Database\\Eloquent\\Builder->__call()
#6 /home/yamojr/devyamo/SchoolofNursing/edusaas/vendor/laravel/framework/src/Illuminate/Database/Eloquent/Model.php(1324): Illuminate\\Database\\Eloquent\\Model->insertAndSetId()
#7 /home/yamojr/devyamo/SchoolofNursing/edusaas/vendor/laravel/framework/src/Illuminate/Database/Eloquent/Model.php(1163): Illuminate\\Database\\Eloquent\\Model->performInsert()
#8 /home/yamojr/devyamo/SchoolofNursing/edusaas/vendor/laravel/framework/src/Illuminate/Database/Eloquent/Builder.php(1128): Illuminate\\Database\\Eloquent\\Model->save()
#9 /home/yamojr/devyamo/SchoolofNursing/edusaas/vendor/laravel/framework/src/Illuminate/Support/helpers.php(399): Illuminate\\Database\\Eloquent\\Builder->{closure:Illuminate\\Database\\Eloquent\\Builder::create():1127}()
#10 /home/yamojr/devyamo/SchoolofNursing/edusaas/vendor/laravel/framework/src/Illuminate/Database/Eloquent/Builder.php(1127): tap()
#11 /home/yamojr/devyamo/SchoolofNursing/edusaas/vendor/laravel/framework/src/Illuminate/Support/Traits/ForwardsCalls.php(23): Illuminate\\Database\\Eloquent\\Builder->create()
#12 /home/yamojr/devyamo/SchoolofNursing/edusaas/vendor/laravel/framework/src/Illuminate/Database/Eloquent/Model.php(2372): Illuminate\\Database\\Eloquent\\Model->forwardCallTo()
#13 /home/yamojr/devyamo/SchoolofNursing/edusaas/vendor/laravel/framework/src/Illuminate/Database/Eloquent/Model.php(2384): Illuminate\\Database\\Eloquent\\Model->__call()
#14 /home/yamojr/devyamo/SchoolofNursing/edusaas/app/Http/Controllers/HOD/DashboardController.php(138): Illuminate\\Database\\Eloquent\\Model::__callStatic()
#15 /home/yamojr/devyamo/SchoolofNursing/edusaas/vendor/laravel/framework/src/Illuminate/Routing/Controller.php(54): App\\Http\\Controllers\\HOD\\DashboardController->clearanceApprove()
#16 /home/yamojr/devyamo/SchoolofNursing/edusaas/vendor/laravel/framework/src/Illuminate/Routing/ControllerDispatcher.php(44): Illuminate\\Routing\\Controller->callAction()
#17 /home/yamojr/devyamo/SchoolofNursing/edusaas/vendor/laravel/framework/src/Illuminate/Routing/Route.php(266): Illuminate\\Routing\\ControllerDispatcher->dispatch()
#18 /home/yamojr/devyamo/SchoolofNursing/edusaas/vendor/laravel/framework/src/Illuminate/Routing/Route.php(212): Illuminate\\Routing\\Route->runController()
#19 /home/yamojr/devyamo/SchoolofNursing/edusaas/vendor/laravel/framework/src/Illuminate/Routing/Router.php(808): Illuminate\\Routing\\Route->run()
#20 /home/yamojr/devyamo/SchoolofNursing/edusaas/vendor/laravel/framework/src/Illuminate/Pipeline/Pipeline.php(170): Illuminate\\Routing\\Router->{closure:Illuminate\\Routing\\Router::runRouteWithinStack():807}()
#21 /home/yamojr/devyamo/SchoolofNursing/edusaas/vendor/spatie/laravel-permission/src/Middleware/RoleMiddleware.php(37): Illuminate\\Pipeline\\Pipeline->{closure:Illuminate\\Pipeline\\Pipeline::prepareDestination():168}()
#22 /home/yamojr/devyamo/SchoolofNursing/edusaas/vendor/laravel/framework/src/Illuminate/Pipeline/Pipeline.php(209): Spatie\\Permission\\Middleware\\RoleMiddleware->handle()
#23 /home/yamojr/devyamo/SchoolofNursing/edusaas/app/Http/Middleware/EnsureTenantAccess.php(26): Illuminate\\Pipeline\\Pipeline->{closure:{closure:Illuminate\\Pipeline\\Pipeline::carry():184}:185}()
#24 /home/yamojr/devyamo/SchoolofNursing/edusaas/vendor/laravel/framework/src/Illuminate/Pipeline/Pipeline.php(209): App\\Http\\Middleware\\EnsureTenantAccess->handle()
#25 /home/yamojr/devyamo/SchoolofNursing/edusaas/app/Http/Middleware/IdentifyTenant.php(39): Illuminate\\Pipeline\\Pipeline->{closure:{closure:Illuminate\\Pipeline\\Pipeline::carry():184}:185}()
#26 /home/yamojr/devyamo/SchoolofNursing/edusaas/vendor/laravel/framework/src/Illuminate/Pipeline/Pipeline.php(209): App\\Http\\Middleware\\IdentifyTenant->handle()
#27 /home/yamojr/devyamo/SchoolofNursing/edusaas/vendor/inertiajs/inertia-laravel/src/Middleware.php(122): Illuminate\\Pipeline\\Pipeline->{closure:{closure:Illuminate\\Pipeline\\Pipeline::carry():184}:185}()
#28 /home/yamojr/devyamo/SchoolofNursing/edusaas/vendor/laravel/framework/src/Illuminate/Pipeline/Pipeline.php(209): Inertia\\Middleware->handle()
#29 /home/yamojr/devyamo/SchoolofNursing/edusaas/vendor/laravel/framework/src/Illuminate/Routing/Middleware/SubstituteBindings.php(51): Illuminate\\Pipeline\\Pipeline->{closure:{closure:Illuminate\\Pipeline\\Pipeline::carry():184}:185}()
#30 /home/yamojr/devyamo/SchoolofNursing/edusaas/vendor/laravel/framework/src/Illuminate/Pipeline/Pipeline.php(209): Illuminate\\Routing\\Middleware\\SubstituteBindings->handle()
#31 /home/yamojr/devyamo/SchoolofNursing/edusaas/vendor/laravel/framework/src/Illuminate/Auth/Middleware/Authenticate.php(64): Illuminate\\Pipeline\\Pipeline->{closure:{closure:Illuminate\\Pipeline\\Pipeline::carry():184}:185}()
#32 /home/yamojr/devyamo/SchoolofNursing/edusaas/vendor/laravel/framework/src/Illuminate/Pipeline/Pipeline.php(209): Illuminate\\Auth\\Middleware\\Authenticate->handle()
#33 /home/yamojr/devyamo/SchoolofNursing/edusaas/vendor/laravel/framework/src/Illuminate/Foundation/Http/Middleware/VerifyCsrfToken.php(88): Illuminate\\Pipeline\\Pipeline->{closure:{closure:Illuminate\\Pipeline\\Pipeline::carry():184}:185}()
#34 /home/yamojr/devyamo/SchoolofNursing/edusaas/vendor/laravel/framework/src/Illuminate/Pipeline/Pipeline.php(209): Illuminate\\Foundation\\Http\\Middleware\\VerifyCsrfToken->handle()
#35 /home/yamojr/devyamo/SchoolofNursing/edusaas/vendor/laravel/framework/src/Illuminate/View/Middleware/ShareErrorsFromSession.php(49): Illuminate\\Pipeline\\Pipeline->{closure:{closure:Illuminate\\Pipeline\\Pipeline::carry():184}:185}()
#36 /home/yamojr/devyamo/SchoolofNursing/edusaas/vendor/laravel/framework/src/Illuminate/Pipeline/Pipeline.php(209): Illuminate\\View\\Middleware\\ShareErrorsFromSession->handle()
#37 /home/yamojr/devyamo/SchoolofNursing/edusaas/vendor/laravel/framework/src/Illuminate/Session/Middleware/StartSession.php(121): Illuminate\\Pipeline\\Pipeline->{closure:{closure:Illuminate\\Pipeline\\Pipeline::carry():184}:185}()
#38 /home/yamojr/devyamo/SchoolofNursing/edusaas/vendor/laravel/framework/src/Illuminate/Session/Middleware/StartSession.php(64): Illuminate\\Session\\Middleware\\StartSession->handleStatefulRequest()
#39 /home/yamojr/devyamo/SchoolofNursing/edusaas/vendor/laravel/framework/src/Illuminate/Pipeline/Pipeline.php(209): Illuminate\\Session\\Middleware\\StartSession->handle()
#40 /home/yamojr/devyamo/SchoolofNursing/edusaas/vendor/laravel/framework/src/Illuminate/Cookie/Middleware/AddQueuedCookiesToResponse.php(37): Illuminate\\Pipeline\\Pipeline->{closure:{closure:Illuminate\\Pipeline\\Pipeline::carry():184}:185}()
#41 /home/yamojr/devyamo/SchoolofNursing/edusaas/vendor/laravel/framework/src/Illuminate/Pipeline/Pipeline.php(209): Illuminate\\Cookie\\Middleware\\AddQueuedCookiesToResponse->handle()
#42 /home/yamojr/devyamo/SchoolofNursing/edusaas/vendor/laravel/framework/src/Illuminate/Cookie/Middleware/EncryptCookies.php(75): Illuminate\\Pipeline\\Pipeline->{closure:{closure:Illuminate\\Pipeline\\Pipeline::carry():184}:185}()
#43 /home/yamojr/devyamo/SchoolofNursing/edusaas/vendor/laravel/framework/src/Illuminate/Pipeline/Pipeline.php(209): Illuminate\\Cookie\\Middleware\\EncryptCookies->handle()
#44 /home/yamojr/devyamo/SchoolofNursing/edusaas/vendor/laravel/framework/src/Illuminate/Pipeline/Pipeline.php(127): Illuminate\\Pipeline\\Pipeline->{closure:{closure:Illuminate\\Pipeline\\Pipeline::carry():184}:185}()
#45 /home/yamojr/devyamo/SchoolofNursing/edusaas/vendor/laravel/framework/src/Illuminate/Routing/Router.php(807): Illuminate\\Pipeline\\Pipeline->then()
#46 /home/yamojr/devyamo/SchoolofNursing/edusaas/vendor/laravel/framework/src/Illuminate/Routing/Router.php(786): Illuminate\\Routing\\Router->runRouteWithinStack()
#47 /home/yamojr/devyamo/SchoolofNursing/edusaas/vendor/laravel/framework/src/Illuminate/Routing/Router.php(750): Illuminate\\Routing\\Router->runRoute()
#48 /home/yamojr/devyamo/SchoolofNursing/edusaas/vendor/laravel/framework/src/Illuminate/Routing/Router.php(739): Illuminate\\Routing\\Router->dispatchToRoute()
#49 /home/yamojr/devyamo/SchoolofNursing/edusaas/vendor/laravel/framework/src/Illuminate/Foundation/Http/Kernel.php(201): Illuminate\\Routing\\Router->dispatch()
#50 /home/yamojr/devyamo/SchoolofNursing/edusaas/vendor/laravel/framework/src/Illuminate/Pipeline/Pipeline.php(170): Illuminate\\Foundation\\Http\\Kernel->{closure:Illuminate\\Foundation\\Http\\Kernel::dispatchToRouter():198}()
#51 /home/yamojr/devyamo/SchoolofNursing/edusaas/vendor/laravel/framework/src/Illuminate/Foundation/Http/Middleware/TransformsRequest.php(21): Illuminate\\Pipeline\\Pipeline->{closure:Illuminate\\Pipeline\\Pipeline::prepareDestination():168}()
#52 /home/yamojr/devyamo/SchoolofNursing/edusaas/vendor/laravel/framework/src/Illuminate/Foundation/Http/Middleware/ConvertEmptyStringsToNull.php(31): Illuminate\\Foundation\\Http\\Middleware\\TransformsRequest->handle()
#53 /home/yamojr/devyamo/SchoolofNursing/edusaas/vendor/laravel/framework/src/Illuminate/Pipeline/Pipeline.php(209): Illuminate\\Foundation\\Http\\Middleware\\ConvertEmptyStringsToNull->handle()
#54 /home/yamojr/devyamo/SchoolofNursing/edusaas/vendor/laravel/framework/src/Illuminate/Foundation/Http/Middleware/TransformsRequest.php(21): Illuminate\\Pipeline\\Pipeline->{closure:{closure:Illuminate\\Pipeline\\Pipeline::carry():184}:185}()
#55 /home/yamojr/devyamo/SchoolofNursing/edusaas/vendor/laravel/framework/src/Illuminate/Foundation/Http/Middleware/TrimStrings.php(51): Illuminate\\Foundation\\Http\\Middleware\\TransformsRequest->handle()
#56 /home/yamojr/devyamo/SchoolofNursing/edusaas/vendor/laravel/framework/src/Illuminate/Pipeline/Pipeline.php(209): Illuminate\\Foundation\\Http\\Middleware\\TrimStrings->handle()
#57 /home/yamojr/devyamo/SchoolofNursing/edusaas/vendor/laravel/framework/src/Illuminate/Http/Middleware/ValidatePostSize.php(27): Illuminate\\Pipeline\\Pipeline->{closure:{closure:Illuminate\\Pipeline\\Pipeline::carry():184}:185}()
#58 /home/yamojr/devyamo/SchoolofNursing/edusaas/vendor/laravel/framework/src/Illuminate/Pipeline/Pipeline.php(209): Illuminate\\Http\\Middleware\\ValidatePostSize->handle()
#59 /home/yamojr/devyamo/SchoolofNursing/edusaas/vendor/laravel/framework/src/Illuminate/Foundation/Http/Middleware/PreventRequestsDuringMaintenance.php(110): Illuminate\\Pipeline\\Pipeline->{closure:{closure:Illuminate\\Pipeline\\Pipeline::carry():184}:185}()
#60 /home/yamojr/devyamo/SchoolofNursing/edusaas/vendor/laravel/framework/src/Illuminate/Pipeline/Pipeline.php(209): Illuminate\\Foundation\\Http\\Middleware\\PreventRequestsDuringMaintenance->handle()
#61 /home/yamojr/devyamo/SchoolofNursing/edusaas/vendor/laravel/framework/src/Illuminate/Http/Middleware/HandleCors.php(49): Illuminate\\Pipeline\\Pipeline->{closure:{closure:Illuminate\\Pipeline\\Pipeline::carry():184}:185}()
#62 /home/yamojr/devyamo/SchoolofNursing/edusaas/vendor/laravel/framework/src/Illuminate/Pipeline/Pipeline.php(209): Illuminate\\Http\\Middleware\\HandleCors->handle()
#63 /home/yamojr/devyamo/SchoolofNursing/edusaas/vendor/laravel/framework/src/Illuminate/Http/Middleware/TrustProxies.php(58): Illuminate\\Pipeline\\Pipeline->{closure:{closure:Illuminate\\Pipeline\\Pipeline::carry():184}:185}()
#64 /home/yamojr/devyamo/SchoolofNursing/edusaas/vendor/laravel/framework/src/Illuminate/Pipeline/Pipeline.php(209): Illuminate\\Http\\Middleware\\TrustProxies->handle()
#65 /home/yamojr/devyamo/SchoolofNursing/edusaas/vendor/laravel/framework/src/Illuminate/Foundation/Http/Middleware/InvokeDeferredCallbacks.php(22): Illuminate\\Pipeline\\Pipeline->{closure:{closure:Illuminate\\Pipeline\\Pipeline::carry():184}:185}()
#66 /home/yamojr/devyamo/SchoolofNursing/edusaas/vendor/laravel/framework/src/Illuminate/Pipeline/Pipeline.php(209): Illuminate\\Foundation\\Http\\Middleware\\InvokeDeferredCallbacks->handle()
#67 /home/yamojr/devyamo/SchoolofNursing/edusaas/vendor/laravel/framework/src/Illuminate/Pipeline/Pipeline.php(127): Illuminate\\Pipeline\\Pipeline->{closure:{closure:Illuminate\\Pipeline\\Pipeline::carry():184}:185}()
#68 /home/yamojr/devyamo/SchoolofNursing/edusaas/vendor/laravel/framework/src/Illuminate/Foundation/Http/Kernel.php(176): Illuminate\\Pipeline\\Pipeline->then()
#69 /home/yamojr/devyamo/SchoolofNursing/edusaas/vendor/laravel/framework/src/Illuminate/Foundation/Http/Kernel.php(145): Illuminate\\Foundation\\Http\\Kernel->sendRequestThroughRouter()
#70 /home/yamojr/devyamo/SchoolofNursing/edusaas/vendor/laravel/framework/src/Illuminate/Foundation/Application.php(1220): Illuminate\\Foundation\\Http\\Kernel->handle()
#71 /home/yamojr/devyamo/SchoolofNursing/edusaas/public/index.php(19): Illuminate\\Foundation\\Application->handleRequest()
#72 /home/yamojr/devyamo/SchoolofNursing/edusaas/vendor/laravel/framework/src/Illuminate/Foundation/resources/server.php(23): require_once('...')
#73 {main}

[previous exception] [object] (PDOException(code: HY000): SQLSTATE[HY000]: General error: 1364 Field 'matriculation_number' doesn't have a default value at /home/yamojr/devyamo/SchoolofNursing/edusaas/vendor/laravel/framework/src/Illuminate/Database/MySqlConnection.php:53)
[stacktrace]
#0 /home/yamojr/devyamo/SchoolofNursing/edusaas/vendor/laravel/framework/src/Illuminate/Database/MySqlConnection.php(53): PDOStatement->execute()
#1 /home/yamojr/devyamo/SchoolofNursing/edusaas/vendor/laravel/framework/src/Illuminate/Database/Connection.php(812): Illuminate\\Database\\MySqlConnection->{closure:Illuminate\\Database\\MySqlConnection::insert():42}()
#2 /home/yamojr/devyamo/SchoolofNursing/edusaas/vendor/laravel/framework/src/Illuminate/Database/Connection.php(779): Illuminate\\Database\\Connection->runQueryCallback()
#3 /home/yamojr/devyamo/SchoolofNursing/edusaas/vendor/laravel/framework/src/Illuminate/Database/MySqlConnection.php(42): Illuminate\\Database\\Connection->run()
#4 /home/yamojr/devyamo/SchoolofNursing/edusaas/vendor/laravel/framework/src/Illuminate/Database/Query/Processors/MySqlProcessor.php(35): Illuminate\\Database\\MySqlConnection->insert()
#5 /home/yamojr/devyamo/SchoolofNursing/edusaas/vendor/laravel/framework/src/Illuminate/Database/Query/Builder.php(3766): Illuminate\\Database\\Query\\Processors\\MySqlProcessor->processInsertGetId()
#6 /home/yamojr/devyamo/SchoolofNursing/edusaas/vendor/laravel/framework/src/Illuminate/Database/Eloquent/Builder.php(2120): Illuminate\\Database\\Query\\Builder->insertGetId()
#7 /home/yamojr/devyamo/SchoolofNursing/edusaas/vendor/laravel/framework/src/Illuminate/Database/Eloquent/Model.php(1359): Illuminate\\Database\\Eloquent\\Builder->__call()
#8 /home/yamojr/devyamo/SchoolofNursing/edusaas/vendor/laravel/framework/src/Illuminate/Database/Eloquent/Model.php(1324): Illuminate\\Database\\Eloquent\\Model->insertAndSetId()
#9 /home/yamojr/devyamo/SchoolofNursing/edusaas/vendor/laravel/framework/src/Illuminate/Database/Eloquent/Model.php(1163): Illuminate\\Database\\Eloquent\\Model->performInsert()
#10 /home/yamojr/devyamo/SchoolofNursing/edusaas/vendor/laravel/framework/src/Illuminate/Database/Eloquent/Builder.php(1128): Illuminate\\Database\\Eloquent\\Model->save()
#11 /home/yamojr/devyamo/SchoolofNursing/edusaas/vendor/laravel/framework/src/Illuminate/Support/helpers.php(399): Illuminate\\Database\\Eloquent\\Builder->{closure:Illuminate\\Database\\Eloquent\\Builder::create():1127}()
#12 /home/yamojr/devyamo/SchoolofNursing/edusaas/vendor/laravel/framework/src/Illuminate/Database/Eloquent/Builder.php(1127): tap()
#13 /home/yamojr/devyamo/SchoolofNursing/edusaas/vendor/laravel/framework/src/Illuminate/Support/Traits/ForwardsCalls.php(23): Illuminate\\Database\\Eloquent\\Builder->create()
#14 /home/yamojr/devyamo/SchoolofNursing/edusaas/vendor/laravel/framework/src/Illuminate/Database/Eloquent/Model.php(2372): Illuminate\\Database\\Eloquent\\Model->forwardCallTo()
#15 /home/yamojr/devyamo/SchoolofNursing/edusaas/vendor/laravel/framework/src/Illuminate/Database/Eloquent/Model.php(2384): Illuminate\\Database\\Eloquent\\Model->__call()
#16 /home/yamojr/devyamo/SchoolofNursing/edusaas/app/Http/Controllers/HOD/DashboardController.php(138): Illuminate\\Database\\Eloquent\\Model::__callStatic()
#17 /home/yamojr/devyamo/SchoolofNursing/edusaas/vendor/laravel/framework/src/Illuminate/Routing/Controller.php(54): App\\Http\\Controllers\\HOD\\DashboardController->clearanceApprove()
#18 /home/yamojr/devyamo/SchoolofNursing/edusaas/vendor/laravel/framework/src/Illuminate/Routing/ControllerDispatcher.php(44): Illuminate\\Routing\\Controller->callAction()
#19 /home/yamojr/devyamo/SchoolofNursing/edusaas/vendor/laravel/framework/src/Illuminate/Routing/Route.php(266): Illuminate\\Routing\\ControllerDispatcher->dispatch()
#20 /home/yamojr/devyamo/SchoolofNursing/edusaas/vendor/laravel/framework/src/Illuminate/Routing/Route.php(212): Illuminate\\Routing\\Route->runController()
#21 /home/yamojr/devyamo/SchoolofNursing/edusaas/vendor/laravel/framework/src/Illuminate/Routing/Router.php(808): Illuminate\\Routing\\Route->run()
#22 /home/yamojr/devyamo/SchoolofNursing/edusaas/vendor/laravel/framework/src/Illuminate/Pipeline/Pipeline.php(170): Illuminate\\Routing\\Router->{closure:Illuminate\\Routing\\Router::runRouteWithinStack():807}()
#23 /home/yamojr/devyamo/SchoolofNursing/edusaas/vendor/spatie/laravel-permission/src/Middleware/RoleMiddleware.php(37): Illuminate\\Pipeline\\Pipeline->{closure:Illuminate\\Pipeline\\Pipeline::prepareDestination():168}()
#24 /home/yamojr/devyamo/SchoolofNursing/edusaas/vendor/laravel/framework/src/Illuminate/Pipeline/Pipeline.php(209): Spatie\\Permission\\Middleware\\RoleMiddleware->handle()
#25 /home/yamojr/devyamo/SchoolofNursing/edusaas/app/Http/Middleware/EnsureTenantAccess.php(26): Illuminate\\Pipeline\\Pipeline->{closure:{closure:Illuminate\\Pipeline\\Pipeline::carry():184}:185}()
#26 /home/yamojr/devyamo/SchoolofNursing/edusaas/vendor/laravel/framework/src/Illuminate/Pipeline/Pipeline.php(209): App\\Http\\Middleware\\EnsureTenantAccess->handle()
#27 /home/yamojr/devyamo/SchoolofNursing/edusaas/app/Http/Middleware/IdentifyTenant.php(39): Illuminate\\Pipeline\\Pipeline->{closure:{closure:Illuminate\\Pipeline\\Pipeline::carry():184}:185}()
#28 /home/yamojr/devyamo/SchoolofNursing/edusaas/vendor/laravel/framework/src/Illuminate/Pipeline/Pipeline.php(209): App\\Http\\Middleware\\IdentifyTenant->handle()
#29 /home/yamojr/devyamo/SchoolofNursing/edusaas/vendor/inertiajs/inertia-laravel/src/Middleware.php(122): Illuminate\\Pipeline\\Pipeline->{closure:{closure:Illuminate\\Pipeline\\Pipeline::carry():184}:185}()
#30 /home/yamojr/devyamo/SchoolofNursing/edusaas/vendor/laravel/framework/src/Illuminate/Pipeline/Pipeline.php(209): Inertia\\Middleware->handle()
#31 /home/yamojr/devyamo/SchoolofNursing/edusaas/vendor/laravel/framework/src/Illuminate/Routing/Middleware/SubstituteBindings.php(51): Illuminate\\Pipeline\\Pipeline->{closure:{closure:Illuminate\\Pipeline\\Pipeline::carry():184}:185}()
#32 /home/yamojr/devyamo/SchoolofNursing/edusaas/vendor/laravel/framework/src/Illuminate/Pipeline/Pipeline.php(209): Illuminate\\Routing\\Middleware\\SubstituteBindings->handle()
#33 /home/yamojr/devyamo/SchoolofNursing/edusaas/vendor/laravel/framework/src/Illuminate/Auth/Middleware/Authenticate.php(64): Illuminate\\Pipeline\\Pipeline->{closure:{closure:Illuminate\\Pipeline\\Pipeline::carry():184}:185}()
#34 /home/yamojr/devyamo/SchoolofNursing/edusaas/vendor/laravel/framework/src/Illuminate/Pipeline/Pipeline.php(209): Illuminate\\Auth\\Middleware\\Authenticate->handle()
#35 /home/yamojr/devyamo/SchoolofNursing/edusaas/vendor/laravel/framework/src/Illuminate/Foundation/Http/Middleware/VerifyCsrfToken.php(88): Illuminate\\Pipeline\\Pipeline->{closure:{closure:Illuminate\\Pipeline\\Pipeline::carry():184}:185}()
#36 /home/yamojr/devyamo/SchoolofNursing/edusaas/vendor/laravel/framework/src/Illuminate/Pipeline/Pipeline.php(209): Illuminate\\Foundation\\Http\\Middleware\\VerifyCsrfToken->handle()
#37 /home/yamojr/devyamo/SchoolofNursing/edusaas/vendor/laravel/framework/src/Illuminate/View/Middleware/ShareErrorsFromSession.php(49): Illuminate\\Pipeline\\Pipeline->{closure:{closure:Illuminate\\Pipeline\\Pipeline::carry():184}:185}()
#38 /home/yamojr/devyamo/SchoolofNursing/edusaas/vendor/laravel/framework/src/Illuminate/Pipeline/Pipeline.php(209): Illuminate\\View\\Middleware\\ShareErrorsFromSession->handle()
#39 /home/yamojr/devyamo/SchoolofNursing/edusaas/vendor/laravel/framework/src/Illuminate/Session/Middleware/StartSession.php(121): Illuminate\\Pipeline\\Pipeline->{closure:{closure:Illuminate\\Pipeline\\Pipeline::carry():184}:185}()
#40 /home/yamojr/devyamo/SchoolofNursing/edusaas/vendor/laravel/framework/src/Illuminate/Session/Middleware/StartSession.php(64): Illuminate\\Session\\Middleware\\StartSession->handleStatefulRequest()
#41 /home/yamojr/devyamo/SchoolofNursing/edusaas/vendor/laravel/framework/src/Illuminate/Pipeline/Pipeline.php(209): Illuminate\\Session\\Middleware\\StartSession->handle()
#42 /home/yamojr/devyamo/SchoolofNursing/edusaas/vendor/laravel/framework/src/Illuminate/Cookie/Middleware/AddQueuedCookiesToResponse.php(37): Illuminate\\Pipeline\\Pipeline->{closure:{closure:Illuminate\\Pipeline\\Pipeline::carry():184}:185}()
#43 /home/yamojr/devyamo/SchoolofNursing/edusaas/vendor/laravel/framework/src/Illuminate/Pipeline/Pipeline.php(209): Illuminate\\Cookie\\Middleware\\AddQueuedCookiesToResponse->handle()
#44 /home/yamojr/devyamo/SchoolofNursing/edusaas/vendor/laravel/framework/src/Illuminate/Cookie/Middleware/EncryptCookies.php(75): Illuminate\\Pipeline\\Pipeline->{closure:{closure:Illuminate\\Pipeline\\Pipeline::carry():184}:185}()
#45 /home/yamojr/devyamo/SchoolofNursing/edusaas/vendor/laravel/framework/src/Illuminate/Pipeline/Pipeline.php(209): Illuminate\\Cookie\\Middleware\\EncryptCookies->handle()
#46 /home/yamojr/devyamo/SchoolofNursing/edusaas/vendor/laravel/framework/src/Illuminate/Pipeline/Pipeline.php(127): Illuminate\\Pipeline\\Pipeline->{closure:{closure:Illuminate\\Pipeline\\Pipeline::carry():184}:185}()
#47 /home/yamojr/devyamo/SchoolofNursing/edusaas/vendor/laravel/framework/src/Illuminate/Routing/Router.php(807): Illuminate\\Pipeline\\Pipeline->then()
#48 /home/yamojr/devyamo/SchoolofNursing/edusaas/vendor/laravel/framework/src/Illuminate/Routing/Router.php(786): Illuminate\\Routing\\Router->runRouteWithinStack()
#49 /home/yamojr/devyamo/SchoolofNursing/edusaas/vendor/laravel/framework/src/Illuminate/Routing/Router.php(750): Illuminate\\Routing\\Router->runRoute()
#50 /home/yamojr/devyamo/SchoolofNursing/edusaas/vendor/laravel/framework/src/Illuminate/Routing/Router.php(739): Illuminate\\Routing\\Router->dispatchToRoute()
#51 /home/yamojr/devyamo/SchoolofNursing/edusaas/vendor/laravel/framework/src/Illuminate/Foundation/Http/Kernel.php(201): Illuminate\\Routing\\Router->dispatch()
#52 /home/yamojr/devyamo/SchoolofNursing/edusaas/vendor/laravel/framework/src/Illuminate/Pipeline/Pipeline.php(170): Illuminate\\Foundation\\Http\\Kernel->{closure:Illuminate\\Foundation\\Http\\Kernel::dispatchToRouter():198}()
#53 /home/yamojr/devyamo/SchoolofNursing/edusaas/vendor/laravel/framework/src/Illuminate/Foundation/Http/Middleware/TransformsRequest.php(21): Illuminate\\Pipeline\\Pipeline->{closure:Illuminate\\Pipeline\\Pipeline::prepareDestination():168}()
#54 /home/yamojr/devyamo/SchoolofNursing/edusaas/vendor/laravel/framework/src/Illuminate/Foundation/Http/Middleware/ConvertEmptyStringsToNull.php(31): Illuminate\\Foundation\\Http\\Middleware\\TransformsRequest->handle()
#55 /home/yamojr/devyamo/SchoolofNursing/edusaas/vendor/laravel/framework/src/Illuminate/Pipeline/Pipeline.php(209): Illuminate\\Foundation\\Http\\Middleware\\ConvertEmptyStringsToNull->handle()
#56 /home/yamojr/devyamo/SchoolofNursing/edusaas/vendor/laravel/framework/src/Illuminate/Foundation/Http/Middleware/TransformsRequest.php(21): Illuminate\\Pipeline\\Pipeline->{closure:{closure:Illuminate\\Pipeline\\Pipeline::carry():184}:185}()
#57 /home/yamojr/devyamo/SchoolofNursing/edusaas/vendor/laravel/framework/src/Illuminate/Foundation/Http/Middleware/TrimStrings.php(51): Illuminate\\Foundation\\Http\\Middleware\\TransformsRequest->handle()
#58 /home/yamojr/devyamo/SchoolofNursing/edusaas/vendor/laravel/framework/src/Illuminate/Pipeline/Pipeline.php(209): Illuminate\\Foundation\\Http\\Middleware\\TrimStrings->handle()
#59 /home/yamojr/devyamo/SchoolofNursing/edusaas/vendor/laravel/framework/src/Illuminate/Http/Middleware/ValidatePostSize.php(27): Illuminate\\Pipeline\\Pipeline->{closure:{closure:Illuminate\\Pipeline\\Pipeline::carry():184}:185}()
#60 /home/yamojr/devyamo/SchoolofNursing/edusaas/vendor/laravel/framework/src/Illuminate/Pipeline/Pipeline.php(209): Illuminate\\Http\\Middleware\\ValidatePostSize->handle()
#61 /home/yamojr/devyamo/SchoolofNursing/edusaas/vendor/laravel/framework/src/Illuminate/Foundation/Http/Middleware/PreventRequestsDuringMaintenance.php(110): Illuminate\\Pipeline\\Pipeline->{closure:{closure:Illuminate\\Pipeline\\Pipeline::carry():184}:185}()
#62 /home/yamojr/devyamo/SchoolofNursing/edusaas/vendor/laravel/framework/src/Illuminate/Pipeline/Pipeline.php(209): Illuminate\\Foundation\\Http\\Middleware\\PreventRequestsDuringMaintenance->handle()
#63 /home/yamojr/devyamo/SchoolofNursing/edusaas/vendor/laravel/framework/src/Illuminate/Http/Middleware/HandleCors.php(49): Illuminate\\Pipeline\\Pipeline->{closure:{closure:Illuminate\\Pipeline\\Pipeline::carry():184}:185}()
#64 /home/yamojr/devyamo/SchoolofNursing/edusaas/vendor/laravel/framework/src/Illuminate/Pipeline/Pipeline.php(209): Illuminate\\Http\\Middleware\\HandleCors->handle()
#65 /home/yamojr/devyamo/SchoolofNursing/edusaas/vendor/laravel/framework/src/Illuminate/Http/Middleware/TrustProxies.php(58): Illuminate\\Pipeline\\Pipeline->{closure:{closure:Illuminate\\Pipeline\\Pipeline::carry():184}:185}()
#66 /home/yamojr/devyamo/SchoolofNursing/edusaas/vendor/laravel/framework/src/Illuminate/Pipeline/Pipeline.php(209): Illuminate\\Http\\Middleware\\TrustProxies->handle()
#67 /home/yamojr/devyamo/SchoolofNursing/edusaas/vendor/laravel/framework/src/Illuminate/Foundation/Http/Middleware/InvokeDeferredCallbacks.php(22): Illuminate\\Pipeline\\Pipeline->{closure:{closure:Illuminate\\Pipeline\\Pipeline::carry():184}:185}()
#68 /home/yamojr/devyamo/SchoolofNursing/edusaas/vendor/laravel/framework/src/Illuminate/Pipeline/Pipeline.php(209): Illuminate\\Foundation\\Http\\Middleware\\InvokeDeferredCallbacks->handle()
#69 /home/yamojr/devyamo/SchoolofNursing/edusaas/vendor/laravel/framework/src/Illuminate/Pipeline/Pipeline.php(127): Illuminate\\Pipeline\\Pipeline->{closure:{closure:Illuminate\\Pipeline\\Pipeline::carry():184}:185}()
#70 /home/yamojr/devyamo/SchoolofNursing/edusaas/vendor/laravel/framework/src/Illuminate/Foundation/Http/Kernel.php(176): Illuminate\\Pipeline\\Pipeline->then()
#71 /home/yamojr/devyamo/SchoolofNursing/edusaas/vendor/laravel/framework/src/Illuminate/Foundation/Http/Kernel.php(145): Illuminate\\Foundation\\Http\\Kernel->sendRequestThroughRouter()
#72 /home/yamojr/devyamo/SchoolofNursing/edusaas/vendor/laravel/framework/src/Illuminate/Foundation/Application.php(1220): Illuminate\\Foundation\\Http\\Kernel->handle()
#73 /home/yamojr/devyamo/SchoolofNursing/edusaas/public/index.php(19): Illuminate\\Foundation\\Application->handleRequest()
#74 /home/yamojr/devyamo/SchoolofNursing/edusaas/vendor/laravel/framework/src/Illuminate/Foundation/resources/server.php(23): require_once('...')
#75 {main}
"} 
[2026-05-20 10:35:49] local.ERROR: SQLSTATE[HY000]: General error: 1364 Field 'date_of_birth' doesn't have a default value (Connection: mysql, SQL: insert into `students` (`tenant_id`, `user_id`, `department_id`, `program_id`, `matriculation_number`, `phone_number`, `status`, `current_level`, `jamb_registration_number`, `updated_at`, `created_at`) values (1, 35, 1, 1, ACONS/26/0035, 08036894451, active, ND1, 2510283168AH, 2026-05-20 10:35:49, 2026-05-20 10:35:49)) {"userId":2,"exception":"[object] (Illuminate\\Database\\QueryException(code: HY000): SQLSTATE[HY000]: General error: 1364 Field 'date_of_birth' doesn't have a default value (Connection: mysql, SQL: insert into `students` (`tenant_id`, `user_id`, `department_id`, `program_id`, `matriculation_number`, `phone_number`, `status`, `current_level`, `jamb_registration_number`, `updated_at`, `created_at`) values (1, 35, 1, 1, ACONS/26/0035, 08036894451, active, ND1, 2510283168AH, 2026-05-20 10:35:49, 2026-05-20 10:35:49)) at /home/yamojr/devyamo/SchoolofNursing/edusaas/vendor/laravel/framework/src/Illuminate/Database/Connection.php:825)
[stacktrace]
#0 /home/yamojr/devyamo/SchoolofNursing/edusaas/vendor/laravel/framework/src/Illuminate/Database/Connection.php(779): Illuminate\\Database\\Connection->runQueryCallback()
#1 /home/yamojr/devyamo/SchoolofNursing/edusaas/vendor/laravel/framework/src/Illuminate/Database/MySqlConnection.php(42): Illuminate\\Database\\Connection->run()
#2 /home/yamojr/devyamo/SchoolofNursing/edusaas/vendor/laravel/framework/src/Illuminate/Database/Query/Processors/MySqlProcessor.php(35): Illuminate\\Database\\MySqlConnection->insert()
#3 /home/yamojr/devyamo/SchoolofNursing/edusaas/vendor/laravel/framework/src/Illuminate/Database/Query/Builder.php(3766): Illuminate\\Database\\Query\\Processors\\MySqlProcessor->processInsertGetId()
#4 /home/yamojr/devyamo/SchoolofNursing/edusaas/vendor/laravel/framework/src/Illuminate/Database/Eloquent/Builder.php(2120): Illuminate\\Database\\Query\\Builder->insertGetId()
#5 /home/yamojr/devyamo/SchoolofNursing/edusaas/vendor/laravel/framework/src/Illuminate/Database/Eloquent/Model.php(1359): Illuminate\\Database\\Eloquent\\Builder->__call()
#6 /home/yamojr/devyamo/SchoolofNursing/edusaas/vendor/laravel/framework/src/Illuminate/Database/Eloquent/Model.php(1324): Illuminate\\Database\\Eloquent\\Model->insertAndSetId()
#7 /home/yamojr/devyamo/SchoolofNursing/edusaas/vendor/laravel/framework/src/Illuminate/Database/Eloquent/Model.php(1163): Illuminate\\Database\\Eloquent\\Model->performInsert()
#8 /home/yamojr/devyamo/SchoolofNursing/edusaas/vendor/laravel/framework/src/Illuminate/Database/Eloquent/Builder.php(1128): Illuminate\\Database\\Eloquent\\Model->save()
#9 /home/yamojr/devyamo/SchoolofNursing/edusaas/vendor/laravel/framework/src/Illuminate/Support/helpers.php(399): Illuminate\\Database\\Eloquent\\Builder->{closure:Illuminate\\Database\\Eloquent\\Builder::create():1127}()
#10 /home/yamojr/devyamo/SchoolofNursing/edusaas/vendor/laravel/framework/src/Illuminate/Database/Eloquent/Builder.php(1127): tap()
#11 /home/yamojr/devyamo/SchoolofNursing/edusaas/vendor/laravel/framework/src/Illuminate/Support/Traits/ForwardsCalls.php(23): Illuminate\\Database\\Eloquent\\Builder->create()
#12 /home/yamojr/devyamo/SchoolofNursing/edusaas/vendor/laravel/framework/src/Illuminate/Database/Eloquent/Model.php(2372): Illuminate\\Database\\Eloquent\\Model->forwardCallTo()
#13 /home/yamojr/devyamo/SchoolofNursing/edusaas/vendor/laravel/framework/src/Illuminate/Database/Eloquent/Model.php(2384): Illuminate\\Database\\Eloquent\\Model->__call()
#14 /home/yamojr/devyamo/SchoolofNursing/edusaas/app/Http/Controllers/HOD/DashboardController.php(140): Illuminate\\Database\\Eloquent\\Model::__callStatic()
#15 /home/yamojr/devyamo/SchoolofNursing/edusaas/vendor/laravel/framework/src/Illuminate/Routing/Controller.php(54): App\\Http\\Controllers\\HOD\\DashboardController->clearanceApprove()
#16 /home/yamojr/devyamo/SchoolofNursing/edusaas/vendor/laravel/framework/src/Illuminate/Routing/ControllerDispatcher.php(44): Illuminate\\Routing\\Controller->callAction()
#17 /home/yamojr/devyamo/SchoolofNursing/edusaas/vendor/laravel/framework/src/Illuminate/Routing/Route.php(266): Illuminate\\Routing\\ControllerDispatcher->dispatch()
#18 /home/yamojr/devyamo/SchoolofNursing/edusaas/vendor/laravel/framework/src/Illuminate/Routing/Route.php(212): Illuminate\\Routing\\Route->runController()
#19 /home/yamojr/devyamo/SchoolofNursing/edusaas/vendor/laravel/framework/src/Illuminate/Routing/Router.php(808): Illuminate\\Routing\\Route->run()
#20 /home/yamojr/devyamo/SchoolofNursing/edusaas/vendor/laravel/framework/src/Illuminate/Pipeline/Pipeline.php(170): Illuminate\\Routing\\Router->{closure:Illuminate\\Routing\\Router::runRouteWithinStack():807}()
#21 /home/yamojr/devyamo/SchoolofNursing/edusaas/vendor/spatie/laravel-permission/src/Middleware/RoleMiddleware.php(37): Illuminate\\Pipeline\\Pipeline->{closure:Illuminate\\Pipeline\\Pipeline::prepareDestination():168}()
#22 /home/yamojr/devyamo/SchoolofNursing/edusaas/vendor/laravel/framework/src/Illuminate/Pipeline/Pipeline.php(209): Spatie\\Permission\\Middleware\\RoleMiddleware->handle()
#23 /home/yamojr/devyamo/SchoolofNursing/edusaas/app/Http/Middleware/EnsureTenantAccess.php(26): Illuminate\\Pipeline\\Pipeline->{closure:{closure:Illuminate\\Pipeline\\Pipeline::carry():184}:185}()
#24 /home/yamojr/devyamo/SchoolofNursing/edusaas/vendor/laravel/framework/src/Illuminate/Pipeline/Pipeline.php(209): App\\Http\\Middleware\\EnsureTenantAccess->handle()
#25 /home/yamojr/devyamo/SchoolofNursing/edusaas/app/Http/Middleware/IdentifyTenant.php(39): Illuminate\\Pipeline\\Pipeline->{closure:{closure:Illuminate\\Pipeline\\Pipeline::carry():184}:185}()
#26 /home/yamojr/devyamo/SchoolofNursing/edusaas/vendor/laravel/framework/src/Illuminate/Pipeline/Pipeline.php(209): App\\Http\\Middleware\\IdentifyTenant->handle()
#27 /home/yamojr/devyamo/SchoolofNursing/edusaas/vendor/inertiajs/inertia-laravel/src/Middleware.php(122): Illuminate\\Pipeline\\Pipeline->{closure:{closure:Illuminate\\Pipeline\\Pipeline::carry():184}:185}()
#28 /home/yamojr/devyamo/SchoolofNursing/edusaas/vendor/laravel/framework/src/Illuminate/Pipeline/Pipeline.php(209): Inertia\\Middleware->handle()
#29 /home/yamojr/devyamo/SchoolofNursing/edusaas/vendor/laravel/framework/src/Illuminate/Routing/Middleware/SubstituteBindings.php(51): Illuminate\\Pipeline\\Pipeline->{closure:{closure:Illuminate\\Pipeline\\Pipeline::carry():184}:185}()
#30 /home/yamojr/devyamo/SchoolofNursing/edusaas/vendor/laravel/framework/src/Illuminate/Pipeline/Pipeline.php(209): Illuminate\\Routing\\Middleware\\SubstituteBindings->handle()
#31 /home/yamojr/devyamo/SchoolofNursing/edusaas/vendor/laravel/framework/src/Illuminate/Auth/Middleware/Authenticate.php(64): Illuminate\\Pipeline\\Pipeline->{closure:{closure:Illuminate\\Pipeline\\Pipeline::carry():184}:185}()
#32 /home/yamojr/devyamo/SchoolofNursing/edusaas/vendor/laravel/framework/src/Illuminate/Pipeline/Pipeline.php(209): Illuminate\\Auth\\Middleware\\Authenticate->handle()
#33 /home/yamojr/devyamo/SchoolofNursing/edusaas/vendor/laravel/framework/src/Illuminate/Foundation/Http/Middleware/VerifyCsrfToken.php(88): Illuminate\\Pipeline\\Pipeline->{closure:{closure:Illuminate\\Pipeline\\Pipeline::carry():184}:185}()
#34 /home/yamojr/devyamo/SchoolofNursing/edusaas/vendor/laravel/framework/src/Illuminate/Pipeline/Pipeline.php(209): Illuminate\\Foundation\\Http\\Middleware\\VerifyCsrfToken->handle()
#35 /home/yamojr/devyamo/SchoolofNursing/edusaas/vendor/laravel/framework/src/Illuminate/View/Middleware/ShareErrorsFromSession.php(49): Illuminate\\Pipeline\\Pipeline->{closure:{closure:Illuminate\\Pipeline\\Pipeline::carry():184}:185}()
#36 /home/yamojr/devyamo/SchoolofNursing/edusaas/vendor/laravel/framework/src/Illuminate/Pipeline/Pipeline.php(209): Illuminate\\View\\Middleware\\ShareErrorsFromSession->handle()
#37 /home/yamojr/devyamo/SchoolofNursing/edusaas/vendor/laravel/framework/src/Illuminate/Session/Middleware/StartSession.php(121): Illuminate\\Pipeline\\Pipeline->{closure:{closure:Illuminate\\Pipeline\\Pipeline::carry():184}:185}()
#38 /home/yamojr/devyamo/SchoolofNursing/edusaas/vendor/laravel/framework/src/Illuminate/Session/Middleware/StartSession.php(64): Illuminate\\Session\\Middleware\\StartSession->handleStatefulRequest()
#39 /home/yamojr/devyamo/SchoolofNursing/edusaas/vendor/laravel/framework/src/Illuminate/Pipeline/Pipeline.php(209): Illuminate\\Session\\Middleware\\StartSession->handle()
#40 /home/yamojr/devyamo/SchoolofNursing/edusaas/vendor/laravel/framework/src/Illuminate/Cookie/Middleware/AddQueuedCookiesToResponse.php(37): Illuminate\\Pipeline\\Pipeline->{closure:{closure:Illuminate\\Pipeline\\Pipeline::carry():184}:185}()
#41 /home/yamojr/devyamo/SchoolofNursing/edusaas/vendor/laravel/framework/src/Illuminate/Pipeline/Pipeline.php(209): Illuminate\\Cookie\\Middleware\\AddQueuedCookiesToResponse->handle()
#42 /home/yamojr/devyamo/SchoolofNursing/edusaas/vendor/laravel/framework/src/Illuminate/Cookie/Middleware/EncryptCookies.php(75): Illuminate\\Pipeline\\Pipeline->{closure:{closure:Illuminate\\Pipeline\\Pipeline::carry():184}:185}()
#43 /home/yamojr/devyamo/SchoolofNursing/edusaas/vendor/laravel/framework/src/Illuminate/Pipeline/Pipeline.php(209): Illuminate\\Cookie\\Middleware\\EncryptCookies->handle()
#44 /home/yamojr/devyamo/SchoolofNursing/edusaas/vendor/laravel/framework/src/Illuminate/Pipeline/Pipeline.php(127): Illuminate\\Pipeline\\Pipeline->{closure:{closure:Illuminate\\Pipeline\\Pipeline::carry():184}:185}()
#45 /home/yamojr/devyamo/SchoolofNursing/edusaas/vendor/laravel/framework/src/Illuminate/Routing/Router.php(807): Illuminate\\Pipeline\\Pipeline->then()
#46 /home/yamojr/devyamo/SchoolofNursing/edusaas/vendor/laravel/framework/src/Illuminate/Routing/Router.php(786): Illuminate\\Routing\\Router->runRouteWithinStack()
#47 /home/yamojr/devyamo/SchoolofNursing/edusaas/vendor/laravel/framework/src/Illuminate/Routing/Router.php(750): Illuminate\\Routing\\Router->runRoute()
#48 /home/yamojr/devyamo/SchoolofNursing/edusaas/vendor/laravel/framework/src/Illuminate/Routing/Router.php(739): Illuminate\\Routing\\Router->dispatchToRoute()
#49 /home/yamojr/devyamo/SchoolofNursing/edusaas/vendor/laravel/framework/src/Illuminate/Foundation/Http/Kernel.php(201): Illuminate\\Routing\\Router->dispatch()
#50 /home/yamojr/devyamo/SchoolofNursing/edusaas/vendor/laravel/framework/src/Illuminate/Pipeline/Pipeline.php(170): Illuminate\\Foundation\\Http\\Kernel->{closure:Illuminate\\Foundation\\Http\\Kernel::dispatchToRouter():198}()
#51 /home/yamojr/devyamo/SchoolofNursing/edusaas/vendor/laravel/framework/src/Illuminate/Foundation/Http/Middleware/TransformsRequest.php(21): Illuminate\\Pipeline\\Pipeline->{closure:Illuminate\\Pipeline\\Pipeline::prepareDestination():168}()
#52 /home/yamojr/devyamo/SchoolofNursing/edusaas/vendor/laravel/framework/src/Illuminate/Foundation/Http/Middleware/ConvertEmptyStringsToNull.php(31): Illuminate\\Foundation\\Http\\Middleware\\TransformsRequest->handle()
#53 /home/yamojr/devyamo/SchoolofNursing/edusaas/vendor/laravel/framework/src/Illuminate/Pipeline/Pipeline.php(209): Illuminate\\Foundation\\Http\\Middleware\\ConvertEmptyStringsToNull->handle()
#54 /home/yamojr/devyamo/SchoolofNursing/edusaas/vendor/laravel/framework/src/Illuminate/Foundation/Http/Middleware/TransformsRequest.php(21): Illuminate\\Pipeline\\Pipeline->{closure:{closure:Illuminate\\Pipeline\\Pipeline::carry():184}:185}()
#55 /home/yamojr/devyamo/SchoolofNursing/edusaas/vendor/laravel/framework/src/Illuminate/Foundation/Http/Middleware/TrimStrings.php(51): Illuminate\\Foundation\\Http\\Middleware\\TransformsRequest->handle()
#56 /home/yamojr/devyamo/SchoolofNursing/edusaas/vendor/laravel/framework/src/Illuminate/Pipeline/Pipeline.php(209): Illuminate\\Foundation\\Http\\Middleware\\TrimStrings->handle()
#57 /home/yamojr/devyamo/SchoolofNursing/edusaas/vendor/laravel/framework/src/Illuminate/Http/Middleware/ValidatePostSize.php(27): Illuminate\\Pipeline\\Pipeline->{closure:{closure:Illuminate\\Pipeline\\Pipeline::carry():184}:185}()
#58 /home/yamojr/devyamo/SchoolofNursing/edusaas/vendor/laravel/framework/src/Illuminate/Pipeline/Pipeline.php(209): Illuminate\\Http\\Middleware\\ValidatePostSize->handle()
#59 /home/yamojr/devyamo/SchoolofNursing/edusaas/vendor/laravel/framework/src/Illuminate/Foundation/Http/Middleware/PreventRequestsDuringMaintenance.php(110): Illuminate\\Pipeline\\Pipeline->{closure:{closure:Illuminate\\Pipeline\\Pipeline::carry():184}:185}()
#60 /home/yamojr/devyamo/SchoolofNursing/edusaas/vendor/laravel/framework/src/Illuminate/Pipeline/Pipeline.php(209): Illuminate\\Foundation\\Http\\Middleware\\PreventRequestsDuringMaintenance->handle()
#61 /home/yamojr/devyamo/SchoolofNursing/edusaas/vendor/laravel/framework/src/Illuminate/Http/Middleware/HandleCors.php(49): Illuminate\\Pipeline\\Pipeline->{closure:{closure:Illuminate\\Pipeline\\Pipeline::carry():184}:185}()
#62 /home/yamojr/devyamo/SchoolofNursing/edusaas/vendor/laravel/framework/src/Illuminate/Pipeline/Pipeline.php(209): Illuminate\\Http\\Middleware\\HandleCors->handle()
#63 /home/yamojr/devyamo/SchoolofNursing/edusaas/vendor/laravel/framework/src/Illuminate/Http/Middleware/TrustProxies.php(58): Illuminate\\Pipeline\\Pipeline->{closure:{closure:Illuminate\\Pipeline\\Pipeline::carry():184}:185}()
#64 /home/yamojr/devyamo/SchoolofNursing/edusaas/vendor/laravel/framework/src/Illuminate/Pipeline/Pipeline.php(209): Illuminate\\Http\\Middleware\\TrustProxies->handle()
#65 /home/yamojr/devyamo/SchoolofNursing/edusaas/vendor/laravel/framework/src/Illuminate/Foundation/Http/Middleware/InvokeDeferredCallbacks.php(22): Illuminate\\Pipeline\\Pipeline->{closure:{closure:Illuminate\\Pipeline\\Pipeline::carry():184}:185}()
#66 /home/yamojr/devyamo/SchoolofNursing/edusaas/vendor/laravel/framework/src/Illuminate/Pipeline/Pipeline.php(209): Illuminate\\Foundation\\Http\\Middleware\\InvokeDeferredCallbacks->handle()
#67 /home/yamojr/devyamo/SchoolofNursing/edusaas/vendor/laravel/framework/src/Illuminate/Pipeline/Pipeline.php(127): Illuminate\\Pipeline\\Pipeline->{closure:{closure:Illuminate\\Pipeline\\Pipeline::carry():184}:185}()
#68 /home/yamojr/devyamo/SchoolofNursing/edusaas/vendor/laravel/framework/src/Illuminate/Foundation/Http/Kernel.php(176): Illuminate\\Pipeline\\Pipeline->then()
#69 /home/yamojr/devyamo/SchoolofNursing/edusaas/vendor/laravel/framework/src/Illuminate/Foundation/Http/Kernel.php(145): Illuminate\\Foundation\\Http\\Kernel->sendRequestThroughRouter()
#70 /home/yamojr/devyamo/SchoolofNursing/edusaas/vendor/laravel/framework/src/Illuminate/Foundation/Application.php(1220): Illuminate\\Foundation\\Http\\Kernel->handle()
#71 /home/yamojr/devyamo/SchoolofNursing/edusaas/public/index.php(19): Illuminate\\Foundation\\Application->handleRequest()
#72 /home/yamojr/devyamo/SchoolofNursing/edusaas/vendor/laravel/framework/src/Illuminate/Foundation/resources/server.php(23): require_once('...')
#73 {main}

[previous exception] [object] (PDOException(code: HY000): SQLSTATE[HY000]: General error: 1364 Field 'date_of_birth' doesn't have a default value at /home/yamojr/devyamo/SchoolofNursing/edusaas/vendor/laravel/framework/src/Illuminate/Database/MySqlConnection.php:53)
[stacktrace]
#0 /home/yamojr/devyamo/SchoolofNursing/edusaas/vendor/laravel/framework/src/Illuminate/Database/MySqlConnection.php(53): PDOStatement->execute()
#1 /home/yamojr/devyamo/SchoolofNursing/edusaas/vendor/laravel/framework/src/Illuminate/Database/Connection.php(812): Illuminate\\Database\\MySqlConnection->{closure:Illuminate\\Database\\MySqlConnection::insert():42}()
#2 /home/yamojr/devyamo/SchoolofNursing/edusaas/vendor/laravel/framework/src/Illuminate/Database/Connection.php(779): Illuminate\\Database\\Connection->runQueryCallback()
#3 /home/yamojr/devyamo/SchoolofNursing/edusaas/vendor/laravel/framework/src/Illuminate/Database/MySqlConnection.php(42): Illuminate\\Database\\Connection->run()
#4 /home/yamojr/devyamo/SchoolofNursing/edusaas/vendor/laravel/framework/src/Illuminate/Database/Query/Processors/MySqlProcessor.php(35): Illuminate\\Database\\MySqlConnection->insert()
#5 /home/yamojr/devyamo/SchoolofNursing/edusaas/vendor/laravel/framework/src/Illuminate/Database/Query/Builder.php(3766): Illuminate\\Database\\Query\\Processors\\MySqlProcessor->processInsertGetId()
#6 /home/yamojr/devyamo/SchoolofNursing/edusaas/vendor/laravel/framework/src/Illuminate/Database/Eloquent/Builder.php(2120): Illuminate\\Database\\Query\\Builder->insertGetId()
#7 /home/yamojr/devyamo/SchoolofNursing/edusaas/vendor/laravel/framework/src/Illuminate/Database/Eloquent/Model.php(1359): Illuminate\\Database\\Eloquent\\Builder->__call()
#8 /home/yamojr/devyamo/SchoolofNursing/edusaas/vendor/laravel/framework/src/Illuminate/Database/Eloquent/Model.php(1324): Illuminate\\Database\\Eloquent\\Model->insertAndSetId()
#9 /home/yamojr/devyamo/SchoolofNursing/edusaas/vendor/laravel/framework/src/Illuminate/Database/Eloquent/Model.php(1163): Illuminate\\Database\\Eloquent\\Model->performInsert()
#10 /home/yamojr/devyamo/SchoolofNursing/edusaas/vendor/laravel/framework/src/Illuminate/Database/Eloquent/Builder.php(1128): Illuminate\\Database\\Eloquent\\Model->save()
#11 /home/yamojr/devyamo/SchoolofNursing/edusaas/vendor/laravel/framework/src/Illuminate/Support/helpers.php(399): Illuminate\\Database\\Eloquent\\Builder->{closure:Illuminate\\Database\\Eloquent\\Builder::create():1127}()
#12 /home/yamojr/devyamo/SchoolofNursing/edusaas/vendor/laravel/framework/src/Illuminate/Database/Eloquent/Builder.php(1127): tap()
#13 /home/yamojr/devyamo/SchoolofNursing/edusaas/vendor/laravel/framework/src/Illuminate/Support/Traits/ForwardsCalls.php(23): Illuminate\\Database\\Eloquent\\Builder->create()
#14 /home/yamojr/devyamo/SchoolofNursing/edusaas/vendor/laravel/framework/src/Illuminate/Database/Eloquent/Model.php(2372): Illuminate\\Database\\Eloquent\\Model->forwardCallTo()
#15 /home/yamojr/devyamo/SchoolofNursing/edusaas/vendor/laravel/framework/src/Illuminate/Database/Eloquent/Model.php(2384): Illuminate\\Database\\Eloquent\\Model->__call()
#16 /home/yamojr/devyamo/SchoolofNursing/edusaas/app/Http/Controllers/HOD/DashboardController.php(140): Illuminate\\Database\\Eloquent\\Model::__callStatic()
#17 /home/yamojr/devyamo/SchoolofNursing/edusaas/vendor/laravel/framework/src/Illuminate/Routing/Controller.php(54): App\\Http\\Controllers\\HOD\\DashboardController->clearanceApprove()
#18 /home/yamojr/devyamo/SchoolofNursing/edusaas/vendor/laravel/framework/src/Illuminate/Routing/ControllerDispatcher.php(44): Illuminate\\Routing\\Controller->callAction()
#19 /home/yamojr/devyamo/SchoolofNursing/edusaas/vendor/laravel/framework/src/Illuminate/Routing/Route.php(266): Illuminate\\Routing\\ControllerDispatcher->dispatch()
#20 /home/yamojr/devyamo/SchoolofNursing/edusaas/vendor/laravel/framework/src/Illuminate/Routing/Route.php(212): Illuminate\\Routing\\Route->runController()
#21 /home/yamojr/devyamo/SchoolofNursing/edusaas/vendor/laravel/framework/src/Illuminate/Routing/Router.php(808): Illuminate\\Routing\\Route->run()
#22 /home/yamojr/devyamo/SchoolofNursing/edusaas/vendor/laravel/framework/src/Illuminate/Pipeline/Pipeline.php(170): Illuminate\\Routing\\Router->{closure:Illuminate\\Routing\\Router::runRouteWithinStack():807}()
#23 /home/yamojr/devyamo/SchoolofNursing/edusaas/vendor/spatie/laravel-permission/src/Middleware/RoleMiddleware.php(37): Illuminate\\Pipeline\\Pipeline->{closure:Illuminate\\Pipeline\\Pipeline::prepareDestination():168}()
#24 /home/yamojr/devyamo/SchoolofNursing/edusaas/vendor/laravel/framework/src/Illuminate/Pipeline/Pipeline.php(209): Spatie\\Permission\\Middleware\\RoleMiddleware->handle()
#25 /home/yamojr/devyamo/SchoolofNursing/edusaas/app/Http/Middleware/EnsureTenantAccess.php(26): Illuminate\\Pipeline\\Pipeline->{closure:{closure:Illuminate\\Pipeline\\Pipeline::carry():184}:185}()
#26 /home/yamojr/devyamo/SchoolofNursing/edusaas/vendor/laravel/framework/src/Illuminate/Pipeline/Pipeline.php(209): App\\Http\\Middleware\\EnsureTenantAccess->handle()
#27 /home/yamojr/devyamo/SchoolofNursing/edusaas/app/Http/Middleware/IdentifyTenant.php(39): Illuminate\\Pipeline\\Pipeline->{closure:{closure:Illuminate\\Pipeline\\Pipeline::carry():184}:185}()
#28 /home/yamojr/devyamo/SchoolofNursing/edusaas/vendor/laravel/framework/src/Illuminate/Pipeline/Pipeline.php(209): App\\Http\\Middleware\\IdentifyTenant->handle()
#29 /home/yamojr/devyamo/SchoolofNursing/edusaas/vendor/inertiajs/inertia-laravel/src/Middleware.php(122): Illuminate\\Pipeline\\Pipeline->{closure:{closure:Illuminate\\Pipeline\\Pipeline::carry():184}:185}()
#30 /home/yamojr/devyamo/SchoolofNursing/edusaas/vendor/laravel/framework/src/Illuminate/Pipeline/Pipeline.php(209): Inertia\\Middleware->handle()
#31 /home/yamojr/devyamo/SchoolofNursing/edusaas/vendor/laravel/framework/src/Illuminate/Routing/Middleware/SubstituteBindings.php(51): Illuminate\\Pipeline\\Pipeline->{closure:{closure:Illuminate\\Pipeline\\Pipeline::carry():184}:185}()
#32 /home/yamojr/devyamo/SchoolofNursing/edusaas/vendor/laravel/framework/src/Illuminate/Pipeline/Pipeline.php(209): Illuminate\\Routing\\Middleware\\SubstituteBindings->handle()
#33 /home/yamojr/devyamo/SchoolofNursing/edusaas/vendor/laravel/framework/src/Illuminate/Auth/Middleware/Authenticate.php(64): Illuminate\\Pipeline\\Pipeline->{closure:{closure:Illuminate\\Pipeline\\Pipeline::carry():184}:185}()
#34 /home/yamojr/devyamo/SchoolofNursing/edusaas/vendor/laravel/framework/src/Illuminate/Pipeline/Pipeline.php(209): Illuminate\\Auth\\Middleware\\Authenticate->handle()
#35 /home/yamojr/devyamo/SchoolofNursing/edusaas/vendor/laravel/framework/src/Illuminate/Foundation/Http/Middleware/VerifyCsrfToken.php(88): Illuminate\\Pipeline\\Pipeline->{closure:{closure:Illuminate\\Pipeline\\Pipeline::carry():184}:185}()
#36 /home/yamojr/devyamo/SchoolofNursing/edusaas/vendor/laravel/framework/src/Illuminate/Pipeline/Pipeline.php(209): Illuminate\\Foundation\\Http\\Middleware\\VerifyCsrfToken->handle()
#37 /home/yamojr/devyamo/SchoolofNursing/edusaas/vendor/laravel/framework/src/Illuminate/View/Middleware/ShareErrorsFromSession.php(49): Illuminate\\Pipeline\\Pipeline->{closure:{closure:Illuminate\\Pipeline\\Pipeline::carry():184}:185}()
#38 /home/yamojr/devyamo/SchoolofNursing/edusaas/vendor/laravel/framework/src/Illuminate/Pipeline/Pipeline.php(209): Illuminate\\View\\Middleware\\ShareErrorsFromSession->handle()
#39 /home/yamojr/devyamo/SchoolofNursing/edusaas/vendor/laravel/framework/src/Illuminate/Session/Middleware/StartSession.php(121): Illuminate\\Pipeline\\Pipeline->{closure:{closure:Illuminate\\Pipeline\\Pipeline::carry():184}:185}()
#40 /home/yamojr/devyamo/SchoolofNursing/edusaas/vendor/laravel/framework/src/Illuminate/Session/Middleware/StartSession.php(64): Illuminate\\Session\\Middleware\\StartSession->handleStatefulRequest()
#41 /home/yamojr/devyamo/SchoolofNursing/edusaas/vendor/laravel/framework/src/Illuminate/Pipeline/Pipeline.php(209): Illuminate\\Session\\Middleware\\StartSession->handle()
#42 /home/yamojr/devyamo/SchoolofNursing/edusaas/vendor/laravel/framework/src/Illuminate/Cookie/Middleware/AddQueuedCookiesToResponse.php(37): Illuminate\\Pipeline\\Pipeline->{closure:{closure:Illuminate\\Pipeline\\Pipeline::carry():184}:185}()
#43 /home/yamojr/devyamo/SchoolofNursing/edusaas/vendor/laravel/framework/src/Illuminate/Pipeline/Pipeline.php(209): Illuminate\\Cookie\\Middleware\\AddQueuedCookiesToResponse->handle()
#44 /home/yamojr/devyamo/SchoolofNursing/edusaas/vendor/laravel/framework/src/Illuminate/Cookie/Middleware/EncryptCookies.php(75): Illuminate\\Pipeline\\Pipeline->{closure:{closure:Illuminate\\Pipeline\\Pipeline::carry():184}:185}()
#45 /home/yamojr/devyamo/SchoolofNursing/edusaas/vendor/laravel/framework/src/Illuminate/Pipeline/Pipeline.php(209): Illuminate\\Cookie\\Middleware\\EncryptCookies->handle()
#46 /home/yamojr/devyamo/SchoolofNursing/edusaas/vendor/laravel/framework/src/Illuminate/Pipeline/Pipeline.php(127): Illuminate\\Pipeline\\Pipeline->{closure:{closure:Illuminate\\Pipeline\\Pipeline::carry():184}:185}()
#47 /home/yamojr/devyamo/SchoolofNursing/edusaas/vendor/laravel/framework/src/Illuminate/Routing/Router.php(807): Illuminate\\Pipeline\\Pipeline->then()
#48 /home/yamojr/devyamo/SchoolofNursing/edusaas/vendor/laravel/framework/src/Illuminate/Routing/Router.php(786): Illuminate\\Routing\\Router->runRouteWithinStack()
#49 /home/yamojr/devyamo/SchoolofNursing/edusaas/vendor/laravel/framework/src/Illuminate/Routing/Router.php(750): Illuminate\\Routing\\Router->runRoute()
#50 /home/yamojr/devyamo/SchoolofNursing/edusaas/vendor/laravel/framework/src/Illuminate/Routing/Router.php(739): Illuminate\\Routing\\Router->dispatchToRoute()
#51 /home/yamojr/devyamo/SchoolofNursing/edusaas/vendor/laravel/framework/src/Illuminate/Foundation/Http/Kernel.php(201): Illuminate\\Routing\\Router->dispatch()
#52 /home/yamojr/devyamo/SchoolofNursing/edusaas/vendor/laravel/framework/src/Illuminate/Pipeline/Pipeline.php(170): Illuminate\\Foundation\\Http\\Kernel->{closure:Illuminate\\Foundation\\Http\\Kernel::dispatchToRouter():198}()
#53 /home/yamojr/devyamo/SchoolofNursing/edusaas/vendor/laravel/framework/src/Illuminate/Foundation/Http/Middleware/TransformsRequest.php(21): Illuminate\\Pipeline\\Pipeline->{closure:Illuminate\\Pipeline\\Pipeline::prepareDestination():168}()
#54 /home/yamojr/devyamo/SchoolofNursing/edusaas/vendor/laravel/framework/src/Illuminate/Foundation/Http/Middleware/ConvertEmptyStringsToNull.php(31): Illuminate\\Foundation\\Http\\Middleware\\TransformsRequest->handle()
#55 /home/yamojr/devyamo/SchoolofNursing/edusaas/vendor/laravel/framework/src/Illuminate/Pipeline/Pipeline.php(209): Illuminate\\Foundation\\Http\\Middleware\\ConvertEmptyStringsToNull->handle()
#56 /home/yamojr/devyamo/SchoolofNursing/edusaas/vendor/laravel/framework/src/Illuminate/Foundation/Http/Middleware/TransformsRequest.php(21): Illuminate\\Pipeline\\Pipeline->{closure:{closure:Illuminate\\Pipeline\\Pipeline::carry():184}:185}()
#57 /home/yamojr/devyamo/SchoolofNursing/edusaas/vendor/laravel/framework/src/Illuminate/Foundation/Http/Middleware/TrimStrings.php(51): Illuminate\\Foundation\\Http\\Middleware\\TransformsRequest->handle()
#58 /home/yamojr/devyamo/SchoolofNursing/edusaas/vendor/laravel/framework/src/Illuminate/Pipeline/Pipeline.php(209): Illuminate\\Foundation\\Http\\Middleware\\TrimStrings->handle()
#59 /home/yamojr/devyamo/SchoolofNursing/edusaas/vendor/laravel/framework/src/Illuminate/Http/Middleware/ValidatePostSize.php(27): Illuminate\\Pipeline\\Pipeline->{closure:{closure:Illuminate\\Pipeline\\Pipeline::carry():184}:185}()
#60 /home/yamojr/devyamo/SchoolofNursing/edusaas/vendor/laravel/framework/src/Illuminate/Pipeline/Pipeline.php(209): Illuminate\\Http\\Middleware\\ValidatePostSize->handle()
#61 /home/yamojr/devyamo/SchoolofNursing/edusaas/vendor/laravel/framework/src/Illuminate/Foundation/Http/Middleware/PreventRequestsDuringMaintenance.php(110): Illuminate\\Pipeline\\Pipeline->{closure:{closure:Illuminate\\Pipeline\\Pipeline::carry():184}:185}()
#62 /home/yamojr/devyamo/SchoolofNursing/edusaas/vendor/laravel/framework/src/Illuminate/Pipeline/Pipeline.php(209): Illuminate\\Foundation\\Http\\Middleware\\PreventRequestsDuringMaintenance->handle()
#63 /home/yamojr/devyamo/SchoolofNursing/edusaas/vendor/laravel/framework/src/Illuminate/Http/Middleware/HandleCors.php(49): Illuminate\\Pipeline\\Pipeline->{closure:{closure:Illuminate\\Pipeline\\Pipeline::carry():184}:185}()
#64 /home/yamojr/devyamo/SchoolofNursing/edusaas/vendor/laravel/framework/src/Illuminate/Pipeline/Pipeline.php(209): Illuminate\\Http\\Middleware\\HandleCors->handle()
#65 /home/yamojr/devyamo/SchoolofNursing/edusaas/vendor/laravel/framework/src/Illuminate/Http/Middleware/TrustProxies.php(58): Illuminate\\Pipeline\\Pipeline->{closure:{closure:Illuminate\\Pipeline\\Pipeline::carry():184}:185}()
#66 /home/yamojr/devyamo/SchoolofNursing/edusaas/vendor/laravel/framework/src/Illuminate/Pipeline/Pipeline.php(209): Illuminate\\Http\\Middleware\\TrustProxies->handle()
#67 /home/yamojr/devyamo/SchoolofNursing/edusaas/vendor/laravel/framework/src/Illuminate/Foundation/Http/Middleware/InvokeDeferredCallbacks.php(22): Illuminate\\Pipeline\\Pipeline->{closure:{closure:Illuminate\\Pipeline\\Pipeline::carry():184}:185}()
#68 /home/yamojr/devyamo/SchoolofNursing/edusaas/vendor/laravel/framework/src/Illuminate/Pipeline/Pipeline.php(209): Illuminate\\Foundation\\Http\\Middleware\\InvokeDeferredCallbacks->handle()
#69 /home/yamojr/devyamo/SchoolofNursing/edusaas/vendor/laravel/framework/src/Illuminate/Pipeline/Pipeline.php(127): Illuminate\\Pipeline\\Pipeline->{closure:{closure:Illuminate\\Pipeline\\Pipeline::carry():184}:185}()
#70 /home/yamojr/devyamo/SchoolofNursing/edusaas/vendor/laravel/framework/src/Illuminate/Foundation/Http/Kernel.php(176): Illuminate\\Pipeline\\Pipeline->then()
#71 /home/yamojr/devyamo/SchoolofNursing/edusaas/vendor/laravel/framework/src/Illuminate/Foundation/Http/Kernel.php(145): Illuminate\\Foundation\\Http\\Kernel->sendRequestThroughRouter()
#72 /home/yamojr/devyamo/SchoolofNursing/edusaas/vendor/laravel/framework/src/Illuminate/Foundation/Application.php(1220): Illuminate\\Foundation\\Http\\Kernel->handle()
#73 /home/yamojr/devyamo/SchoolofNursing/edusaas/public/index.php(19): Illuminate\\Foundation\\Application->handleRequest()
#74 /home/yamojr/devyamo/SchoolofNursing/edusaas/vendor/laravel/framework/src/Illuminate/Foundation/resources/server.php(23): require_once('...')
#75 {main}
"} 
[2026-05-20 10:37:14] local.ERROR: SQLSTATE[HY000]: General error: 1364 Field 'date_of_birth' doesn't have a default value (Connection: mysql, SQL: insert into `students` (`tenant_id`, `user_id`, `department_id`, `program_id`, `matriculation_number`, `phone_number`, `status`, `current_level`, `jamb_registration_number`, `updated_at`, `created_at`) values (1, 35, 1, 1, ACONS/26/0035, 08036894451, active, ND1, 2510283168AH, 2026-05-20 10:37:14, 2026-05-20 10:37:14)) {"userId":2,"exception":"[object] (Illuminate\\Database\\QueryException(code: HY000): SQLSTATE[HY000]: General error: 1364 Field 'date_of_birth' doesn't have a default value (Connection: mysql, SQL: insert into `students` (`tenant_id`, `user_id`, `department_id`, `program_id`, `matriculation_number`, `phone_number`, `status`, `current_level`, `jamb_registration_number`, `updated_at`, `created_at`) values (1, 35, 1, 1, ACONS/26/0035, 08036894451, active, ND1, 2510283168AH, 2026-05-20 10:37:14, 2026-05-20 10:37:14)) at /home/yamojr/devyamo/SchoolofNursing/edusaas/vendor/laravel/framework/src/Illuminate/Database/Connection.php:825)
[stacktrace]
#0 /home/yamojr/devyamo/SchoolofNursing/edusaas/vendor/laravel/framework/src/Illuminate/Database/Connection.php(779): Illuminate\\Database\\Connection->runQueryCallback()
#1 /home/yamojr/devyamo/SchoolofNursing/edusaas/vendor/laravel/framework/src/Illuminate/Database/MySqlConnection.php(42): Illuminate\\Database\\Connection->run()
#2 /home/yamojr/devyamo/SchoolofNursing/edusaas/vendor/laravel/framework/src/Illuminate/Database/Query/Processors/MySqlProcessor.php(35): Illuminate\\Database\\MySqlConnection->insert()
#3 /home/yamojr/devyamo/SchoolofNursing/edusaas/vendor/laravel/framework/src/Illuminate/Database/Query/Builder.php(3766): Illuminate\\Database\\Query\\Processors\\MySqlProcessor->processInsertGetId()
#4 /home/yamojr/devyamo/SchoolofNursing/edusaas/vendor/laravel/framework/src/Illuminate/Database/Eloquent/Builder.php(2120): Illuminate\\Database\\Query\\Builder->insertGetId()
#5 /home/yamojr/devyamo/SchoolofNursing/edusaas/vendor/laravel/framework/src/Illuminate/Database/Eloquent/Model.php(1359): Illuminate\\Database\\Eloquent\\Builder->__call()
#6 /home/yamojr/devyamo/SchoolofNursing/edusaas/vendor/laravel/framework/src/Illuminate/Database/Eloquent/Model.php(1324): Illuminate\\Database\\Eloquent\\Model->insertAndSetId()
#7 /home/yamojr/devyamo/SchoolofNursing/edusaas/vendor/laravel/framework/src/Illuminate/Database/Eloquent/Model.php(1163): Illuminate\\Database\\Eloquent\\Model->performInsert()
#8 /home/yamojr/devyamo/SchoolofNursing/edusaas/vendor/laravel/framework/src/Illuminate/Database/Eloquent/Builder.php(1128): Illuminate\\Database\\Eloquent\\Model->save()
#9 /home/yamojr/devyamo/SchoolofNursing/edusaas/vendor/laravel/framework/src/Illuminate/Support/helpers.php(399): Illuminate\\Database\\Eloquent\\Builder->{closure:Illuminate\\Database\\Eloquent\\Builder::create():1127}()
#10 /home/yamojr/devyamo/SchoolofNursing/edusaas/vendor/laravel/framework/src/Illuminate/Database/Eloquent/Builder.php(1127): tap()
#11 /home/yamojr/devyamo/SchoolofNursing/edusaas/vendor/laravel/framework/src/Illuminate/Support/Traits/ForwardsCalls.php(23): Illuminate\\Database\\Eloquent\\Builder->create()
#12 /home/yamojr/devyamo/SchoolofNursing/edusaas/vendor/laravel/framework/src/Illuminate/Database/Eloquent/Model.php(2372): Illuminate\\Database\\Eloquent\\Model->forwardCallTo()
#13 /home/yamojr/devyamo/SchoolofNursing/edusaas/vendor/laravel/framework/src/Illuminate/Database/Eloquent/Model.php(2384): Illuminate\\Database\\Eloquent\\Model->__call()
#14 /home/yamojr/devyamo/SchoolofNursing/edusaas/app/Http/Controllers/HOD/DashboardController.php(140): Illuminate\\Database\\Eloquent\\Model::__callStatic()
#15 /home/yamojr/devyamo/SchoolofNursing/edusaas/vendor/laravel/framework/src/Illuminate/Routing/Controller.php(54): App\\Http\\Controllers\\HOD\\DashboardController->clearanceApprove()
#16 /home/yamojr/devyamo/SchoolofNursing/edusaas/vendor/laravel/framework/src/Illuminate/Routing/ControllerDispatcher.php(44): Illuminate\\Routing\\Controller->callAction()
#17 /home/yamojr/devyamo/SchoolofNursing/edusaas/vendor/laravel/framework/src/Illuminate/Routing/Route.php(266): Illuminate\\Routing\\ControllerDispatcher->dispatch()
#18 /home/yamojr/devyamo/SchoolofNursing/edusaas/vendor/laravel/framework/src/Illuminate/Routing/Route.php(212): Illuminate\\Routing\\Route->runController()
#19 /home/yamojr/devyamo/SchoolofNursing/edusaas/vendor/laravel/framework/src/Illuminate/Routing/Router.php(808): Illuminate\\Routing\\Route->run()
#20 /home/yamojr/devyamo/SchoolofNursing/edusaas/vendor/laravel/framework/src/Illuminate/Pipeline/Pipeline.php(170): Illuminate\\Routing\\Router->{closure:Illuminate\\Routing\\Router::runRouteWithinStack():807}()
#21 /home/yamojr/devyamo/SchoolofNursing/edusaas/vendor/spatie/laravel-permission/src/Middleware/RoleMiddleware.php(37): Illuminate\\Pipeline\\Pipeline->{closure:Illuminate\\Pipeline\\Pipeline::prepareDestination():168}()
#22 /home/yamojr/devyamo/SchoolofNursing/edusaas/vendor/laravel/framework/src/Illuminate/Pipeline/Pipeline.php(209): Spatie\\Permission\\Middleware\\RoleMiddleware->handle()
#23 /home/yamojr/devyamo/SchoolofNursing/edusaas/app/Http/Middleware/EnsureTenantAccess.php(26): Illuminate\\Pipeline\\Pipeline->{closure:{closure:Illuminate\\Pipeline\\Pipeline::carry():184}:185}()
#24 /home/yamojr/devyamo/SchoolofNursing/edusaas/vendor/laravel/framework/src/Illuminate/Pipeline/Pipeline.php(209): App\\Http\\Middleware\\EnsureTenantAccess->handle()
#25 /home/yamojr/devyamo/SchoolofNursing/edusaas/app/Http/Middleware/IdentifyTenant.php(39): Illuminate\\Pipeline\\Pipeline->{closure:{closure:Illuminate\\Pipeline\\Pipeline::carry():184}:185}()
#26 /home/yamojr/devyamo/SchoolofNursing/edusaas/vendor/laravel/framework/src/Illuminate/Pipeline/Pipeline.php(209): App\\Http\\Middleware\\IdentifyTenant->handle()
#27 /home/yamojr/devyamo/SchoolofNursing/edusaas/vendor/inertiajs/inertia-laravel/src/Middleware.php(122): Illuminate\\Pipeline\\Pipeline->{closure:{closure:Illuminate\\Pipeline\\Pipeline::carry():184}:185}()
#28 /home/yamojr/devyamo/SchoolofNursing/edusaas/vendor/laravel/framework/src/Illuminate/Pipeline/Pipeline.php(209): Inertia\\Middleware->handle()
#29 /home/yamojr/devyamo/SchoolofNursing/edusaas/vendor/laravel/framework/src/Illuminate/Routing/Middleware/SubstituteBindings.php(51): Illuminate\\Pipeline\\Pipeline->{closure:{closure:Illuminate\\Pipeline\\Pipeline::carry():184}:185}()
#30 /home/yamojr/devyamo/SchoolofNursing/edusaas/vendor/laravel/framework/src/Illuminate/Pipeline/Pipeline.php(209): Illuminate\\Routing\\Middleware\\SubstituteBindings->handle()
#31 /home/yamojr/devyamo/SchoolofNursing/edusaas/vendor/laravel/framework/src/Illuminate/Auth/Middleware/Authenticate.php(64): Illuminate\\Pipeline\\Pipeline->{closure:{closure:Illuminate\\Pipeline\\Pipeline::carry():184}:185}()
#32 /home/yamojr/devyamo/SchoolofNursing/edusaas/vendor/laravel/framework/src/Illuminate/Pipeline/Pipeline.php(209): Illuminate\\Auth\\Middleware\\Authenticate->handle()
#33 /home/yamojr/devyamo/SchoolofNursing/edusaas/vendor/laravel/framework/src/Illuminate/Foundation/Http/Middleware/VerifyCsrfToken.php(88): Illuminate\\Pipeline\\Pipeline->{closure:{closure:Illuminate\\Pipeline\\Pipeline::carry():184}:185}()
#34 /home/yamojr/devyamo/SchoolofNursing/edusaas/vendor/laravel/framework/src/Illuminate/Pipeline/Pipeline.php(209): Illuminate\\Foundation\\Http\\Middleware\\VerifyCsrfToken->handle()
#35 /home/yamojr/devyamo/SchoolofNursing/edusaas/vendor/laravel/framework/src/Illuminate/View/Middleware/ShareErrorsFromSession.php(49): Illuminate\\Pipeline\\Pipeline->{closure:{closure:Illuminate\\Pipeline\\Pipeline::carry():184}:185}()
#36 /home/yamojr/devyamo/SchoolofNursing/edusaas/vendor/laravel/framework/src/Illuminate/Pipeline/Pipeline.php(209): Illuminate\\View\\Middleware\\ShareErrorsFromSession->handle()
#37 /home/yamojr/devyamo/SchoolofNursing/edusaas/vendor/laravel/framework/src/Illuminate/Session/Middleware/StartSession.php(121): Illuminate\\Pipeline\\Pipeline->{closure:{closure:Illuminate\\Pipeline\\Pipeline::carry():184}:185}()
#38 /home/yamojr/devyamo/SchoolofNursing/edusaas/vendor/laravel/framework/src/Illuminate/Session/Middleware/StartSession.php(64): Illuminate\\Session\\Middleware\\StartSession->handleStatefulRequest()
#39 /home/yamojr/devyamo/SchoolofNursing/edusaas/vendor/laravel/framework/src/Illuminate/Pipeline/Pipeline.php(209): Illuminate\\Session\\Middleware\\StartSession->handle()
#40 /home/yamojr/devyamo/SchoolofNursing/edusaas/vendor/laravel/framework/src/Illuminate/Cookie/Middleware/AddQueuedCookiesToResponse.php(37): Illuminate\\Pipeline\\Pipeline->{closure:{closure:Illuminate\\Pipeline\\Pipeline::carry():184}:185}()
#41 /home/yamojr/devyamo/SchoolofNursing/edusaas/vendor/laravel/framework/src/Illuminate/Pipeline/Pipeline.php(209): Illuminate\\Cookie\\Middleware\\AddQueuedCookiesToResponse->handle()
#42 /home/yamojr/devyamo/SchoolofNursing/edusaas/vendor/laravel/framework/src/Illuminate/Cookie/Middleware/EncryptCookies.php(75): Illuminate\\Pipeline\\Pipeline->{closure:{closure:Illuminate\\Pipeline\\Pipeline::carry():184}:185}()
#43 /home/yamojr/devyamo/SchoolofNursing/edusaas/vendor/laravel/framework/src/Illuminate/Pipeline/Pipeline.php(209): Illuminate\\Cookie\\Middleware\\EncryptCookies->handle()
#44 /home/yamojr/devyamo/SchoolofNursing/edusaas/vendor/laravel/framework/src/Illuminate/Pipeline/Pipeline.php(127): Illuminate\\Pipeline\\Pipeline->{closure:{closure:Illuminate\\Pipeline\\Pipeline::carry():184}:185}()
#45 /home/yamojr/devyamo/SchoolofNursing/edusaas/vendor/laravel/framework/src/Illuminate/Routing/Router.php(807): Illuminate\\Pipeline\\Pipeline->then()
#46 /home/yamojr/devyamo/SchoolofNursing/edusaas/vendor/laravel/framework/src/Illuminate/Routing/Router.php(786): Illuminate\\Routing\\Router->runRouteWithinStack()
#47 /home/yamojr/devyamo/SchoolofNursing/edusaas/vendor/laravel/framework/src/Illuminate/Routing/Router.php(750): Illuminate\\Routing\\Router->runRoute()
#48 /home/yamojr/devyamo/SchoolofNursing/edusaas/vendor/laravel/framework/src/Illuminate/Routing/Router.php(739): Illuminate\\Routing\\Router->dispatchToRoute()
#49 /home/yamojr/devyamo/SchoolofNursing/edusaas/vendor/laravel/framework/src/Illuminate/Foundation/Http/Kernel.php(201): Illuminate\\Routing\\Router->dispatch()
#50 /home/yamojr/devyamo/SchoolofNursing/edusaas/vendor/laravel/framework/src/Illuminate/Pipeline/Pipeline.php(170): Illuminate\\Foundation\\Http\\Kernel->{closure:Illuminate\\Foundation\\Http\\Kernel::dispatchToRouter():198}()
#51 /home/yamojr/devyamo/SchoolofNursing/edusaas/vendor/laravel/framework/src/Illuminate/Foundation/Http/Middleware/TransformsRequest.php(21): Illuminate\\Pipeline\\Pipeline->{closure:Illuminate\\Pipeline\\Pipeline::prepareDestination():168}()
#52 /home/yamojr/devyamo/SchoolofNursing/edusaas/vendor/laravel/framework/src/Illuminate/Foundation/Http/Middleware/ConvertEmptyStringsToNull.php(31): Illuminate\\Foundation\\Http\\Middleware\\TransformsRequest->handle()
#53 /home/yamojr/devyamo/SchoolofNursing/edusaas/vendor/laravel/framework/src/Illuminate/Pipeline/Pipeline.php(209): Illuminate\\Foundation\\Http\\Middleware\\ConvertEmptyStringsToNull->handle()
#54 /home/yamojr/devyamo/SchoolofNursing/edusaas/vendor/laravel/framework/src/Illuminate/Foundation/Http/Middleware/TransformsRequest.php(21): Illuminate\\Pipeline\\Pipeline->{closure:{closure:Illuminate\\Pipeline\\Pipeline::carry():184}:185}()
#55 /home/yamojr/devyamo/SchoolofNursing/edusaas/vendor/laravel/framework/src/Illuminate/Foundation/Http/Middleware/TrimStrings.php(51): Illuminate\\Foundation\\Http\\Middleware\\TransformsRequest->handle()
#56 /home/yamojr/devyamo/SchoolofNursing/edusaas/vendor/laravel/framework/src/Illuminate/Pipeline/Pipeline.php(209): Illuminate\\Foundation\\Http\\Middleware\\TrimStrings->handle()
#57 /home/yamojr/devyamo/SchoolofNursing/edusaas/vendor/laravel/framework/src/Illuminate/Http/Middleware/ValidatePostSize.php(27): Illuminate\\Pipeline\\Pipeline->{closure:{closure:Illuminate\\Pipeline\\Pipeline::carry():184}:185}()
#58 /home/yamojr/devyamo/SchoolofNursing/edusaas/vendor/laravel/framework/src/Illuminate/Pipeline/Pipeline.php(209): Illuminate\\Http\\Middleware\\ValidatePostSize->handle()
#59 /home/yamojr/devyamo/SchoolofNursing/edusaas/vendor/laravel/framework/src/Illuminate/Foundation/Http/Middleware/PreventRequestsDuringMaintenance.php(110): Illuminate\\Pipeline\\Pipeline->{closure:{closure:Illuminate\\Pipeline\\Pipeline::carry():184}:185}()
#60 /home/yamojr/devyamo/SchoolofNursing/edusaas/vendor/laravel/framework/src/Illuminate/Pipeline/Pipeline.php(209): Illuminate\\Foundation\\Http\\Middleware\\PreventRequestsDuringMaintenance->handle()
#61 /home/yamojr/devyamo/SchoolofNursing/edusaas/vendor/laravel/framework/src/Illuminate/Http/Middleware/HandleCors.php(49): Illuminate\\Pipeline\\Pipeline->{closure:{closure:Illuminate\\Pipeline\\Pipeline::carry():184}:185}()
#62 /home/yamojr/devyamo/SchoolofNursing/edusaas/vendor/laravel/framework/src/Illuminate/Pipeline/Pipeline.php(209): Illuminate\\Http\\Middleware\\HandleCors->handle()
#63 /home/yamojr/devyamo/SchoolofNursing/edusaas/vendor/laravel/framework/src/Illuminate/Http/Middleware/TrustProxies.php(58): Illuminate\\Pipeline\\Pipeline->{closure:{closure:Illuminate\\Pipeline\\Pipeline::carry():184}:185}()
#64 /home/yamojr/devyamo/SchoolofNursing/edusaas/vendor/laravel/framework/src/Illuminate/Pipeline/Pipeline.php(209): Illuminate\\Http\\Middleware\\TrustProxies->handle()
#65 /home/yamojr/devyamo/SchoolofNursing/edusaas/vendor/laravel/framework/src/Illuminate/Foundation/Http/Middleware/InvokeDeferredCallbacks.php(22): Illuminate\\Pipeline\\Pipeline->{closure:{closure:Illuminate\\Pipeline\\Pipeline::carry():184}:185}()
#66 /home/yamojr/devyamo/SchoolofNursing/edusaas/vendor/laravel/framework/src/Illuminate/Pipeline/Pipeline.php(209): Illuminate\\Foundation\\Http\\Middleware\\InvokeDeferredCallbacks->handle()
#67 /home/yamojr/devyamo/SchoolofNursing/edusaas/vendor/laravel/framework/src/Illuminate/Pipeline/Pipeline.php(127): Illuminate\\Pipeline\\Pipeline->{closure:{closure:Illuminate\\Pipeline\\Pipeline::carry():184}:185}()
#68 /home/yamojr/devyamo/SchoolofNursing/edusaas/vendor/laravel/framework/src/Illuminate/Foundation/Http/Kernel.php(176): Illuminate\\Pipeline\\Pipeline->then()
#69 /home/yamojr/devyamo/SchoolofNursing/edusaas/vendor/laravel/framework/src/Illuminate/Foundation/Http/Kernel.php(145): Illuminate\\Foundation\\Http\\Kernel->sendRequestThroughRouter()
#70 /home/yamojr/devyamo/SchoolofNursing/edusaas/vendor/laravel/framework/src/Illuminate/Foundation/Application.php(1220): Illuminate\\Foundation\\Http\\Kernel->handle()
#71 /home/yamojr/devyamo/SchoolofNursing/edusaas/public/index.php(19): Illuminate\\Foundation\\Application->handleRequest()
#72 /home/yamojr/devyamo/SchoolofNursing/edusaas/vendor/laravel/framework/src/Illuminate/Foundation/resources/server.php(23): require_once('...')
#73 {main}

[previous exception] [object] (PDOException(code: HY000): SQLSTATE[HY000]: General error: 1364 Field 'date_of_birth' doesn't have a default value at /home/yamojr/devyamo/SchoolofNursing/edusaas/vendor/laravel/framework/src/Illuminate/Database/MySqlConnection.php:53)
[stacktrace]
#0 /home/yamojr/devyamo/SchoolofNursing/edusaas/vendor/laravel/framework/src/Illuminate/Database/MySqlConnection.php(53): PDOStatement->execute()
#1 /home/yamojr/devyamo/SchoolofNursing/edusaas/vendor/laravel/framework/src/Illuminate/Database/Connection.php(812): Illuminate\\Database\\MySqlConnection->{closure:Illuminate\\Database\\MySqlConnection::insert():42}()
#2 /home/yamojr/devyamo/SchoolofNursing/edusaas/vendor/laravel/framework/src/Illuminate/Database/Connection.php(779): Illuminate\\Database\\Connection->runQueryCallback()
#3 /home/yamojr/devyamo/SchoolofNursing/edusaas/vendor/laravel/framework/src/Illuminate/Database/MySqlConnection.php(42): Illuminate\\Database\\Connection->run()
#4 /home/yamojr/devyamo/SchoolofNursing/edusaas/vendor/laravel/framework/src/Illuminate/Database/Query/Processors/MySqlProcessor.php(35): Illuminate\\Database\\MySqlConnection->insert()
#5 /home/yamojr/devyamo/SchoolofNursing/edusaas/vendor/laravel/framework/src/Illuminate/Database/Query/Builder.php(3766): Illuminate\\Database\\Query\\Processors\\MySqlProcessor->processInsertGetId()
#6 /home/yamojr/devyamo/SchoolofNursing/edusaas/vendor/laravel/framework/src/Illuminate/Database/Eloquent/Builder.php(2120): Illuminate\\Database\\Query\\Builder->insertGetId()
#7 /home/yamojr/devyamo/SchoolofNursing/edusaas/vendor/laravel/framework/src/Illuminate/Database/Eloquent/Model.php(1359): Illuminate\\Database\\Eloquent\\Builder->__call()
#8 /home/yamojr/devyamo/SchoolofNursing/edusaas/vendor/laravel/framework/src/Illuminate/Database/Eloquent/Model.php(1324): Illuminate\\Database\\Eloquent\\Model->insertAndSetId()
#9 /home/yamojr/devyamo/SchoolofNursing/edusaas/vendor/laravel/framework/src/Illuminate/Database/Eloquent/Model.php(1163): Illuminate\\Database\\Eloquent\\Model->performInsert()
#10 /home/yamojr/devyamo/SchoolofNursing/edusaas/vendor/laravel/framework/src/Illuminate/Database/Eloquent/Builder.php(1128): Illuminate\\Database\\Eloquent\\Model->save()
#11 /home/yamojr/devyamo/SchoolofNursing/edusaas/vendor/laravel/framework/src/Illuminate/Support/helpers.php(399): Illuminate\\Database\\Eloquent\\Builder->{closure:Illuminate\\Database\\Eloquent\\Builder::create():1127}()
#12 /home/yamojr/devyamo/SchoolofNursing/edusaas/vendor/laravel/framework/src/Illuminate/Database/Eloquent/Builder.php(1127): tap()
#13 /home/yamojr/devyamo/SchoolofNursing/edusaas/vendor/laravel/framework/src/Illuminate/Support/Traits/ForwardsCalls.php(23): Illuminate\\Database\\Eloquent\\Builder->create()
#14 /home/yamojr/devyamo/SchoolofNursing/edusaas/vendor/laravel/framework/src/Illuminate/Database/Eloquent/Model.php(2372): Illuminate\\Database\\Eloquent\\Model->forwardCallTo()
#15 /home/yamojr/devyamo/SchoolofNursing/edusaas/vendor/laravel/framework/src/Illuminate/Database/Eloquent/Model.php(2384): Illuminate\\Database\\Eloquent\\Model->__call()
#16 /home/yamojr/devyamo/SchoolofNursing/edusaas/app/Http/Controllers/HOD/DashboardController.php(140): Illuminate\\Database\\Eloquent\\Model::__callStatic()
#17 /home/yamojr/devyamo/SchoolofNursing/edusaas/vendor/laravel/framework/src/Illuminate/Routing/Controller.php(54): App\\Http\\Controllers\\HOD\\DashboardController->clearanceApprove()
#18 /home/yamojr/devyamo/SchoolofNursing/edusaas/vendor/laravel/framework/src/Illuminate/Routing/ControllerDispatcher.php(44): Illuminate\\Routing\\Controller->callAction()
#19 /home/yamojr/devyamo/SchoolofNursing/edusaas/vendor/laravel/framework/src/Illuminate/Routing/Route.php(266): Illuminate\\Routing\\ControllerDispatcher->dispatch()
#20 /home/yamojr/devyamo/SchoolofNursing/edusaas/vendor/laravel/framework/src/Illuminate/Routing/Route.php(212): Illuminate\\Routing\\Route->runController()
#21 /home/yamojr/devyamo/SchoolofNursing/edusaas/vendor/laravel/framework/src/Illuminate/Routing/Router.php(808): Illuminate\\Routing\\Route->run()
#22 /home/yamojr/devyamo/SchoolofNursing/edusaas/vendor/laravel/framework/src/Illuminate/Pipeline/Pipeline.php(170): Illuminate\\Routing\\Router->{closure:Illuminate\\Routing\\Router::runRouteWithinStack():807}()
#23 /home/yamojr/devyamo/SchoolofNursing/edusaas/vendor/spatie/laravel-permission/src/Middleware/RoleMiddleware.php(37): Illuminate\\Pipeline\\Pipeline->{closure:Illuminate\\Pipeline\\Pipeline::prepareDestination():168}()
#24 /home/yamojr/devyamo/SchoolofNursing/edusaas/vendor/laravel/framework/src/Illuminate/Pipeline/Pipeline.php(209): Spatie\\Permission\\Middleware\\RoleMiddleware->handle()
#25 /home/yamojr/devyamo/SchoolofNursing/edusaas/app/Http/Middleware/EnsureTenantAccess.php(26): Illuminate\\Pipeline\\Pipeline->{closure:{closure:Illuminate\\Pipeline\\Pipeline::carry():184}:185}()
#26 /home/yamojr/devyamo/SchoolofNursing/edusaas/vendor/laravel/framework/src/Illuminate/Pipeline/Pipeline.php(209): App\\Http\\Middleware\\EnsureTenantAccess->handle()
#27 /home/yamojr/devyamo/SchoolofNursing/edusaas/app/Http/Middleware/IdentifyTenant.php(39): Illuminate\\Pipeline\\Pipeline->{closure:{closure:Illuminate\\Pipeline\\Pipeline::carry():184}:185}()
#28 /home/yamojr/devyamo/SchoolofNursing/edusaas/vendor/laravel/framework/src/Illuminate/Pipeline/Pipeline.php(209): App\\Http\\Middleware\\IdentifyTenant->handle()
#29 /home/yamojr/devyamo/SchoolofNursing/edusaas/vendor/inertiajs/inertia-laravel/src/Middleware.php(122): Illuminate\\Pipeline\\Pipeline->{closure:{closure:Illuminate\\Pipeline\\Pipeline::carry():184}:185}()
#30 /home/yamojr/devyamo/SchoolofNursing/edusaas/vendor/laravel/framework/src/Illuminate/Pipeline/Pipeline.php(209): Inertia\\Middleware->handle()
#31 /home/yamojr/devyamo/SchoolofNursing/edusaas/vendor/laravel/framework/src/Illuminate/Routing/Middleware/SubstituteBindings.php(51): Illuminate\\Pipeline\\Pipeline->{closure:{closure:Illuminate\\Pipeline\\Pipeline::carry():184}:185}()
#32 /home/yamojr/devyamo/SchoolofNursing/edusaas/vendor/laravel/framework/src/Illuminate/Pipeline/Pipeline.php(209): Illuminate\\Routing\\Middleware\\SubstituteBindings->handle()
#33 /home/yamojr/devyamo/SchoolofNursing/edusaas/vendor/laravel/framework/src/Illuminate/Auth/Middleware/Authenticate.php(64): Illuminate\\Pipeline\\Pipeline->{closure:{closure:Illuminate\\Pipeline\\Pipeline::carry():184}:185}()
#34 /home/yamojr/devyamo/SchoolofNursing/edusaas/vendor/laravel/framework/src/Illuminate/Pipeline/Pipeline.php(209): Illuminate\\Auth\\Middleware\\Authenticate->handle()
#35 /home/yamojr/devyamo/SchoolofNursing/edusaas/vendor/laravel/framework/src/Illuminate/Foundation/Http/Middleware/VerifyCsrfToken.php(88): Illuminate\\Pipeline\\Pipeline->{closure:{closure:Illuminate\\Pipeline\\Pipeline::carry():184}:185}()
#36 /home/yamojr/devyamo/SchoolofNursing/edusaas/vendor/laravel/framework/src/Illuminate/Pipeline/Pipeline.php(209): Illuminate\\Foundation\\Http\\Middleware\\VerifyCsrfToken->handle()
#37 /home/yamojr/devyamo/SchoolofNursing/edusaas/vendor/laravel/framework/src/Illuminate/View/Middleware/ShareErrorsFromSession.php(49): Illuminate\\Pipeline\\Pipeline->{closure:{closure:Illuminate\\Pipeline\\Pipeline::carry():184}:185}()
#38 /home/yamojr/devyamo/SchoolofNursing/edusaas/vendor/laravel/framework/src/Illuminate/Pipeline/Pipeline.php(209): Illuminate\\View\\Middleware\\ShareErrorsFromSession->handle()
#39 /home/yamojr/devyamo/SchoolofNursing/edusaas/vendor/laravel/framework/src/Illuminate/Session/Middleware/StartSession.php(121): Illuminate\\Pipeline\\Pipeline->{closure:{closure:Illuminate\\Pipeline\\Pipeline::carry():184}:185}()
#40 /home/yamojr/devyamo/SchoolofNursing/edusaas/vendor/laravel/framework/src/Illuminate/Session/Middleware/StartSession.php(64): Illuminate\\Session\\Middleware\\StartSession->handleStatefulRequest()
#41 /home/yamojr/devyamo/SchoolofNursing/edusaas/vendor/laravel/framework/src/Illuminate/Pipeline/Pipeline.php(209): Illuminate\\Session\\Middleware\\StartSession->handle()
#42 /home/yamojr/devyamo/SchoolofNursing/edusaas/vendor/laravel/framework/src/Illuminate/Cookie/Middleware/AddQueuedCookiesToResponse.php(37): Illuminate\\Pipeline\\Pipeline->{closure:{closure:Illuminate\\Pipeline\\Pipeline::carry():184}:185}()
#43 /home/yamojr/devyamo/SchoolofNursing/edusaas/vendor/laravel/framework/src/Illuminate/Pipeline/Pipeline.php(209): Illuminate\\Cookie\\Middleware\\AddQueuedCookiesToResponse->handle()
#44 /home/yamojr/devyamo/SchoolofNursing/edusaas/vendor/laravel/framework/src/Illuminate/Cookie/Middleware/EncryptCookies.php(75): Illuminate\\Pipeline\\Pipeline->{closure:{closure:Illuminate\\Pipeline\\Pipeline::carry():184}:185}()
#45 /home/yamojr/devyamo/SchoolofNursing/edusaas/vendor/laravel/framework/src/Illuminate/Pipeline/Pipeline.php(209): Illuminate\\Cookie\\Middleware\\EncryptCookies->handle()
#46 /home/yamojr/devyamo/SchoolofNursing/edusaas/vendor/laravel/framework/src/Illuminate/Pipeline/Pipeline.php(127): Illuminate\\Pipeline\\Pipeline->{closure:{closure:Illuminate\\Pipeline\\Pipeline::carry():184}:185}()
#47 /home/yamojr/devyamo/SchoolofNursing/edusaas/vendor/laravel/framework/src/Illuminate/Routing/Router.php(807): Illuminate\\Pipeline\\Pipeline->then()
#48 /home/yamojr/devyamo/SchoolofNursing/edusaas/vendor/laravel/framework/src/Illuminate/Routing/Router.php(786): Illuminate\\Routing\\Router->runRouteWithinStack()
#49 /home/yamojr/devyamo/SchoolofNursing/edusaas/vendor/laravel/framework/src/Illuminate/Routing/Router.php(750): Illuminate\\Routing\\Router->runRoute()
#50 /home/yamojr/devyamo/SchoolofNursing/edusaas/vendor/laravel/framework/src/Illuminate/Routing/Router.php(739): Illuminate\\Routing\\Router->dispatchToRoute()
#51 /home/yamojr/devyamo/SchoolofNursing/edusaas/vendor/laravel/framework/src/Illuminate/Foundation/Http/Kernel.php(201): Illuminate\\Routing\\Router->dispatch()
#52 /home/yamojr/devyamo/SchoolofNursing/edusaas/vendor/laravel/framework/src/Illuminate/Pipeline/Pipeline.php(170): Illuminate\\Foundation\\Http\\Kernel->{closure:Illuminate\\Foundation\\Http\\Kernel::dispatchToRouter():198}()
#53 /home/yamojr/devyamo/SchoolofNursing/edusaas/vendor/laravel/framework/src/Illuminate/Foundation/Http/Middleware/TransformsRequest.php(21): Illuminate\\Pipeline\\Pipeline->{closure:Illuminate\\Pipeline\\Pipeline::prepareDestination():168}()
#54 /home/yamojr/devyamo/SchoolofNursing/edusaas/vendor/laravel/framework/src/Illuminate/Foundation/Http/Middleware/ConvertEmptyStringsToNull.php(31): Illuminate\\Foundation\\Http\\Middleware\\TransformsRequest->handle()
#55 /home/yamojr/devyamo/SchoolofNursing/edusaas/vendor/laravel/framework/src/Illuminate/Pipeline/Pipeline.php(209): Illuminate\\Foundation\\Http\\Middleware\\ConvertEmptyStringsToNull->handle()
#56 /home/yamojr/devyamo/SchoolofNursing/edusaas/vendor/laravel/framework/src/Illuminate/Foundation/Http/Middleware/TransformsRequest.php(21): Illuminate\\Pipeline\\Pipeline->{closure:{closure:Illuminate\\Pipeline\\Pipeline::carry():184}:185}()
#57 /home/yamojr/devyamo/SchoolofNursing/edusaas/vendor/laravel/framework/src/Illuminate/Foundation/Http/Middleware/TrimStrings.php(51): Illuminate\\Foundation\\Http\\Middleware\\TransformsRequest->handle()
#58 /home/yamojr/devyamo/SchoolofNursing/edusaas/vendor/laravel/framework/src/Illuminate/Pipeline/Pipeline.php(209): Illuminate\\Foundation\\Http\\Middleware\\TrimStrings->handle()
#59 /home/yamojr/devyamo/SchoolofNursing/edusaas/vendor/laravel/framework/src/Illuminate/Http/Middleware/ValidatePostSize.php(27): Illuminate\\Pipeline\\Pipeline->{closure:{closure:Illuminate\\Pipeline\\Pipeline::carry():184}:185}()
#60 /home/yamojr/devyamo/SchoolofNursing/edusaas/vendor/laravel/framework/src/Illuminate/Pipeline/Pipeline.php(209): Illuminate\\Http\\Middleware\\ValidatePostSize->handle()
#61 /home/yamojr/devyamo/SchoolofNursing/edusaas/vendor/laravel/framework/src/Illuminate/Foundation/Http/Middleware/PreventRequestsDuringMaintenance.php(110): Illuminate\\Pipeline\\Pipeline->{closure:{closure:Illuminate\\Pipeline\\Pipeline::carry():184}:185}()
#62 /home/yamojr/devyamo/SchoolofNursing/edusaas/vendor/laravel/framework/src/Illuminate/Pipeline/Pipeline.php(209): Illuminate\\Foundation\\Http\\Middleware\\PreventRequestsDuringMaintenance->handle()
#63 /home/yamojr/devyamo/SchoolofNursing/edusaas/vendor/laravel/framework/src/Illuminate/Http/Middleware/HandleCors.php(49): Illuminate\\Pipeline\\Pipeline->{closure:{closure:Illuminate\\Pipeline\\Pipeline::carry():184}:185}()
#64 /home/yamojr/devyamo/SchoolofNursing/edusaas/vendor/laravel/framework/src/Illuminate/Pipeline/Pipeline.php(209): Illuminate\\Http\\Middleware\\HandleCors->handle()
#65 /home/yamojr/devyamo/SchoolofNursing/edusaas/vendor/laravel/framework/src/Illuminate/Http/Middleware/TrustProxies.php(58): Illuminate\\Pipeline\\Pipeline->{closure:{closure:Illuminate\\Pipeline\\Pipeline::carry():184}:185}()
#66 /home/yamojr/devyamo/SchoolofNursing/edusaas/vendor/laravel/framework/src/Illuminate/Pipeline/Pipeline.php(209): Illuminate\\Http\\Middleware\\TrustProxies->handle()
#67 /home/yamojr/devyamo/SchoolofNursing/edusaas/vendor/laravel/framework/src/Illuminate/Foundation/Http/Middleware/InvokeDeferredCallbacks.php(22): Illuminate\\Pipeline\\Pipeline->{closure:{closure:Illuminate\\Pipeline\\Pipeline::carry():184}:185}()
#68 /home/yamojr/devyamo/SchoolofNursing/edusaas/vendor/laravel/framework/src/Illuminate/Pipeline/Pipeline.php(209): Illuminate\\Foundation\\Http\\Middleware\\InvokeDeferredCallbacks->handle()
#69 /home/yamojr/devyamo/SchoolofNursing/edusaas/vendor/laravel/framework/src/Illuminate/Pipeline/Pipeline.php(127): Illuminate\\Pipeline\\Pipeline->{closure:{closure:Illuminate\\Pipeline\\Pipeline::carry():184}:185}()
#70 /home/yamojr/devyamo/SchoolofNursing/edusaas/vendor/laravel/framework/src/Illuminate/Foundation/Http/Kernel.php(176): Illuminate\\Pipeline\\Pipeline->then()
#71 /home/yamojr/devyamo/SchoolofNursing/edusaas/vendor/laravel/framework/src/Illuminate/Foundation/Http/Kernel.php(145): Illuminate\\Foundation\\Http\\Kernel->sendRequestThroughRouter()
#72 /home/yamojr/devyamo/SchoolofNursing/edusaas/vendor/laravel/framework/src/Illuminate/Foundation/Application.php(1220): Illuminate\\Foundation\\Http\\Kernel->handle()
#73 /home/yamojr/devyamo/SchoolofNursing/edusaas/public/index.php(19): Illuminate\\Foundation\\Application->handleRequest()
#74 /home/yamojr/devyamo/SchoolofNursing/edusaas/vendor/laravel/framework/src/Illuminate/Foundation/resources/server.php(23): require_once('...')
#75 {main}
"} 
[2026-05-20 10:38:45] local.ERROR: SQLSTATE[HY000]: General error: 1364 Field 'date_of_birth' doesn't have a default value (Connection: mysql, SQL: insert into `students` (`tenant_id`, `user_id`, `department_id`, `program_id`, `matriculation_number`, `phone_number`, `status`, `current_level`, `jamb_registration_number`, `updated_at`, `created_at`) values (1, 35, 1, 1, ACONS/26/0035, 08036894451, active, ND1, 2510283168AH, 2026-05-20 10:38:45, 2026-05-20 10:38:45)) {"userId":2,"exception":"[object] (Illuminate\\Database\\QueryException(code: HY000): SQLSTATE[HY000]: General error: 1364 Field 'date_of_birth' doesn't have a default value (Connection: mysql, SQL: insert into `students` (`tenant_id`, `user_id`, `department_id`, `program_id`, `matriculation_number`, `phone_number`, `status`, `current_level`, `jamb_registration_number`, `updated_at`, `created_at`) values (1, 35, 1, 1, ACONS/26/0035, 08036894451, active, ND1, 2510283168AH, 2026-05-20 10:38:45, 2026-05-20 10:38:45)) at /home/yamojr/devyamo/SchoolofNursing/edusaas/vendor/laravel/framework/src/Illuminate/Database/Connection.php:825)
[stacktrace]
#0 /home/yamojr/devyamo/SchoolofNursing/edusaas/vendor/laravel/framework/src/Illuminate/Database/Connection.php(779): Illuminate\\Database\\Connection->runQueryCallback()
#1 /home/yamojr/devyamo/SchoolofNursing/edusaas/vendor/laravel/framework/src/Illuminate/Database/MySqlConnection.php(42): Illuminate\\Database\\Connection->run()
#2 /home/yamojr/devyamo/SchoolofNursing/edusaas/vendor/laravel/framework/src/Illuminate/Database/Query/Processors/MySqlProcessor.php(35): Illuminate\\Database\\MySqlConnection->insert()
#3 /home/yamojr/devyamo/SchoolofNursing/edusaas/vendor/laravel/framework/src/Illuminate/Database/Query/Builder.php(3766): Illuminate\\Database\\Query\\Processors\\MySqlProcessor->processInsertGetId()
#4 /home/yamojr/devyamo/SchoolofNursing/edusaas/vendor/laravel/framework/src/Illuminate/Database/Eloquent/Builder.php(2120): Illuminate\\Database\\Query\\Builder->insertGetId()
#5 /home/yamojr/devyamo/SchoolofNursing/edusaas/vendor/laravel/framework/src/Illuminate/Database/Eloquent/Model.php(1359): Illuminate\\Database\\Eloquent\\Builder->__call()
#6 /home/yamojr/devyamo/SchoolofNursing/edusaas/vendor/laravel/framework/src/Illuminate/Database/Eloquent/Model.php(1324): Illuminate\\Database\\Eloquent\\Model->insertAndSetId()
#7 /home/yamojr/devyamo/SchoolofNursing/edusaas/vendor/laravel/framework/src/Illuminate/Database/Eloquent/Model.php(1163): Illuminate\\Database\\Eloquent\\Model->performInsert()
#8 /home/yamojr/devyamo/SchoolofNursing/edusaas/vendor/laravel/framework/src/Illuminate/Database/Eloquent/Builder.php(1128): Illuminate\\Database\\Eloquent\\Model->save()
#9 /home/yamojr/devyamo/SchoolofNursing/edusaas/vendor/laravel/framework/src/Illuminate/Support/helpers.php(399): Illuminate\\Database\\Eloquent\\Builder->{closure:Illuminate\\Database\\Eloquent\\Builder::create():1127}()
#10 /home/yamojr/devyamo/SchoolofNursing/edusaas/vendor/laravel/framework/src/Illuminate/Database/Eloquent/Builder.php(1127): tap()
#11 /home/yamojr/devyamo/SchoolofNursing/edusaas/vendor/laravel/framework/src/Illuminate/Support/Traits/ForwardsCalls.php(23): Illuminate\\Database\\Eloquent\\Builder->create()
#12 /home/yamojr/devyamo/SchoolofNursing/edusaas/vendor/laravel/framework/src/Illuminate/Database/Eloquent/Model.php(2372): Illuminate\\Database\\Eloquent\\Model->forwardCallTo()
#13 /home/yamojr/devyamo/SchoolofNursing/edusaas/vendor/laravel/framework/src/Illuminate/Database/Eloquent/Model.php(2384): Illuminate\\Database\\Eloquent\\Model->__call()
#14 /home/yamojr/devyamo/SchoolofNursing/edusaas/app/Http/Controllers/HOD/DashboardController.php(140): Illuminate\\Database\\Eloquent\\Model::__callStatic()
#15 /home/yamojr/devyamo/SchoolofNursing/edusaas/vendor/laravel/framework/src/Illuminate/Routing/Controller.php(54): App\\Http\\Controllers\\HOD\\DashboardController->clearanceApprove()
#16 /home/yamojr/devyamo/SchoolofNursing/edusaas/vendor/laravel/framework/src/Illuminate/Routing/ControllerDispatcher.php(44): Illuminate\\Routing\\Controller->callAction()
#17 /home/yamojr/devyamo/SchoolofNursing/edusaas/vendor/laravel/framework/src/Illuminate/Routing/Route.php(266): Illuminate\\Routing\\ControllerDispatcher->dispatch()
#18 /home/yamojr/devyamo/SchoolofNursing/edusaas/vendor/laravel/framework/src/Illuminate/Routing/Route.php(212): Illuminate\\Routing\\Route->runController()
#19 /home/yamojr/devyamo/SchoolofNursing/edusaas/vendor/laravel/framework/src/Illuminate/Routing/Router.php(808): Illuminate\\Routing\\Route->run()
#20 /home/yamojr/devyamo/SchoolofNursing/edusaas/vendor/laravel/framework/src/Illuminate/Pipeline/Pipeline.php(170): Illuminate\\Routing\\Router->{closure:Illuminate\\Routing\\Router::runRouteWithinStack():807}()
#21 /home/yamojr/devyamo/SchoolofNursing/edusaas/vendor/spatie/laravel-permission/src/Middleware/RoleMiddleware.php(37): Illuminate\\Pipeline\\Pipeline->{closure:Illuminate\\Pipeline\\Pipeline::prepareDestination():168}()
#22 /home/yamojr/devyamo/SchoolofNursing/edusaas/vendor/laravel/framework/src/Illuminate/Pipeline/Pipeline.php(209): Spatie\\Permission\\Middleware\\RoleMiddleware->handle()
#23 /home/yamojr/devyamo/SchoolofNursing/edusaas/app/Http/Middleware/EnsureTenantAccess.php(26): Illuminate\\Pipeline\\Pipeline->{closure:{closure:Illuminate\\Pipeline\\Pipeline::carry():184}:185}()
#24 /home/yamojr/devyamo/SchoolofNursing/edusaas/vendor/laravel/framework/src/Illuminate/Pipeline/Pipeline.php(209): App\\Http\\Middleware\\EnsureTenantAccess->handle()
#25 /home/yamojr/devyamo/SchoolofNursing/edusaas/app/Http/Middleware/IdentifyTenant.php(39): Illuminate\\Pipeline\\Pipeline->{closure:{closure:Illuminate\\Pipeline\\Pipeline::carry():184}:185}()
#26 /home/yamojr/devyamo/SchoolofNursing/edusaas/vendor/laravel/framework/src/Illuminate/Pipeline/Pipeline.php(209): App\\Http\\Middleware\\IdentifyTenant->handle()
#27 /home/yamojr/devyamo/SchoolofNursing/edusaas/vendor/inertiajs/inertia-laravel/src/Middleware.php(122): Illuminate\\Pipeline\\Pipeline->{closure:{closure:Illuminate\\Pipeline\\Pipeline::carry():184}:185}()
#28 /home/yamojr/devyamo/SchoolofNursing/edusaas/vendor/laravel/framework/src/Illuminate/Pipeline/Pipeline.php(209): Inertia\\Middleware->handle()
#29 /home/yamojr/devyamo/SchoolofNursing/edusaas/vendor/laravel/framework/src/Illuminate/Routing/Middleware/SubstituteBindings.php(51): Illuminate\\Pipeline\\Pipeline->{closure:{closure:Illuminate\\Pipeline\\Pipeline::carry():184}:185}()
#30 /home/yamojr/devyamo/SchoolofNursing/edusaas/vendor/laravel/framework/src/Illuminate/Pipeline/Pipeline.php(209): Illuminate\\Routing\\Middleware\\SubstituteBindings->handle()
#31 /home/yamojr/devyamo/SchoolofNursing/edusaas/vendor/laravel/framework/src/Illuminate/Auth/Middleware/Authenticate.php(64): Illuminate\\Pipeline\\Pipeline->{closure:{closure:Illuminate\\Pipeline\\Pipeline::carry():184}:185}()
#32 /home/yamojr/devyamo/SchoolofNursing/edusaas/vendor/laravel/framework/src/Illuminate/Pipeline/Pipeline.php(209): Illuminate\\Auth\\Middleware\\Authenticate->handle()
#33 /home/yamojr/devyamo/SchoolofNursing/edusaas/vendor/laravel/framework/src/Illuminate/Foundation/Http/Middleware/VerifyCsrfToken.php(88): Illuminate\\Pipeline\\Pipeline->{closure:{closure:Illuminate\\Pipeline\\Pipeline::carry():184}:185}()
#34 /home/yamojr/devyamo/SchoolofNursing/edusaas/vendor/laravel/framework/src/Illuminate/Pipeline/Pipeline.php(209): Illuminate\\Foundation\\Http\\Middleware\\VerifyCsrfToken->handle()
#35 /home/yamojr/devyamo/SchoolofNursing/edusaas/vendor/laravel/framework/src/Illuminate/View/Middleware/ShareErrorsFromSession.php(49): Illuminate\\Pipeline\\Pipeline->{closure:{closure:Illuminate\\Pipeline\\Pipeline::carry():184}:185}()
#36 /home/yamojr/devyamo/SchoolofNursing/edusaas/vendor/laravel/framework/src/Illuminate/Pipeline/Pipeline.php(209): Illuminate\\View\\Middleware\\ShareErrorsFromSession->handle()
#37 /home/yamojr/devyamo/SchoolofNursing/edusaas/vendor/laravel/framework/src/Illuminate/Session/Middleware/StartSession.php(121): Illuminate\\Pipeline\\Pipeline->{closure:{closure:Illuminate\\Pipeline\\Pipeline::carry():184}:185}()
#38 /home/yamojr/devyamo/SchoolofNursing/edusaas/vendor/laravel/framework/src/Illuminate/Session/Middleware/StartSession.php(64): Illuminate\\Session\\Middleware\\StartSession->handleStatefulRequest()
#39 /home/yamojr/devyamo/SchoolofNursing/edusaas/vendor/laravel/framework/src/Illuminate/Pipeline/Pipeline.php(209): Illuminate\\Session\\Middleware\\StartSession->handle()
#40 /home/yamojr/devyamo/SchoolofNursing/edusaas/vendor/laravel/framework/src/Illuminate/Cookie/Middleware/AddQueuedCookiesToResponse.php(37): Illuminate\\Pipeline\\Pipeline->{closure:{closure:Illuminate\\Pipeline\\Pipeline::carry():184}:185}()
#41 /home/yamojr/devyamo/SchoolofNursing/edusaas/vendor/laravel/framework/src/Illuminate/Pipeline/Pipeline.php(209): Illuminate\\Cookie\\Middleware\\AddQueuedCookiesToResponse->handle()
#42 /home/yamojr/devyamo/SchoolofNursing/edusaas/vendor/laravel/framework/src/Illuminate/Cookie/Middleware/EncryptCookies.php(75): Illuminate\\Pipeline\\Pipeline->{closure:{closure:Illuminate\\Pipeline\\Pipeline::carry():184}:185}()
#43 /home/yamojr/devyamo/SchoolofNursing/edusaas/vendor/laravel/framework/src/Illuminate/Pipeline/Pipeline.php(209): Illuminate\\Cookie\\Middleware\\EncryptCookies->handle()
#44 /home/yamojr/devyamo/SchoolofNursing/edusaas/vendor/laravel/framework/src/Illuminate/Pipeline/Pipeline.php(127): Illuminate\\Pipeline\\Pipeline->{closure:{closure:Illuminate\\Pipeline\\Pipeline::carry():184}:185}()
#45 /home/yamojr/devyamo/SchoolofNursing/edusaas/vendor/laravel/framework/src/Illuminate/Routing/Router.php(807): Illuminate\\Pipeline\\Pipeline->then()
#46 /home/yamojr/devyamo/SchoolofNursing/edusaas/vendor/laravel/framework/src/Illuminate/Routing/Router.php(786): Illuminate\\Routing\\Router->runRouteWithinStack()
#47 /home/yamojr/devyamo/SchoolofNursing/edusaas/vendor/laravel/framework/src/Illuminate/Routing/Router.php(750): Illuminate\\Routing\\Router->runRoute()
#48 /home/yamojr/devyamo/SchoolofNursing/edusaas/vendor/laravel/framework/src/Illuminate/Routing/Router.php(739): Illuminate\\Routing\\Router->dispatchToRoute()
#49 /home/yamojr/devyamo/SchoolofNursing/edusaas/vendor/laravel/framework/src/Illuminate/Foundation/Http/Kernel.php(201): Illuminate\\Routing\\Router->dispatch()
#50 /home/yamojr/devyamo/SchoolofNursing/edusaas/vendor/laravel/framework/src/Illuminate/Pipeline/Pipeline.php(170): Illuminate\\Foundation\\Http\\Kernel->{closure:Illuminate\\Foundation\\Http\\Kernel::dispatchToRouter():198}()
#51 /home/yamojr/devyamo/SchoolofNursing/edusaas/vendor/laravel/framework/src/Illuminate/Foundation/Http/Middleware/TransformsRequest.php(21): Illuminate\\Pipeline\\Pipeline->{closure:Illuminate\\Pipeline\\Pipeline::prepareDestination():168}()
#52 /home/yamojr/devyamo/SchoolofNursing/edusaas/vendor/laravel/framework/src/Illuminate/Foundation/Http/Middleware/ConvertEmptyStringsToNull.php(31): Illuminate\\Foundation\\Http\\Middleware\\TransformsRequest->handle()
#53 /home/yamojr/devyamo/SchoolofNursing/edusaas/vendor/laravel/framework/src/Illuminate/Pipeline/Pipeline.php(209): Illuminate\\Foundation\\Http\\Middleware\\ConvertEmptyStringsToNull->handle()
#54 /home/yamojr/devyamo/SchoolofNursing/edusaas/vendor/laravel/framework/src/Illuminate/Foundation/Http/Middleware/TransformsRequest.php(21): Illuminate\\Pipeline\\Pipeline->{closure:{closure:Illuminate\\Pipeline\\Pipeline::carry():184}:185}()
#55 /home/yamojr/devyamo/SchoolofNursing/edusaas/vendor/laravel/framework/src/Illuminate/Foundation/Http/Middleware/TrimStrings.php(51): Illuminate\\Foundation\\Http\\Middleware\\TransformsRequest->handle()
#56 /home/yamojr/devyamo/SchoolofNursing/edusaas/vendor/laravel/framework/src/Illuminate/Pipeline/Pipeline.php(209): Illuminate\\Foundation\\Http\\Middleware\\TrimStrings->handle()
#57 /home/yamojr/devyamo/SchoolofNursing/edusaas/vendor/laravel/framework/src/Illuminate/Http/Middleware/ValidatePostSize.php(27): Illuminate\\Pipeline\\Pipeline->{closure:{closure:Illuminate\\Pipeline\\Pipeline::carry():184}:185}()
#58 /home/yamojr/devyamo/SchoolofNursing/edusaas/vendor/laravel/framework/src/Illuminate/Pipeline/Pipeline.php(209): Illuminate\\Http\\Middleware\\ValidatePostSize->handle()
#59 /home/yamojr/devyamo/SchoolofNursing/edusaas/vendor/laravel/framework/src/Illuminate/Foundation/Http/Middleware/PreventRequestsDuringMaintenance.php(110): Illuminate\\Pipeline\\Pipeline->{closure:{closure:Illuminate\\Pipeline\\Pipeline::carry():184}:185}()
#60 /home/yamojr/devyamo/SchoolofNursing/edusaas/vendor/laravel/framework/src/Illuminate/Pipeline/Pipeline.php(209): Illuminate\\Foundation\\Http\\Middleware\\PreventRequestsDuringMaintenance->handle()
#61 /home/yamojr/devyamo/SchoolofNursing/edusaas/vendor/laravel/framework/src/Illuminate/Http/Middleware/HandleCors.php(49): Illuminate\\Pipeline\\Pipeline->{closure:{closure:Illuminate\\Pipeline\\Pipeline::carry():184}:185}()
#62 /home/yamojr/devyamo/SchoolofNursing/edusaas/vendor/laravel/framework/src/Illuminate/Pipeline/Pipeline.php(209): Illuminate\\Http\\Middleware\\HandleCors->handle()
#63 /home/yamojr/devyamo/SchoolofNursing/edusaas/vendor/laravel/framework/src/Illuminate/Http/Middleware/TrustProxies.php(58): Illuminate\\Pipeline\\Pipeline->{closure:{closure:Illuminate\\Pipeline\\Pipeline::carry():184}:185}()
#64 /home/yamojr/devyamo/SchoolofNursing/edusaas/vendor/laravel/framework/src/Illuminate/Pipeline/Pipeline.php(209): Illuminate\\Http\\Middleware\\TrustProxies->handle()
#65 /home/yamojr/devyamo/SchoolofNursing/edusaas/vendor/laravel/framework/src/Illuminate/Foundation/Http/Middleware/InvokeDeferredCallbacks.php(22): Illuminate\\Pipeline\\Pipeline->{closure:{closure:Illuminate\\Pipeline\\Pipeline::carry():184}:185}()
#66 /home/yamojr/devyamo/SchoolofNursing/edusaas/vendor/laravel/framework/src/Illuminate/Pipeline/Pipeline.php(209): Illuminate\\Foundation\\Http\\Middleware\\InvokeDeferredCallbacks->handle()
#67 /home/yamojr/devyamo/SchoolofNursing/edusaas/vendor/laravel/framework/src/Illuminate/Pipeline/Pipeline.php(127): Illuminate\\Pipeline\\Pipeline->{closure:{closure:Illuminate\\Pipeline\\Pipeline::carry():184}:185}()
#68 /home/yamojr/devyamo/SchoolofNursing/edusaas/vendor/laravel/framework/src/Illuminate/Foundation/Http/Kernel.php(176): Illuminate\\Pipeline\\Pipeline->then()
#69 /home/yamojr/devyamo/SchoolofNursing/edusaas/vendor/laravel/framework/src/Illuminate/Foundation/Http/Kernel.php(145): Illuminate\\Foundation\\Http\\Kernel->sendRequestThroughRouter()
#70 /home/yamojr/devyamo/SchoolofNursing/edusaas/vendor/laravel/framework/src/Illuminate/Foundation/Application.php(1220): Illuminate\\Foundation\\Http\\Kernel->handle()
#71 /home/yamojr/devyamo/SchoolofNursing/edusaas/public/index.php(19): Illuminate\\Foundation\\Application->handleRequest()
#72 /home/yamojr/devyamo/SchoolofNursing/edusaas/vendor/laravel/framework/src/Illuminate/Foundation/resources/server.php(23): require_once('...')
#73 {main}

[previous exception] [object] (PDOException(code: HY000): SQLSTATE[HY000]: General error: 1364 Field 'date_of_birth' doesn't have a default value at /home/yamojr/devyamo/SchoolofNursing/edusaas/vendor/laravel/framework/src/Illuminate/Database/MySqlConnection.php:53)
[stacktrace]
#0 /home/yamojr/devyamo/SchoolofNursing/edusaas/vendor/laravel/framework/src/Illuminate/Database/MySqlConnection.php(53): PDOStatement->execute()
#1 /home/yamojr/devyamo/SchoolofNursing/edusaas/vendor/laravel/framework/src/Illuminate/Database/Connection.php(812): Illuminate\\Database\\MySqlConnection->{closure:Illuminate\\Database\\MySqlConnection::insert():42}()
#2 /home/yamojr/devyamo/SchoolofNursing/edusaas/vendor/laravel/framework/src/Illuminate/Database/Connection.php(779): Illuminate\\Database\\Connection->runQueryCallback()
#3 /home/yamojr/devyamo/SchoolofNursing/edusaas/vendor/laravel/framework/src/Illuminate/Database/MySqlConnection.php(42): Illuminate\\Database\\Connection->run()
#4 /home/yamojr/devyamo/SchoolofNursing/edusaas/vendor/laravel/framework/src/Illuminate/Database/Query/Processors/MySqlProcessor.php(35): Illuminate\\Database\\MySqlConnection->insert()
#5 /home/yamojr/devyamo/SchoolofNursing/edusaas/vendor/laravel/framework/src/Illuminate/Database/Query/Builder.php(3766): Illuminate\\Database\\Query\\Processors\\MySqlProcessor->processInsertGetId()
#6 /home/yamojr/devyamo/SchoolofNursing/edusaas/vendor/laravel/framework/src/Illuminate/Database/Eloquent/Builder.php(2120): Illuminate\\Database\\Query\\Builder->insertGetId()
#7 /home/yamojr/devyamo/SchoolofNursing/edusaas/vendor/laravel/framework/src/Illuminate/Database/Eloquent/Model.php(1359): Illuminate\\Database\\Eloquent\\Builder->__call()
#8 /home/yamojr/devyamo/SchoolofNursing/edusaas/vendor/laravel/framework/src/Illuminate/Database/Eloquent/Model.php(1324): Illuminate\\Database\\Eloquent\\Model->insertAndSetId()
#9 /home/yamojr/devyamo/SchoolofNursing/edusaas/vendor/laravel/framework/src/Illuminate/Database/Eloquent/Model.php(1163): Illuminate\\Database\\Eloquent\\Model->performInsert()
#10 /home/yamojr/devyamo/SchoolofNursing/edusaas/vendor/laravel/framework/src/Illuminate/Database/Eloquent/Builder.php(1128): Illuminate\\Database\\Eloquent\\Model->save()
#11 /home/yamojr/devyamo/SchoolofNursing/edusaas/vendor/laravel/framework/src/Illuminate/Support/helpers.php(399): Illuminate\\Database\\Eloquent\\Builder->{closure:Illuminate\\Database\\Eloquent\\Builder::create():1127}()
#12 /home/yamojr/devyamo/SchoolofNursing/edusaas/vendor/laravel/framework/src/Illuminate/Database/Eloquent/Builder.php(1127): tap()
#13 /home/yamojr/devyamo/SchoolofNursing/edusaas/vendor/laravel/framework/src/Illuminate/Support/Traits/ForwardsCalls.php(23): Illuminate\\Database\\Eloquent\\Builder->create()
#14 /home/yamojr/devyamo/SchoolofNursing/edusaas/vendor/laravel/framework/src/Illuminate/Database/Eloquent/Model.php(2372): Illuminate\\Database\\Eloquent\\Model->forwardCallTo()
#15 /home/yamojr/devyamo/SchoolofNursing/edusaas/vendor/laravel/framework/src/Illuminate/Database/Eloquent/Model.php(2384): Illuminate\\Database\\Eloquent\\Model->__call()
#16 /home/yamojr/devyamo/SchoolofNursing/edusaas/app/Http/Controllers/HOD/DashboardController.php(140): Illuminate\\Database\\Eloquent\\Model::__callStatic()
#17 /home/yamojr/devyamo/SchoolofNursing/edusaas/vendor/laravel/framework/src/Illuminate/Routing/Controller.php(54): App\\Http\\Controllers\\HOD\\DashboardController->clearanceApprove()
#18 /home/yamojr/devyamo/SchoolofNursing/edusaas/vendor/laravel/framework/src/Illuminate/Routing/ControllerDispatcher.php(44): Illuminate\\Routing\\Controller->callAction()
#19 /home/yamojr/devyamo/SchoolofNursing/edusaas/vendor/laravel/framework/src/Illuminate/Routing/Route.php(266): Illuminate\\Routing\\ControllerDispatcher->dispatch()
#20 /home/yamojr/devyamo/SchoolofNursing/edusaas/vendor/laravel/framework/src/Illuminate/Routing/Route.php(212): Illuminate\\Routing\\Route->runController()
#21 /home/yamojr/devyamo/SchoolofNursing/edusaas/vendor/laravel/framework/src/Illuminate/Routing/Router.php(808): Illuminate\\Routing\\Route->run()
#22 /home/yamojr/devyamo/SchoolofNursing/edusaas/vendor/laravel/framework/src/Illuminate/Pipeline/Pipeline.php(170): Illuminate\\Routing\\Router->{closure:Illuminate\\Routing\\Router::runRouteWithinStack():807}()
#23 /home/yamojr/devyamo/SchoolofNursing/edusaas/vendor/spatie/laravel-permission/src/Middleware/RoleMiddleware.php(37): Illuminate\\Pipeline\\Pipeline->{closure:Illuminate\\Pipeline\\Pipeline::prepareDestination():168}()
#24 /home/yamojr/devyamo/SchoolofNursing/edusaas/vendor/laravel/framework/src/Illuminate/Pipeline/Pipeline.php(209): Spatie\\Permission\\Middleware\\RoleMiddleware->handle()
#25 /home/yamojr/devyamo/SchoolofNursing/edusaas/app/Http/Middleware/EnsureTenantAccess.php(26): Illuminate\\Pipeline\\Pipeline->{closure:{closure:Illuminate\\Pipeline\\Pipeline::carry():184}:185}()
#26 /home/yamojr/devyamo/SchoolofNursing/edusaas/vendor/laravel/framework/src/Illuminate/Pipeline/Pipeline.php(209): App\\Http\\Middleware\\EnsureTenantAccess->handle()
#27 /home/yamojr/devyamo/SchoolofNursing/edusaas/app/Http/Middleware/IdentifyTenant.php(39): Illuminate\\Pipeline\\Pipeline->{closure:{closure:Illuminate\\Pipeline\\Pipeline::carry():184}:185}()
#28 /home/yamojr/devyamo/SchoolofNursing/edusaas/vendor/laravel/framework/src/Illuminate/Pipeline/Pipeline.php(209): App\\Http\\Middleware\\IdentifyTenant->handle()
#29 /home/yamojr/devyamo/SchoolofNursing/edusaas/vendor/inertiajs/inertia-laravel/src/Middleware.php(122): Illuminate\\Pipeline\\Pipeline->{closure:{closure:Illuminate\\Pipeline\\Pipeline::carry():184}:185}()
#30 /home/yamojr/devyamo/SchoolofNursing/edusaas/vendor/laravel/framework/src/Illuminate/Pipeline/Pipeline.php(209): Inertia\\Middleware->handle()
#31 /home/yamojr/devyamo/SchoolofNursing/edusaas/vendor/laravel/framework/src/Illuminate/Routing/Middleware/SubstituteBindings.php(51): Illuminate\\Pipeline\\Pipeline->{closure:{closure:Illuminate\\Pipeline\\Pipeline::carry():184}:185}()
#32 /home/yamojr/devyamo/SchoolofNursing/edusaas/vendor/laravel/framework/src/Illuminate/Pipeline/Pipeline.php(209): Illuminate\\Routing\\Middleware\\SubstituteBindings->handle()
#33 /home/yamojr/devyamo/SchoolofNursing/edusaas/vendor/laravel/framework/src/Illuminate/Auth/Middleware/Authenticate.php(64): Illuminate\\Pipeline\\Pipeline->{closure:{closure:Illuminate\\Pipeline\\Pipeline::carry():184}:185}()
#34 /home/yamojr/devyamo/SchoolofNursing/edusaas/vendor/laravel/framework/src/Illuminate/Pipeline/Pipeline.php(209): Illuminate\\Auth\\Middleware\\Authenticate->handle()
#35 /home/yamojr/devyamo/SchoolofNursing/edusaas/vendor/laravel/framework/src/Illuminate/Foundation/Http/Middleware/VerifyCsrfToken.php(88): Illuminate\\Pipeline\\Pipeline->{closure:{closure:Illuminate\\Pipeline\\Pipeline::carry():184}:185}()
#36 /home/yamojr/devyamo/SchoolofNursing/edusaas/vendor/laravel/framework/src/Illuminate/Pipeline/Pipeline.php(209): Illuminate\\Foundation\\Http\\Middleware\\VerifyCsrfToken->handle()
#37 /home/yamojr/devyamo/SchoolofNursing/edusaas/vendor/laravel/framework/src/Illuminate/View/Middleware/ShareErrorsFromSession.php(49): Illuminate\\Pipeline\\Pipeline->{closure:{closure:Illuminate\\Pipeline\\Pipeline::carry():184}:185}()
#38 /home/yamojr/devyamo/SchoolofNursing/edusaas/vendor/laravel/framework/src/Illuminate/Pipeline/Pipeline.php(209): Illuminate\\View\\Middleware\\ShareErrorsFromSession->handle()
#39 /home/yamojr/devyamo/SchoolofNursing/edusaas/vendor/laravel/framework/src/Illuminate/Session/Middleware/StartSession.php(121): Illuminate\\Pipeline\\Pipeline->{closure:{closure:Illuminate\\Pipeline\\Pipeline::carry():184}:185}()
#40 /home/yamojr/devyamo/SchoolofNursing/edusaas/vendor/laravel/framework/src/Illuminate/Session/Middleware/StartSession.php(64): Illuminate\\Session\\Middleware\\StartSession->handleStatefulRequest()
#41 /home/yamojr/devyamo/SchoolofNursing/edusaas/vendor/laravel/framework/src/Illuminate/Pipeline/Pipeline.php(209): Illuminate\\Session\\Middleware\\StartSession->handle()
#42 /home/yamojr/devyamo/SchoolofNursing/edusaas/vendor/laravel/framework/src/Illuminate/Cookie/Middleware/AddQueuedCookiesToResponse.php(37): Illuminate\\Pipeline\\Pipeline->{closure:{closure:Illuminate\\Pipeline\\Pipeline::carry():184}:185}()
#43 /home/yamojr/devyamo/SchoolofNursing/edusaas/vendor/laravel/framework/src/Illuminate/Pipeline/Pipeline.php(209): Illuminate\\Cookie\\Middleware\\AddQueuedCookiesToResponse->handle()
#44 /home/yamojr/devyamo/SchoolofNursing/edusaas/vendor/laravel/framework/src/Illuminate/Cookie/Middleware/EncryptCookies.php(75): Illuminate\\Pipeline\\Pipeline->{closure:{closure:Illuminate\\Pipeline\\Pipeline::carry():184}:185}()
#45 /home/yamojr/devyamo/SchoolofNursing/edusaas/vendor/laravel/framework/src/Illuminate/Pipeline/Pipeline.php(209): Illuminate\\Cookie\\Middleware\\EncryptCookies->handle()
#46 /home/yamojr/devyamo/SchoolofNursing/edusaas/vendor/laravel/framework/src/Illuminate/Pipeline/Pipeline.php(127): Illuminate\\Pipeline\\Pipeline->{closure:{closure:Illuminate\\Pipeline\\Pipeline::carry():184}:185}()
#47 /home/yamojr/devyamo/SchoolofNursing/edusaas/vendor/laravel/framework/src/Illuminate/Routing/Router.php(807): Illuminate\\Pipeline\\Pipeline->then()
#48 /home/yamojr/devyamo/SchoolofNursing/edusaas/vendor/laravel/framework/src/Illuminate/Routing/Router.php(786): Illuminate\\Routing\\Router->runRouteWithinStack()
#49 /home/yamojr/devyamo/SchoolofNursing/edusaas/vendor/laravel/framework/src/Illuminate/Routing/Router.php(750): Illuminate\\Routing\\Router->runRoute()
#50 /home/yamojr/devyamo/SchoolofNursing/edusaas/vendor/laravel/framework/src/Illuminate/Routing/Router.php(739): Illuminate\\Routing\\Router->dispatchToRoute()
#51 /home/yamojr/devyamo/SchoolofNursing/edusaas/vendor/laravel/framework/src/Illuminate/Foundation/Http/Kernel.php(201): Illuminate\\Routing\\Router->dispatch()
#52 /home/yamojr/devyamo/SchoolofNursing/edusaas/vendor/laravel/framework/src/Illuminate/Pipeline/Pipeline.php(170): Illuminate\\Foundation\\Http\\Kernel->{closure:Illuminate\\Foundation\\Http\\Kernel::dispatchToRouter():198}()
#53 /home/yamojr/devyamo/SchoolofNursing/edusaas/vendor/laravel/framework/src/Illuminate/Foundation/Http/Middleware/TransformsRequest.php(21): Illuminate\\Pipeline\\Pipeline->{closure:Illuminate\\Pipeline\\Pipeline::prepareDestination():168}()
#54 /home/yamojr/devyamo/SchoolofNursing/edusaas/vendor/laravel/framework/src/Illuminate/Foundation/Http/Middleware/ConvertEmptyStringsToNull.php(31): Illuminate\\Foundation\\Http\\Middleware\\TransformsRequest->handle()
#55 /home/yamojr/devyamo/SchoolofNursing/edusaas/vendor/laravel/framework/src/Illuminate/Pipeline/Pipeline.php(209): Illuminate\\Foundation\\Http\\Middleware\\ConvertEmptyStringsToNull->handle()
#56 /home/yamojr/devyamo/SchoolofNursing/edusaas/vendor/laravel/framework/src/Illuminate/Foundation/Http/Middleware/TransformsRequest.php(21): Illuminate\\Pipeline\\Pipeline->{closure:{closure:Illuminate\\Pipeline\\Pipeline::carry():184}:185}()
#57 /home/yamojr/devyamo/SchoolofNursing/edusaas/vendor/laravel/framework/src/Illuminate/Foundation/Http/Middleware/TrimStrings.php(51): Illuminate\\Foundation\\Http\\Middleware\\TransformsRequest->handle()
#58 /home/yamojr/devyamo/SchoolofNursing/edusaas/vendor/laravel/framework/src/Illuminate/Pipeline/Pipeline.php(209): Illuminate\\Foundation\\Http\\Middleware\\TrimStrings->handle()
#59 /home/yamojr/devyamo/SchoolofNursing/edusaas/vendor/laravel/framework/src/Illuminate/Http/Middleware/ValidatePostSize.php(27): Illuminate\\Pipeline\\Pipeline->{closure:{closure:Illuminate\\Pipeline\\Pipeline::carry():184}:185}()
#60 /home/yamojr/devyamo/SchoolofNursing/edusaas/vendor/laravel/framework/src/Illuminate/Pipeline/Pipeline.php(209): Illuminate\\Http\\Middleware\\ValidatePostSize->handle()
#61 /home/yamojr/devyamo/SchoolofNursing/edusaas/vendor/laravel/framework/src/Illuminate/Foundation/Http/Middleware/PreventRequestsDuringMaintenance.php(110): Illuminate\\Pipeline\\Pipeline->{closure:{closure:Illuminate\\Pipeline\\Pipeline::carry():184}:185}()
#62 /home/yamojr/devyamo/SchoolofNursing/edusaas/vendor/laravel/framework/src/Illuminate/Pipeline/Pipeline.php(209): Illuminate\\Foundation\\Http\\Middleware\\PreventRequestsDuringMaintenance->handle()
#63 /home/yamojr/devyamo/SchoolofNursing/edusaas/vendor/laravel/framework/src/Illuminate/Http/Middleware/HandleCors.php(49): Illuminate\\Pipeline\\Pipeline->{closure:{closure:Illuminate\\Pipeline\\Pipeline::carry():184}:185}()
#64 /home/yamojr/devyamo/SchoolofNursing/edusaas/vendor/laravel/framework/src/Illuminate/Pipeline/Pipeline.php(209): Illuminate\\Http\\Middleware\\HandleCors->handle()
#65 /home/yamojr/devyamo/SchoolofNursing/edusaas/vendor/laravel/framework/src/Illuminate/Http/Middleware/TrustProxies.php(58): Illuminate\\Pipeline\\Pipeline->{closure:{closure:Illuminate\\Pipeline\\Pipeline::carry():184}:185}()
#66 /home/yamojr/devyamo/SchoolofNursing/edusaas/vendor/laravel/framework/src/Illuminate/Pipeline/Pipeline.php(209): Illuminate\\Http\\Middleware\\TrustProxies->handle()
#67 /home/yamojr/devyamo/SchoolofNursing/edusaas/vendor/laravel/framework/src/Illuminate/Foundation/Http/Middleware/InvokeDeferredCallbacks.php(22): Illuminate\\Pipeline\\Pipeline->{closure:{closure:Illuminate\\Pipeline\\Pipeline::carry():184}:185}()
#68 /home/yamojr/devyamo/SchoolofNursing/edusaas/vendor/laravel/framework/src/Illuminate/Pipeline/Pipeline.php(209): Illuminate\\Foundation\\Http\\Middleware\\InvokeDeferredCallbacks->handle()
#69 /home/yamojr/devyamo/SchoolofNursing/edusaas/vendor/laravel/framework/src/Illuminate/Pipeline/Pipeline.php(127): Illuminate\\Pipeline\\Pipeline->{closure:{closure:Illuminate\\Pipeline\\Pipeline::carry():184}:185}()
#70 /home/yamojr/devyamo/SchoolofNursing/edusaas/vendor/laravel/framework/src/Illuminate/Foundation/Http/Kernel.php(176): Illuminate\\Pipeline\\Pipeline->then()
#71 /home/yamojr/devyamo/SchoolofNursing/edusaas/vendor/laravel/framework/src/Illuminate/Foundation/Http/Kernel.php(145): Illuminate\\Foundation\\Http\\Kernel->sendRequestThroughRouter()
#72 /home/yamojr/devyamo/SchoolofNursing/edusaas/vendor/laravel/framework/src/Illuminate/Foundation/Application.php(1220): Illuminate\\Foundation\\Http\\Kernel->handle()
#73 /home/yamojr/devyamo/SchoolofNursing/edusaas/public/index.php(19): Illuminate\\Foundation\\Application->handleRequest()
#74 /home/yamojr/devyamo/SchoolofNursing/edusaas/vendor/laravel/framework/src/Illuminate/Foundation/resources/server.php(23): require_once('...')
#75 {main}
"} 
[2026-05-20 10:39:35] local.ERROR: SQLSTATE[HY000]: General error: 1364 Field 'date_of_birth' doesn't have a default value (Connection: mysql, SQL: insert into `students` (`tenant_id`, `user_id`, `department_id`, `program_id`, `matriculation_number`, `phone_number`, `status`, `current_level`, `jamb_registration_number`, `updated_at`, `created_at`) values (1, 35, 1, 1, ACONS/26/0035, 08036894451, active, ND1, 2510283168AH, 2026-05-20 10:39:35, 2026-05-20 10:39:35)) {"userId":2,"exception":"[object] (Illuminate\\Database\\QueryException(code: HY000): SQLSTATE[HY000]: General error: 1364 Field 'date_of_birth' doesn't have a default value (Connection: mysql, SQL: insert into `students` (`tenant_id`, `user_id`, `department_id`, `program_id`, `matriculation_number`, `phone_number`, `status`, `current_level`, `jamb_registration_number`, `updated_at`, `created_at`) values (1, 35, 1, 1, ACONS/26/0035, 08036894451, active, ND1, 2510283168AH, 2026-05-20 10:39:35, 2026-05-20 10:39:35)) at /home/yamojr/devyamo/SchoolofNursing/edusaas/vendor/laravel/framework/src/Illuminate/Database/Connection.php:825)
[stacktrace]
#0 /home/yamojr/devyamo/SchoolofNursing/edusaas/vendor/laravel/framework/src/Illuminate/Database/Connection.php(779): Illuminate\\Database\\Connection->runQueryCallback()
#1 /home/yamojr/devyamo/SchoolofNursing/edusaas/vendor/laravel/framework/src/Illuminate/Database/MySqlConnection.php(42): Illuminate\\Database\\Connection->run()
#2 /home/yamojr/devyamo/SchoolofNursing/edusaas/vendor/laravel/framework/src/Illuminate/Database/Query/Processors/MySqlProcessor.php(35): Illuminate\\Database\\MySqlConnection->insert()
#3 /home/yamojr/devyamo/SchoolofNursing/edusaas/vendor/laravel/framework/src/Illuminate/Database/Query/Builder.php(3766): Illuminate\\Database\\Query\\Processors\\MySqlProcessor->processInsertGetId()
#4 /home/yamojr/devyamo/SchoolofNursing/edusaas/vendor/laravel/framework/src/Illuminate/Database/Eloquent/Builder.php(2120): Illuminate\\Database\\Query\\Builder->insertGetId()
#5 /home/yamojr/devyamo/SchoolofNursing/edusaas/vendor/laravel/framework/src/Illuminate/Database/Eloquent/Model.php(1359): Illuminate\\Database\\Eloquent\\Builder->__call()
#6 /home/yamojr/devyamo/SchoolofNursing/edusaas/vendor/laravel/framework/src/Illuminate/Database/Eloquent/Model.php(1324): Illuminate\\Database\\Eloquent\\Model->insertAndSetId()
#7 /home/yamojr/devyamo/SchoolofNursing/edusaas/vendor/laravel/framework/src/Illuminate/Database/Eloquent/Model.php(1163): Illuminate\\Database\\Eloquent\\Model->performInsert()
#8 /home/yamojr/devyamo/SchoolofNursing/edusaas/vendor/laravel/framework/src/Illuminate/Database/Eloquent/Builder.php(1128): Illuminate\\Database\\Eloquent\\Model->save()
#9 /home/yamojr/devyamo/SchoolofNursing/edusaas/vendor/laravel/framework/src/Illuminate/Support/helpers.php(399): Illuminate\\Database\\Eloquent\\Builder->{closure:Illuminate\\Database\\Eloquent\\Builder::create():1127}()
#10 /home/yamojr/devyamo/SchoolofNursing/edusaas/vendor/laravel/framework/src/Illuminate/Database/Eloquent/Builder.php(1127): tap()
#11 /home/yamojr/devyamo/SchoolofNursing/edusaas/vendor/laravel/framework/src/Illuminate/Support/Traits/ForwardsCalls.php(23): Illuminate\\Database\\Eloquent\\Builder->create()
#12 /home/yamojr/devyamo/SchoolofNursing/edusaas/vendor/laravel/framework/src/Illuminate/Database/Eloquent/Model.php(2372): Illuminate\\Database\\Eloquent\\Model->forwardCallTo()
#13 /home/yamojr/devyamo/SchoolofNursing/edusaas/vendor/laravel/framework/src/Illuminate/Database/Eloquent/Model.php(2384): Illuminate\\Database\\Eloquent\\Model->__call()
#14 /home/yamojr/devyamo/SchoolofNursing/edusaas/app/Http/Controllers/HOD/DashboardController.php(140): Illuminate\\Database\\Eloquent\\Model::__callStatic()
#15 /home/yamojr/devyamo/SchoolofNursing/edusaas/vendor/laravel/framework/src/Illuminate/Routing/Controller.php(54): App\\Http\\Controllers\\HOD\\DashboardController->clearanceApprove()
#16 /home/yamojr/devyamo/SchoolofNursing/edusaas/vendor/laravel/framework/src/Illuminate/Routing/ControllerDispatcher.php(44): Illuminate\\Routing\\Controller->callAction()
#17 /home/yamojr/devyamo/SchoolofNursing/edusaas/vendor/laravel/framework/src/Illuminate/Routing/Route.php(266): Illuminate\\Routing\\ControllerDispatcher->dispatch()
#18 /home/yamojr/devyamo/SchoolofNursing/edusaas/vendor/laravel/framework/src/Illuminate/Routing/Route.php(212): Illuminate\\Routing\\Route->runController()
#19 /home/yamojr/devyamo/SchoolofNursing/edusaas/vendor/laravel/framework/src/Illuminate/Routing/Router.php(808): Illuminate\\Routing\\Route->run()
#20 /home/yamojr/devyamo/SchoolofNursing/edusaas/vendor/laravel/framework/src/Illuminate/Pipeline/Pipeline.php(170): Illuminate\\Routing\\Router->{closure:Illuminate\\Routing\\Router::runRouteWithinStack():807}()
#21 /home/yamojr/devyamo/SchoolofNursing/edusaas/vendor/spatie/laravel-permission/src/Middleware/RoleMiddleware.php(37): Illuminate\\Pipeline\\Pipeline->{closure:Illuminate\\Pipeline\\Pipeline::prepareDestination():168}()
#22 /home/yamojr/devyamo/SchoolofNursing/edusaas/vendor/laravel/framework/src/Illuminate/Pipeline/Pipeline.php(209): Spatie\\Permission\\Middleware\\RoleMiddleware->handle()
#23 /home/yamojr/devyamo/SchoolofNursing/edusaas/app/Http/Middleware/EnsureTenantAccess.php(26): Illuminate\\Pipeline\\Pipeline->{closure:{closure:Illuminate\\Pipeline\\Pipeline::carry():184}:185}()
#24 /home/yamojr/devyamo/SchoolofNursing/edusaas/vendor/laravel/framework/src/Illuminate/Pipeline/Pipeline.php(209): App\\Http\\Middleware\\EnsureTenantAccess->handle()
#25 /home/yamojr/devyamo/SchoolofNursing/edusaas/app/Http/Middleware/IdentifyTenant.php(39): Illuminate\\Pipeline\\Pipeline->{closure:{closure:Illuminate\\Pipeline\\Pipeline::carry():184}:185}()
#26 /home/yamojr/devyamo/SchoolofNursing/edusaas/vendor/laravel/framework/src/Illuminate/Pipeline/Pipeline.php(209): App\\Http\\Middleware\\IdentifyTenant->handle()
#27 /home/yamojr/devyamo/SchoolofNursing/edusaas/vendor/inertiajs/inertia-laravel/src/Middleware.php(122): Illuminate\\Pipeline\\Pipeline->{closure:{closure:Illuminate\\Pipeline\\Pipeline::carry():184}:185}()
#28 /home/yamojr/devyamo/SchoolofNursing/edusaas/vendor/laravel/framework/src/Illuminate/Pipeline/Pipeline.php(209): Inertia\\Middleware->handle()
#29 /home/yamojr/devyamo/SchoolofNursing/edusaas/vendor/laravel/framework/src/Illuminate/Routing/Middleware/SubstituteBindings.php(51): Illuminate\\Pipeline\\Pipeline->{closure:{closure:Illuminate\\Pipeline\\Pipeline::carry():184}:185}()
#30 /home/yamojr/devyamo/SchoolofNursing/edusaas/vendor/laravel/framework/src/Illuminate/Pipeline/Pipeline.php(209): Illuminate\\Routing\\Middleware\\SubstituteBindings->handle()
#31 /home/yamojr/devyamo/SchoolofNursing/edusaas/vendor/laravel/framework/src/Illuminate/Auth/Middleware/Authenticate.php(64): Illuminate\\Pipeline\\Pipeline->{closure:{closure:Illuminate\\Pipeline\\Pipeline::carry():184}:185}()
#32 /home/yamojr/devyamo/SchoolofNursing/edusaas/vendor/laravel/framework/src/Illuminate/Pipeline/Pipeline.php(209): Illuminate\\Auth\\Middleware\\Authenticate->handle()
#33 /home/yamojr/devyamo/SchoolofNursing/edusaas/vendor/laravel/framework/src/Illuminate/Foundation/Http/Middleware/VerifyCsrfToken.php(88): Illuminate\\Pipeline\\Pipeline->{closure:{closure:Illuminate\\Pipeline\\Pipeline::carry():184}:185}()
#34 /home/yamojr/devyamo/SchoolofNursing/edusaas/vendor/laravel/framework/src/Illuminate/Pipeline/Pipeline.php(209): Illuminate\\Foundation\\Http\\Middleware\\VerifyCsrfToken->handle()
#35 /home/yamojr/devyamo/SchoolofNursing/edusaas/vendor/laravel/framework/src/Illuminate/View/Middleware/ShareErrorsFromSession.php(49): Illuminate\\Pipeline\\Pipeline->{closure:{closure:Illuminate\\Pipeline\\Pipeline::carry():184}:185}()
#36 /home/yamojr/devyamo/SchoolofNursing/edusaas/vendor/laravel/framework/src/Illuminate/Pipeline/Pipeline.php(209): Illuminate\\View\\Middleware\\ShareErrorsFromSession->handle()
#37 /home/yamojr/devyamo/SchoolofNursing/edusaas/vendor/laravel/framework/src/Illuminate/Session/Middleware/StartSession.php(121): Illuminate\\Pipeline\\Pipeline->{closure:{closure:Illuminate\\Pipeline\\Pipeline::carry():184}:185}()
#38 /home/yamojr/devyamo/SchoolofNursing/edusaas/vendor/laravel/framework/src/Illuminate/Session/Middleware/StartSession.php(64): Illuminate\\Session\\Middleware\\StartSession->handleStatefulRequest()
#39 /home/yamojr/devyamo/SchoolofNursing/edusaas/vendor/laravel/framework/src/Illuminate/Pipeline/Pipeline.php(209): Illuminate\\Session\\Middleware\\StartSession->handle()
#40 /home/yamojr/devyamo/SchoolofNursing/edusaas/vendor/laravel/framework/src/Illuminate/Cookie/Middleware/AddQueuedCookiesToResponse.php(37): Illuminate\\Pipeline\\Pipeline->{closure:{closure:Illuminate\\Pipeline\\Pipeline::carry():184}:185}()
#41 /home/yamojr/devyamo/SchoolofNursing/edusaas/vendor/laravel/framework/src/Illuminate/Pipeline/Pipeline.php(209): Illuminate\\Cookie\\Middleware\\AddQueuedCookiesToResponse->handle()
#42 /home/yamojr/devyamo/SchoolofNursing/edusaas/vendor/laravel/framework/src/Illuminate/Cookie/Middleware/EncryptCookies.php(75): Illuminate\\Pipeline\\Pipeline->{closure:{closure:Illuminate\\Pipeline\\Pipeline::carry():184}:185}()
#43 /home/yamojr/devyamo/SchoolofNursing/edusaas/vendor/laravel/framework/src/Illuminate/Pipeline/Pipeline.php(209): Illuminate\\Cookie\\Middleware\\EncryptCookies->handle()
#44 /home/yamojr/devyamo/SchoolofNursing/edusaas/vendor/laravel/framework/src/Illuminate/Pipeline/Pipeline.php(127): Illuminate\\Pipeline\\Pipeline->{closure:{closure:Illuminate\\Pipeline\\Pipeline::carry():184}:185}()
#45 /home/yamojr/devyamo/SchoolofNursing/edusaas/vendor/laravel/framework/src/Illuminate/Routing/Router.php(807): Illuminate\\Pipeline\\Pipeline->then()
#46 /home/yamojr/devyamo/SchoolofNursing/edusaas/vendor/laravel/framework/src/Illuminate/Routing/Router.php(786): Illuminate\\Routing\\Router->runRouteWithinStack()
#47 /home/yamojr/devyamo/SchoolofNursing/edusaas/vendor/laravel/framework/src/Illuminate/Routing/Router.php(750): Illuminate\\Routing\\Router->runRoute()
#48 /home/yamojr/devyamo/SchoolofNursing/edusaas/vendor/laravel/framework/src/Illuminate/Routing/Router.php(739): Illuminate\\Routing\\Router->dispatchToRoute()
#49 /home/yamojr/devyamo/SchoolofNursing/edusaas/vendor/laravel/framework/src/Illuminate/Foundation/Http/Kernel.php(201): Illuminate\\Routing\\Router->dispatch()
#50 /home/yamojr/devyamo/SchoolofNursing/edusaas/vendor/laravel/framework/src/Illuminate/Pipeline/Pipeline.php(170): Illuminate\\Foundation\\Http\\Kernel->{closure:Illuminate\\Foundation\\Http\\Kernel::dispatchToRouter():198}()
#51 /home/yamojr/devyamo/SchoolofNursing/edusaas/vendor/laravel/framework/src/Illuminate/Foundation/Http/Middleware/TransformsRequest.php(21): Illuminate\\Pipeline\\Pipeline->{closure:Illuminate\\Pipeline\\Pipeline::prepareDestination():168}()
#52 /home/yamojr/devyamo/SchoolofNursing/edusaas/vendor/laravel/framework/src/Illuminate/Foundation/Http/Middleware/ConvertEmptyStringsToNull.php(31): Illuminate\\Foundation\\Http\\Middleware\\TransformsRequest->handle()
#53 /home/yamojr/devyamo/SchoolofNursing/edusaas/vendor/laravel/framework/src/Illuminate/Pipeline/Pipeline.php(209): Illuminate\\Foundation\\Http\\Middleware\\ConvertEmptyStringsToNull->handle()
#54 /home/yamojr/devyamo/SchoolofNursing/edusaas/vendor/laravel/framework/src/Illuminate/Foundation/Http/Middleware/TransformsRequest.php(21): Illuminate\\Pipeline\\Pipeline->{closure:{closure:Illuminate\\Pipeline\\Pipeline::carry():184}:185}()
#55 /home/yamojr/devyamo/SchoolofNursing/edusaas/vendor/laravel/framework/src/Illuminate/Foundation/Http/Middleware/TrimStrings.php(51): Illuminate\\Foundation\\Http\\Middleware\\TransformsRequest->handle()
#56 /home/yamojr/devyamo/SchoolofNursing/edusaas/vendor/laravel/framework/src/Illuminate/Pipeline/Pipeline.php(209): Illuminate\\Foundation\\Http\\Middleware\\TrimStrings->handle()
#57 /home/yamojr/devyamo/SchoolofNursing/edusaas/vendor/laravel/framework/src/Illuminate/Http/Middleware/ValidatePostSize.php(27): Illuminate\\Pipeline\\Pipeline->{closure:{closure:Illuminate\\Pipeline\\Pipeline::carry():184}:185}()
#58 /home/yamojr/devyamo/SchoolofNursing/edusaas/vendor/laravel/framework/src/Illuminate/Pipeline/Pipeline.php(209): Illuminate\\Http\\Middleware\\ValidatePostSize->handle()
#59 /home/yamojr/devyamo/SchoolofNursing/edusaas/vendor/laravel/framework/src/Illuminate/Foundation/Http/Middleware/PreventRequestsDuringMaintenance.php(110): Illuminate\\Pipeline\\Pipeline->{closure:{closure:Illuminate\\Pipeline\\Pipeline::carry():184}:185}()
#60 /home/yamojr/devyamo/SchoolofNursing/edusaas/vendor/laravel/framework/src/Illuminate/Pipeline/Pipeline.php(209): Illuminate\\Foundation\\Http\\Middleware\\PreventRequestsDuringMaintenance->handle()
#61 /home/yamojr/devyamo/SchoolofNursing/edusaas/vendor/laravel/framework/src/Illuminate/Http/Middleware/HandleCors.php(49): Illuminate\\Pipeline\\Pipeline->{closure:{closure:Illuminate\\Pipeline\\Pipeline::carry():184}:185}()
#62 /home/yamojr/devyamo/SchoolofNursing/edusaas/vendor/laravel/framework/src/Illuminate/Pipeline/Pipeline.php(209): Illuminate\\Http\\Middleware\\HandleCors->handle()
#63 /home/yamojr/devyamo/SchoolofNursing/edusaas/vendor/laravel/framework/src/Illuminate/Http/Middleware/TrustProxies.php(58): Illuminate\\Pipeline\\Pipeline->{closure:{closure:Illuminate\\Pipeline\\Pipeline::carry():184}:185}()
#64 /home/yamojr/devyamo/SchoolofNursing/edusaas/vendor/laravel/framework/src/Illuminate/Pipeline/Pipeline.php(209): Illuminate\\Http\\Middleware\\TrustProxies->handle()
#65 /home/yamojr/devyamo/SchoolofNursing/edusaas/vendor/laravel/framework/src/Illuminate/Foundation/Http/Middleware/InvokeDeferredCallbacks.php(22): Illuminate\\Pipeline\\Pipeline->{closure:{closure:Illuminate\\Pipeline\\Pipeline::carry():184}:185}()
#66 /home/yamojr/devyamo/SchoolofNursing/edusaas/vendor/laravel/framework/src/Illuminate/Pipeline/Pipeline.php(209): Illuminate\\Foundation\\Http\\Middleware\\InvokeDeferredCallbacks->handle()
#67 /home/yamojr/devyamo/SchoolofNursing/edusaas/vendor/laravel/framework/src/Illuminate/Pipeline/Pipeline.php(127): Illuminate\\Pipeline\\Pipeline->{closure:{closure:Illuminate\\Pipeline\\Pipeline::carry():184}:185}()
#68 /home/yamojr/devyamo/SchoolofNursing/edusaas/vendor/laravel/framework/src/Illuminate/Foundation/Http/Kernel.php(176): Illuminate\\Pipeline\\Pipeline->then()
#69 /home/yamojr/devyamo/SchoolofNursing/edusaas/vendor/laravel/framework/src/Illuminate/Foundation/Http/Kernel.php(145): Illuminate\\Foundation\\Http\\Kernel->sendRequestThroughRouter()
#70 /home/yamojr/devyamo/SchoolofNursing/edusaas/vendor/laravel/framework/src/Illuminate/Foundation/Application.php(1220): Illuminate\\Foundation\\Http\\Kernel->handle()
#71 /home/yamojr/devyamo/SchoolofNursing/edusaas/public/index.php(19): Illuminate\\Foundation\\Application->handleRequest()
#72 /home/yamojr/devyamo/SchoolofNursing/edusaas/vendor/laravel/framework/src/Illuminate/Foundation/resources/server.php(23): require_once('...')
#73 {main}

[previous exception] [object] (PDOException(code: HY000): SQLSTATE[HY000]: General error: 1364 Field 'date_of_birth' doesn't have a default value at /home/yamojr/devyamo/SchoolofNursing/edusaas/vendor/laravel/framework/src/Illuminate/Database/MySqlConnection.php:53)
[stacktrace]
#0 /home/yamojr/devyamo/SchoolofNursing/edusaas/vendor/laravel/framework/src/Illuminate/Database/MySqlConnection.php(53): PDOStatement->execute()
#1 /home/yamojr/devyamo/SchoolofNursing/edusaas/vendor/laravel/framework/src/Illuminate/Database/Connection.php(812): Illuminate\\Database\\MySqlConnection->{closure:Illuminate\\Database\\MySqlConnection::insert():42}()
#2 /home/yamojr/devyamo/SchoolofNursing/edusaas/vendor/laravel/framework/src/Illuminate/Database/Connection.php(779): Illuminate\\Database\\Connection->runQueryCallback()
#3 /home/yamojr/devyamo/SchoolofNursing/edusaas/vendor/laravel/framework/src/Illuminate/Database/MySqlConnection.php(42): Illuminate\\Database\\Connection->run()
#4 /home/yamojr/devyamo/SchoolofNursing/edusaas/vendor/laravel/framework/src/Illuminate/Database/Query/Processors/MySqlProcessor.php(35): Illuminate\\Database\\MySqlConnection->insert()
#5 /home/yamojr/devyamo/SchoolofNursing/edusaas/vendor/laravel/framework/src/Illuminate/Database/Query/Builder.php(3766): Illuminate\\Database\\Query\\Processors\\MySqlProcessor->processInsertGetId()
#6 /home/yamojr/devyamo/SchoolofNursing/edusaas/vendor/laravel/framework/src/Illuminate/Database/Eloquent/Builder.php(2120): Illuminate\\Database\\Query\\Builder->insertGetId()
#7 /home/yamojr/devyamo/SchoolofNursing/edusaas/vendor/laravel/framework/src/Illuminate/Database/Eloquent/Model.php(1359): Illuminate\\Database\\Eloquent\\Builder->__call()
#8 /home/yamojr/devyamo/SchoolofNursing/edusaas/vendor/laravel/framework/src/Illuminate/Database/Eloquent/Model.php(1324): Illuminate\\Database\\Eloquent\\Model->insertAndSetId()
#9 /home/yamojr/devyamo/SchoolofNursing/edusaas/vendor/laravel/framework/src/Illuminate/Database/Eloquent/Model.php(1163): Illuminate\\Database\\Eloquent\\Model->performInsert()
#10 /home/yamojr/devyamo/SchoolofNursing/edusaas/vendor/laravel/framework/src/Illuminate/Database/Eloquent/Builder.php(1128): Illuminate\\Database\\Eloquent\\Model->save()
#11 /home/yamojr/devyamo/SchoolofNursing/edusaas/vendor/laravel/framework/src/Illuminate/Support/helpers.php(399): Illuminate\\Database\\Eloquent\\Builder->{closure:Illuminate\\Database\\Eloquent\\Builder::create():1127}()
#12 /home/yamojr/devyamo/SchoolofNursing/edusaas/vendor/laravel/framework/src/Illuminate/Database/Eloquent/Builder.php(1127): tap()
#13 /home/yamojr/devyamo/SchoolofNursing/edusaas/vendor/laravel/framework/src/Illuminate/Support/Traits/ForwardsCalls.php(23): Illuminate\\Database\\Eloquent\\Builder->create()
#14 /home/yamojr/devyamo/SchoolofNursing/edusaas/vendor/laravel/framework/src/Illuminate/Database/Eloquent/Model.php(2372): Illuminate\\Database\\Eloquent\\Model->forwardCallTo()
#15 /home/yamojr/devyamo/SchoolofNursing/edusaas/vendor/laravel/framework/src/Illuminate/Database/Eloquent/Model.php(2384): Illuminate\\Database\\Eloquent\\Model->__call()
#16 /home/yamojr/devyamo/SchoolofNursing/edusaas/app/Http/Controllers/HOD/DashboardController.php(140): Illuminate\\Database\\Eloquent\\Model::__callStatic()
#17 /home/yamojr/devyamo/SchoolofNursing/edusaas/vendor/laravel/framework/src/Illuminate/Routing/Controller.php(54): App\\Http\\Controllers\\HOD\\DashboardController->clearanceApprove()
#18 /home/yamojr/devyamo/SchoolofNursing/edusaas/vendor/laravel/framework/src/Illuminate/Routing/ControllerDispatcher.php(44): Illuminate\\Routing\\Controller->callAction()
#19 /home/yamojr/devyamo/SchoolofNursing/edusaas/vendor/laravel/framework/src/Illuminate/Routing/Route.php(266): Illuminate\\Routing\\ControllerDispatcher->dispatch()
#20 /home/yamojr/devyamo/SchoolofNursing/edusaas/vendor/laravel/framework/src/Illuminate/Routing/Route.php(212): Illuminate\\Routing\\Route->runController()
#21 /home/yamojr/devyamo/SchoolofNursing/edusaas/vendor/laravel/framework/src/Illuminate/Routing/Router.php(808): Illuminate\\Routing\\Route->run()
#22 /home/yamojr/devyamo/SchoolofNursing/edusaas/vendor/laravel/framework/src/Illuminate/Pipeline/Pipeline.php(170): Illuminate\\Routing\\Router->{closure:Illuminate\\Routing\\Router::runRouteWithinStack():807}()
#23 /home/yamojr/devyamo/SchoolofNursing/edusaas/vendor/spatie/laravel-permission/src/Middleware/RoleMiddleware.php(37): Illuminate\\Pipeline\\Pipeline->{closure:Illuminate\\Pipeline\\Pipeline::prepareDestination():168}()
#24 /home/yamojr/devyamo/SchoolofNursing/edusaas/vendor/laravel/framework/src/Illuminate/Pipeline/Pipeline.php(209): Spatie\\Permission\\Middleware\\RoleMiddleware->handle()
#25 /home/yamojr/devyamo/SchoolofNursing/edusaas/app/Http/Middleware/EnsureTenantAccess.php(26): Illuminate\\Pipeline\\Pipeline->{closure:{closure:Illuminate\\Pipeline\\Pipeline::carry():184}:185}()
#26 /home/yamojr/devyamo/SchoolofNursing/edusaas/vendor/laravel/framework/src/Illuminate/Pipeline/Pipeline.php(209): App\\Http\\Middleware\\EnsureTenantAccess->handle()
#27 /home/yamojr/devyamo/SchoolofNursing/edusaas/app/Http/Middleware/IdentifyTenant.php(39): Illuminate\\Pipeline\\Pipeline->{closure:{closure:Illuminate\\Pipeline\\Pipeline::carry():184}:185}()
#28 /home/yamojr/devyamo/SchoolofNursing/edusaas/vendor/laravel/framework/src/Illuminate/Pipeline/Pipeline.php(209): App\\Http\\Middleware\\IdentifyTenant->handle()
#29 /home/yamojr/devyamo/SchoolofNursing/edusaas/vendor/inertiajs/inertia-laravel/src/Middleware.php(122): Illuminate\\Pipeline\\Pipeline->{closure:{closure:Illuminate\\Pipeline\\Pipeline::carry():184}:185}()
#30 /home/yamojr/devyamo/SchoolofNursing/edusaas/vendor/laravel/framework/src/Illuminate/Pipeline/Pipeline.php(209): Inertia\\Middleware->handle()
#31 /home/yamojr/devyamo/SchoolofNursing/edusaas/vendor/laravel/framework/src/Illuminate/Routing/Middleware/SubstituteBindings.php(51): Illuminate\\Pipeline\\Pipeline->{closure:{closure:Illuminate\\Pipeline\\Pipeline::carry():184}:185}()
#32 /home/yamojr/devyamo/SchoolofNursing/edusaas/vendor/laravel/framework/src/Illuminate/Pipeline/Pipeline.php(209): Illuminate\\Routing\\Middleware\\SubstituteBindings->handle()
#33 /home/yamojr/devyamo/SchoolofNursing/edusaas/vendor/laravel/framework/src/Illuminate/Auth/Middleware/Authenticate.php(64): Illuminate\\Pipeline\\Pipeline->{closure:{closure:Illuminate\\Pipeline\\Pipeline::carry():184}:185}()
#34 /home/yamojr/devyamo/SchoolofNursing/edusaas/vendor/laravel/framework/src/Illuminate/Pipeline/Pipeline.php(209): Illuminate\\Auth\\Middleware\\Authenticate->handle()
#35 /home/yamojr/devyamo/SchoolofNursing/edusaas/vendor/laravel/framework/src/Illuminate/Foundation/Http/Middleware/VerifyCsrfToken.php(88): Illuminate\\Pipeline\\Pipeline->{closure:{closure:Illuminate\\Pipeline\\Pipeline::carry():184}:185}()
#36 /home/yamojr/devyamo/SchoolofNursing/edusaas/vendor/laravel/framework/src/Illuminate/Pipeline/Pipeline.php(209): Illuminate\\Foundation\\Http\\Middleware\\VerifyCsrfToken->handle()
#37 /home/yamojr/devyamo/SchoolofNursing/edusaas/vendor/laravel/framework/src/Illuminate/View/Middleware/ShareErrorsFromSession.php(49): Illuminate\\Pipeline\\Pipeline->{closure:{closure:Illuminate\\Pipeline\\Pipeline::carry():184}:185}()
#38 /home/yamojr/devyamo/SchoolofNursing/edusaas/vendor/laravel/framework/src/Illuminate/Pipeline/Pipeline.php(209): Illuminate\\View\\Middleware\\ShareErrorsFromSession->handle()
#39 /home/yamojr/devyamo/SchoolofNursing/edusaas/vendor/laravel/framework/src/Illuminate/Session/Middleware/StartSession.php(121): Illuminate\\Pipeline\\Pipeline->{closure:{closure:Illuminate\\Pipeline\\Pipeline::carry():184}:185}()
#40 /home/yamojr/devyamo/SchoolofNursing/edusaas/vendor/laravel/framework/src/Illuminate/Session/Middleware/StartSession.php(64): Illuminate\\Session\\Middleware\\StartSession->handleStatefulRequest()
#41 /home/yamojr/devyamo/SchoolofNursing/edusaas/vendor/laravel/framework/src/Illuminate/Pipeline/Pipeline.php(209): Illuminate\\Session\\Middleware\\StartSession->handle()
#42 /home/yamojr/devyamo/SchoolofNursing/edusaas/vendor/laravel/framework/src/Illuminate/Cookie/Middleware/AddQueuedCookiesToResponse.php(37): Illuminate\\Pipeline\\Pipeline->{closure:{closure:Illuminate\\Pipeline\\Pipeline::carry():184}:185}()
#43 /home/yamojr/devyamo/SchoolofNursing/edusaas/vendor/laravel/framework/src/Illuminate/Pipeline/Pipeline.php(209): Illuminate\\Cookie\\Middleware\\AddQueuedCookiesToResponse->handle()
#44 /home/yamojr/devyamo/SchoolofNursing/edusaas/vendor/laravel/framework/src/Illuminate/Cookie/Middleware/EncryptCookies.php(75): Illuminate\\Pipeline\\Pipeline->{closure:{closure:Illuminate\\Pipeline\\Pipeline::carry():184}:185}()
#45 /home/yamojr/devyamo/SchoolofNursing/edusaas/vendor/laravel/framework/src/Illuminate/Pipeline/Pipeline.php(209): Illuminate\\Cookie\\Middleware\\EncryptCookies->handle()
#46 /home/yamojr/devyamo/SchoolofNursing/edusaas/vendor/laravel/framework/src/Illuminate/Pipeline/Pipeline.php(127): Illuminate\\Pipeline\\Pipeline->{closure:{closure:Illuminate\\Pipeline\\Pipeline::carry():184}:185}()
#47 /home/yamojr/devyamo/SchoolofNursing/edusaas/vendor/laravel/framework/src/Illuminate/Routing/Router.php(807): Illuminate\\Pipeline\\Pipeline->then()
#48 /home/yamojr/devyamo/SchoolofNursing/edusaas/vendor/laravel/framework/src/Illuminate/Routing/Router.php(786): Illuminate\\Routing\\Router->runRouteWithinStack()
#49 /home/yamojr/devyamo/SchoolofNursing/edusaas/vendor/laravel/framework/src/Illuminate/Routing/Router.php(750): Illuminate\\Routing\\Router->runRoute()
#50 /home/yamojr/devyamo/SchoolofNursing/edusaas/vendor/laravel/framework/src/Illuminate/Routing/Router.php(739): Illuminate\\Routing\\Router->dispatchToRoute()
#51 /home/yamojr/devyamo/SchoolofNursing/edusaas/vendor/laravel/framework/src/Illuminate/Foundation/Http/Kernel.php(201): Illuminate\\Routing\\Router->dispatch()
#52 /home/yamojr/devyamo/SchoolofNursing/edusaas/vendor/laravel/framework/src/Illuminate/Pipeline/Pipeline.php(170): Illuminate\\Foundation\\Http\\Kernel->{closure:Illuminate\\Foundation\\Http\\Kernel::dispatchToRouter():198}()
#53 /home/yamojr/devyamo/SchoolofNursing/edusaas/vendor/laravel/framework/src/Illuminate/Foundation/Http/Middleware/TransformsRequest.php(21): Illuminate\\Pipeline\\Pipeline->{closure:Illuminate\\Pipeline\\Pipeline::prepareDestination():168}()
#54 /home/yamojr/devyamo/SchoolofNursing/edusaas/vendor/laravel/framework/src/Illuminate/Foundation/Http/Middleware/ConvertEmptyStringsToNull.php(31): Illuminate\\Foundation\\Http\\Middleware\\TransformsRequest->handle()
#55 /home/yamojr/devyamo/SchoolofNursing/edusaas/vendor/laravel/framework/src/Illuminate/Pipeline/Pipeline.php(209): Illuminate\\Foundation\\Http\\Middleware\\ConvertEmptyStringsToNull->handle()
#56 /home/yamojr/devyamo/SchoolofNursing/edusaas/vendor/laravel/framework/src/Illuminate/Foundation/Http/Middleware/TransformsRequest.php(21): Illuminate\\Pipeline\\Pipeline->{closure:{closure:Illuminate\\Pipeline\\Pipeline::carry():184}:185}()
#57 /home/yamojr/devyamo/SchoolofNursing/edusaas/vendor/laravel/framework/src/Illuminate/Foundation/Http/Middleware/TrimStrings.php(51): Illuminate\\Foundation\\Http\\Middleware\\TransformsRequest->handle()
#58 /home/yamojr/devyamo/SchoolofNursing/edusaas/vendor/laravel/framework/src/Illuminate/Pipeline/Pipeline.php(209): Illuminate\\Foundation\\Http\\Middleware\\TrimStrings->handle()
#59 /home/yamojr/devyamo/SchoolofNursing/edusaas/vendor/laravel/framework/src/Illuminate/Http/Middleware/ValidatePostSize.php(27): Illuminate\\Pipeline\\Pipeline->{closure:{closure:Illuminate\\Pipeline\\Pipeline::carry():184}:185}()
#60 /home/yamojr/devyamo/SchoolofNursing/edusaas/vendor/laravel/framework/src/Illuminate/Pipeline/Pipeline.php(209): Illuminate\\Http\\Middleware\\ValidatePostSize->handle()
#61 /home/yamojr/devyamo/SchoolofNursing/edusaas/vendor/laravel/framework/src/Illuminate/Foundation/Http/Middleware/PreventRequestsDuringMaintenance.php(110): Illuminate\\Pipeline\\Pipeline->{closure:{closure:Illuminate\\Pipeline\\Pipeline::carry():184}:185}()
#62 /home/yamojr/devyamo/SchoolofNursing/edusaas/vendor/laravel/framework/src/Illuminate/Pipeline/Pipeline.php(209): Illuminate\\Foundation\\Http\\Middleware\\PreventRequestsDuringMaintenance->handle()
#63 /home/yamojr/devyamo/SchoolofNursing/edusaas/vendor/laravel/framework/src/Illuminate/Http/Middleware/HandleCors.php(49): Illuminate\\Pipeline\\Pipeline->{closure:{closure:Illuminate\\Pipeline\\Pipeline::carry():184}:185}()
#64 /home/yamojr/devyamo/SchoolofNursing/edusaas/vendor/laravel/framework/src/Illuminate/Pipeline/Pipeline.php(209): Illuminate\\Http\\Middleware\\HandleCors->handle()
#65 /home/yamojr/devyamo/SchoolofNursing/edusaas/vendor/laravel/framework/src/Illuminate/Http/Middleware/TrustProxies.php(58): Illuminate\\Pipeline\\Pipeline->{closure:{closure:Illuminate\\Pipeline\\Pipeline::carry():184}:185}()
#66 /home/yamojr/devyamo/SchoolofNursing/edusaas/vendor/laravel/framework/src/Illuminate/Pipeline/Pipeline.php(209): Illuminate\\Http\\Middleware\\TrustProxies->handle()
#67 /home/yamojr/devyamo/SchoolofNursing/edusaas/vendor/laravel/framework/src/Illuminate/Foundation/Http/Middleware/InvokeDeferredCallbacks.php(22): Illuminate\\Pipeline\\Pipeline->{closure:{closure:Illuminate\\Pipeline\\Pipeline::carry():184}:185}()
#68 /home/yamojr/devyamo/SchoolofNursing/edusaas/vendor/laravel/framework/src/Illuminate/Pipeline/Pipeline.php(209): Illuminate\\Foundation\\Http\\Middleware\\InvokeDeferredCallbacks->handle()
#69 /home/yamojr/devyamo/SchoolofNursing/edusaas/vendor/laravel/framework/src/Illuminate/Pipeline/Pipeline.php(127): Illuminate\\Pipeline\\Pipeline->{closure:{closure:Illuminate\\Pipeline\\Pipeline::carry():184}:185}()
#70 /home/yamojr/devyamo/SchoolofNursing/edusaas/vendor/laravel/framework/src/Illuminate/Foundation/Http/Kernel.php(176): Illuminate\\Pipeline\\Pipeline->then()
#71 /home/yamojr/devyamo/SchoolofNursing/edusaas/vendor/laravel/framework/src/Illuminate/Foundation/Http/Kernel.php(145): Illuminate\\Foundation\\Http\\Kernel->sendRequestThroughRouter()
#72 /home/yamojr/devyamo/SchoolofNursing/edusaas/vendor/laravel/framework/src/Illuminate/Foundation/Application.php(1220): Illuminate\\Foundation\\Http\\Kernel->handle()
#73 /home/yamojr/devyamo/SchoolofNursing/edusaas/public/index.php(19): Illuminate\\Foundation\\Application->handleRequest()
#74 /home/yamojr/devyamo/SchoolofNursing/edusaas/vendor/laravel/framework/src/Illuminate/Foundation/resources/server.php(23): require_once('...')
#75 {main}
"} 
