[2026-05-18 01:32:03] local.ERROR: SQLSTATE[42S22]: Column not found: 1054 Unknown column 'audience_type' in 'where clause' (Connection: mysql, SQL: select count(*) as aggregate from `announcements` where `tenant_id` = 1 and `audience_type` = custom and `announcements`.`deleted_at` is null and `announcements`.`tenant_id` = 1) {"userId":4,"exception":"[object] (Illuminate\\Database\\QueryException(code: 42S22): SQLSTATE[42S22]: Column not found: 1054 Unknown column 'audience_type' in 'where clause' (Connection: mysql, SQL: select count(*) as aggregate from `announcements` where `tenant_id` = 1 and `audience_type` = custom and `announcements`.`deleted_at` is null and `announcements`.`tenant_id` = 1) at /home/yamojr/devyamo/SchoolofNursing/edusaas/vendor/laravel/framework/src/Illuminate/Database/Connection.php:825)
[stacktrace]
#0 /home/yamojr/devyamo/SchoolofNursing/edusaas/vendor/laravel/framework/src/Illuminate/Database/Connection.php(779): Illuminate\\Database\\Connection->runQueryCallback()
#1 /home/yamojr/devyamo/SchoolofNursing/edusaas/vendor/laravel/framework/src/Illuminate/Database/Connection.php(398): Illuminate\\Database\\Connection->run()
#2 /home/yamojr/devyamo/SchoolofNursing/edusaas/vendor/laravel/framework/src/Illuminate/Database/Query/Builder.php(3106): Illuminate\\Database\\Connection->select()
#3 /home/yamojr/devyamo/SchoolofNursing/edusaas/vendor/laravel/framework/src/Illuminate/Database/Query/Builder.php(3091): Illuminate\\Database\\Query\\Builder->runSelect()
#4 /home/yamojr/devyamo/SchoolofNursing/edusaas/vendor/laravel/framework/src/Illuminate/Database/Query/Builder.php(3676): Illuminate\\Database\\Query\\Builder->{closure:Illuminate\\Database\\Query\\Builder::get():3090}()
#5 /home/yamojr/devyamo/SchoolofNursing/edusaas/vendor/laravel/framework/src/Illuminate/Database/Query/Builder.php(3090): Illuminate\\Database\\Query\\Builder->onceWithColumns()
#6 /home/yamojr/devyamo/SchoolofNursing/edusaas/vendor/laravel/framework/src/Illuminate/Database/Query/Builder.php(3285): Illuminate\\Database\\Query\\Builder->get()
#7 /home/yamojr/devyamo/SchoolofNursing/edusaas/vendor/laravel/framework/src/Illuminate/Database/Query/Builder.php(3244): Illuminate\\Database\\Query\\Builder->runPaginationCountQuery()
#8 /home/yamojr/devyamo/SchoolofNursing/edusaas/vendor/laravel/framework/src/Illuminate/Database/Eloquent/Builder.php(1029): Illuminate\\Database\\Query\\Builder->getCountForPagination()
#9 /home/yamojr/devyamo/SchoolofNursing/edusaas/app/Http/Controllers/AdmissionOfficer/AdmissionController.php(113): Illuminate\\Database\\Eloquent\\Builder->paginate()
#10 /home/yamojr/devyamo/SchoolofNursing/edusaas/vendor/laravel/framework/src/Illuminate/Routing/Controller.php(54): App\\Http\\Controllers\\AdmissionOfficer\\AdmissionController->announcementsIndex()
#11 /home/yamojr/devyamo/SchoolofNursing/edusaas/vendor/laravel/framework/src/Illuminate/Routing/ControllerDispatcher.php(44): Illuminate\\Routing\\Controller->callAction()
#12 /home/yamojr/devyamo/SchoolofNursing/edusaas/vendor/laravel/framework/src/Illuminate/Routing/Route.php(266): Illuminate\\Routing\\ControllerDispatcher->dispatch()
#13 /home/yamojr/devyamo/SchoolofNursing/edusaas/vendor/laravel/framework/src/Illuminate/Routing/Route.php(212): Illuminate\\Routing\\Route->runController()
#14 /home/yamojr/devyamo/SchoolofNursing/edusaas/vendor/laravel/framework/src/Illuminate/Routing/Router.php(808): Illuminate\\Routing\\Route->run()
#15 /home/yamojr/devyamo/SchoolofNursing/edusaas/vendor/laravel/framework/src/Illuminate/Pipeline/Pipeline.php(170): Illuminate\\Routing\\Router->{closure:Illuminate\\Routing\\Router::runRouteWithinStack():807}()
#16 /home/yamojr/devyamo/SchoolofNursing/edusaas/vendor/spatie/laravel-permission/src/Middleware/RoleMiddleware.php(37): Illuminate\\Pipeline\\Pipeline->{closure:Illuminate\\Pipeline\\Pipeline::prepareDestination():168}()
#17 /home/yamojr/devyamo/SchoolofNursing/edusaas/vendor/laravel/framework/src/Illuminate/Pipeline/Pipeline.php(209): Spatie\\Permission\\Middleware\\RoleMiddleware->handle()
#18 /home/yamojr/devyamo/SchoolofNursing/edusaas/app/Http/Middleware/EnsureTenantAccess.php(26): Illuminate\\Pipeline\\Pipeline->{closure:{closure:Illuminate\\Pipeline\\Pipeline::carry():184}:185}()
#19 /home/yamojr/devyamo/SchoolofNursing/edusaas/vendor/laravel/framework/src/Illuminate/Pipeline/Pipeline.php(209): App\\Http\\Middleware\\EnsureTenantAccess->handle()
#20 /home/yamojr/devyamo/SchoolofNursing/edusaas/app/Http/Middleware/IdentifyTenant.php(40): Illuminate\\Pipeline\\Pipeline->{closure:{closure:Illuminate\\Pipeline\\Pipeline::carry():184}:185}()
#21 /home/yamojr/devyamo/SchoolofNursing/edusaas/vendor/laravel/framework/src/Illuminate/Pipeline/Pipeline.php(209): App\\Http\\Middleware\\IdentifyTenant->handle()
#22 /home/yamojr/devyamo/SchoolofNursing/edusaas/vendor/inertiajs/inertia-laravel/src/Middleware.php(122): Illuminate\\Pipeline\\Pipeline->{closure:{closure:Illuminate\\Pipeline\\Pipeline::carry():184}:185}()
#23 /home/yamojr/devyamo/SchoolofNursing/edusaas/vendor/laravel/framework/src/Illuminate/Pipeline/Pipeline.php(209): Inertia\\Middleware->handle()
#24 /home/yamojr/devyamo/SchoolofNursing/edusaas/vendor/laravel/framework/src/Illuminate/Routing/Middleware/SubstituteBindings.php(51): Illuminate\\Pipeline\\Pipeline->{closure:{closure:Illuminate\\Pipeline\\Pipeline::carry():184}:185}()
#25 /home/yamojr/devyamo/SchoolofNursing/edusaas/vendor/laravel/framework/src/Illuminate/Pipeline/Pipeline.php(209): Illuminate\\Routing\\Middleware\\SubstituteBindings->handle()
#26 /home/yamojr/devyamo/SchoolofNursing/edusaas/vendor/laravel/framework/src/Illuminate/Auth/Middleware/Authenticate.php(64): Illuminate\\Pipeline\\Pipeline->{closure:{closure:Illuminate\\Pipeline\\Pipeline::carry():184}:185}()
#27 /home/yamojr/devyamo/SchoolofNursing/edusaas/vendor/laravel/framework/src/Illuminate/Pipeline/Pipeline.php(209): Illuminate\\Auth\\Middleware\\Authenticate->handle()
#28 /home/yamojr/devyamo/SchoolofNursing/edusaas/vendor/laravel/framework/src/Illuminate/Foundation/Http/Middleware/VerifyCsrfToken.php(88): Illuminate\\Pipeline\\Pipeline->{closure:{closure:Illuminate\\Pipeline\\Pipeline::carry():184}:185}()
#29 /home/yamojr/devyamo/SchoolofNursing/edusaas/vendor/laravel/framework/src/Illuminate/Pipeline/Pipeline.php(209): Illuminate\\Foundation\\Http\\Middleware\\VerifyCsrfToken->handle()
#30 /home/yamojr/devyamo/SchoolofNursing/edusaas/vendor/laravel/framework/src/Illuminate/View/Middleware/ShareErrorsFromSession.php(49): Illuminate\\Pipeline\\Pipeline->{closure:{closure:Illuminate\\Pipeline\\Pipeline::carry():184}:185}()
#31 /home/yamojr/devyamo/SchoolofNursing/edusaas/vendor/laravel/framework/src/Illuminate/Pipeline/Pipeline.php(209): Illuminate\\View\\Middleware\\ShareErrorsFromSession->handle()
#32 /home/yamojr/devyamo/SchoolofNursing/edusaas/vendor/laravel/framework/src/Illuminate/Session/Middleware/StartSession.php(121): Illuminate\\Pipeline\\Pipeline->{closure:{closure:Illuminate\\Pipeline\\Pipeline::carry():184}:185}()
#33 /home/yamojr/devyamo/SchoolofNursing/edusaas/vendor/laravel/framework/src/Illuminate/Session/Middleware/StartSession.php(64): Illuminate\\Session\\Middleware\\StartSession->handleStatefulRequest()
#34 /home/yamojr/devyamo/SchoolofNursing/edusaas/vendor/laravel/framework/src/Illuminate/Pipeline/Pipeline.php(209): Illuminate\\Session\\Middleware\\StartSession->handle()
#35 /home/yamojr/devyamo/SchoolofNursing/edusaas/vendor/laravel/framework/src/Illuminate/Cookie/Middleware/AddQueuedCookiesToResponse.php(37): Illuminate\\Pipeline\\Pipeline->{closure:{closure:Illuminate\\Pipeline\\Pipeline::carry():184}:185}()
#36 /home/yamojr/devyamo/SchoolofNursing/edusaas/vendor/laravel/framework/src/Illuminate/Pipeline/Pipeline.php(209): Illuminate\\Cookie\\Middleware\\AddQueuedCookiesToResponse->handle()
#37 /home/yamojr/devyamo/SchoolofNursing/edusaas/vendor/laravel/framework/src/Illuminate/Cookie/Middleware/EncryptCookies.php(75): Illuminate\\Pipeline\\Pipeline->{closure:{closure:Illuminate\\Pipeline\\Pipeline::carry():184}:185}()
#38 /home/yamojr/devyamo/SchoolofNursing/edusaas/vendor/laravel/framework/src/Illuminate/Pipeline/Pipeline.php(209): Illuminate\\Cookie\\Middleware\\EncryptCookies->handle()
#39 /home/yamojr/devyamo/SchoolofNursing/edusaas/vendor/laravel/framework/src/Illuminate/Pipeline/Pipeline.php(127): Illuminate\\Pipeline\\Pipeline->{closure:{closure:Illuminate\\Pipeline\\Pipeline::carry():184}:185}()
#40 /home/yamojr/devyamo/SchoolofNursing/edusaas/vendor/laravel/framework/src/Illuminate/Routing/Router.php(807): Illuminate\\Pipeline\\Pipeline->then()
#41 /home/yamojr/devyamo/SchoolofNursing/edusaas/vendor/laravel/framework/src/Illuminate/Routing/Router.php(786): Illuminate\\Routing\\Router->runRouteWithinStack()
#42 /home/yamojr/devyamo/SchoolofNursing/edusaas/vendor/laravel/framework/src/Illuminate/Routing/Router.php(750): Illuminate\\Routing\\Router->runRoute()
#43 /home/yamojr/devyamo/SchoolofNursing/edusaas/vendor/laravel/framework/src/Illuminate/Routing/Router.php(739): Illuminate\\Routing\\Router->dispatchToRoute()
#44 /home/yamojr/devyamo/SchoolofNursing/edusaas/vendor/laravel/framework/src/Illuminate/Foundation/Http/Kernel.php(201): Illuminate\\Routing\\Router->dispatch()
#45 /home/yamojr/devyamo/SchoolofNursing/edusaas/vendor/laravel/framework/src/Illuminate/Pipeline/Pipeline.php(170): Illuminate\\Foundation\\Http\\Kernel->{closure:Illuminate\\Foundation\\Http\\Kernel::dispatchToRouter():198}()
#46 /home/yamojr/devyamo/SchoolofNursing/edusaas/vendor/laravel/framework/src/Illuminate/Foundation/Http/Middleware/TransformsRequest.php(21): Illuminate\\Pipeline\\Pipeline->{closure:Illuminate\\Pipeline\\Pipeline::prepareDestination():168}()
#47 /home/yamojr/devyamo/SchoolofNursing/edusaas/vendor/laravel/framework/src/Illuminate/Foundation/Http/Middleware/ConvertEmptyStringsToNull.php(31): Illuminate\\Foundation\\Http\\Middleware\\TransformsRequest->handle()
#48 /home/yamojr/devyamo/SchoolofNursing/edusaas/vendor/laravel/framework/src/Illuminate/Pipeline/Pipeline.php(209): Illuminate\\Foundation\\Http\\Middleware\\ConvertEmptyStringsToNull->handle()
#49 /home/yamojr/devyamo/SchoolofNursing/edusaas/vendor/laravel/framework/src/Illuminate/Foundation/Http/Middleware/TransformsRequest.php(21): Illuminate\\Pipeline\\Pipeline->{closure:{closure:Illuminate\\Pipeline\\Pipeline::carry():184}:185}()
#50 /home/yamojr/devyamo/SchoolofNursing/edusaas/vendor/laravel/framework/src/Illuminate/Foundation/Http/Middleware/TrimStrings.php(51): Illuminate\\Foundation\\Http\\Middleware\\TransformsRequest->handle()
#51 /home/yamojr/devyamo/SchoolofNursing/edusaas/vendor/laravel/framework/src/Illuminate/Pipeline/Pipeline.php(209): Illuminate\\Foundation\\Http\\Middleware\\TrimStrings->handle()
#52 /home/yamojr/devyamo/SchoolofNursing/edusaas/vendor/laravel/framework/src/Illuminate/Http/Middleware/ValidatePostSize.php(27): Illuminate\\Pipeline\\Pipeline->{closure:{closure:Illuminate\\Pipeline\\Pipeline::carry():184}:185}()
#53 /home/yamojr/devyamo/SchoolofNursing/edusaas/vendor/laravel/framework/src/Illuminate/Pipeline/Pipeline.php(209): Illuminate\\Http\\Middleware\\ValidatePostSize->handle()
#54 /home/yamojr/devyamo/SchoolofNursing/edusaas/vendor/laravel/framework/src/Illuminate/Foundation/Http/Middleware/PreventRequestsDuringMaintenance.php(110): Illuminate\\Pipeline\\Pipeline->{closure:{closure:Illuminate\\Pipeline\\Pipeline::carry():184}:185}()
#55 /home/yamojr/devyamo/SchoolofNursing/edusaas/vendor/laravel/framework/src/Illuminate/Pipeline/Pipeline.php(209): Illuminate\\Foundation\\Http\\Middleware\\PreventRequestsDuringMaintenance->handle()
#56 /home/yamojr/devyamo/SchoolofNursing/edusaas/vendor/laravel/framework/src/Illuminate/Http/Middleware/HandleCors.php(49): Illuminate\\Pipeline\\Pipeline->{closure:{closure:Illuminate\\Pipeline\\Pipeline::carry():184}:185}()
#57 /home/yamojr/devyamo/SchoolofNursing/edusaas/vendor/laravel/framework/src/Illuminate/Pipeline/Pipeline.php(209): Illuminate\\Http\\Middleware\\HandleCors->handle()
#58 /home/yamojr/devyamo/SchoolofNursing/edusaas/vendor/laravel/framework/src/Illuminate/Http/Middleware/TrustProxies.php(58): Illuminate\\Pipeline\\Pipeline->{closure:{closure:Illuminate\\Pipeline\\Pipeline::carry():184}:185}()
#59 /home/yamojr/devyamo/SchoolofNursing/edusaas/vendor/laravel/framework/src/Illuminate/Pipeline/Pipeline.php(209): Illuminate\\Http\\Middleware\\TrustProxies->handle()
#60 /home/yamojr/devyamo/SchoolofNursing/edusaas/vendor/laravel/framework/src/Illuminate/Foundation/Http/Middleware/InvokeDeferredCallbacks.php(22): Illuminate\\Pipeline\\Pipeline->{closure:{closure:Illuminate\\Pipeline\\Pipeline::carry():184}:185}()
#61 /home/yamojr/devyamo/SchoolofNursing/edusaas/vendor/laravel/framework/src/Illuminate/Pipeline/Pipeline.php(209): Illuminate\\Foundation\\Http\\Middleware\\InvokeDeferredCallbacks->handle()
#62 /home/yamojr/devyamo/SchoolofNursing/edusaas/vendor/laravel/framework/src/Illuminate/Pipeline/Pipeline.php(127): Illuminate\\Pipeline\\Pipeline->{closure:{closure:Illuminate\\Pipeline\\Pipeline::carry():184}:185}()
#63 /home/yamojr/devyamo/SchoolofNursing/edusaas/vendor/laravel/framework/src/Illuminate/Foundation/Http/Kernel.php(176): Illuminate\\Pipeline\\Pipeline->then()
#64 /home/yamojr/devyamo/SchoolofNursing/edusaas/vendor/laravel/framework/src/Illuminate/Foundation/Http/Kernel.php(145): Illuminate\\Foundation\\Http\\Kernel->sendRequestThroughRouter()
#65 /home/yamojr/devyamo/SchoolofNursing/edusaas/vendor/laravel/framework/src/Illuminate/Foundation/Application.php(1220): Illuminate\\Foundation\\Http\\Kernel->handle()
#66 /home/yamojr/devyamo/SchoolofNursing/edusaas/public/index.php(19): Illuminate\\Foundation\\Application->handleRequest()
#67 /home/yamojr/devyamo/SchoolofNursing/edusaas/vendor/laravel/framework/src/Illuminate/Foundation/resources/server.php(23): require_once('...')
#68 {main}

[previous exception] [object] (PDOException(code: 42S22): SQLSTATE[42S22]: Column not found: 1054 Unknown column 'audience_type' in 'where clause' at /home/yamojr/devyamo/SchoolofNursing/edusaas/vendor/laravel/framework/src/Illuminate/Database/Connection.php:407)
[stacktrace]
#0 /home/yamojr/devyamo/SchoolofNursing/edusaas/vendor/laravel/framework/src/Illuminate/Database/Connection.php(407): PDO->prepare()
#1 /home/yamojr/devyamo/SchoolofNursing/edusaas/vendor/laravel/framework/src/Illuminate/Database/Connection.php(812): Illuminate\\Database\\Connection->{closure:Illuminate\\Database\\Connection::select():398}()
#2 /home/yamojr/devyamo/SchoolofNursing/edusaas/vendor/laravel/framework/src/Illuminate/Database/Connection.php(779): Illuminate\\Database\\Connection->runQueryCallback()
#3 /home/yamojr/devyamo/SchoolofNursing/edusaas/vendor/laravel/framework/src/Illuminate/Database/Connection.php(398): Illuminate\\Database\\Connection->run()
#4 /home/yamojr/devyamo/SchoolofNursing/edusaas/vendor/laravel/framework/src/Illuminate/Database/Query/Builder.php(3106): Illuminate\\Database\\Connection->select()
#5 /home/yamojr/devyamo/SchoolofNursing/edusaas/vendor/laravel/framework/src/Illuminate/Database/Query/Builder.php(3091): Illuminate\\Database\\Query\\Builder->runSelect()
#6 /home/yamojr/devyamo/SchoolofNursing/edusaas/vendor/laravel/framework/src/Illuminate/Database/Query/Builder.php(3676): Illuminate\\Database\\Query\\Builder->{closure:Illuminate\\Database\\Query\\Builder::get():3090}()
#7 /home/yamojr/devyamo/SchoolofNursing/edusaas/vendor/laravel/framework/src/Illuminate/Database/Query/Builder.php(3090): Illuminate\\Database\\Query\\Builder->onceWithColumns()
#8 /home/yamojr/devyamo/SchoolofNursing/edusaas/vendor/laravel/framework/src/Illuminate/Database/Query/Builder.php(3285): Illuminate\\Database\\Query\\Builder->get()
#9 /home/yamojr/devyamo/SchoolofNursing/edusaas/vendor/laravel/framework/src/Illuminate/Database/Query/Builder.php(3244): Illuminate\\Database\\Query\\Builder->runPaginationCountQuery()
#10 /home/yamojr/devyamo/SchoolofNursing/edusaas/vendor/laravel/framework/src/Illuminate/Database/Eloquent/Builder.php(1029): Illuminate\\Database\\Query\\Builder->getCountForPagination()
#11 /home/yamojr/devyamo/SchoolofNursing/edusaas/app/Http/Controllers/AdmissionOfficer/AdmissionController.php(113): Illuminate\\Database\\Eloquent\\Builder->paginate()
#12 /home/yamojr/devyamo/SchoolofNursing/edusaas/vendor/laravel/framework/src/Illuminate/Routing/Controller.php(54): App\\Http\\Controllers\\AdmissionOfficer\\AdmissionController->announcementsIndex()
#13 /home/yamojr/devyamo/SchoolofNursing/edusaas/vendor/laravel/framework/src/Illuminate/Routing/ControllerDispatcher.php(44): Illuminate\\Routing\\Controller->callAction()
#14 /home/yamojr/devyamo/SchoolofNursing/edusaas/vendor/laravel/framework/src/Illuminate/Routing/Route.php(266): Illuminate\\Routing\\ControllerDispatcher->dispatch()
#15 /home/yamojr/devyamo/SchoolofNursing/edusaas/vendor/laravel/framework/src/Illuminate/Routing/Route.php(212): Illuminate\\Routing\\Route->runController()
#16 /home/yamojr/devyamo/SchoolofNursing/edusaas/vendor/laravel/framework/src/Illuminate/Routing/Router.php(808): Illuminate\\Routing\\Route->run()
#17 /home/yamojr/devyamo/SchoolofNursing/edusaas/vendor/laravel/framework/src/Illuminate/Pipeline/Pipeline.php(170): Illuminate\\Routing\\Router->{closure:Illuminate\\Routing\\Router::runRouteWithinStack():807}()
#18 /home/yamojr/devyamo/SchoolofNursing/edusaas/vendor/spatie/laravel-permission/src/Middleware/RoleMiddleware.php(37): Illuminate\\Pipeline\\Pipeline->{closure:Illuminate\\Pipeline\\Pipeline::prepareDestination():168}()
#19 /home/yamojr/devyamo/SchoolofNursing/edusaas/vendor/laravel/framework/src/Illuminate/Pipeline/Pipeline.php(209): Spatie\\Permission\\Middleware\\RoleMiddleware->handle()
#20 /home/yamojr/devyamo/SchoolofNursing/edusaas/app/Http/Middleware/EnsureTenantAccess.php(26): Illuminate\\Pipeline\\Pipeline->{closure:{closure:Illuminate\\Pipeline\\Pipeline::carry():184}:185}()
#21 /home/yamojr/devyamo/SchoolofNursing/edusaas/vendor/laravel/framework/src/Illuminate/Pipeline/Pipeline.php(209): App\\Http\\Middleware\\EnsureTenantAccess->handle()
#22 /home/yamojr/devyamo/SchoolofNursing/edusaas/app/Http/Middleware/IdentifyTenant.php(40): Illuminate\\Pipeline\\Pipeline->{closure:{closure:Illuminate\\Pipeline\\Pipeline::carry():184}:185}()
#23 /home/yamojr/devyamo/SchoolofNursing/edusaas/vendor/laravel/framework/src/Illuminate/Pipeline/Pipeline.php(209): App\\Http\\Middleware\\IdentifyTenant->handle()
#24 /home/yamojr/devyamo/SchoolofNursing/edusaas/vendor/inertiajs/inertia-laravel/src/Middleware.php(122): Illuminate\\Pipeline\\Pipeline->{closure:{closure:Illuminate\\Pipeline\\Pipeline::carry():184}:185}()
#25 /home/yamojr/devyamo/SchoolofNursing/edusaas/vendor/laravel/framework/src/Illuminate/Pipeline/Pipeline.php(209): Inertia\\Middleware->handle()
#26 /home/yamojr/devyamo/SchoolofNursing/edusaas/vendor/laravel/framework/src/Illuminate/Routing/Middleware/SubstituteBindings.php(51): Illuminate\\Pipeline\\Pipeline->{closure:{closure:Illuminate\\Pipeline\\Pipeline::carry():184}:185}()
#27 /home/yamojr/devyamo/SchoolofNursing/edusaas/vendor/laravel/framework/src/Illuminate/Pipeline/Pipeline.php(209): Illuminate\\Routing\\Middleware\\SubstituteBindings->handle()
#28 /home/yamojr/devyamo/SchoolofNursing/edusaas/vendor/laravel/framework/src/Illuminate/Auth/Middleware/Authenticate.php(64): Illuminate\\Pipeline\\Pipeline->{closure:{closure:Illuminate\\Pipeline\\Pipeline::carry():184}:185}()
#29 /home/yamojr/devyamo/SchoolofNursing/edusaas/vendor/laravel/framework/src/Illuminate/Pipeline/Pipeline.php(209): Illuminate\\Auth\\Middleware\\Authenticate->handle()
#30 /home/yamojr/devyamo/SchoolofNursing/edusaas/vendor/laravel/framework/src/Illuminate/Foundation/Http/Middleware/VerifyCsrfToken.php(88): Illuminate\\Pipeline\\Pipeline->{closure:{closure:Illuminate\\Pipeline\\Pipeline::carry():184}:185}()
#31 /home/yamojr/devyamo/SchoolofNursing/edusaas/vendor/laravel/framework/src/Illuminate/Pipeline/Pipeline.php(209): Illuminate\\Foundation\\Http\\Middleware\\VerifyCsrfToken->handle()
#32 /home/yamojr/devyamo/SchoolofNursing/edusaas/vendor/laravel/framework/src/Illuminate/View/Middleware/ShareErrorsFromSession.php(49): Illuminate\\Pipeline\\Pipeline->{closure:{closure:Illuminate\\Pipeline\\Pipeline::carry():184}:185}()
#33 /home/yamojr/devyamo/SchoolofNursing/edusaas/vendor/laravel/framework/src/Illuminate/Pipeline/Pipeline.php(209): Illuminate\\View\\Middleware\\ShareErrorsFromSession->handle()
#34 /home/yamojr/devyamo/SchoolofNursing/edusaas/vendor/laravel/framework/src/Illuminate/Session/Middleware/StartSession.php(121): Illuminate\\Pipeline\\Pipeline->{closure:{closure:Illuminate\\Pipeline\\Pipeline::carry():184}:185}()
#35 /home/yamojr/devyamo/SchoolofNursing/edusaas/vendor/laravel/framework/src/Illuminate/Session/Middleware/StartSession.php(64): Illuminate\\Session\\Middleware\\StartSession->handleStatefulRequest()
#36 /home/yamojr/devyamo/SchoolofNursing/edusaas/vendor/laravel/framework/src/Illuminate/Pipeline/Pipeline.php(209): Illuminate\\Session\\Middleware\\StartSession->handle()
#37 /home/yamojr/devyamo/SchoolofNursing/edusaas/vendor/laravel/framework/src/Illuminate/Cookie/Middleware/AddQueuedCookiesToResponse.php(37): Illuminate\\Pipeline\\Pipeline->{closure:{closure:Illuminate\\Pipeline\\Pipeline::carry():184}:185}()
#38 /home/yamojr/devyamo/SchoolofNursing/edusaas/vendor/laravel/framework/src/Illuminate/Pipeline/Pipeline.php(209): Illuminate\\Cookie\\Middleware\\AddQueuedCookiesToResponse->handle()
#39 /home/yamojr/devyamo/SchoolofNursing/edusaas/vendor/laravel/framework/src/Illuminate/Cookie/Middleware/EncryptCookies.php(75): Illuminate\\Pipeline\\Pipeline->{closure:{closure:Illuminate\\Pipeline\\Pipeline::carry():184}:185}()
#40 /home/yamojr/devyamo/SchoolofNursing/edusaas/vendor/laravel/framework/src/Illuminate/Pipeline/Pipeline.php(209): Illuminate\\Cookie\\Middleware\\EncryptCookies->handle()
#41 /home/yamojr/devyamo/SchoolofNursing/edusaas/vendor/laravel/framework/src/Illuminate/Pipeline/Pipeline.php(127): Illuminate\\Pipeline\\Pipeline->{closure:{closure:Illuminate\\Pipeline\\Pipeline::carry():184}:185}()
#42 /home/yamojr/devyamo/SchoolofNursing/edusaas/vendor/laravel/framework/src/Illuminate/Routing/Router.php(807): Illuminate\\Pipeline\\Pipeline->then()
#43 /home/yamojr/devyamo/SchoolofNursing/edusaas/vendor/laravel/framework/src/Illuminate/Routing/Router.php(786): Illuminate\\Routing\\Router->runRouteWithinStack()
#44 /home/yamojr/devyamo/SchoolofNursing/edusaas/vendor/laravel/framework/src/Illuminate/Routing/Router.php(750): Illuminate\\Routing\\Router->runRoute()
#45 /home/yamojr/devyamo/SchoolofNursing/edusaas/vendor/laravel/framework/src/Illuminate/Routing/Router.php(739): Illuminate\\Routing\\Router->dispatchToRoute()
#46 /home/yamojr/devyamo/SchoolofNursing/edusaas/vendor/laravel/framework/src/Illuminate/Foundation/Http/Kernel.php(201): Illuminate\\Routing\\Router->dispatch()
#47 /home/yamojr/devyamo/SchoolofNursing/edusaas/vendor/laravel/framework/src/Illuminate/Pipeline/Pipeline.php(170): Illuminate\\Foundation\\Http\\Kernel->{closure:Illuminate\\Foundation\\Http\\Kernel::dispatchToRouter():198}()
#48 /home/yamojr/devyamo/SchoolofNursing/edusaas/vendor/laravel/framework/src/Illuminate/Foundation/Http/Middleware/TransformsRequest.php(21): Illuminate\\Pipeline\\Pipeline->{closure:Illuminate\\Pipeline\\Pipeline::prepareDestination():168}()
#49 /home/yamojr/devyamo/SchoolofNursing/edusaas/vendor/laravel/framework/src/Illuminate/Foundation/Http/Middleware/ConvertEmptyStringsToNull.php(31): Illuminate\\Foundation\\Http\\Middleware\\TransformsRequest->handle()
#50 /home/yamojr/devyamo/SchoolofNursing/edusaas/vendor/laravel/framework/src/Illuminate/Pipeline/Pipeline.php(209): Illuminate\\Foundation\\Http\\Middleware\\ConvertEmptyStringsToNull->handle()
#51 /home/yamojr/devyamo/SchoolofNursing/edusaas/vendor/laravel/framework/src/Illuminate/Foundation/Http/Middleware/TransformsRequest.php(21): Illuminate\\Pipeline\\Pipeline->{closure:{closure:Illuminate\\Pipeline\\Pipeline::carry():184}:185}()
#52 /home/yamojr/devyamo/SchoolofNursing/edusaas/vendor/laravel/framework/src/Illuminate/Foundation/Http/Middleware/TrimStrings.php(51): Illuminate\\Foundation\\Http\\Middleware\\TransformsRequest->handle()
#53 /home/yamojr/devyamo/SchoolofNursing/edusaas/vendor/laravel/framework/src/Illuminate/Pipeline/Pipeline.php(209): Illuminate\\Foundation\\Http\\Middleware\\TrimStrings->handle()
#54 /home/yamojr/devyamo/SchoolofNursing/edusaas/vendor/laravel/framework/src/Illuminate/Http/Middleware/ValidatePostSize.php(27): Illuminate\\Pipeline\\Pipeline->{closure:{closure:Illuminate\\Pipeline\\Pipeline::carry():184}:185}()
#55 /home/yamojr/devyamo/SchoolofNursing/edusaas/vendor/laravel/framework/src/Illuminate/Pipeline/Pipeline.php(209): Illuminate\\Http\\Middleware\\ValidatePostSize->handle()
#56 /home/yamojr/devyamo/SchoolofNursing/edusaas/vendor/laravel/framework/src/Illuminate/Foundation/Http/Middleware/PreventRequestsDuringMaintenance.php(110): Illuminate\\Pipeline\\Pipeline->{closure:{closure:Illuminate\\Pipeline\\Pipeline::carry():184}:185}()
#57 /home/yamojr/devyamo/SchoolofNursing/edusaas/vendor/laravel/framework/src/Illuminate/Pipeline/Pipeline.php(209): Illuminate\\Foundation\\Http\\Middleware\\PreventRequestsDuringMaintenance->handle()
#58 /home/yamojr/devyamo/SchoolofNursing/edusaas/vendor/laravel/framework/src/Illuminate/Http/Middleware/HandleCors.php(49): Illuminate\\Pipeline\\Pipeline->{closure:{closure:Illuminate\\Pipeline\\Pipeline::carry():184}:185}()
#59 /home/yamojr/devyamo/SchoolofNursing/edusaas/vendor/laravel/framework/src/Illuminate/Pipeline/Pipeline.php(209): Illuminate\\Http\\Middleware\\HandleCors->handle()
#60 /home/yamojr/devyamo/SchoolofNursing/edusaas/vendor/laravel/framework/src/Illuminate/Http/Middleware/TrustProxies.php(58): Illuminate\\Pipeline\\Pipeline->{closure:{closure:Illuminate\\Pipeline\\Pipeline::carry():184}:185}()
#61 /home/yamojr/devyamo/SchoolofNursing/edusaas/vendor/laravel/framework/src/Illuminate/Pipeline/Pipeline.php(209): Illuminate\\Http\\Middleware\\TrustProxies->handle()
#62 /home/yamojr/devyamo/SchoolofNursing/edusaas/vendor/laravel/framework/src/Illuminate/Foundation/Http/Middleware/InvokeDeferredCallbacks.php(22): Illuminate\\Pipeline\\Pipeline->{closure:{closure:Illuminate\\Pipeline\\Pipeline::carry():184}:185}()
#63 /home/yamojr/devyamo/SchoolofNursing/edusaas/vendor/laravel/framework/src/Illuminate/Pipeline/Pipeline.php(209): Illuminate\\Foundation\\Http\\Middleware\\InvokeDeferredCallbacks->handle()
#64 /home/yamojr/devyamo/SchoolofNursing/edusaas/vendor/laravel/framework/src/Illuminate/Pipeline/Pipeline.php(127): Illuminate\\Pipeline\\Pipeline->{closure:{closure:Illuminate\\Pipeline\\Pipeline::carry():184}:185}()
#65 /home/yamojr/devyamo/SchoolofNursing/edusaas/vendor/laravel/framework/src/Illuminate/Foundation/Http/Kernel.php(176): Illuminate\\Pipeline\\Pipeline->then()
#66 /home/yamojr/devyamo/SchoolofNursing/edusaas/vendor/laravel/framework/src/Illuminate/Foundation/Http/Kernel.php(145): Illuminate\\Foundation\\Http\\Kernel->sendRequestThroughRouter()
#67 /home/yamojr/devyamo/SchoolofNursing/edusaas/vendor/laravel/framework/src/Illuminate/Foundation/Application.php(1220): Illuminate\\Foundation\\Http\\Kernel->handle()
#68 /home/yamojr/devyamo/SchoolofNursing/edusaas/public/index.php(19): Illuminate\\Foundation\\Application->handleRequest()
#69 /home/yamojr/devyamo/SchoolofNursing/edusaas/vendor/laravel/framework/src/Illuminate/Foundation/resources/server.php(23): require_once('...')
#70 {main}
"} 
[2026-05-18 01:34:29] local.ERROR: SQLSTATE[42S22]: Column not found: 1054 Unknown column 'audience_type' in 'where clause' (Connection: mysql, SQL: select count(*) as aggregate from `announcements` where `tenant_id` = 1 and `audience_type` = custom and `announcements`.`deleted_at` is null and `announcements`.`tenant_id` = 1) {"userId":4,"exception":"[object] (Illuminate\\Database\\QueryException(code: 42S22): SQLSTATE[42S22]: Column not found: 1054 Unknown column 'audience_type' in 'where clause' (Connection: mysql, SQL: select count(*) as aggregate from `announcements` where `tenant_id` = 1 and `audience_type` = custom and `announcements`.`deleted_at` is null and `announcements`.`tenant_id` = 1) at /home/yamojr/devyamo/SchoolofNursing/edusaas/vendor/laravel/framework/src/Illuminate/Database/Connection.php:825)
[stacktrace]
#0 /home/yamojr/devyamo/SchoolofNursing/edusaas/vendor/laravel/framework/src/Illuminate/Database/Connection.php(779): Illuminate\\Database\\Connection->runQueryCallback()
#1 /home/yamojr/devyamo/SchoolofNursing/edusaas/vendor/laravel/framework/src/Illuminate/Database/Connection.php(398): Illuminate\\Database\\Connection->run()
#2 /home/yamojr/devyamo/SchoolofNursing/edusaas/vendor/laravel/framework/src/Illuminate/Database/Query/Builder.php(3106): Illuminate\\Database\\Connection->select()
#3 /home/yamojr/devyamo/SchoolofNursing/edusaas/vendor/laravel/framework/src/Illuminate/Database/Query/Builder.php(3091): Illuminate\\Database\\Query\\Builder->runSelect()
#4 /home/yamojr/devyamo/SchoolofNursing/edusaas/vendor/laravel/framework/src/Illuminate/Database/Query/Builder.php(3676): Illuminate\\Database\\Query\\Builder->{closure:Illuminate\\Database\\Query\\Builder::get():3090}()
#5 /home/yamojr/devyamo/SchoolofNursing/edusaas/vendor/laravel/framework/src/Illuminate/Database/Query/Builder.php(3090): Illuminate\\Database\\Query\\Builder->onceWithColumns()
#6 /home/yamojr/devyamo/SchoolofNursing/edusaas/vendor/laravel/framework/src/Illuminate/Database/Query/Builder.php(3285): Illuminate\\Database\\Query\\Builder->get()
#7 /home/yamojr/devyamo/SchoolofNursing/edusaas/vendor/laravel/framework/src/Illuminate/Database/Query/Builder.php(3244): Illuminate\\Database\\Query\\Builder->runPaginationCountQuery()
#8 /home/yamojr/devyamo/SchoolofNursing/edusaas/vendor/laravel/framework/src/Illuminate/Database/Eloquent/Builder.php(1029): Illuminate\\Database\\Query\\Builder->getCountForPagination()
#9 /home/yamojr/devyamo/SchoolofNursing/edusaas/app/Http/Controllers/AdmissionOfficer/AdmissionController.php(113): Illuminate\\Database\\Eloquent\\Builder->paginate()
#10 /home/yamojr/devyamo/SchoolofNursing/edusaas/vendor/laravel/framework/src/Illuminate/Routing/Controller.php(54): App\\Http\\Controllers\\AdmissionOfficer\\AdmissionController->announcementsIndex()
#11 /home/yamojr/devyamo/SchoolofNursing/edusaas/vendor/laravel/framework/src/Illuminate/Routing/ControllerDispatcher.php(44): Illuminate\\Routing\\Controller->callAction()
#12 /home/yamojr/devyamo/SchoolofNursing/edusaas/vendor/laravel/framework/src/Illuminate/Routing/Route.php(266): Illuminate\\Routing\\ControllerDispatcher->dispatch()
#13 /home/yamojr/devyamo/SchoolofNursing/edusaas/vendor/laravel/framework/src/Illuminate/Routing/Route.php(212): Illuminate\\Routing\\Route->runController()
#14 /home/yamojr/devyamo/SchoolofNursing/edusaas/vendor/laravel/framework/src/Illuminate/Routing/Router.php(808): Illuminate\\Routing\\Route->run()
#15 /home/yamojr/devyamo/SchoolofNursing/edusaas/vendor/laravel/framework/src/Illuminate/Pipeline/Pipeline.php(170): Illuminate\\Routing\\Router->{closure:Illuminate\\Routing\\Router::runRouteWithinStack():807}()
#16 /home/yamojr/devyamo/SchoolofNursing/edusaas/vendor/spatie/laravel-permission/src/Middleware/RoleMiddleware.php(37): Illuminate\\Pipeline\\Pipeline->{closure:Illuminate\\Pipeline\\Pipeline::prepareDestination():168}()
#17 /home/yamojr/devyamo/SchoolofNursing/edusaas/vendor/laravel/framework/src/Illuminate/Pipeline/Pipeline.php(209): Spatie\\Permission\\Middleware\\RoleMiddleware->handle()
#18 /home/yamojr/devyamo/SchoolofNursing/edusaas/app/Http/Middleware/EnsureTenantAccess.php(26): Illuminate\\Pipeline\\Pipeline->{closure:{closure:Illuminate\\Pipeline\\Pipeline::carry():184}:185}()
#19 /home/yamojr/devyamo/SchoolofNursing/edusaas/vendor/laravel/framework/src/Illuminate/Pipeline/Pipeline.php(209): App\\Http\\Middleware\\EnsureTenantAccess->handle()
#20 /home/yamojr/devyamo/SchoolofNursing/edusaas/app/Http/Middleware/IdentifyTenant.php(40): Illuminate\\Pipeline\\Pipeline->{closure:{closure:Illuminate\\Pipeline\\Pipeline::carry():184}:185}()
#21 /home/yamojr/devyamo/SchoolofNursing/edusaas/vendor/laravel/framework/src/Illuminate/Pipeline/Pipeline.php(209): App\\Http\\Middleware\\IdentifyTenant->handle()
#22 /home/yamojr/devyamo/SchoolofNursing/edusaas/vendor/inertiajs/inertia-laravel/src/Middleware.php(122): Illuminate\\Pipeline\\Pipeline->{closure:{closure:Illuminate\\Pipeline\\Pipeline::carry():184}:185}()
#23 /home/yamojr/devyamo/SchoolofNursing/edusaas/vendor/laravel/framework/src/Illuminate/Pipeline/Pipeline.php(209): Inertia\\Middleware->handle()
#24 /home/yamojr/devyamo/SchoolofNursing/edusaas/vendor/laravel/framework/src/Illuminate/Routing/Middleware/SubstituteBindings.php(51): Illuminate\\Pipeline\\Pipeline->{closure:{closure:Illuminate\\Pipeline\\Pipeline::carry():184}:185}()
#25 /home/yamojr/devyamo/SchoolofNursing/edusaas/vendor/laravel/framework/src/Illuminate/Pipeline/Pipeline.php(209): Illuminate\\Routing\\Middleware\\SubstituteBindings->handle()
#26 /home/yamojr/devyamo/SchoolofNursing/edusaas/vendor/laravel/framework/src/Illuminate/Auth/Middleware/Authenticate.php(64): Illuminate\\Pipeline\\Pipeline->{closure:{closure:Illuminate\\Pipeline\\Pipeline::carry():184}:185}()
#27 /home/yamojr/devyamo/SchoolofNursing/edusaas/vendor/laravel/framework/src/Illuminate/Pipeline/Pipeline.php(209): Illuminate\\Auth\\Middleware\\Authenticate->handle()
#28 /home/yamojr/devyamo/SchoolofNursing/edusaas/vendor/laravel/framework/src/Illuminate/Foundation/Http/Middleware/VerifyCsrfToken.php(88): Illuminate\\Pipeline\\Pipeline->{closure:{closure:Illuminate\\Pipeline\\Pipeline::carry():184}:185}()
#29 /home/yamojr/devyamo/SchoolofNursing/edusaas/vendor/laravel/framework/src/Illuminate/Pipeline/Pipeline.php(209): Illuminate\\Foundation\\Http\\Middleware\\VerifyCsrfToken->handle()
#30 /home/yamojr/devyamo/SchoolofNursing/edusaas/vendor/laravel/framework/src/Illuminate/View/Middleware/ShareErrorsFromSession.php(49): Illuminate\\Pipeline\\Pipeline->{closure:{closure:Illuminate\\Pipeline\\Pipeline::carry():184}:185}()
#31 /home/yamojr/devyamo/SchoolofNursing/edusaas/vendor/laravel/framework/src/Illuminate/Pipeline/Pipeline.php(209): Illuminate\\View\\Middleware\\ShareErrorsFromSession->handle()
#32 /home/yamojr/devyamo/SchoolofNursing/edusaas/vendor/laravel/framework/src/Illuminate/Session/Middleware/StartSession.php(121): Illuminate\\Pipeline\\Pipeline->{closure:{closure:Illuminate\\Pipeline\\Pipeline::carry():184}:185}()
#33 /home/yamojr/devyamo/SchoolofNursing/edusaas/vendor/laravel/framework/src/Illuminate/Session/Middleware/StartSession.php(64): Illuminate\\Session\\Middleware\\StartSession->handleStatefulRequest()
#34 /home/yamojr/devyamo/SchoolofNursing/edusaas/vendor/laravel/framework/src/Illuminate/Pipeline/Pipeline.php(209): Illuminate\\Session\\Middleware\\StartSession->handle()
#35 /home/yamojr/devyamo/SchoolofNursing/edusaas/vendor/laravel/framework/src/Illuminate/Cookie/Middleware/AddQueuedCookiesToResponse.php(37): Illuminate\\Pipeline\\Pipeline->{closure:{closure:Illuminate\\Pipeline\\Pipeline::carry():184}:185}()
#36 /home/yamojr/devyamo/SchoolofNursing/edusaas/vendor/laravel/framework/src/Illuminate/Pipeline/Pipeline.php(209): Illuminate\\Cookie\\Middleware\\AddQueuedCookiesToResponse->handle()
#37 /home/yamojr/devyamo/SchoolofNursing/edusaas/vendor/laravel/framework/src/Illuminate/Cookie/Middleware/EncryptCookies.php(75): Illuminate\\Pipeline\\Pipeline->{closure:{closure:Illuminate\\Pipeline\\Pipeline::carry():184}:185}()
#38 /home/yamojr/devyamo/SchoolofNursing/edusaas/vendor/laravel/framework/src/Illuminate/Pipeline/Pipeline.php(209): Illuminate\\Cookie\\Middleware\\EncryptCookies->handle()
#39 /home/yamojr/devyamo/SchoolofNursing/edusaas/vendor/laravel/framework/src/Illuminate/Pipeline/Pipeline.php(127): Illuminate\\Pipeline\\Pipeline->{closure:{closure:Illuminate\\Pipeline\\Pipeline::carry():184}:185}()
#40 /home/yamojr/devyamo/SchoolofNursing/edusaas/vendor/laravel/framework/src/Illuminate/Routing/Router.php(807): Illuminate\\Pipeline\\Pipeline->then()
#41 /home/yamojr/devyamo/SchoolofNursing/edusaas/vendor/laravel/framework/src/Illuminate/Routing/Router.php(786): Illuminate\\Routing\\Router->runRouteWithinStack()
#42 /home/yamojr/devyamo/SchoolofNursing/edusaas/vendor/laravel/framework/src/Illuminate/Routing/Router.php(750): Illuminate\\Routing\\Router->runRoute()
#43 /home/yamojr/devyamo/SchoolofNursing/edusaas/vendor/laravel/framework/src/Illuminate/Routing/Router.php(739): Illuminate\\Routing\\Router->dispatchToRoute()
#44 /home/yamojr/devyamo/SchoolofNursing/edusaas/vendor/laravel/framework/src/Illuminate/Foundation/Http/Kernel.php(201): Illuminate\\Routing\\Router->dispatch()
#45 /home/yamojr/devyamo/SchoolofNursing/edusaas/vendor/laravel/framework/src/Illuminate/Pipeline/Pipeline.php(170): Illuminate\\Foundation\\Http\\Kernel->{closure:Illuminate\\Foundation\\Http\\Kernel::dispatchToRouter():198}()
#46 /home/yamojr/devyamo/SchoolofNursing/edusaas/vendor/laravel/framework/src/Illuminate/Foundation/Http/Middleware/TransformsRequest.php(21): Illuminate\\Pipeline\\Pipeline->{closure:Illuminate\\Pipeline\\Pipeline::prepareDestination():168}()
#47 /home/yamojr/devyamo/SchoolofNursing/edusaas/vendor/laravel/framework/src/Illuminate/Foundation/Http/Middleware/ConvertEmptyStringsToNull.php(31): Illuminate\\Foundation\\Http\\Middleware\\TransformsRequest->handle()
#48 /home/yamojr/devyamo/SchoolofNursing/edusaas/vendor/laravel/framework/src/Illuminate/Pipeline/Pipeline.php(209): Illuminate\\Foundation\\Http\\Middleware\\ConvertEmptyStringsToNull->handle()
#49 /home/yamojr/devyamo/SchoolofNursing/edusaas/vendor/laravel/framework/src/Illuminate/Foundation/Http/Middleware/TransformsRequest.php(21): Illuminate\\Pipeline\\Pipeline->{closure:{closure:Illuminate\\Pipeline\\Pipeline::carry():184}:185}()
#50 /home/yamojr/devyamo/SchoolofNursing/edusaas/vendor/laravel/framework/src/Illuminate/Foundation/Http/Middleware/TrimStrings.php(51): Illuminate\\Foundation\\Http\\Middleware\\TransformsRequest->handle()
#51 /home/yamojr/devyamo/SchoolofNursing/edusaas/vendor/laravel/framework/src/Illuminate/Pipeline/Pipeline.php(209): Illuminate\\Foundation\\Http\\Middleware\\TrimStrings->handle()
#52 /home/yamojr/devyamo/SchoolofNursing/edusaas/vendor/laravel/framework/src/Illuminate/Http/Middleware/ValidatePostSize.php(27): Illuminate\\Pipeline\\Pipeline->{closure:{closure:Illuminate\\Pipeline\\Pipeline::carry():184}:185}()
#53 /home/yamojr/devyamo/SchoolofNursing/edusaas/vendor/laravel/framework/src/Illuminate/Pipeline/Pipeline.php(209): Illuminate\\Http\\Middleware\\ValidatePostSize->handle()
#54 /home/yamojr/devyamo/SchoolofNursing/edusaas/vendor/laravel/framework/src/Illuminate/Foundation/Http/Middleware/PreventRequestsDuringMaintenance.php(110): Illuminate\\Pipeline\\Pipeline->{closure:{closure:Illuminate\\Pipeline\\Pipeline::carry():184}:185}()
#55 /home/yamojr/devyamo/SchoolofNursing/edusaas/vendor/laravel/framework/src/Illuminate/Pipeline/Pipeline.php(209): Illuminate\\Foundation\\Http\\Middleware\\PreventRequestsDuringMaintenance->handle()
#56 /home/yamojr/devyamo/SchoolofNursing/edusaas/vendor/laravel/framework/src/Illuminate/Http/Middleware/HandleCors.php(49): Illuminate\\Pipeline\\Pipeline->{closure:{closure:Illuminate\\Pipeline\\Pipeline::carry():184}:185}()
#57 /home/yamojr/devyamo/SchoolofNursing/edusaas/vendor/laravel/framework/src/Illuminate/Pipeline/Pipeline.php(209): Illuminate\\Http\\Middleware\\HandleCors->handle()
#58 /home/yamojr/devyamo/SchoolofNursing/edusaas/vendor/laravel/framework/src/Illuminate/Http/Middleware/TrustProxies.php(58): Illuminate\\Pipeline\\Pipeline->{closure:{closure:Illuminate\\Pipeline\\Pipeline::carry():184}:185}()
#59 /home/yamojr/devyamo/SchoolofNursing/edusaas/vendor/laravel/framework/src/Illuminate/Pipeline/Pipeline.php(209): Illuminate\\Http\\Middleware\\TrustProxies->handle()
#60 /home/yamojr/devyamo/SchoolofNursing/edusaas/vendor/laravel/framework/src/Illuminate/Foundation/Http/Middleware/InvokeDeferredCallbacks.php(22): Illuminate\\Pipeline\\Pipeline->{closure:{closure:Illuminate\\Pipeline\\Pipeline::carry():184}:185}()
#61 /home/yamojr/devyamo/SchoolofNursing/edusaas/vendor/laravel/framework/src/Illuminate/Pipeline/Pipeline.php(209): Illuminate\\Foundation\\Http\\Middleware\\InvokeDeferredCallbacks->handle()
#62 /home/yamojr/devyamo/SchoolofNursing/edusaas/vendor/laravel/framework/src/Illuminate/Pipeline/Pipeline.php(127): Illuminate\\Pipeline\\Pipeline->{closure:{closure:Illuminate\\Pipeline\\Pipeline::carry():184}:185}()
#63 /home/yamojr/devyamo/SchoolofNursing/edusaas/vendor/laravel/framework/src/Illuminate/Foundation/Http/Kernel.php(176): Illuminate\\Pipeline\\Pipeline->then()
#64 /home/yamojr/devyamo/SchoolofNursing/edusaas/vendor/laravel/framework/src/Illuminate/Foundation/Http/Kernel.php(145): Illuminate\\Foundation\\Http\\Kernel->sendRequestThroughRouter()
#65 /home/yamojr/devyamo/SchoolofNursing/edusaas/vendor/laravel/framework/src/Illuminate/Foundation/Application.php(1220): Illuminate\\Foundation\\Http\\Kernel->handle()
#66 /home/yamojr/devyamo/SchoolofNursing/edusaas/public/index.php(19): Illuminate\\Foundation\\Application->handleRequest()
#67 /home/yamojr/devyamo/SchoolofNursing/edusaas/vendor/laravel/framework/src/Illuminate/Foundation/resources/server.php(23): require_once('...')
#68 {main}

[previous exception] [object] (PDOException(code: 42S22): SQLSTATE[42S22]: Column not found: 1054 Unknown column 'audience_type' in 'where clause' at /home/yamojr/devyamo/SchoolofNursing/edusaas/vendor/laravel/framework/src/Illuminate/Database/Connection.php:407)
[stacktrace]
#0 /home/yamojr/devyamo/SchoolofNursing/edusaas/vendor/laravel/framework/src/Illuminate/Database/Connection.php(407): PDO->prepare()
#1 /home/yamojr/devyamo/SchoolofNursing/edusaas/vendor/laravel/framework/src/Illuminate/Database/Connection.php(812): Illuminate\\Database\\Connection->{closure:Illuminate\\Database\\Connection::select():398}()
#2 /home/yamojr/devyamo/SchoolofNursing/edusaas/vendor/laravel/framework/src/Illuminate/Database/Connection.php(779): Illuminate\\Database\\Connection->runQueryCallback()
#3 /home/yamojr/devyamo/SchoolofNursing/edusaas/vendor/laravel/framework/src/Illuminate/Database/Connection.php(398): Illuminate\\Database\\Connection->run()
#4 /home/yamojr/devyamo/SchoolofNursing/edusaas/vendor/laravel/framework/src/Illuminate/Database/Query/Builder.php(3106): Illuminate\\Database\\Connection->select()
#5 /home/yamojr/devyamo/SchoolofNursing/edusaas/vendor/laravel/framework/src/Illuminate/Database/Query/Builder.php(3091): Illuminate\\Database\\Query\\Builder->runSelect()
#6 /home/yamojr/devyamo/SchoolofNursing/edusaas/vendor/laravel/framework/src/Illuminate/Database/Query/Builder.php(3676): Illuminate\\Database\\Query\\Builder->{closure:Illuminate\\Database\\Query\\Builder::get():3090}()
#7 /home/yamojr/devyamo/SchoolofNursing/edusaas/vendor/laravel/framework/src/Illuminate/Database/Query/Builder.php(3090): Illuminate\\Database\\Query\\Builder->onceWithColumns()
#8 /home/yamojr/devyamo/SchoolofNursing/edusaas/vendor/laravel/framework/src/Illuminate/Database/Query/Builder.php(3285): Illuminate\\Database\\Query\\Builder->get()
#9 /home/yamojr/devyamo/SchoolofNursing/edusaas/vendor/laravel/framework/src/Illuminate/Database/Query/Builder.php(3244): Illuminate\\Database\\Query\\Builder->runPaginationCountQuery()
#10 /home/yamojr/devyamo/SchoolofNursing/edusaas/vendor/laravel/framework/src/Illuminate/Database/Eloquent/Builder.php(1029): Illuminate\\Database\\Query\\Builder->getCountForPagination()
#11 /home/yamojr/devyamo/SchoolofNursing/edusaas/app/Http/Controllers/AdmissionOfficer/AdmissionController.php(113): Illuminate\\Database\\Eloquent\\Builder->paginate()
#12 /home/yamojr/devyamo/SchoolofNursing/edusaas/vendor/laravel/framework/src/Illuminate/Routing/Controller.php(54): App\\Http\\Controllers\\AdmissionOfficer\\AdmissionController->announcementsIndex()
#13 /home/yamojr/devyamo/SchoolofNursing/edusaas/vendor/laravel/framework/src/Illuminate/Routing/ControllerDispatcher.php(44): Illuminate\\Routing\\Controller->callAction()
#14 /home/yamojr/devyamo/SchoolofNursing/edusaas/vendor/laravel/framework/src/Illuminate/Routing/Route.php(266): Illuminate\\Routing\\ControllerDispatcher->dispatch()
#15 /home/yamojr/devyamo/SchoolofNursing/edusaas/vendor/laravel/framework/src/Illuminate/Routing/Route.php(212): Illuminate\\Routing\\Route->runController()
#16 /home/yamojr/devyamo/SchoolofNursing/edusaas/vendor/laravel/framework/src/Illuminate/Routing/Router.php(808): Illuminate\\Routing\\Route->run()
#17 /home/yamojr/devyamo/SchoolofNursing/edusaas/vendor/laravel/framework/src/Illuminate/Pipeline/Pipeline.php(170): Illuminate\\Routing\\Router->{closure:Illuminate\\Routing\\Router::runRouteWithinStack():807}()
#18 /home/yamojr/devyamo/SchoolofNursing/edusaas/vendor/spatie/laravel-permission/src/Middleware/RoleMiddleware.php(37): Illuminate\\Pipeline\\Pipeline->{closure:Illuminate\\Pipeline\\Pipeline::prepareDestination():168}()
#19 /home/yamojr/devyamo/SchoolofNursing/edusaas/vendor/laravel/framework/src/Illuminate/Pipeline/Pipeline.php(209): Spatie\\Permission\\Middleware\\RoleMiddleware->handle()
#20 /home/yamojr/devyamo/SchoolofNursing/edusaas/app/Http/Middleware/EnsureTenantAccess.php(26): Illuminate\\Pipeline\\Pipeline->{closure:{closure:Illuminate\\Pipeline\\Pipeline::carry():184}:185}()
#21 /home/yamojr/devyamo/SchoolofNursing/edusaas/vendor/laravel/framework/src/Illuminate/Pipeline/Pipeline.php(209): App\\Http\\Middleware\\EnsureTenantAccess->handle()
#22 /home/yamojr/devyamo/SchoolofNursing/edusaas/app/Http/Middleware/IdentifyTenant.php(40): Illuminate\\Pipeline\\Pipeline->{closure:{closure:Illuminate\\Pipeline\\Pipeline::carry():184}:185}()
#23 /home/yamojr/devyamo/SchoolofNursing/edusaas/vendor/laravel/framework/src/Illuminate/Pipeline/Pipeline.php(209): App\\Http\\Middleware\\IdentifyTenant->handle()
#24 /home/yamojr/devyamo/SchoolofNursing/edusaas/vendor/inertiajs/inertia-laravel/src/Middleware.php(122): Illuminate\\Pipeline\\Pipeline->{closure:{closure:Illuminate\\Pipeline\\Pipeline::carry():184}:185}()
#25 /home/yamojr/devyamo/SchoolofNursing/edusaas/vendor/laravel/framework/src/Illuminate/Pipeline/Pipeline.php(209): Inertia\\Middleware->handle()
#26 /home/yamojr/devyamo/SchoolofNursing/edusaas/vendor/laravel/framework/src/Illuminate/Routing/Middleware/SubstituteBindings.php(51): Illuminate\\Pipeline\\Pipeline->{closure:{closure:Illuminate\\Pipeline\\Pipeline::carry():184}:185}()
#27 /home/yamojr/devyamo/SchoolofNursing/edusaas/vendor/laravel/framework/src/Illuminate/Pipeline/Pipeline.php(209): Illuminate\\Routing\\Middleware\\SubstituteBindings->handle()
#28 /home/yamojr/devyamo/SchoolofNursing/edusaas/vendor/laravel/framework/src/Illuminate/Auth/Middleware/Authenticate.php(64): Illuminate\\Pipeline\\Pipeline->{closure:{closure:Illuminate\\Pipeline\\Pipeline::carry():184}:185}()
#29 /home/yamojr/devyamo/SchoolofNursing/edusaas/vendor/laravel/framework/src/Illuminate/Pipeline/Pipeline.php(209): Illuminate\\Auth\\Middleware\\Authenticate->handle()
#30 /home/yamojr/devyamo/SchoolofNursing/edusaas/vendor/laravel/framework/src/Illuminate/Foundation/Http/Middleware/VerifyCsrfToken.php(88): Illuminate\\Pipeline\\Pipeline->{closure:{closure:Illuminate\\Pipeline\\Pipeline::carry():184}:185}()
#31 /home/yamojr/devyamo/SchoolofNursing/edusaas/vendor/laravel/framework/src/Illuminate/Pipeline/Pipeline.php(209): Illuminate\\Foundation\\Http\\Middleware\\VerifyCsrfToken->handle()
#32 /home/yamojr/devyamo/SchoolofNursing/edusaas/vendor/laravel/framework/src/Illuminate/View/Middleware/ShareErrorsFromSession.php(49): Illuminate\\Pipeline\\Pipeline->{closure:{closure:Illuminate\\Pipeline\\Pipeline::carry():184}:185}()
#33 /home/yamojr/devyamo/SchoolofNursing/edusaas/vendor/laravel/framework/src/Illuminate/Pipeline/Pipeline.php(209): Illuminate\\View\\Middleware\\ShareErrorsFromSession->handle()
#34 /home/yamojr/devyamo/SchoolofNursing/edusaas/vendor/laravel/framework/src/Illuminate/Session/Middleware/StartSession.php(121): Illuminate\\Pipeline\\Pipeline->{closure:{closure:Illuminate\\Pipeline\\Pipeline::carry():184}:185}()
#35 /home/yamojr/devyamo/SchoolofNursing/edusaas/vendor/laravel/framework/src/Illuminate/Session/Middleware/StartSession.php(64): Illuminate\\Session\\Middleware\\StartSession->handleStatefulRequest()
#36 /home/yamojr/devyamo/SchoolofNursing/edusaas/vendor/laravel/framework/src/Illuminate/Pipeline/Pipeline.php(209): Illuminate\\Session\\Middleware\\StartSession->handle()
#37 /home/yamojr/devyamo/SchoolofNursing/edusaas/vendor/laravel/framework/src/Illuminate/Cookie/Middleware/AddQueuedCookiesToResponse.php(37): Illuminate\\Pipeline\\Pipeline->{closure:{closure:Illuminate\\Pipeline\\Pipeline::carry():184}:185}()
#38 /home/yamojr/devyamo/SchoolofNursing/edusaas/vendor/laravel/framework/src/Illuminate/Pipeline/Pipeline.php(209): Illuminate\\Cookie\\Middleware\\AddQueuedCookiesToResponse->handle()
#39 /home/yamojr/devyamo/SchoolofNursing/edusaas/vendor/laravel/framework/src/Illuminate/Cookie/Middleware/EncryptCookies.php(75): Illuminate\\Pipeline\\Pipeline->{closure:{closure:Illuminate\\Pipeline\\Pipeline::carry():184}:185}()
#40 /home/yamojr/devyamo/SchoolofNursing/edusaas/vendor/laravel/framework/src/Illuminate/Pipeline/Pipeline.php(209): Illuminate\\Cookie\\Middleware\\EncryptCookies->handle()
#41 /home/yamojr/devyamo/SchoolofNursing/edusaas/vendor/laravel/framework/src/Illuminate/Pipeline/Pipeline.php(127): Illuminate\\Pipeline\\Pipeline->{closure:{closure:Illuminate\\Pipeline\\Pipeline::carry():184}:185}()
#42 /home/yamojr/devyamo/SchoolofNursing/edusaas/vendor/laravel/framework/src/Illuminate/Routing/Router.php(807): Illuminate\\Pipeline\\Pipeline->then()
#43 /home/yamojr/devyamo/SchoolofNursing/edusaas/vendor/laravel/framework/src/Illuminate/Routing/Router.php(786): Illuminate\\Routing\\Router->runRouteWithinStack()
#44 /home/yamojr/devyamo/SchoolofNursing/edusaas/vendor/laravel/framework/src/Illuminate/Routing/Router.php(750): Illuminate\\Routing\\Router->runRoute()
#45 /home/yamojr/devyamo/SchoolofNursing/edusaas/vendor/laravel/framework/src/Illuminate/Routing/Router.php(739): Illuminate\\Routing\\Router->dispatchToRoute()
#46 /home/yamojr/devyamo/SchoolofNursing/edusaas/vendor/laravel/framework/src/Illuminate/Foundation/Http/Kernel.php(201): Illuminate\\Routing\\Router->dispatch()
#47 /home/yamojr/devyamo/SchoolofNursing/edusaas/vendor/laravel/framework/src/Illuminate/Pipeline/Pipeline.php(170): Illuminate\\Foundation\\Http\\Kernel->{closure:Illuminate\\Foundation\\Http\\Kernel::dispatchToRouter():198}()
#48 /home/yamojr/devyamo/SchoolofNursing/edusaas/vendor/laravel/framework/src/Illuminate/Foundation/Http/Middleware/TransformsRequest.php(21): Illuminate\\Pipeline\\Pipeline->{closure:Illuminate\\Pipeline\\Pipeline::prepareDestination():168}()
#49 /home/yamojr/devyamo/SchoolofNursing/edusaas/vendor/laravel/framework/src/Illuminate/Foundation/Http/Middleware/ConvertEmptyStringsToNull.php(31): Illuminate\\Foundation\\Http\\Middleware\\TransformsRequest->handle()
#50 /home/yamojr/devyamo/SchoolofNursing/edusaas/vendor/laravel/framework/src/Illuminate/Pipeline/Pipeline.php(209): Illuminate\\Foundation\\Http\\Middleware\\ConvertEmptyStringsToNull->handle()
#51 /home/yamojr/devyamo/SchoolofNursing/edusaas/vendor/laravel/framework/src/Illuminate/Foundation/Http/Middleware/TransformsRequest.php(21): Illuminate\\Pipeline\\Pipeline->{closure:{closure:Illuminate\\Pipeline\\Pipeline::carry():184}:185}()
#52 /home/yamojr/devyamo/SchoolofNursing/edusaas/vendor/laravel/framework/src/Illuminate/Foundation/Http/Middleware/TrimStrings.php(51): Illuminate\\Foundation\\Http\\Middleware\\TransformsRequest->handle()
#53 /home/yamojr/devyamo/SchoolofNursing/edusaas/vendor/laravel/framework/src/Illuminate/Pipeline/Pipeline.php(209): Illuminate\\Foundation\\Http\\Middleware\\TrimStrings->handle()
#54 /home/yamojr/devyamo/SchoolofNursing/edusaas/vendor/laravel/framework/src/Illuminate/Http/Middleware/ValidatePostSize.php(27): Illuminate\\Pipeline\\Pipeline->{closure:{closure:Illuminate\\Pipeline\\Pipeline::carry():184}:185}()
#55 /home/yamojr/devyamo/SchoolofNursing/edusaas/vendor/laravel/framework/src/Illuminate/Pipeline/Pipeline.php(209): Illuminate\\Http\\Middleware\\ValidatePostSize->handle()
#56 /home/yamojr/devyamo/SchoolofNursing/edusaas/vendor/laravel/framework/src/Illuminate/Foundation/Http/Middleware/PreventRequestsDuringMaintenance.php(110): Illuminate\\Pipeline\\Pipeline->{closure:{closure:Illuminate\\Pipeline\\Pipeline::carry():184}:185}()
#57 /home/yamojr/devyamo/SchoolofNursing/edusaas/vendor/laravel/framework/src/Illuminate/Pipeline/Pipeline.php(209): Illuminate\\Foundation\\Http\\Middleware\\PreventRequestsDuringMaintenance->handle()
#58 /home/yamojr/devyamo/SchoolofNursing/edusaas/vendor/laravel/framework/src/Illuminate/Http/Middleware/HandleCors.php(49): Illuminate\\Pipeline\\Pipeline->{closure:{closure:Illuminate\\Pipeline\\Pipeline::carry():184}:185}()
#59 /home/yamojr/devyamo/SchoolofNursing/edusaas/vendor/laravel/framework/src/Illuminate/Pipeline/Pipeline.php(209): Illuminate\\Http\\Middleware\\HandleCors->handle()
#60 /home/yamojr/devyamo/SchoolofNursing/edusaas/vendor/laravel/framework/src/Illuminate/Http/Middleware/TrustProxies.php(58): Illuminate\\Pipeline\\Pipeline->{closure:{closure:Illuminate\\Pipeline\\Pipeline::carry():184}:185}()
#61 /home/yamojr/devyamo/SchoolofNursing/edusaas/vendor/laravel/framework/src/Illuminate/Pipeline/Pipeline.php(209): Illuminate\\Http\\Middleware\\TrustProxies->handle()
#62 /home/yamojr/devyamo/SchoolofNursing/edusaas/vendor/laravel/framework/src/Illuminate/Foundation/Http/Middleware/InvokeDeferredCallbacks.php(22): Illuminate\\Pipeline\\Pipeline->{closure:{closure:Illuminate\\Pipeline\\Pipeline::carry():184}:185}()
#63 /home/yamojr/devyamo/SchoolofNursing/edusaas/vendor/laravel/framework/src/Illuminate/Pipeline/Pipeline.php(209): Illuminate\\Foundation\\Http\\Middleware\\InvokeDeferredCallbacks->handle()
#64 /home/yamojr/devyamo/SchoolofNursing/edusaas/vendor/laravel/framework/src/Illuminate/Pipeline/Pipeline.php(127): Illuminate\\Pipeline\\Pipeline->{closure:{closure:Illuminate\\Pipeline\\Pipeline::carry():184}:185}()
#65 /home/yamojr/devyamo/SchoolofNursing/edusaas/vendor/laravel/framework/src/Illuminate/Foundation/Http/Kernel.php(176): Illuminate\\Pipeline\\Pipeline->then()
#66 /home/yamojr/devyamo/SchoolofNursing/edusaas/vendor/laravel/framework/src/Illuminate/Foundation/Http/Kernel.php(145): Illuminate\\Foundation\\Http\\Kernel->sendRequestThroughRouter()
#67 /home/yamojr/devyamo/SchoolofNursing/edusaas/vendor/laravel/framework/src/Illuminate/Foundation/Application.php(1220): Illuminate\\Foundation\\Http\\Kernel->handle()
#68 /home/yamojr/devyamo/SchoolofNursing/edusaas/public/index.php(19): Illuminate\\Foundation\\Application->handleRequest()
#69 /home/yamojr/devyamo/SchoolofNursing/edusaas/vendor/laravel/framework/src/Illuminate/Foundation/resources/server.php(23): require_once('...')
#70 {main}
"} 
[2026-05-18 07:09:43] local.ERROR: Method App\Http\Controllers\Bursar\DashboardController::announcements does not exist. {"userId":6,"exception":"[object] (BadMethodCallException(code: 0): Method App\\Http\\Controllers\\Bursar\\DashboardController::announcements does not exist. at /home/yamojr/devyamo/SchoolofNursing/edusaas/vendor/laravel/framework/src/Illuminate/Routing/Controller.php:68)
[stacktrace]
#0 /home/yamojr/devyamo/SchoolofNursing/edusaas/vendor/laravel/framework/src/Illuminate/Routing/Controller.php(54): Illuminate\\Routing\\Controller->__call()
#1 /home/yamojr/devyamo/SchoolofNursing/edusaas/vendor/laravel/framework/src/Illuminate/Routing/ControllerDispatcher.php(44): Illuminate\\Routing\\Controller->callAction()
#2 /home/yamojr/devyamo/SchoolofNursing/edusaas/vendor/laravel/framework/src/Illuminate/Routing/Route.php(266): Illuminate\\Routing\\ControllerDispatcher->dispatch()
#3 /home/yamojr/devyamo/SchoolofNursing/edusaas/vendor/laravel/framework/src/Illuminate/Routing/Route.php(212): Illuminate\\Routing\\Route->runController()
#4 /home/yamojr/devyamo/SchoolofNursing/edusaas/vendor/laravel/framework/src/Illuminate/Routing/Router.php(808): Illuminate\\Routing\\Route->run()
#5 /home/yamojr/devyamo/SchoolofNursing/edusaas/vendor/laravel/framework/src/Illuminate/Pipeline/Pipeline.php(170): Illuminate\\Routing\\Router->{closure:Illuminate\\Routing\\Router::runRouteWithinStack():807}()
#6 /home/yamojr/devyamo/SchoolofNursing/edusaas/vendor/spatie/laravel-permission/src/Middleware/RoleMiddleware.php(37): Illuminate\\Pipeline\\Pipeline->{closure:Illuminate\\Pipeline\\Pipeline::prepareDestination():168}()
#7 /home/yamojr/devyamo/SchoolofNursing/edusaas/vendor/laravel/framework/src/Illuminate/Pipeline/Pipeline.php(209): Spatie\\Permission\\Middleware\\RoleMiddleware->handle()
#8 /home/yamojr/devyamo/SchoolofNursing/edusaas/app/Http/Middleware/EnsureTenantAccess.php(26): Illuminate\\Pipeline\\Pipeline->{closure:{closure:Illuminate\\Pipeline\\Pipeline::carry():184}:185}()
#9 /home/yamojr/devyamo/SchoolofNursing/edusaas/vendor/laravel/framework/src/Illuminate/Pipeline/Pipeline.php(209): App\\Http\\Middleware\\EnsureTenantAccess->handle()
#10 /home/yamojr/devyamo/SchoolofNursing/edusaas/app/Http/Middleware/IdentifyTenant.php(40): Illuminate\\Pipeline\\Pipeline->{closure:{closure:Illuminate\\Pipeline\\Pipeline::carry():184}:185}()
#11 /home/yamojr/devyamo/SchoolofNursing/edusaas/vendor/laravel/framework/src/Illuminate/Pipeline/Pipeline.php(209): App\\Http\\Middleware\\IdentifyTenant->handle()
#12 /home/yamojr/devyamo/SchoolofNursing/edusaas/vendor/inertiajs/inertia-laravel/src/Middleware.php(122): Illuminate\\Pipeline\\Pipeline->{closure:{closure:Illuminate\\Pipeline\\Pipeline::carry():184}:185}()
#13 /home/yamojr/devyamo/SchoolofNursing/edusaas/vendor/laravel/framework/src/Illuminate/Pipeline/Pipeline.php(209): Inertia\\Middleware->handle()
#14 /home/yamojr/devyamo/SchoolofNursing/edusaas/vendor/laravel/framework/src/Illuminate/Routing/Middleware/SubstituteBindings.php(51): Illuminate\\Pipeline\\Pipeline->{closure:{closure:Illuminate\\Pipeline\\Pipeline::carry():184}:185}()
#15 /home/yamojr/devyamo/SchoolofNursing/edusaas/vendor/laravel/framework/src/Illuminate/Pipeline/Pipeline.php(209): Illuminate\\Routing\\Middleware\\SubstituteBindings->handle()
#16 /home/yamojr/devyamo/SchoolofNursing/edusaas/vendor/laravel/framework/src/Illuminate/Auth/Middleware/Authenticate.php(64): Illuminate\\Pipeline\\Pipeline->{closure:{closure:Illuminate\\Pipeline\\Pipeline::carry():184}:185}()
#17 /home/yamojr/devyamo/SchoolofNursing/edusaas/vendor/laravel/framework/src/Illuminate/Pipeline/Pipeline.php(209): Illuminate\\Auth\\Middleware\\Authenticate->handle()
#18 /home/yamojr/devyamo/SchoolofNursing/edusaas/vendor/laravel/framework/src/Illuminate/Foundation/Http/Middleware/VerifyCsrfToken.php(88): Illuminate\\Pipeline\\Pipeline->{closure:{closure:Illuminate\\Pipeline\\Pipeline::carry():184}:185}()
#19 /home/yamojr/devyamo/SchoolofNursing/edusaas/vendor/laravel/framework/src/Illuminate/Pipeline/Pipeline.php(209): Illuminate\\Foundation\\Http\\Middleware\\VerifyCsrfToken->handle()
#20 /home/yamojr/devyamo/SchoolofNursing/edusaas/vendor/laravel/framework/src/Illuminate/View/Middleware/ShareErrorsFromSession.php(49): Illuminate\\Pipeline\\Pipeline->{closure:{closure:Illuminate\\Pipeline\\Pipeline::carry():184}:185}()
#21 /home/yamojr/devyamo/SchoolofNursing/edusaas/vendor/laravel/framework/src/Illuminate/Pipeline/Pipeline.php(209): Illuminate\\View\\Middleware\\ShareErrorsFromSession->handle()
#22 /home/yamojr/devyamo/SchoolofNursing/edusaas/vendor/laravel/framework/src/Illuminate/Session/Middleware/StartSession.php(121): Illuminate\\Pipeline\\Pipeline->{closure:{closure:Illuminate\\Pipeline\\Pipeline::carry():184}:185}()
#23 /home/yamojr/devyamo/SchoolofNursing/edusaas/vendor/laravel/framework/src/Illuminate/Session/Middleware/StartSession.php(64): Illuminate\\Session\\Middleware\\StartSession->handleStatefulRequest()
#24 /home/yamojr/devyamo/SchoolofNursing/edusaas/vendor/laravel/framework/src/Illuminate/Pipeline/Pipeline.php(209): Illuminate\\Session\\Middleware\\StartSession->handle()
#25 /home/yamojr/devyamo/SchoolofNursing/edusaas/vendor/laravel/framework/src/Illuminate/Cookie/Middleware/AddQueuedCookiesToResponse.php(37): Illuminate\\Pipeline\\Pipeline->{closure:{closure:Illuminate\\Pipeline\\Pipeline::carry():184}:185}()
#26 /home/yamojr/devyamo/SchoolofNursing/edusaas/vendor/laravel/framework/src/Illuminate/Pipeline/Pipeline.php(209): Illuminate\\Cookie\\Middleware\\AddQueuedCookiesToResponse->handle()
#27 /home/yamojr/devyamo/SchoolofNursing/edusaas/vendor/laravel/framework/src/Illuminate/Cookie/Middleware/EncryptCookies.php(75): Illuminate\\Pipeline\\Pipeline->{closure:{closure:Illuminate\\Pipeline\\Pipeline::carry():184}:185}()
#28 /home/yamojr/devyamo/SchoolofNursing/edusaas/vendor/laravel/framework/src/Illuminate/Pipeline/Pipeline.php(209): Illuminate\\Cookie\\Middleware\\EncryptCookies->handle()
#29 /home/yamojr/devyamo/SchoolofNursing/edusaas/vendor/laravel/framework/src/Illuminate/Pipeline/Pipeline.php(127): Illuminate\\Pipeline\\Pipeline->{closure:{closure:Illuminate\\Pipeline\\Pipeline::carry():184}:185}()
#30 /home/yamojr/devyamo/SchoolofNursing/edusaas/vendor/laravel/framework/src/Illuminate/Routing/Router.php(807): Illuminate\\Pipeline\\Pipeline->then()
#31 /home/yamojr/devyamo/SchoolofNursing/edusaas/vendor/laravel/framework/src/Illuminate/Routing/Router.php(786): Illuminate\\Routing\\Router->runRouteWithinStack()
#32 /home/yamojr/devyamo/SchoolofNursing/edusaas/vendor/laravel/framework/src/Illuminate/Routing/Router.php(750): Illuminate\\Routing\\Router->runRoute()
#33 /home/yamojr/devyamo/SchoolofNursing/edusaas/vendor/laravel/framework/src/Illuminate/Routing/Router.php(739): Illuminate\\Routing\\Router->dispatchToRoute()
#34 /home/yamojr/devyamo/SchoolofNursing/edusaas/vendor/laravel/framework/src/Illuminate/Foundation/Http/Kernel.php(201): Illuminate\\Routing\\Router->dispatch()
#35 /home/yamojr/devyamo/SchoolofNursing/edusaas/vendor/laravel/framework/src/Illuminate/Pipeline/Pipeline.php(170): Illuminate\\Foundation\\Http\\Kernel->{closure:Illuminate\\Foundation\\Http\\Kernel::dispatchToRouter():198}()
#36 /home/yamojr/devyamo/SchoolofNursing/edusaas/vendor/laravel/framework/src/Illuminate/Foundation/Http/Middleware/TransformsRequest.php(21): Illuminate\\Pipeline\\Pipeline->{closure:Illuminate\\Pipeline\\Pipeline::prepareDestination():168}()
#37 /home/yamojr/devyamo/SchoolofNursing/edusaas/vendor/laravel/framework/src/Illuminate/Foundation/Http/Middleware/ConvertEmptyStringsToNull.php(31): Illuminate\\Foundation\\Http\\Middleware\\TransformsRequest->handle()
#38 /home/yamojr/devyamo/SchoolofNursing/edusaas/vendor/laravel/framework/src/Illuminate/Pipeline/Pipeline.php(209): Illuminate\\Foundation\\Http\\Middleware\\ConvertEmptyStringsToNull->handle()
#39 /home/yamojr/devyamo/SchoolofNursing/edusaas/vendor/laravel/framework/src/Illuminate/Foundation/Http/Middleware/TransformsRequest.php(21): Illuminate\\Pipeline\\Pipeline->{closure:{closure:Illuminate\\Pipeline\\Pipeline::carry():184}:185}()
#40 /home/yamojr/devyamo/SchoolofNursing/edusaas/vendor/laravel/framework/src/Illuminate/Foundation/Http/Middleware/TrimStrings.php(51): Illuminate\\Foundation\\Http\\Middleware\\TransformsRequest->handle()
#41 /home/yamojr/devyamo/SchoolofNursing/edusaas/vendor/laravel/framework/src/Illuminate/Pipeline/Pipeline.php(209): Illuminate\\Foundation\\Http\\Middleware\\TrimStrings->handle()
#42 /home/yamojr/devyamo/SchoolofNursing/edusaas/vendor/laravel/framework/src/Illuminate/Http/Middleware/ValidatePostSize.php(27): Illuminate\\Pipeline\\Pipeline->{closure:{closure:Illuminate\\Pipeline\\Pipeline::carry():184}:185}()
#43 /home/yamojr/devyamo/SchoolofNursing/edusaas/vendor/laravel/framework/src/Illuminate/Pipeline/Pipeline.php(209): Illuminate\\Http\\Middleware\\ValidatePostSize->handle()
#44 /home/yamojr/devyamo/SchoolofNursing/edusaas/vendor/laravel/framework/src/Illuminate/Foundation/Http/Middleware/PreventRequestsDuringMaintenance.php(110): Illuminate\\Pipeline\\Pipeline->{closure:{closure:Illuminate\\Pipeline\\Pipeline::carry():184}:185}()
#45 /home/yamojr/devyamo/SchoolofNursing/edusaas/vendor/laravel/framework/src/Illuminate/Pipeline/Pipeline.php(209): Illuminate\\Foundation\\Http\\Middleware\\PreventRequestsDuringMaintenance->handle()
#46 /home/yamojr/devyamo/SchoolofNursing/edusaas/vendor/laravel/framework/src/Illuminate/Http/Middleware/HandleCors.php(49): Illuminate\\Pipeline\\Pipeline->{closure:{closure:Illuminate\\Pipeline\\Pipeline::carry():184}:185}()
#47 /home/yamojr/devyamo/SchoolofNursing/edusaas/vendor/laravel/framework/src/Illuminate/Pipeline/Pipeline.php(209): Illuminate\\Http\\Middleware\\HandleCors->handle()
#48 /home/yamojr/devyamo/SchoolofNursing/edusaas/vendor/laravel/framework/src/Illuminate/Http/Middleware/TrustProxies.php(58): Illuminate\\Pipeline\\Pipeline->{closure:{closure:Illuminate\\Pipeline\\Pipeline::carry():184}:185}()
#49 /home/yamojr/devyamo/SchoolofNursing/edusaas/vendor/laravel/framework/src/Illuminate/Pipeline/Pipeline.php(209): Illuminate\\Http\\Middleware\\TrustProxies->handle()
#50 /home/yamojr/devyamo/SchoolofNursing/edusaas/vendor/laravel/framework/src/Illuminate/Foundation/Http/Middleware/InvokeDeferredCallbacks.php(22): Illuminate\\Pipeline\\Pipeline->{closure:{closure:Illuminate\\Pipeline\\Pipeline::carry():184}:185}()
#51 /home/yamojr/devyamo/SchoolofNursing/edusaas/vendor/laravel/framework/src/Illuminate/Pipeline/Pipeline.php(209): Illuminate\\Foundation\\Http\\Middleware\\InvokeDeferredCallbacks->handle()
#52 /home/yamojr/devyamo/SchoolofNursing/edusaas/vendor/laravel/framework/src/Illuminate/Pipeline/Pipeline.php(127): Illuminate\\Pipeline\\Pipeline->{closure:{closure:Illuminate\\Pipeline\\Pipeline::carry():184}:185}()
#53 /home/yamojr/devyamo/SchoolofNursing/edusaas/vendor/laravel/framework/src/Illuminate/Foundation/Http/Kernel.php(176): Illuminate\\Pipeline\\Pipeline->then()
#54 /home/yamojr/devyamo/SchoolofNursing/edusaas/vendor/laravel/framework/src/Illuminate/Foundation/Http/Kernel.php(145): Illuminate\\Foundation\\Http\\Kernel->sendRequestThroughRouter()
#55 /home/yamojr/devyamo/SchoolofNursing/edusaas/vendor/laravel/framework/src/Illuminate/Foundation/Application.php(1220): Illuminate\\Foundation\\Http\\Kernel->handle()
#56 /home/yamojr/devyamo/SchoolofNursing/edusaas/public/index.php(19): Illuminate\\Foundation\\Application->handleRequest()
#57 /home/yamojr/devyamo/SchoolofNursing/edusaas/vendor/laravel/framework/src/Illuminate/Foundation/resources/server.php(23): require_once('...')
#58 {main}
"} 
[2026-05-18 08:18:36] local.ERROR: Method App\Http\Controllers\HOD\DashboardController::students does not exist. {"userId":7,"exception":"[object] (BadMethodCallException(code: 0): Method App\\Http\\Controllers\\HOD\\DashboardController::students does not exist. at /home/yamojr/devyamo/SchoolofNursing/edusaas/vendor/laravel/framework/src/Illuminate/Routing/Controller.php:68)
[stacktrace]
#0 /home/yamojr/devyamo/SchoolofNursing/edusaas/vendor/laravel/framework/src/Illuminate/Routing/Controller.php(54): Illuminate\\Routing\\Controller->__call()
#1 /home/yamojr/devyamo/SchoolofNursing/edusaas/vendor/laravel/framework/src/Illuminate/Routing/ControllerDispatcher.php(44): Illuminate\\Routing\\Controller->callAction()
#2 /home/yamojr/devyamo/SchoolofNursing/edusaas/vendor/laravel/framework/src/Illuminate/Routing/Route.php(266): Illuminate\\Routing\\ControllerDispatcher->dispatch()
#3 /home/yamojr/devyamo/SchoolofNursing/edusaas/vendor/laravel/framework/src/Illuminate/Routing/Route.php(212): Illuminate\\Routing\\Route->runController()
#4 /home/yamojr/devyamo/SchoolofNursing/edusaas/vendor/laravel/framework/src/Illuminate/Routing/Router.php(808): Illuminate\\Routing\\Route->run()
#5 /home/yamojr/devyamo/SchoolofNursing/edusaas/vendor/laravel/framework/src/Illuminate/Pipeline/Pipeline.php(170): Illuminate\\Routing\\Router->{closure:Illuminate\\Routing\\Router::runRouteWithinStack():807}()
#6 /home/yamojr/devyamo/SchoolofNursing/edusaas/vendor/spatie/laravel-permission/src/Middleware/RoleMiddleware.php(37): Illuminate\\Pipeline\\Pipeline->{closure:Illuminate\\Pipeline\\Pipeline::prepareDestination():168}()
#7 /home/yamojr/devyamo/SchoolofNursing/edusaas/vendor/laravel/framework/src/Illuminate/Pipeline/Pipeline.php(209): Spatie\\Permission\\Middleware\\RoleMiddleware->handle()
#8 /home/yamojr/devyamo/SchoolofNursing/edusaas/app/Http/Middleware/EnsureTenantAccess.php(26): Illuminate\\Pipeline\\Pipeline->{closure:{closure:Illuminate\\Pipeline\\Pipeline::carry():184}:185}()
#9 /home/yamojr/devyamo/SchoolofNursing/edusaas/vendor/laravel/framework/src/Illuminate/Pipeline/Pipeline.php(209): App\\Http\\Middleware\\EnsureTenantAccess->handle()
#10 /home/yamojr/devyamo/SchoolofNursing/edusaas/app/Http/Middleware/IdentifyTenant.php(40): Illuminate\\Pipeline\\Pipeline->{closure:{closure:Illuminate\\Pipeline\\Pipeline::carry():184}:185}()
#11 /home/yamojr/devyamo/SchoolofNursing/edusaas/vendor/laravel/framework/src/Illuminate/Pipeline/Pipeline.php(209): App\\Http\\Middleware\\IdentifyTenant->handle()
#12 /home/yamojr/devyamo/SchoolofNursing/edusaas/vendor/inertiajs/inertia-laravel/src/Middleware.php(122): Illuminate\\Pipeline\\Pipeline->{closure:{closure:Illuminate\\Pipeline\\Pipeline::carry():184}:185}()
#13 /home/yamojr/devyamo/SchoolofNursing/edusaas/vendor/laravel/framework/src/Illuminate/Pipeline/Pipeline.php(209): Inertia\\Middleware->handle()
#14 /home/yamojr/devyamo/SchoolofNursing/edusaas/vendor/laravel/framework/src/Illuminate/Routing/Middleware/SubstituteBindings.php(51): Illuminate\\Pipeline\\Pipeline->{closure:{closure:Illuminate\\Pipeline\\Pipeline::carry():184}:185}()
#15 /home/yamojr/devyamo/SchoolofNursing/edusaas/vendor/laravel/framework/src/Illuminate/Pipeline/Pipeline.php(209): Illuminate\\Routing\\Middleware\\SubstituteBindings->handle()
#16 /home/yamojr/devyamo/SchoolofNursing/edusaas/vendor/laravel/framework/src/Illuminate/Auth/Middleware/Authenticate.php(64): Illuminate\\Pipeline\\Pipeline->{closure:{closure:Illuminate\\Pipeline\\Pipeline::carry():184}:185}()
#17 /home/yamojr/devyamo/SchoolofNursing/edusaas/vendor/laravel/framework/src/Illuminate/Pipeline/Pipeline.php(209): Illuminate\\Auth\\Middleware\\Authenticate->handle()
#18 /home/yamojr/devyamo/SchoolofNursing/edusaas/vendor/laravel/framework/src/Illuminate/Foundation/Http/Middleware/VerifyCsrfToken.php(88): Illuminate\\Pipeline\\Pipeline->{closure:{closure:Illuminate\\Pipeline\\Pipeline::carry():184}:185}()
#19 /home/yamojr/devyamo/SchoolofNursing/edusaas/vendor/laravel/framework/src/Illuminate/Pipeline/Pipeline.php(209): Illuminate\\Foundation\\Http\\Middleware\\VerifyCsrfToken->handle()
#20 /home/yamojr/devyamo/SchoolofNursing/edusaas/vendor/laravel/framework/src/Illuminate/View/Middleware/ShareErrorsFromSession.php(49): Illuminate\\Pipeline\\Pipeline->{closure:{closure:Illuminate\\Pipeline\\Pipeline::carry():184}:185}()
#21 /home/yamojr/devyamo/SchoolofNursing/edusaas/vendor/laravel/framework/src/Illuminate/Pipeline/Pipeline.php(209): Illuminate\\View\\Middleware\\ShareErrorsFromSession->handle()
#22 /home/yamojr/devyamo/SchoolofNursing/edusaas/vendor/laravel/framework/src/Illuminate/Session/Middleware/StartSession.php(121): Illuminate\\Pipeline\\Pipeline->{closure:{closure:Illuminate\\Pipeline\\Pipeline::carry():184}:185}()
#23 /home/yamojr/devyamo/SchoolofNursing/edusaas/vendor/laravel/framework/src/Illuminate/Session/Middleware/StartSession.php(64): Illuminate\\Session\\Middleware\\StartSession->handleStatefulRequest()
#24 /home/yamojr/devyamo/SchoolofNursing/edusaas/vendor/laravel/framework/src/Illuminate/Pipeline/Pipeline.php(209): Illuminate\\Session\\Middleware\\StartSession->handle()
#25 /home/yamojr/devyamo/SchoolofNursing/edusaas/vendor/laravel/framework/src/Illuminate/Cookie/Middleware/AddQueuedCookiesToResponse.php(37): Illuminate\\Pipeline\\Pipeline->{closure:{closure:Illuminate\\Pipeline\\Pipeline::carry():184}:185}()
#26 /home/yamojr/devyamo/SchoolofNursing/edusaas/vendor/laravel/framework/src/Illuminate/Pipeline/Pipeline.php(209): Illuminate\\Cookie\\Middleware\\AddQueuedCookiesToResponse->handle()
#27 /home/yamojr/devyamo/SchoolofNursing/edusaas/vendor/laravel/framework/src/Illuminate/Cookie/Middleware/EncryptCookies.php(75): Illuminate\\Pipeline\\Pipeline->{closure:{closure:Illuminate\\Pipeline\\Pipeline::carry():184}:185}()
#28 /home/yamojr/devyamo/SchoolofNursing/edusaas/vendor/laravel/framework/src/Illuminate/Pipeline/Pipeline.php(209): Illuminate\\Cookie\\Middleware\\EncryptCookies->handle()
#29 /home/yamojr/devyamo/SchoolofNursing/edusaas/vendor/laravel/framework/src/Illuminate/Pipeline/Pipeline.php(127): Illuminate\\Pipeline\\Pipeline->{closure:{closure:Illuminate\\Pipeline\\Pipeline::carry():184}:185}()
#30 /home/yamojr/devyamo/SchoolofNursing/edusaas/vendor/laravel/framework/src/Illuminate/Routing/Router.php(807): Illuminate\\Pipeline\\Pipeline->then()
#31 /home/yamojr/devyamo/SchoolofNursing/edusaas/vendor/laravel/framework/src/Illuminate/Routing/Router.php(786): Illuminate\\Routing\\Router->runRouteWithinStack()
#32 /home/yamojr/devyamo/SchoolofNursing/edusaas/vendor/laravel/framework/src/Illuminate/Routing/Router.php(750): Illuminate\\Routing\\Router->runRoute()
#33 /home/yamojr/devyamo/SchoolofNursing/edusaas/vendor/laravel/framework/src/Illuminate/Routing/Router.php(739): Illuminate\\Routing\\Router->dispatchToRoute()
#34 /home/yamojr/devyamo/SchoolofNursing/edusaas/vendor/laravel/framework/src/Illuminate/Foundation/Http/Kernel.php(201): Illuminate\\Routing\\Router->dispatch()
#35 /home/yamojr/devyamo/SchoolofNursing/edusaas/vendor/laravel/framework/src/Illuminate/Pipeline/Pipeline.php(170): Illuminate\\Foundation\\Http\\Kernel->{closure:Illuminate\\Foundation\\Http\\Kernel::dispatchToRouter():198}()
#36 /home/yamojr/devyamo/SchoolofNursing/edusaas/vendor/laravel/framework/src/Illuminate/Foundation/Http/Middleware/TransformsRequest.php(21): Illuminate\\Pipeline\\Pipeline->{closure:Illuminate\\Pipeline\\Pipeline::prepareDestination():168}()
#37 /home/yamojr/devyamo/SchoolofNursing/edusaas/vendor/laravel/framework/src/Illuminate/Foundation/Http/Middleware/ConvertEmptyStringsToNull.php(31): Illuminate\\Foundation\\Http\\Middleware\\TransformsRequest->handle()
#38 /home/yamojr/devyamo/SchoolofNursing/edusaas/vendor/laravel/framework/src/Illuminate/Pipeline/Pipeline.php(209): Illuminate\\Foundation\\Http\\Middleware\\ConvertEmptyStringsToNull->handle()
#39 /home/yamojr/devyamo/SchoolofNursing/edusaas/vendor/laravel/framework/src/Illuminate/Foundation/Http/Middleware/TransformsRequest.php(21): Illuminate\\Pipeline\\Pipeline->{closure:{closure:Illuminate\\Pipeline\\Pipeline::carry():184}:185}()
#40 /home/yamojr/devyamo/SchoolofNursing/edusaas/vendor/laravel/framework/src/Illuminate/Foundation/Http/Middleware/TrimStrings.php(51): Illuminate\\Foundation\\Http\\Middleware\\TransformsRequest->handle()
#41 /home/yamojr/devyamo/SchoolofNursing/edusaas/vendor/laravel/framework/src/Illuminate/Pipeline/Pipeline.php(209): Illuminate\\Foundation\\Http\\Middleware\\TrimStrings->handle()
#42 /home/yamojr/devyamo/SchoolofNursing/edusaas/vendor/laravel/framework/src/Illuminate/Http/Middleware/ValidatePostSize.php(27): Illuminate\\Pipeline\\Pipeline->{closure:{closure:Illuminate\\Pipeline\\Pipeline::carry():184}:185}()
#43 /home/yamojr/devyamo/SchoolofNursing/edusaas/vendor/laravel/framework/src/Illuminate/Pipeline/Pipeline.php(209): Illuminate\\Http\\Middleware\\ValidatePostSize->handle()
#44 /home/yamojr/devyamo/SchoolofNursing/edusaas/vendor/laravel/framework/src/Illuminate/Foundation/Http/Middleware/PreventRequestsDuringMaintenance.php(110): Illuminate\\Pipeline\\Pipeline->{closure:{closure:Illuminate\\Pipeline\\Pipeline::carry():184}:185}()
#45 /home/yamojr/devyamo/SchoolofNursing/edusaas/vendor/laravel/framework/src/Illuminate/Pipeline/Pipeline.php(209): Illuminate\\Foundation\\Http\\Middleware\\PreventRequestsDuringMaintenance->handle()
#46 /home/yamojr/devyamo/SchoolofNursing/edusaas/vendor/laravel/framework/src/Illuminate/Http/Middleware/HandleCors.php(49): Illuminate\\Pipeline\\Pipeline->{closure:{closure:Illuminate\\Pipeline\\Pipeline::carry():184}:185}()
#47 /home/yamojr/devyamo/SchoolofNursing/edusaas/vendor/laravel/framework/src/Illuminate/Pipeline/Pipeline.php(209): Illuminate\\Http\\Middleware\\HandleCors->handle()
#48 /home/yamojr/devyamo/SchoolofNursing/edusaas/vendor/laravel/framework/src/Illuminate/Http/Middleware/TrustProxies.php(58): Illuminate\\Pipeline\\Pipeline->{closure:{closure:Illuminate\\Pipeline\\Pipeline::carry():184}:185}()
#49 /home/yamojr/devyamo/SchoolofNursing/edusaas/vendor/laravel/framework/src/Illuminate/Pipeline/Pipeline.php(209): Illuminate\\Http\\Middleware\\TrustProxies->handle()
#50 /home/yamojr/devyamo/SchoolofNursing/edusaas/vendor/laravel/framework/src/Illuminate/Foundation/Http/Middleware/InvokeDeferredCallbacks.php(22): Illuminate\\Pipeline\\Pipeline->{closure:{closure:Illuminate\\Pipeline\\Pipeline::carry():184}:185}()
#51 /home/yamojr/devyamo/SchoolofNursing/edusaas/vendor/laravel/framework/src/Illuminate/Pipeline/Pipeline.php(209): Illuminate\\Foundation\\Http\\Middleware\\InvokeDeferredCallbacks->handle()
#52 /home/yamojr/devyamo/SchoolofNursing/edusaas/vendor/laravel/framework/src/Illuminate/Pipeline/Pipeline.php(127): Illuminate\\Pipeline\\Pipeline->{closure:{closure:Illuminate\\Pipeline\\Pipeline::carry():184}:185}()
#53 /home/yamojr/devyamo/SchoolofNursing/edusaas/vendor/laravel/framework/src/Illuminate/Foundation/Http/Kernel.php(176): Illuminate\\Pipeline\\Pipeline->then()
#54 /home/yamojr/devyamo/SchoolofNursing/edusaas/vendor/laravel/framework/src/Illuminate/Foundation/Http/Kernel.php(145): Illuminate\\Foundation\\Http\\Kernel->sendRequestThroughRouter()
#55 /home/yamojr/devyamo/SchoolofNursing/edusaas/vendor/laravel/framework/src/Illuminate/Foundation/Application.php(1220): Illuminate\\Foundation\\Http\\Kernel->handle()
#56 /home/yamojr/devyamo/SchoolofNursing/edusaas/public/index.php(19): Illuminate\\Foundation\\Application->handleRequest()
#57 /home/yamojr/devyamo/SchoolofNursing/edusaas/vendor/laravel/framework/src/Illuminate/Foundation/resources/server.php(23): require_once('...')
#58 {main}
"} 
[2026-05-18 08:50:34] local.ERROR: Undefined variable $courseId {"userId":2,"exception":"[object] (ErrorException(code: 0): Undefined variable $courseId at /home/yamojr/devyamo/SchoolofNursing/edusaas/app/Http/Controllers/Lecturer/ResultProcessingController.php:20)
[stacktrace]
#0 /home/yamojr/devyamo/SchoolofNursing/edusaas/vendor/laravel/framework/src/Illuminate/Foundation/Bootstrap/HandleExceptions.php(258): Illuminate\\Foundation\\Bootstrap\\HandleExceptions->handleError()
#1 /home/yamojr/devyamo/SchoolofNursing/edusaas/app/Http/Controllers/Lecturer/ResultProcessingController.php(20): Illuminate\\Foundation\\Bootstrap\\HandleExceptions->{closure:Illuminate\\Foundation\\Bootstrap\\HandleExceptions::forwardsTo():257}()
#2 /home/yamojr/devyamo/SchoolofNursing/edusaas/vendor/laravel/framework/src/Illuminate/Routing/Controller.php(54): App\\Http\\Controllers\\Lecturer\\ResultProcessingController->index()
#3 /home/yamojr/devyamo/SchoolofNursing/edusaas/vendor/laravel/framework/src/Illuminate/Routing/ControllerDispatcher.php(44): Illuminate\\Routing\\Controller->callAction()
#4 /home/yamojr/devyamo/SchoolofNursing/edusaas/vendor/laravel/framework/src/Illuminate/Routing/Route.php(266): Illuminate\\Routing\\ControllerDispatcher->dispatch()
#5 /home/yamojr/devyamo/SchoolofNursing/edusaas/vendor/laravel/framework/src/Illuminate/Routing/Route.php(212): Illuminate\\Routing\\Route->runController()
#6 /home/yamojr/devyamo/SchoolofNursing/edusaas/vendor/laravel/framework/src/Illuminate/Routing/Router.php(808): Illuminate\\Routing\\Route->run()
#7 /home/yamojr/devyamo/SchoolofNursing/edusaas/vendor/laravel/framework/src/Illuminate/Pipeline/Pipeline.php(170): Illuminate\\Routing\\Router->{closure:Illuminate\\Routing\\Router::runRouteWithinStack():807}()
#8 /home/yamojr/devyamo/SchoolofNursing/edusaas/app/Http/Middleware/EnsureTenantAccess.php(26): Illuminate\\Pipeline\\Pipeline->{closure:Illuminate\\Pipeline\\Pipeline::prepareDestination():168}()
#9 /home/yamojr/devyamo/SchoolofNursing/edusaas/vendor/laravel/framework/src/Illuminate/Pipeline/Pipeline.php(209): App\\Http\\Middleware\\EnsureTenantAccess->handle()
#10 /home/yamojr/devyamo/SchoolofNursing/edusaas/vendor/spatie/laravel-permission/src/Middleware/RoleMiddleware.php(37): Illuminate\\Pipeline\\Pipeline->{closure:{closure:Illuminate\\Pipeline\\Pipeline::carry():184}:185}()
#11 /home/yamojr/devyamo/SchoolofNursing/edusaas/vendor/laravel/framework/src/Illuminate/Pipeline/Pipeline.php(209): Spatie\\Permission\\Middleware\\RoleMiddleware->handle()
#12 /home/yamojr/devyamo/SchoolofNursing/edusaas/app/Http/Middleware/IdentifyTenant.php(40): Illuminate\\Pipeline\\Pipeline->{closure:{closure:Illuminate\\Pipeline\\Pipeline::carry():184}:185}()
#13 /home/yamojr/devyamo/SchoolofNursing/edusaas/vendor/laravel/framework/src/Illuminate/Pipeline/Pipeline.php(209): App\\Http\\Middleware\\IdentifyTenant->handle()
#14 /home/yamojr/devyamo/SchoolofNursing/edusaas/vendor/inertiajs/inertia-laravel/src/Middleware.php(122): Illuminate\\Pipeline\\Pipeline->{closure:{closure:Illuminate\\Pipeline\\Pipeline::carry():184}:185}()
#15 /home/yamojr/devyamo/SchoolofNursing/edusaas/vendor/laravel/framework/src/Illuminate/Pipeline/Pipeline.php(209): Inertia\\Middleware->handle()
#16 /home/yamojr/devyamo/SchoolofNursing/edusaas/vendor/laravel/framework/src/Illuminate/Routing/Middleware/SubstituteBindings.php(51): Illuminate\\Pipeline\\Pipeline->{closure:{closure:Illuminate\\Pipeline\\Pipeline::carry():184}:185}()
#17 /home/yamojr/devyamo/SchoolofNursing/edusaas/vendor/laravel/framework/src/Illuminate/Pipeline/Pipeline.php(209): Illuminate\\Routing\\Middleware\\SubstituteBindings->handle()
#18 /home/yamojr/devyamo/SchoolofNursing/edusaas/vendor/laravel/framework/src/Illuminate/Auth/Middleware/Authenticate.php(64): Illuminate\\Pipeline\\Pipeline->{closure:{closure:Illuminate\\Pipeline\\Pipeline::carry():184}:185}()
#19 /home/yamojr/devyamo/SchoolofNursing/edusaas/vendor/laravel/framework/src/Illuminate/Pipeline/Pipeline.php(209): Illuminate\\Auth\\Middleware\\Authenticate->handle()
#20 /home/yamojr/devyamo/SchoolofNursing/edusaas/vendor/laravel/framework/src/Illuminate/Foundation/Http/Middleware/VerifyCsrfToken.php(88): Illuminate\\Pipeline\\Pipeline->{closure:{closure:Illuminate\\Pipeline\\Pipeline::carry():184}:185}()
#21 /home/yamojr/devyamo/SchoolofNursing/edusaas/vendor/laravel/framework/src/Illuminate/Pipeline/Pipeline.php(209): Illuminate\\Foundation\\Http\\Middleware\\VerifyCsrfToken->handle()
#22 /home/yamojr/devyamo/SchoolofNursing/edusaas/vendor/laravel/framework/src/Illuminate/View/Middleware/ShareErrorsFromSession.php(49): Illuminate\\Pipeline\\Pipeline->{closure:{closure:Illuminate\\Pipeline\\Pipeline::carry():184}:185}()
#23 /home/yamojr/devyamo/SchoolofNursing/edusaas/vendor/laravel/framework/src/Illuminate/Pipeline/Pipeline.php(209): Illuminate\\View\\Middleware\\ShareErrorsFromSession->handle()
#24 /home/yamojr/devyamo/SchoolofNursing/edusaas/vendor/laravel/framework/src/Illuminate/Session/Middleware/StartSession.php(121): Illuminate\\Pipeline\\Pipeline->{closure:{closure:Illuminate\\Pipeline\\Pipeline::carry():184}:185}()
#25 /home/yamojr/devyamo/SchoolofNursing/edusaas/vendor/laravel/framework/src/Illuminate/Session/Middleware/StartSession.php(64): Illuminate\\Session\\Middleware\\StartSession->handleStatefulRequest()
#26 /home/yamojr/devyamo/SchoolofNursing/edusaas/vendor/laravel/framework/src/Illuminate/Pipeline/Pipeline.php(209): Illuminate\\Session\\Middleware\\StartSession->handle()
#27 /home/yamojr/devyamo/SchoolofNursing/edusaas/vendor/laravel/framework/src/Illuminate/Cookie/Middleware/AddQueuedCookiesToResponse.php(37): Illuminate\\Pipeline\\Pipeline->{closure:{closure:Illuminate\\Pipeline\\Pipeline::carry():184}:185}()
#28 /home/yamojr/devyamo/SchoolofNursing/edusaas/vendor/laravel/framework/src/Illuminate/Pipeline/Pipeline.php(209): Illuminate\\Cookie\\Middleware\\AddQueuedCookiesToResponse->handle()
#29 /home/yamojr/devyamo/SchoolofNursing/edusaas/vendor/laravel/framework/src/Illuminate/Cookie/Middleware/EncryptCookies.php(75): Illuminate\\Pipeline\\Pipeline->{closure:{closure:Illuminate\\Pipeline\\Pipeline::carry():184}:185}()
#30 /home/yamojr/devyamo/SchoolofNursing/edusaas/vendor/laravel/framework/src/Illuminate/Pipeline/Pipeline.php(209): Illuminate\\Cookie\\Middleware\\EncryptCookies->handle()
#31 /home/yamojr/devyamo/SchoolofNursing/edusaas/vendor/laravel/framework/src/Illuminate/Pipeline/Pipeline.php(127): Illuminate\\Pipeline\\Pipeline->{closure:{closure:Illuminate\\Pipeline\\Pipeline::carry():184}:185}()
#32 /home/yamojr/devyamo/SchoolofNursing/edusaas/vendor/laravel/framework/src/Illuminate/Routing/Router.php(807): Illuminate\\Pipeline\\Pipeline->then()
#33 /home/yamojr/devyamo/SchoolofNursing/edusaas/vendor/laravel/framework/src/Illuminate/Routing/Router.php(786): Illuminate\\Routing\\Router->runRouteWithinStack()
#34 /home/yamojr/devyamo/SchoolofNursing/edusaas/vendor/laravel/framework/src/Illuminate/Routing/Router.php(750): Illuminate\\Routing\\Router->runRoute()
#35 /home/yamojr/devyamo/SchoolofNursing/edusaas/vendor/laravel/framework/src/Illuminate/Routing/Router.php(739): Illuminate\\Routing\\Router->dispatchToRoute()
#36 /home/yamojr/devyamo/SchoolofNursing/edusaas/vendor/laravel/framework/src/Illuminate/Foundation/Http/Kernel.php(201): Illuminate\\Routing\\Router->dispatch()
#37 /home/yamojr/devyamo/SchoolofNursing/edusaas/vendor/laravel/framework/src/Illuminate/Pipeline/Pipeline.php(170): Illuminate\\Foundation\\Http\\Kernel->{closure:Illuminate\\Foundation\\Http\\Kernel::dispatchToRouter():198}()
#38 /home/yamojr/devyamo/SchoolofNursing/edusaas/vendor/laravel/framework/src/Illuminate/Foundation/Http/Middleware/TransformsRequest.php(21): Illuminate\\Pipeline\\Pipeline->{closure:Illuminate\\Pipeline\\Pipeline::prepareDestination():168}()
#39 /home/yamojr/devyamo/SchoolofNursing/edusaas/vendor/laravel/framework/src/Illuminate/Foundation/Http/Middleware/ConvertEmptyStringsToNull.php(31): Illuminate\\Foundation\\Http\\Middleware\\TransformsRequest->handle()
#40 /home/yamojr/devyamo/SchoolofNursing/edusaas/vendor/laravel/framework/src/Illuminate/Pipeline/Pipeline.php(209): Illuminate\\Foundation\\Http\\Middleware\\ConvertEmptyStringsToNull->handle()
#41 /home/yamojr/devyamo/SchoolofNursing/edusaas/vendor/laravel/framework/src/Illuminate/Foundation/Http/Middleware/TransformsRequest.php(21): Illuminate\\Pipeline\\Pipeline->{closure:{closure:Illuminate\\Pipeline\\Pipeline::carry():184}:185}()
#42 /home/yamojr/devyamo/SchoolofNursing/edusaas/vendor/laravel/framework/src/Illuminate/Foundation/Http/Middleware/TrimStrings.php(51): Illuminate\\Foundation\\Http\\Middleware\\TransformsRequest->handle()
#43 /home/yamojr/devyamo/SchoolofNursing/edusaas/vendor/laravel/framework/src/Illuminate/Pipeline/Pipeline.php(209): Illuminate\\Foundation\\Http\\Middleware\\TrimStrings->handle()
#44 /home/yamojr/devyamo/SchoolofNursing/edusaas/vendor/laravel/framework/src/Illuminate/Http/Middleware/ValidatePostSize.php(27): Illuminate\\Pipeline\\Pipeline->{closure:{closure:Illuminate\\Pipeline\\Pipeline::carry():184}:185}()
#45 /home/yamojr/devyamo/SchoolofNursing/edusaas/vendor/laravel/framework/src/Illuminate/Pipeline/Pipeline.php(209): Illuminate\\Http\\Middleware\\ValidatePostSize->handle()
#46 /home/yamojr/devyamo/SchoolofNursing/edusaas/vendor/laravel/framework/src/Illuminate/Foundation/Http/Middleware/PreventRequestsDuringMaintenance.php(110): Illuminate\\Pipeline\\Pipeline->{closure:{closure:Illuminate\\Pipeline\\Pipeline::carry():184}:185}()
#47 /home/yamojr/devyamo/SchoolofNursing/edusaas/vendor/laravel/framework/src/Illuminate/Pipeline/Pipeline.php(209): Illuminate\\Foundation\\Http\\Middleware\\PreventRequestsDuringMaintenance->handle()
#48 /home/yamojr/devyamo/SchoolofNursing/edusaas/vendor/laravel/framework/src/Illuminate/Http/Middleware/HandleCors.php(49): Illuminate\\Pipeline\\Pipeline->{closure:{closure:Illuminate\\Pipeline\\Pipeline::carry():184}:185}()
#49 /home/yamojr/devyamo/SchoolofNursing/edusaas/vendor/laravel/framework/src/Illuminate/Pipeline/Pipeline.php(209): Illuminate\\Http\\Middleware\\HandleCors->handle()
#50 /home/yamojr/devyamo/SchoolofNursing/edusaas/vendor/laravel/framework/src/Illuminate/Http/Middleware/TrustProxies.php(58): Illuminate\\Pipeline\\Pipeline->{closure:{closure:Illuminate\\Pipeline\\Pipeline::carry():184}:185}()
#51 /home/yamojr/devyamo/SchoolofNursing/edusaas/vendor/laravel/framework/src/Illuminate/Pipeline/Pipeline.php(209): Illuminate\\Http\\Middleware\\TrustProxies->handle()
#52 /home/yamojr/devyamo/SchoolofNursing/edusaas/vendor/laravel/framework/src/Illuminate/Foundation/Http/Middleware/InvokeDeferredCallbacks.php(22): Illuminate\\Pipeline\\Pipeline->{closure:{closure:Illuminate\\Pipeline\\Pipeline::carry():184}:185}()
#53 /home/yamojr/devyamo/SchoolofNursing/edusaas/vendor/laravel/framework/src/Illuminate/Pipeline/Pipeline.php(209): Illuminate\\Foundation\\Http\\Middleware\\InvokeDeferredCallbacks->handle()
#54 /home/yamojr/devyamo/SchoolofNursing/edusaas/vendor/laravel/framework/src/Illuminate/Pipeline/Pipeline.php(127): Illuminate\\Pipeline\\Pipeline->{closure:{closure:Illuminate\\Pipeline\\Pipeline::carry():184}:185}()
#55 /home/yamojr/devyamo/SchoolofNursing/edusaas/vendor/laravel/framework/src/Illuminate/Foundation/Http/Kernel.php(176): Illuminate\\Pipeline\\Pipeline->then()
#56 /home/yamojr/devyamo/SchoolofNursing/edusaas/vendor/laravel/framework/src/Illuminate/Foundation/Http/Kernel.php(145): Illuminate\\Foundation\\Http\\Kernel->sendRequestThroughRouter()
#57 /home/yamojr/devyamo/SchoolofNursing/edusaas/vendor/laravel/framework/src/Illuminate/Foundation/Application.php(1220): Illuminate\\Foundation\\Http\\Kernel->handle()
#58 /home/yamojr/devyamo/SchoolofNursing/edusaas/public/index.php(19): Illuminate\\Foundation\\Application->handleRequest()
#59 /home/yamojr/devyamo/SchoolofNursing/edusaas/vendor/laravel/framework/src/Illuminate/Foundation/resources/server.php(23): require_once('...')
#60 {main}
"} 
[2026-05-18 08:56:16] local.ERROR: Undefined variable $courseId {"userId":2,"exception":"[object] (ErrorException(code: 0): Undefined variable $courseId at /home/yamojr/devyamo/SchoolofNursing/edusaas/app/Http/Controllers/Lecturer/ResultProcessingController.php:20)
[stacktrace]
#0 /home/yamojr/devyamo/SchoolofNursing/edusaas/vendor/laravel/framework/src/Illuminate/Foundation/Bootstrap/HandleExceptions.php(258): Illuminate\\Foundation\\Bootstrap\\HandleExceptions->handleError()
#1 /home/yamojr/devyamo/SchoolofNursing/edusaas/app/Http/Controllers/Lecturer/ResultProcessingController.php(20): Illuminate\\Foundation\\Bootstrap\\HandleExceptions->{closure:Illuminate\\Foundation\\Bootstrap\\HandleExceptions::forwardsTo():257}()
#2 /home/yamojr/devyamo/SchoolofNursing/edusaas/vendor/laravel/framework/src/Illuminate/Routing/Controller.php(54): App\\Http\\Controllers\\Lecturer\\ResultProcessingController->index()
#3 /home/yamojr/devyamo/SchoolofNursing/edusaas/vendor/laravel/framework/src/Illuminate/Routing/ControllerDispatcher.php(44): Illuminate\\Routing\\Controller->callAction()
#4 /home/yamojr/devyamo/SchoolofNursing/edusaas/vendor/laravel/framework/src/Illuminate/Routing/Route.php(266): Illuminate\\Routing\\ControllerDispatcher->dispatch()
#5 /home/yamojr/devyamo/SchoolofNursing/edusaas/vendor/laravel/framework/src/Illuminate/Routing/Route.php(212): Illuminate\\Routing\\Route->runController()
#6 /home/yamojr/devyamo/SchoolofNursing/edusaas/vendor/laravel/framework/src/Illuminate/Routing/Router.php(808): Illuminate\\Routing\\Route->run()
#7 /home/yamojr/devyamo/SchoolofNursing/edusaas/vendor/laravel/framework/src/Illuminate/Pipeline/Pipeline.php(170): Illuminate\\Routing\\Router->{closure:Illuminate\\Routing\\Router::runRouteWithinStack():807}()
#8 /home/yamojr/devyamo/SchoolofNursing/edusaas/app/Http/Middleware/EnsureTenantAccess.php(26): Illuminate\\Pipeline\\Pipeline->{closure:Illuminate\\Pipeline\\Pipeline::prepareDestination():168}()
#9 /home/yamojr/devyamo/SchoolofNursing/edusaas/vendor/laravel/framework/src/Illuminate/Pipeline/Pipeline.php(209): App\\Http\\Middleware\\EnsureTenantAccess->handle()
#10 /home/yamojr/devyamo/SchoolofNursing/edusaas/vendor/spatie/laravel-permission/src/Middleware/RoleMiddleware.php(37): Illuminate\\Pipeline\\Pipeline->{closure:{closure:Illuminate\\Pipeline\\Pipeline::carry():184}:185}()
#11 /home/yamojr/devyamo/SchoolofNursing/edusaas/vendor/laravel/framework/src/Illuminate/Pipeline/Pipeline.php(209): Spatie\\Permission\\Middleware\\RoleMiddleware->handle()
#12 /home/yamojr/devyamo/SchoolofNursing/edusaas/app/Http/Middleware/IdentifyTenant.php(40): Illuminate\\Pipeline\\Pipeline->{closure:{closure:Illuminate\\Pipeline\\Pipeline::carry():184}:185}()
#13 /home/yamojr/devyamo/SchoolofNursing/edusaas/vendor/laravel/framework/src/Illuminate/Pipeline/Pipeline.php(209): App\\Http\\Middleware\\IdentifyTenant->handle()
#14 /home/yamojr/devyamo/SchoolofNursing/edusaas/vendor/inertiajs/inertia-laravel/src/Middleware.php(122): Illuminate\\Pipeline\\Pipeline->{closure:{closure:Illuminate\\Pipeline\\Pipeline::carry():184}:185}()
#15 /home/yamojr/devyamo/SchoolofNursing/edusaas/vendor/laravel/framework/src/Illuminate/Pipeline/Pipeline.php(209): Inertia\\Middleware->handle()
#16 /home/yamojr/devyamo/SchoolofNursing/edusaas/vendor/laravel/framework/src/Illuminate/Routing/Middleware/SubstituteBindings.php(51): Illuminate\\Pipeline\\Pipeline->{closure:{closure:Illuminate\\Pipeline\\Pipeline::carry():184}:185}()
#17 /home/yamojr/devyamo/SchoolofNursing/edusaas/vendor/laravel/framework/src/Illuminate/Pipeline/Pipeline.php(209): Illuminate\\Routing\\Middleware\\SubstituteBindings->handle()
#18 /home/yamojr/devyamo/SchoolofNursing/edusaas/vendor/laravel/framework/src/Illuminate/Auth/Middleware/Authenticate.php(64): Illuminate\\Pipeline\\Pipeline->{closure:{closure:Illuminate\\Pipeline\\Pipeline::carry():184}:185}()
#19 /home/yamojr/devyamo/SchoolofNursing/edusaas/vendor/laravel/framework/src/Illuminate/Pipeline/Pipeline.php(209): Illuminate\\Auth\\Middleware\\Authenticate->handle()
#20 /home/yamojr/devyamo/SchoolofNursing/edusaas/vendor/laravel/framework/src/Illuminate/Foundation/Http/Middleware/VerifyCsrfToken.php(88): Illuminate\\Pipeline\\Pipeline->{closure:{closure:Illuminate\\Pipeline\\Pipeline::carry():184}:185}()
#21 /home/yamojr/devyamo/SchoolofNursing/edusaas/vendor/laravel/framework/src/Illuminate/Pipeline/Pipeline.php(209): Illuminate\\Foundation\\Http\\Middleware\\VerifyCsrfToken->handle()
#22 /home/yamojr/devyamo/SchoolofNursing/edusaas/vendor/laravel/framework/src/Illuminate/View/Middleware/ShareErrorsFromSession.php(49): Illuminate\\Pipeline\\Pipeline->{closure:{closure:Illuminate\\Pipeline\\Pipeline::carry():184}:185}()
#23 /home/yamojr/devyamo/SchoolofNursing/edusaas/vendor/laravel/framework/src/Illuminate/Pipeline/Pipeline.php(209): Illuminate\\View\\Middleware\\ShareErrorsFromSession->handle()
#24 /home/yamojr/devyamo/SchoolofNursing/edusaas/vendor/laravel/framework/src/Illuminate/Session/Middleware/StartSession.php(121): Illuminate\\Pipeline\\Pipeline->{closure:{closure:Illuminate\\Pipeline\\Pipeline::carry():184}:185}()
#25 /home/yamojr/devyamo/SchoolofNursing/edusaas/vendor/laravel/framework/src/Illuminate/Session/Middleware/StartSession.php(64): Illuminate\\Session\\Middleware\\StartSession->handleStatefulRequest()
#26 /home/yamojr/devyamo/SchoolofNursing/edusaas/vendor/laravel/framework/src/Illuminate/Pipeline/Pipeline.php(209): Illuminate\\Session\\Middleware\\StartSession->handle()
#27 /home/yamojr/devyamo/SchoolofNursing/edusaas/vendor/laravel/framework/src/Illuminate/Cookie/Middleware/AddQueuedCookiesToResponse.php(37): Illuminate\\Pipeline\\Pipeline->{closure:{closure:Illuminate\\Pipeline\\Pipeline::carry():184}:185}()
#28 /home/yamojr/devyamo/SchoolofNursing/edusaas/vendor/laravel/framework/src/Illuminate/Pipeline/Pipeline.php(209): Illuminate\\Cookie\\Middleware\\AddQueuedCookiesToResponse->handle()
#29 /home/yamojr/devyamo/SchoolofNursing/edusaas/vendor/laravel/framework/src/Illuminate/Cookie/Middleware/EncryptCookies.php(75): Illuminate\\Pipeline\\Pipeline->{closure:{closure:Illuminate\\Pipeline\\Pipeline::carry():184}:185}()
#30 /home/yamojr/devyamo/SchoolofNursing/edusaas/vendor/laravel/framework/src/Illuminate/Pipeline/Pipeline.php(209): Illuminate\\Cookie\\Middleware\\EncryptCookies->handle()
#31 /home/yamojr/devyamo/SchoolofNursing/edusaas/vendor/laravel/framework/src/Illuminate/Pipeline/Pipeline.php(127): Illuminate\\Pipeline\\Pipeline->{closure:{closure:Illuminate\\Pipeline\\Pipeline::carry():184}:185}()
#32 /home/yamojr/devyamo/SchoolofNursing/edusaas/vendor/laravel/framework/src/Illuminate/Routing/Router.php(807): Illuminate\\Pipeline\\Pipeline->then()
#33 /home/yamojr/devyamo/SchoolofNursing/edusaas/vendor/laravel/framework/src/Illuminate/Routing/Router.php(786): Illuminate\\Routing\\Router->runRouteWithinStack()
#34 /home/yamojr/devyamo/SchoolofNursing/edusaas/vendor/laravel/framework/src/Illuminate/Routing/Router.php(750): Illuminate\\Routing\\Router->runRoute()
#35 /home/yamojr/devyamo/SchoolofNursing/edusaas/vendor/laravel/framework/src/Illuminate/Routing/Router.php(739): Illuminate\\Routing\\Router->dispatchToRoute()
#36 /home/yamojr/devyamo/SchoolofNursing/edusaas/vendor/laravel/framework/src/Illuminate/Foundation/Http/Kernel.php(201): Illuminate\\Routing\\Router->dispatch()
#37 /home/yamojr/devyamo/SchoolofNursing/edusaas/vendor/laravel/framework/src/Illuminate/Pipeline/Pipeline.php(170): Illuminate\\Foundation\\Http\\Kernel->{closure:Illuminate\\Foundation\\Http\\Kernel::dispatchToRouter():198}()
#38 /home/yamojr/devyamo/SchoolofNursing/edusaas/vendor/laravel/framework/src/Illuminate/Foundation/Http/Middleware/TransformsRequest.php(21): Illuminate\\Pipeline\\Pipeline->{closure:Illuminate\\Pipeline\\Pipeline::prepareDestination():168}()
#39 /home/yamojr/devyamo/SchoolofNursing/edusaas/vendor/laravel/framework/src/Illuminate/Foundation/Http/Middleware/ConvertEmptyStringsToNull.php(31): Illuminate\\Foundation\\Http\\Middleware\\TransformsRequest->handle()
#40 /home/yamojr/devyamo/SchoolofNursing/edusaas/vendor/laravel/framework/src/Illuminate/Pipeline/Pipeline.php(209): Illuminate\\Foundation\\Http\\Middleware\\ConvertEmptyStringsToNull->handle()
#41 /home/yamojr/devyamo/SchoolofNursing/edusaas/vendor/laravel/framework/src/Illuminate/Foundation/Http/Middleware/TransformsRequest.php(21): Illuminate\\Pipeline\\Pipeline->{closure:{closure:Illuminate\\Pipeline\\Pipeline::carry():184}:185}()
#42 /home/yamojr/devyamo/SchoolofNursing/edusaas/vendor/laravel/framework/src/Illuminate/Foundation/Http/Middleware/TrimStrings.php(51): Illuminate\\Foundation\\Http\\Middleware\\TransformsRequest->handle()
#43 /home/yamojr/devyamo/SchoolofNursing/edusaas/vendor/laravel/framework/src/Illuminate/Pipeline/Pipeline.php(209): Illuminate\\Foundation\\Http\\Middleware\\TrimStrings->handle()
#44 /home/yamojr/devyamo/SchoolofNursing/edusaas/vendor/laravel/framework/src/Illuminate/Http/Middleware/ValidatePostSize.php(27): Illuminate\\Pipeline\\Pipeline->{closure:{closure:Illuminate\\Pipeline\\Pipeline::carry():184}:185}()
#45 /home/yamojr/devyamo/SchoolofNursing/edusaas/vendor/laravel/framework/src/Illuminate/Pipeline/Pipeline.php(209): Illuminate\\Http\\Middleware\\ValidatePostSize->handle()
#46 /home/yamojr/devyamo/SchoolofNursing/edusaas/vendor/laravel/framework/src/Illuminate/Foundation/Http/Middleware/PreventRequestsDuringMaintenance.php(110): Illuminate\\Pipeline\\Pipeline->{closure:{closure:Illuminate\\Pipeline\\Pipeline::carry():184}:185}()
#47 /home/yamojr/devyamo/SchoolofNursing/edusaas/vendor/laravel/framework/src/Illuminate/Pipeline/Pipeline.php(209): Illuminate\\Foundation\\Http\\Middleware\\PreventRequestsDuringMaintenance->handle()
#48 /home/yamojr/devyamo/SchoolofNursing/edusaas/vendor/laravel/framework/src/Illuminate/Http/Middleware/HandleCors.php(49): Illuminate\\Pipeline\\Pipeline->{closure:{closure:Illuminate\\Pipeline\\Pipeline::carry():184}:185}()
#49 /home/yamojr/devyamo/SchoolofNursing/edusaas/vendor/laravel/framework/src/Illuminate/Pipeline/Pipeline.php(209): Illuminate\\Http\\Middleware\\HandleCors->handle()
#50 /home/yamojr/devyamo/SchoolofNursing/edusaas/vendor/laravel/framework/src/Illuminate/Http/Middleware/TrustProxies.php(58): Illuminate\\Pipeline\\Pipeline->{closure:{closure:Illuminate\\Pipeline\\Pipeline::carry():184}:185}()
#51 /home/yamojr/devyamo/SchoolofNursing/edusaas/vendor/laravel/framework/src/Illuminate/Pipeline/Pipeline.php(209): Illuminate\\Http\\Middleware\\TrustProxies->handle()
#52 /home/yamojr/devyamo/SchoolofNursing/edusaas/vendor/laravel/framework/src/Illuminate/Foundation/Http/Middleware/InvokeDeferredCallbacks.php(22): Illuminate\\Pipeline\\Pipeline->{closure:{closure:Illuminate\\Pipeline\\Pipeline::carry():184}:185}()
#53 /home/yamojr/devyamo/SchoolofNursing/edusaas/vendor/laravel/framework/src/Illuminate/Pipeline/Pipeline.php(209): Illuminate\\Foundation\\Http\\Middleware\\InvokeDeferredCallbacks->handle()
#54 /home/yamojr/devyamo/SchoolofNursing/edusaas/vendor/laravel/framework/src/Illuminate/Pipeline/Pipeline.php(127): Illuminate\\Pipeline\\Pipeline->{closure:{closure:Illuminate\\Pipeline\\Pipeline::carry():184}:185}()
#55 /home/yamojr/devyamo/SchoolofNursing/edusaas/vendor/laravel/framework/src/Illuminate/Foundation/Http/Kernel.php(176): Illuminate\\Pipeline\\Pipeline->then()
#56 /home/yamojr/devyamo/SchoolofNursing/edusaas/vendor/laravel/framework/src/Illuminate/Foundation/Http/Kernel.php(145): Illuminate\\Foundation\\Http\\Kernel->sendRequestThroughRouter()
#57 /home/yamojr/devyamo/SchoolofNursing/edusaas/vendor/laravel/framework/src/Illuminate/Foundation/Application.php(1220): Illuminate\\Foundation\\Http\\Kernel->handle()
#58 /home/yamojr/devyamo/SchoolofNursing/edusaas/public/index.php(19): Illuminate\\Foundation\\Application->handleRequest()
#59 /home/yamojr/devyamo/SchoolofNursing/edusaas/vendor/laravel/framework/src/Illuminate/Foundation/resources/server.php(23): require_once('...')
#60 {main}
"} 
[2026-05-18 08:56:17] local.ERROR: Undefined variable $courseId {"userId":2,"exception":"[object] (ErrorException(code: 0): Undefined variable $courseId at /home/yamojr/devyamo/SchoolofNursing/edusaas/app/Http/Controllers/Lecturer/ResultProcessingController.php:20)
[stacktrace]
#0 /home/yamojr/devyamo/SchoolofNursing/edusaas/vendor/laravel/framework/src/Illuminate/Foundation/Bootstrap/HandleExceptions.php(258): Illuminate\\Foundation\\Bootstrap\\HandleExceptions->handleError()
#1 /home/yamojr/devyamo/SchoolofNursing/edusaas/app/Http/Controllers/Lecturer/ResultProcessingController.php(20): Illuminate\\Foundation\\Bootstrap\\HandleExceptions->{closure:Illuminate\\Foundation\\Bootstrap\\HandleExceptions::forwardsTo():257}()
#2 /home/yamojr/devyamo/SchoolofNursing/edusaas/vendor/laravel/framework/src/Illuminate/Routing/Controller.php(54): App\\Http\\Controllers\\Lecturer\\ResultProcessingController->index()
#3 /home/yamojr/devyamo/SchoolofNursing/edusaas/vendor/laravel/framework/src/Illuminate/Routing/ControllerDispatcher.php(44): Illuminate\\Routing\\Controller->callAction()
#4 /home/yamojr/devyamo/SchoolofNursing/edusaas/vendor/laravel/framework/src/Illuminate/Routing/Route.php(266): Illuminate\\Routing\\ControllerDispatcher->dispatch()
#5 /home/yamojr/devyamo/SchoolofNursing/edusaas/vendor/laravel/framework/src/Illuminate/Routing/Route.php(212): Illuminate\\Routing\\Route->runController()
#6 /home/yamojr/devyamo/SchoolofNursing/edusaas/vendor/laravel/framework/src/Illuminate/Routing/Router.php(808): Illuminate\\Routing\\Route->run()
#7 /home/yamojr/devyamo/SchoolofNursing/edusaas/vendor/laravel/framework/src/Illuminate/Pipeline/Pipeline.php(170): Illuminate\\Routing\\Router->{closure:Illuminate\\Routing\\Router::runRouteWithinStack():807}()
#8 /home/yamojr/devyamo/SchoolofNursing/edusaas/app/Http/Middleware/EnsureTenantAccess.php(26): Illuminate\\Pipeline\\Pipeline->{closure:Illuminate\\Pipeline\\Pipeline::prepareDestination():168}()
#9 /home/yamojr/devyamo/SchoolofNursing/edusaas/vendor/laravel/framework/src/Illuminate/Pipeline/Pipeline.php(209): App\\Http\\Middleware\\EnsureTenantAccess->handle()
#10 /home/yamojr/devyamo/SchoolofNursing/edusaas/vendor/spatie/laravel-permission/src/Middleware/RoleMiddleware.php(37): Illuminate\\Pipeline\\Pipeline->{closure:{closure:Illuminate\\Pipeline\\Pipeline::carry():184}:185}()
#11 /home/yamojr/devyamo/SchoolofNursing/edusaas/vendor/laravel/framework/src/Illuminate/Pipeline/Pipeline.php(209): Spatie\\Permission\\Middleware\\RoleMiddleware->handle()
#12 /home/yamojr/devyamo/SchoolofNursing/edusaas/app/Http/Middleware/IdentifyTenant.php(40): Illuminate\\Pipeline\\Pipeline->{closure:{closure:Illuminate\\Pipeline\\Pipeline::carry():184}:185}()
#13 /home/yamojr/devyamo/SchoolofNursing/edusaas/vendor/laravel/framework/src/Illuminate/Pipeline/Pipeline.php(209): App\\Http\\Middleware\\IdentifyTenant->handle()
#14 /home/yamojr/devyamo/SchoolofNursing/edusaas/vendor/inertiajs/inertia-laravel/src/Middleware.php(122): Illuminate\\Pipeline\\Pipeline->{closure:{closure:Illuminate\\Pipeline\\Pipeline::carry():184}:185}()
#15 /home/yamojr/devyamo/SchoolofNursing/edusaas/vendor/laravel/framework/src/Illuminate/Pipeline/Pipeline.php(209): Inertia\\Middleware->handle()
#16 /home/yamojr/devyamo/SchoolofNursing/edusaas/vendor/laravel/framework/src/Illuminate/Routing/Middleware/SubstituteBindings.php(51): Illuminate\\Pipeline\\Pipeline->{closure:{closure:Illuminate\\Pipeline\\Pipeline::carry():184}:185}()
#17 /home/yamojr/devyamo/SchoolofNursing/edusaas/vendor/laravel/framework/src/Illuminate/Pipeline/Pipeline.php(209): Illuminate\\Routing\\Middleware\\SubstituteBindings->handle()
#18 /home/yamojr/devyamo/SchoolofNursing/edusaas/vendor/laravel/framework/src/Illuminate/Auth/Middleware/Authenticate.php(64): Illuminate\\Pipeline\\Pipeline->{closure:{closure:Illuminate\\Pipeline\\Pipeline::carry():184}:185}()
#19 /home/yamojr/devyamo/SchoolofNursing/edusaas/vendor/laravel/framework/src/Illuminate/Pipeline/Pipeline.php(209): Illuminate\\Auth\\Middleware\\Authenticate->handle()
#20 /home/yamojr/devyamo/SchoolofNursing/edusaas/vendor/laravel/framework/src/Illuminate/Foundation/Http/Middleware/VerifyCsrfToken.php(88): Illuminate\\Pipeline\\Pipeline->{closure:{closure:Illuminate\\Pipeline\\Pipeline::carry():184}:185}()
#21 /home/yamojr/devyamo/SchoolofNursing/edusaas/vendor/laravel/framework/src/Illuminate/Pipeline/Pipeline.php(209): Illuminate\\Foundation\\Http\\Middleware\\VerifyCsrfToken->handle()
#22 /home/yamojr/devyamo/SchoolofNursing/edusaas/vendor/laravel/framework/src/Illuminate/View/Middleware/ShareErrorsFromSession.php(49): Illuminate\\Pipeline\\Pipeline->{closure:{closure:Illuminate\\Pipeline\\Pipeline::carry():184}:185}()
#23 /home/yamojr/devyamo/SchoolofNursing/edusaas/vendor/laravel/framework/src/Illuminate/Pipeline/Pipeline.php(209): Illuminate\\View\\Middleware\\ShareErrorsFromSession->handle()
#24 /home/yamojr/devyamo/SchoolofNursing/edusaas/vendor/laravel/framework/src/Illuminate/Session/Middleware/StartSession.php(121): Illuminate\\Pipeline\\Pipeline->{closure:{closure:Illuminate\\Pipeline\\Pipeline::carry():184}:185}()
#25 /home/yamojr/devyamo/SchoolofNursing/edusaas/vendor/laravel/framework/src/Illuminate/Session/Middleware/StartSession.php(64): Illuminate\\Session\\Middleware\\StartSession->handleStatefulRequest()
#26 /home/yamojr/devyamo/SchoolofNursing/edusaas/vendor/laravel/framework/src/Illuminate/Pipeline/Pipeline.php(209): Illuminate\\Session\\Middleware\\StartSession->handle()
#27 /home/yamojr/devyamo/SchoolofNursing/edusaas/vendor/laravel/framework/src/Illuminate/Cookie/Middleware/AddQueuedCookiesToResponse.php(37): Illuminate\\Pipeline\\Pipeline->{closure:{closure:Illuminate\\Pipeline\\Pipeline::carry():184}:185}()
#28 /home/yamojr/devyamo/SchoolofNursing/edusaas/vendor/laravel/framework/src/Illuminate/Pipeline/Pipeline.php(209): Illuminate\\Cookie\\Middleware\\AddQueuedCookiesToResponse->handle()
#29 /home/yamojr/devyamo/SchoolofNursing/edusaas/vendor/laravel/framework/src/Illuminate/Cookie/Middleware/EncryptCookies.php(75): Illuminate\\Pipeline\\Pipeline->{closure:{closure:Illuminate\\Pipeline\\Pipeline::carry():184}:185}()
#30 /home/yamojr/devyamo/SchoolofNursing/edusaas/vendor/laravel/framework/src/Illuminate/Pipeline/Pipeline.php(209): Illuminate\\Cookie\\Middleware\\EncryptCookies->handle()
#31 /home/yamojr/devyamo/SchoolofNursing/edusaas/vendor/laravel/framework/src/Illuminate/Pipeline/Pipeline.php(127): Illuminate\\Pipeline\\Pipeline->{closure:{closure:Illuminate\\Pipeline\\Pipeline::carry():184}:185}()
#32 /home/yamojr/devyamo/SchoolofNursing/edusaas/vendor/laravel/framework/src/Illuminate/Routing/Router.php(807): Illuminate\\Pipeline\\Pipeline->then()
#33 /home/yamojr/devyamo/SchoolofNursing/edusaas/vendor/laravel/framework/src/Illuminate/Routing/Router.php(786): Illuminate\\Routing\\Router->runRouteWithinStack()
#34 /home/yamojr/devyamo/SchoolofNursing/edusaas/vendor/laravel/framework/src/Illuminate/Routing/Router.php(750): Illuminate\\Routing\\Router->runRoute()
#35 /home/yamojr/devyamo/SchoolofNursing/edusaas/vendor/laravel/framework/src/Illuminate/Routing/Router.php(739): Illuminate\\Routing\\Router->dispatchToRoute()
#36 /home/yamojr/devyamo/SchoolofNursing/edusaas/vendor/laravel/framework/src/Illuminate/Foundation/Http/Kernel.php(201): Illuminate\\Routing\\Router->dispatch()
#37 /home/yamojr/devyamo/SchoolofNursing/edusaas/vendor/laravel/framework/src/Illuminate/Pipeline/Pipeline.php(170): Illuminate\\Foundation\\Http\\Kernel->{closure:Illuminate\\Foundation\\Http\\Kernel::dispatchToRouter():198}()
#38 /home/yamojr/devyamo/SchoolofNursing/edusaas/vendor/laravel/framework/src/Illuminate/Foundation/Http/Middleware/TransformsRequest.php(21): Illuminate\\Pipeline\\Pipeline->{closure:Illuminate\\Pipeline\\Pipeline::prepareDestination():168}()
#39 /home/yamojr/devyamo/SchoolofNursing/edusaas/vendor/laravel/framework/src/Illuminate/Foundation/Http/Middleware/ConvertEmptyStringsToNull.php(31): Illuminate\\Foundation\\Http\\Middleware\\TransformsRequest->handle()
#40 /home/yamojr/devyamo/SchoolofNursing/edusaas/vendor/laravel/framework/src/Illuminate/Pipeline/Pipeline.php(209): Illuminate\\Foundation\\Http\\Middleware\\ConvertEmptyStringsToNull->handle()
#41 /home/yamojr/devyamo/SchoolofNursing/edusaas/vendor/laravel/framework/src/Illuminate/Foundation/Http/Middleware/TransformsRequest.php(21): Illuminate\\Pipeline\\Pipeline->{closure:{closure:Illuminate\\Pipeline\\Pipeline::carry():184}:185}()
#42 /home/yamojr/devyamo/SchoolofNursing/edusaas/vendor/laravel/framework/src/Illuminate/Foundation/Http/Middleware/TrimStrings.php(51): Illuminate\\Foundation\\Http\\Middleware\\TransformsRequest->handle()
#43 /home/yamojr/devyamo/SchoolofNursing/edusaas/vendor/laravel/framework/src/Illuminate/Pipeline/Pipeline.php(209): Illuminate\\Foundation\\Http\\Middleware\\TrimStrings->handle()
#44 /home/yamojr/devyamo/SchoolofNursing/edusaas/vendor/laravel/framework/src/Illuminate/Http/Middleware/ValidatePostSize.php(27): Illuminate\\Pipeline\\Pipeline->{closure:{closure:Illuminate\\Pipeline\\Pipeline::carry():184}:185}()
#45 /home/yamojr/devyamo/SchoolofNursing/edusaas/vendor/laravel/framework/src/Illuminate/Pipeline/Pipeline.php(209): Illuminate\\Http\\Middleware\\ValidatePostSize->handle()
#46 /home/yamojr/devyamo/SchoolofNursing/edusaas/vendor/laravel/framework/src/Illuminate/Foundation/Http/Middleware/PreventRequestsDuringMaintenance.php(110): Illuminate\\Pipeline\\Pipeline->{closure:{closure:Illuminate\\Pipeline\\Pipeline::carry():184}:185}()
#47 /home/yamojr/devyamo/SchoolofNursing/edusaas/vendor/laravel/framework/src/Illuminate/Pipeline/Pipeline.php(209): Illuminate\\Foundation\\Http\\Middleware\\PreventRequestsDuringMaintenance->handle()
#48 /home/yamojr/devyamo/SchoolofNursing/edusaas/vendor/laravel/framework/src/Illuminate/Http/Middleware/HandleCors.php(49): Illuminate\\Pipeline\\Pipeline->{closure:{closure:Illuminate\\Pipeline\\Pipeline::carry():184}:185}()
#49 /home/yamojr/devyamo/SchoolofNursing/edusaas/vendor/laravel/framework/src/Illuminate/Pipeline/Pipeline.php(209): Illuminate\\Http\\Middleware\\HandleCors->handle()
#50 /home/yamojr/devyamo/SchoolofNursing/edusaas/vendor/laravel/framework/src/Illuminate/Http/Middleware/TrustProxies.php(58): Illuminate\\Pipeline\\Pipeline->{closure:{closure:Illuminate\\Pipeline\\Pipeline::carry():184}:185}()
#51 /home/yamojr/devyamo/SchoolofNursing/edusaas/vendor/laravel/framework/src/Illuminate/Pipeline/Pipeline.php(209): Illuminate\\Http\\Middleware\\TrustProxies->handle()
#52 /home/yamojr/devyamo/SchoolofNursing/edusaas/vendor/laravel/framework/src/Illuminate/Foundation/Http/Middleware/InvokeDeferredCallbacks.php(22): Illuminate\\Pipeline\\Pipeline->{closure:{closure:Illuminate\\Pipeline\\Pipeline::carry():184}:185}()
#53 /home/yamojr/devyamo/SchoolofNursing/edusaas/vendor/laravel/framework/src/Illuminate/Pipeline/Pipeline.php(209): Illuminate\\Foundation\\Http\\Middleware\\InvokeDeferredCallbacks->handle()
#54 /home/yamojr/devyamo/SchoolofNursing/edusaas/vendor/laravel/framework/src/Illuminate/Pipeline/Pipeline.php(127): Illuminate\\Pipeline\\Pipeline->{closure:{closure:Illuminate\\Pipeline\\Pipeline::carry():184}:185}()
#55 /home/yamojr/devyamo/SchoolofNursing/edusaas/vendor/laravel/framework/src/Illuminate/Foundation/Http/Kernel.php(176): Illuminate\\Pipeline\\Pipeline->then()
#56 /home/yamojr/devyamo/SchoolofNursing/edusaas/vendor/laravel/framework/src/Illuminate/Foundation/Http/Kernel.php(145): Illuminate\\Foundation\\Http\\Kernel->sendRequestThroughRouter()
#57 /home/yamojr/devyamo/SchoolofNursing/edusaas/vendor/laravel/framework/src/Illuminate/Foundation/Application.php(1220): Illuminate\\Foundation\\Http\\Kernel->handle()
#58 /home/yamojr/devyamo/SchoolofNursing/edusaas/public/index.php(19): Illuminate\\Foundation\\Application->handleRequest()
#59 /home/yamojr/devyamo/SchoolofNursing/edusaas/vendor/laravel/framework/src/Illuminate/Foundation/resources/server.php(23): require_once('...')
#60 {main}
"} 
[2026-05-18 08:57:23] local.ERROR: SQLSTATE[01000]: Warning: 1265 Data truncated for column 'approval_status' at row 1 (Connection: mysql, SQL: update `grades` set `approval_status` = submitted, `rejection_reason` = ?, `grades`.`updated_at` = 2026-05-18 08:57:23 where `course_registration_id` in (1) and `grades`.`deleted_at` is null) {"userId":2,"exception":"[object] (Illuminate\\Database\\QueryException(code: 01000): SQLSTATE[01000]: Warning: 1265 Data truncated for column 'approval_status' at row 1 (Connection: mysql, SQL: update `grades` set `approval_status` = submitted, `rejection_reason` = ?, `grades`.`updated_at` = 2026-05-18 08:57:23 where `course_registration_id` in (1) and `grades`.`deleted_at` is null) at /home/yamojr/devyamo/SchoolofNursing/edusaas/vendor/laravel/framework/src/Illuminate/Database/Connection.php:825)
[stacktrace]
#0 /home/yamojr/devyamo/SchoolofNursing/edusaas/vendor/laravel/framework/src/Illuminate/Database/Connection.php(779): Illuminate\\Database\\Connection->runQueryCallback()
#1 /home/yamojr/devyamo/SchoolofNursing/edusaas/vendor/laravel/framework/src/Illuminate/Database/Connection.php(584): Illuminate\\Database\\Connection->run()
#2 /home/yamojr/devyamo/SchoolofNursing/edusaas/vendor/laravel/framework/src/Illuminate/Database/Connection.php(536): Illuminate\\Database\\Connection->affectingStatement()
#3 /home/yamojr/devyamo/SchoolofNursing/edusaas/vendor/laravel/framework/src/Illuminate/Database/Query/Builder.php(3830): Illuminate\\Database\\Connection->update()
#4 /home/yamojr/devyamo/SchoolofNursing/edusaas/vendor/laravel/framework/src/Illuminate/Database/Eloquent/Builder.php(1175): Illuminate\\Database\\Query\\Builder->update()
#5 /home/yamojr/devyamo/SchoolofNursing/edusaas/app/Http/Controllers/Lecturer/ResultProcessingController.php(140): Illuminate\\Database\\Eloquent\\Builder->update()
#6 /home/yamojr/devyamo/SchoolofNursing/edusaas/vendor/laravel/framework/src/Illuminate/Routing/Controller.php(54): App\\Http\\Controllers\\Lecturer\\ResultProcessingController->submit()
#7 /home/yamojr/devyamo/SchoolofNursing/edusaas/vendor/laravel/framework/src/Illuminate/Routing/ControllerDispatcher.php(44): Illuminate\\Routing\\Controller->callAction()
#8 /home/yamojr/devyamo/SchoolofNursing/edusaas/vendor/laravel/framework/src/Illuminate/Routing/Route.php(266): Illuminate\\Routing\\ControllerDispatcher->dispatch()
#9 /home/yamojr/devyamo/SchoolofNursing/edusaas/vendor/laravel/framework/src/Illuminate/Routing/Route.php(212): Illuminate\\Routing\\Route->runController()
#10 /home/yamojr/devyamo/SchoolofNursing/edusaas/vendor/laravel/framework/src/Illuminate/Routing/Router.php(808): Illuminate\\Routing\\Route->run()
#11 /home/yamojr/devyamo/SchoolofNursing/edusaas/vendor/laravel/framework/src/Illuminate/Pipeline/Pipeline.php(170): Illuminate\\Routing\\Router->{closure:Illuminate\\Routing\\Router::runRouteWithinStack():807}()
#12 /home/yamojr/devyamo/SchoolofNursing/edusaas/app/Http/Middleware/EnsureTenantAccess.php(26): Illuminate\\Pipeline\\Pipeline->{closure:Illuminate\\Pipeline\\Pipeline::prepareDestination():168}()
#13 /home/yamojr/devyamo/SchoolofNursing/edusaas/vendor/laravel/framework/src/Illuminate/Pipeline/Pipeline.php(209): App\\Http\\Middleware\\EnsureTenantAccess->handle()
#14 /home/yamojr/devyamo/SchoolofNursing/edusaas/vendor/spatie/laravel-permission/src/Middleware/RoleMiddleware.php(37): Illuminate\\Pipeline\\Pipeline->{closure:{closure:Illuminate\\Pipeline\\Pipeline::carry():184}:185}()
#15 /home/yamojr/devyamo/SchoolofNursing/edusaas/vendor/laravel/framework/src/Illuminate/Pipeline/Pipeline.php(209): Spatie\\Permission\\Middleware\\RoleMiddleware->handle()
#16 /home/yamojr/devyamo/SchoolofNursing/edusaas/app/Http/Middleware/IdentifyTenant.php(40): Illuminate\\Pipeline\\Pipeline->{closure:{closure:Illuminate\\Pipeline\\Pipeline::carry():184}:185}()
#17 /home/yamojr/devyamo/SchoolofNursing/edusaas/vendor/laravel/framework/src/Illuminate/Pipeline/Pipeline.php(209): App\\Http\\Middleware\\IdentifyTenant->handle()
#18 /home/yamojr/devyamo/SchoolofNursing/edusaas/vendor/inertiajs/inertia-laravel/src/Middleware.php(122): Illuminate\\Pipeline\\Pipeline->{closure:{closure:Illuminate\\Pipeline\\Pipeline::carry():184}:185}()
#19 /home/yamojr/devyamo/SchoolofNursing/edusaas/vendor/laravel/framework/src/Illuminate/Pipeline/Pipeline.php(209): Inertia\\Middleware->handle()
#20 /home/yamojr/devyamo/SchoolofNursing/edusaas/vendor/laravel/framework/src/Illuminate/Routing/Middleware/SubstituteBindings.php(51): Illuminate\\Pipeline\\Pipeline->{closure:{closure:Illuminate\\Pipeline\\Pipeline::carry():184}:185}()
#21 /home/yamojr/devyamo/SchoolofNursing/edusaas/vendor/laravel/framework/src/Illuminate/Pipeline/Pipeline.php(209): Illuminate\\Routing\\Middleware\\SubstituteBindings->handle()
#22 /home/yamojr/devyamo/SchoolofNursing/edusaas/vendor/laravel/framework/src/Illuminate/Auth/Middleware/Authenticate.php(64): Illuminate\\Pipeline\\Pipeline->{closure:{closure:Illuminate\\Pipeline\\Pipeline::carry():184}:185}()
#23 /home/yamojr/devyamo/SchoolofNursing/edusaas/vendor/laravel/framework/src/Illuminate/Pipeline/Pipeline.php(209): Illuminate\\Auth\\Middleware\\Authenticate->handle()
#24 /home/yamojr/devyamo/SchoolofNursing/edusaas/vendor/laravel/framework/src/Illuminate/Foundation/Http/Middleware/VerifyCsrfToken.php(88): Illuminate\\Pipeline\\Pipeline->{closure:{closure:Illuminate\\Pipeline\\Pipeline::carry():184}:185}()
#25 /home/yamojr/devyamo/SchoolofNursing/edusaas/vendor/laravel/framework/src/Illuminate/Pipeline/Pipeline.php(209): Illuminate\\Foundation\\Http\\Middleware\\VerifyCsrfToken->handle()
#26 /home/yamojr/devyamo/SchoolofNursing/edusaas/vendor/laravel/framework/src/Illuminate/View/Middleware/ShareErrorsFromSession.php(49): Illuminate\\Pipeline\\Pipeline->{closure:{closure:Illuminate\\Pipeline\\Pipeline::carry():184}:185}()
#27 /home/yamojr/devyamo/SchoolofNursing/edusaas/vendor/laravel/framework/src/Illuminate/Pipeline/Pipeline.php(209): Illuminate\\View\\Middleware\\ShareErrorsFromSession->handle()
#28 /home/yamojr/devyamo/SchoolofNursing/edusaas/vendor/laravel/framework/src/Illuminate/Session/Middleware/StartSession.php(121): Illuminate\\Pipeline\\Pipeline->{closure:{closure:Illuminate\\Pipeline\\Pipeline::carry():184}:185}()
#29 /home/yamojr/devyamo/SchoolofNursing/edusaas/vendor/laravel/framework/src/Illuminate/Session/Middleware/StartSession.php(64): Illuminate\\Session\\Middleware\\StartSession->handleStatefulRequest()
#30 /home/yamojr/devyamo/SchoolofNursing/edusaas/vendor/laravel/framework/src/Illuminate/Pipeline/Pipeline.php(209): Illuminate\\Session\\Middleware\\StartSession->handle()
#31 /home/yamojr/devyamo/SchoolofNursing/edusaas/vendor/laravel/framework/src/Illuminate/Cookie/Middleware/AddQueuedCookiesToResponse.php(37): Illuminate\\Pipeline\\Pipeline->{closure:{closure:Illuminate\\Pipeline\\Pipeline::carry():184}:185}()
#32 /home/yamojr/devyamo/SchoolofNursing/edusaas/vendor/laravel/framework/src/Illuminate/Pipeline/Pipeline.php(209): Illuminate\\Cookie\\Middleware\\AddQueuedCookiesToResponse->handle()
#33 /home/yamojr/devyamo/SchoolofNursing/edusaas/vendor/laravel/framework/src/Illuminate/Cookie/Middleware/EncryptCookies.php(75): Illuminate\\Pipeline\\Pipeline->{closure:{closure:Illuminate\\Pipeline\\Pipeline::carry():184}:185}()
#34 /home/yamojr/devyamo/SchoolofNursing/edusaas/vendor/laravel/framework/src/Illuminate/Pipeline/Pipeline.php(209): Illuminate\\Cookie\\Middleware\\EncryptCookies->handle()
#35 /home/yamojr/devyamo/SchoolofNursing/edusaas/vendor/laravel/framework/src/Illuminate/Pipeline/Pipeline.php(127): Illuminate\\Pipeline\\Pipeline->{closure:{closure:Illuminate\\Pipeline\\Pipeline::carry():184}:185}()
#36 /home/yamojr/devyamo/SchoolofNursing/edusaas/vendor/laravel/framework/src/Illuminate/Routing/Router.php(807): Illuminate\\Pipeline\\Pipeline->then()
#37 /home/yamojr/devyamo/SchoolofNursing/edusaas/vendor/laravel/framework/src/Illuminate/Routing/Router.php(786): Illuminate\\Routing\\Router->runRouteWithinStack()
#38 /home/yamojr/devyamo/SchoolofNursing/edusaas/vendor/laravel/framework/src/Illuminate/Routing/Router.php(750): Illuminate\\Routing\\Router->runRoute()
#39 /home/yamojr/devyamo/SchoolofNursing/edusaas/vendor/laravel/framework/src/Illuminate/Routing/Router.php(739): Illuminate\\Routing\\Router->dispatchToRoute()
#40 /home/yamojr/devyamo/SchoolofNursing/edusaas/vendor/laravel/framework/src/Illuminate/Foundation/Http/Kernel.php(201): Illuminate\\Routing\\Router->dispatch()
#41 /home/yamojr/devyamo/SchoolofNursing/edusaas/vendor/laravel/framework/src/Illuminate/Pipeline/Pipeline.php(170): Illuminate\\Foundation\\Http\\Kernel->{closure:Illuminate\\Foundation\\Http\\Kernel::dispatchToRouter():198}()
#42 /home/yamojr/devyamo/SchoolofNursing/edusaas/vendor/laravel/framework/src/Illuminate/Foundation/Http/Middleware/TransformsRequest.php(21): Illuminate\\Pipeline\\Pipeline->{closure:Illuminate\\Pipeline\\Pipeline::prepareDestination():168}()
#43 /home/yamojr/devyamo/SchoolofNursing/edusaas/vendor/laravel/framework/src/Illuminate/Foundation/Http/Middleware/ConvertEmptyStringsToNull.php(31): Illuminate\\Foundation\\Http\\Middleware\\TransformsRequest->handle()
#44 /home/yamojr/devyamo/SchoolofNursing/edusaas/vendor/laravel/framework/src/Illuminate/Pipeline/Pipeline.php(209): Illuminate\\Foundation\\Http\\Middleware\\ConvertEmptyStringsToNull->handle()
#45 /home/yamojr/devyamo/SchoolofNursing/edusaas/vendor/laravel/framework/src/Illuminate/Foundation/Http/Middleware/TransformsRequest.php(21): Illuminate\\Pipeline\\Pipeline->{closure:{closure:Illuminate\\Pipeline\\Pipeline::carry():184}:185}()
#46 /home/yamojr/devyamo/SchoolofNursing/edusaas/vendor/laravel/framework/src/Illuminate/Foundation/Http/Middleware/TrimStrings.php(51): Illuminate\\Foundation\\Http\\Middleware\\TransformsRequest->handle()
#47 /home/yamojr/devyamo/SchoolofNursing/edusaas/vendor/laravel/framework/src/Illuminate/Pipeline/Pipeline.php(209): Illuminate\\Foundation\\Http\\Middleware\\TrimStrings->handle()
#48 /home/yamojr/devyamo/SchoolofNursing/edusaas/vendor/laravel/framework/src/Illuminate/Http/Middleware/ValidatePostSize.php(27): Illuminate\\Pipeline\\Pipeline->{closure:{closure:Illuminate\\Pipeline\\Pipeline::carry():184}:185}()
#49 /home/yamojr/devyamo/SchoolofNursing/edusaas/vendor/laravel/framework/src/Illuminate/Pipeline/Pipeline.php(209): Illuminate\\Http\\Middleware\\ValidatePostSize->handle()
#50 /home/yamojr/devyamo/SchoolofNursing/edusaas/vendor/laravel/framework/src/Illuminate/Foundation/Http/Middleware/PreventRequestsDuringMaintenance.php(110): Illuminate\\Pipeline\\Pipeline->{closure:{closure:Illuminate\\Pipeline\\Pipeline::carry():184}:185}()
#51 /home/yamojr/devyamo/SchoolofNursing/edusaas/vendor/laravel/framework/src/Illuminate/Pipeline/Pipeline.php(209): Illuminate\\Foundation\\Http\\Middleware\\PreventRequestsDuringMaintenance->handle()
#52 /home/yamojr/devyamo/SchoolofNursing/edusaas/vendor/laravel/framework/src/Illuminate/Http/Middleware/HandleCors.php(49): Illuminate\\Pipeline\\Pipeline->{closure:{closure:Illuminate\\Pipeline\\Pipeline::carry():184}:185}()
#53 /home/yamojr/devyamo/SchoolofNursing/edusaas/vendor/laravel/framework/src/Illuminate/Pipeline/Pipeline.php(209): Illuminate\\Http\\Middleware\\HandleCors->handle()
#54 /home/yamojr/devyamo/SchoolofNursing/edusaas/vendor/laravel/framework/src/Illuminate/Http/Middleware/TrustProxies.php(58): Illuminate\\Pipeline\\Pipeline->{closure:{closure:Illuminate\\Pipeline\\Pipeline::carry():184}:185}()
#55 /home/yamojr/devyamo/SchoolofNursing/edusaas/vendor/laravel/framework/src/Illuminate/Pipeline/Pipeline.php(209): Illuminate\\Http\\Middleware\\TrustProxies->handle()
#56 /home/yamojr/devyamo/SchoolofNursing/edusaas/vendor/laravel/framework/src/Illuminate/Foundation/Http/Middleware/InvokeDeferredCallbacks.php(22): Illuminate\\Pipeline\\Pipeline->{closure:{closure:Illuminate\\Pipeline\\Pipeline::carry():184}:185}()
#57 /home/yamojr/devyamo/SchoolofNursing/edusaas/vendor/laravel/framework/src/Illuminate/Pipeline/Pipeline.php(209): Illuminate\\Foundation\\Http\\Middleware\\InvokeDeferredCallbacks->handle()
#58 /home/yamojr/devyamo/SchoolofNursing/edusaas/vendor/laravel/framework/src/Illuminate/Pipeline/Pipeline.php(127): Illuminate\\Pipeline\\Pipeline->{closure:{closure:Illuminate\\Pipeline\\Pipeline::carry():184}:185}()
#59 /home/yamojr/devyamo/SchoolofNursing/edusaas/vendor/laravel/framework/src/Illuminate/Foundation/Http/Kernel.php(176): Illuminate\\Pipeline\\Pipeline->then()
#60 /home/yamojr/devyamo/SchoolofNursing/edusaas/vendor/laravel/framework/src/Illuminate/Foundation/Http/Kernel.php(145): Illuminate\\Foundation\\Http\\Kernel->sendRequestThroughRouter()
#61 /home/yamojr/devyamo/SchoolofNursing/edusaas/vendor/laravel/framework/src/Illuminate/Foundation/Application.php(1220): Illuminate\\Foundation\\Http\\Kernel->handle()
#62 /home/yamojr/devyamo/SchoolofNursing/edusaas/public/index.php(19): Illuminate\\Foundation\\Application->handleRequest()
#63 /home/yamojr/devyamo/SchoolofNursing/edusaas/vendor/laravel/framework/src/Illuminate/Foundation/resources/server.php(23): require_once('...')
#64 {main}

[previous exception] [object] (PDOException(code: 01000): SQLSTATE[01000]: Warning: 1265 Data truncated for column 'approval_status' at row 1 at /home/yamojr/devyamo/SchoolofNursing/edusaas/vendor/laravel/framework/src/Illuminate/Database/Connection.php:596)
[stacktrace]
#0 /home/yamojr/devyamo/SchoolofNursing/edusaas/vendor/laravel/framework/src/Illuminate/Database/Connection.php(596): PDOStatement->execute()
#1 /home/yamojr/devyamo/SchoolofNursing/edusaas/vendor/laravel/framework/src/Illuminate/Database/Connection.php(812): Illuminate\\Database\\Connection->{closure:Illuminate\\Database\\Connection::affectingStatement():584}()
#2 /home/yamojr/devyamo/SchoolofNursing/edusaas/vendor/laravel/framework/src/Illuminate/Database/Connection.php(779): Illuminate\\Database\\Connection->runQueryCallback()
#3 /home/yamojr/devyamo/SchoolofNursing/edusaas/vendor/laravel/framework/src/Illuminate/Database/Connection.php(584): Illuminate\\Database\\Connection->run()
#4 /home/yamojr/devyamo/SchoolofNursing/edusaas/vendor/laravel/framework/src/Illuminate/Database/Connection.php(536): Illuminate\\Database\\Connection->affectingStatement()
#5 /home/yamojr/devyamo/SchoolofNursing/edusaas/vendor/laravel/framework/src/Illuminate/Database/Query/Builder.php(3830): Illuminate\\Database\\Connection->update()
#6 /home/yamojr/devyamo/SchoolofNursing/edusaas/vendor/laravel/framework/src/Illuminate/Database/Eloquent/Builder.php(1175): Illuminate\\Database\\Query\\Builder->update()
#7 /home/yamojr/devyamo/SchoolofNursing/edusaas/app/Http/Controllers/Lecturer/ResultProcessingController.php(140): Illuminate\\Database\\Eloquent\\Builder->update()
#8 /home/yamojr/devyamo/SchoolofNursing/edusaas/vendor/laravel/framework/src/Illuminate/Routing/Controller.php(54): App\\Http\\Controllers\\Lecturer\\ResultProcessingController->submit()
#9 /home/yamojr/devyamo/SchoolofNursing/edusaas/vendor/laravel/framework/src/Illuminate/Routing/ControllerDispatcher.php(44): Illuminate\\Routing\\Controller->callAction()
#10 /home/yamojr/devyamo/SchoolofNursing/edusaas/vendor/laravel/framework/src/Illuminate/Routing/Route.php(266): Illuminate\\Routing\\ControllerDispatcher->dispatch()
#11 /home/yamojr/devyamo/SchoolofNursing/edusaas/vendor/laravel/framework/src/Illuminate/Routing/Route.php(212): Illuminate\\Routing\\Route->runController()
#12 /home/yamojr/devyamo/SchoolofNursing/edusaas/vendor/laravel/framework/src/Illuminate/Routing/Router.php(808): Illuminate\\Routing\\Route->run()
#13 /home/yamojr/devyamo/SchoolofNursing/edusaas/vendor/laravel/framework/src/Illuminate/Pipeline/Pipeline.php(170): Illuminate\\Routing\\Router->{closure:Illuminate\\Routing\\Router::runRouteWithinStack():807}()
#14 /home/yamojr/devyamo/SchoolofNursing/edusaas/app/Http/Middleware/EnsureTenantAccess.php(26): Illuminate\\Pipeline\\Pipeline->{closure:Illuminate\\Pipeline\\Pipeline::prepareDestination():168}()
#15 /home/yamojr/devyamo/SchoolofNursing/edusaas/vendor/laravel/framework/src/Illuminate/Pipeline/Pipeline.php(209): App\\Http\\Middleware\\EnsureTenantAccess->handle()
#16 /home/yamojr/devyamo/SchoolofNursing/edusaas/vendor/spatie/laravel-permission/src/Middleware/RoleMiddleware.php(37): Illuminate\\Pipeline\\Pipeline->{closure:{closure:Illuminate\\Pipeline\\Pipeline::carry():184}:185}()
#17 /home/yamojr/devyamo/SchoolofNursing/edusaas/vendor/laravel/framework/src/Illuminate/Pipeline/Pipeline.php(209): Spatie\\Permission\\Middleware\\RoleMiddleware->handle()
#18 /home/yamojr/devyamo/SchoolofNursing/edusaas/app/Http/Middleware/IdentifyTenant.php(40): Illuminate\\Pipeline\\Pipeline->{closure:{closure:Illuminate\\Pipeline\\Pipeline::carry():184}:185}()
#19 /home/yamojr/devyamo/SchoolofNursing/edusaas/vendor/laravel/framework/src/Illuminate/Pipeline/Pipeline.php(209): App\\Http\\Middleware\\IdentifyTenant->handle()
#20 /home/yamojr/devyamo/SchoolofNursing/edusaas/vendor/inertiajs/inertia-laravel/src/Middleware.php(122): Illuminate\\Pipeline\\Pipeline->{closure:{closure:Illuminate\\Pipeline\\Pipeline::carry():184}:185}()
#21 /home/yamojr/devyamo/SchoolofNursing/edusaas/vendor/laravel/framework/src/Illuminate/Pipeline/Pipeline.php(209): Inertia\\Middleware->handle()
#22 /home/yamojr/devyamo/SchoolofNursing/edusaas/vendor/laravel/framework/src/Illuminate/Routing/Middleware/SubstituteBindings.php(51): Illuminate\\Pipeline\\Pipeline->{closure:{closure:Illuminate\\Pipeline\\Pipeline::carry():184}:185}()
#23 /home/yamojr/devyamo/SchoolofNursing/edusaas/vendor/laravel/framework/src/Illuminate/Pipeline/Pipeline.php(209): Illuminate\\Routing\\Middleware\\SubstituteBindings->handle()
#24 /home/yamojr/devyamo/SchoolofNursing/edusaas/vendor/laravel/framework/src/Illuminate/Auth/Middleware/Authenticate.php(64): Illuminate\\Pipeline\\Pipeline->{closure:{closure:Illuminate\\Pipeline\\Pipeline::carry():184}:185}()
#25 /home/yamojr/devyamo/SchoolofNursing/edusaas/vendor/laravel/framework/src/Illuminate/Pipeline/Pipeline.php(209): Illuminate\\Auth\\Middleware\\Authenticate->handle()
#26 /home/yamojr/devyamo/SchoolofNursing/edusaas/vendor/laravel/framework/src/Illuminate/Foundation/Http/Middleware/VerifyCsrfToken.php(88): Illuminate\\Pipeline\\Pipeline->{closure:{closure:Illuminate\\Pipeline\\Pipeline::carry():184}:185}()
#27 /home/yamojr/devyamo/SchoolofNursing/edusaas/vendor/laravel/framework/src/Illuminate/Pipeline/Pipeline.php(209): Illuminate\\Foundation\\Http\\Middleware\\VerifyCsrfToken->handle()
#28 /home/yamojr/devyamo/SchoolofNursing/edusaas/vendor/laravel/framework/src/Illuminate/View/Middleware/ShareErrorsFromSession.php(49): Illuminate\\Pipeline\\Pipeline->{closure:{closure:Illuminate\\Pipeline\\Pipeline::carry():184}:185}()
#29 /home/yamojr/devyamo/SchoolofNursing/edusaas/vendor/laravel/framework/src/Illuminate/Pipeline/Pipeline.php(209): Illuminate\\View\\Middleware\\ShareErrorsFromSession->handle()
#30 /home/yamojr/devyamo/SchoolofNursing/edusaas/vendor/laravel/framework/src/Illuminate/Session/Middleware/StartSession.php(121): Illuminate\\Pipeline\\Pipeline->{closure:{closure:Illuminate\\Pipeline\\Pipeline::carry():184}:185}()
#31 /home/yamojr/devyamo/SchoolofNursing/edusaas/vendor/laravel/framework/src/Illuminate/Session/Middleware/StartSession.php(64): Illuminate\\Session\\Middleware\\StartSession->handleStatefulRequest()
#32 /home/yamojr/devyamo/SchoolofNursing/edusaas/vendor/laravel/framework/src/Illuminate/Pipeline/Pipeline.php(209): Illuminate\\Session\\Middleware\\StartSession->handle()
#33 /home/yamojr/devyamo/SchoolofNursing/edusaas/vendor/laravel/framework/src/Illuminate/Cookie/Middleware/AddQueuedCookiesToResponse.php(37): Illuminate\\Pipeline\\Pipeline->{closure:{closure:Illuminate\\Pipeline\\Pipeline::carry():184}:185}()
#34 /home/yamojr/devyamo/SchoolofNursing/edusaas/vendor/laravel/framework/src/Illuminate/Pipeline/Pipeline.php(209): Illuminate\\Cookie\\Middleware\\AddQueuedCookiesToResponse->handle()
#35 /home/yamojr/devyamo/SchoolofNursing/edusaas/vendor/laravel/framework/src/Illuminate/Cookie/Middleware/EncryptCookies.php(75): Illuminate\\Pipeline\\Pipeline->{closure:{closure:Illuminate\\Pipeline\\Pipeline::carry():184}:185}()
#36 /home/yamojr/devyamo/SchoolofNursing/edusaas/vendor/laravel/framework/src/Illuminate/Pipeline/Pipeline.php(209): Illuminate\\Cookie\\Middleware\\EncryptCookies->handle()
#37 /home/yamojr/devyamo/SchoolofNursing/edusaas/vendor/laravel/framework/src/Illuminate/Pipeline/Pipeline.php(127): Illuminate\\Pipeline\\Pipeline->{closure:{closure:Illuminate\\Pipeline\\Pipeline::carry():184}:185}()
#38 /home/yamojr/devyamo/SchoolofNursing/edusaas/vendor/laravel/framework/src/Illuminate/Routing/Router.php(807): Illuminate\\Pipeline\\Pipeline->then()
#39 /home/yamojr/devyamo/SchoolofNursing/edusaas/vendor/laravel/framework/src/Illuminate/Routing/Router.php(786): Illuminate\\Routing\\Router->runRouteWithinStack()
#40 /home/yamojr/devyamo/SchoolofNursing/edusaas/vendor/laravel/framework/src/Illuminate/Routing/Router.php(750): Illuminate\\Routing\\Router->runRoute()
#41 /home/yamojr/devyamo/SchoolofNursing/edusaas/vendor/laravel/framework/src/Illuminate/Routing/Router.php(739): Illuminate\\Routing\\Router->dispatchToRoute()
#42 /home/yamojr/devyamo/SchoolofNursing/edusaas/vendor/laravel/framework/src/Illuminate/Foundation/Http/Kernel.php(201): Illuminate\\Routing\\Router->dispatch()
#43 /home/yamojr/devyamo/SchoolofNursing/edusaas/vendor/laravel/framework/src/Illuminate/Pipeline/Pipeline.php(170): Illuminate\\Foundation\\Http\\Kernel->{closure:Illuminate\\Foundation\\Http\\Kernel::dispatchToRouter():198}()
#44 /home/yamojr/devyamo/SchoolofNursing/edusaas/vendor/laravel/framework/src/Illuminate/Foundation/Http/Middleware/TransformsRequest.php(21): Illuminate\\Pipeline\\Pipeline->{closure:Illuminate\\Pipeline\\Pipeline::prepareDestination():168}()
#45 /home/yamojr/devyamo/SchoolofNursing/edusaas/vendor/laravel/framework/src/Illuminate/Foundation/Http/Middleware/ConvertEmptyStringsToNull.php(31): Illuminate\\Foundation\\Http\\Middleware\\TransformsRequest->handle()
#46 /home/yamojr/devyamo/SchoolofNursing/edusaas/vendor/laravel/framework/src/Illuminate/Pipeline/Pipeline.php(209): Illuminate\\Foundation\\Http\\Middleware\\ConvertEmptyStringsToNull->handle()
#47 /home/yamojr/devyamo/SchoolofNursing/edusaas/vendor/laravel/framework/src/Illuminate/Foundation/Http/Middleware/TransformsRequest.php(21): Illuminate\\Pipeline\\Pipeline->{closure:{closure:Illuminate\\Pipeline\\Pipeline::carry():184}:185}()
#48 /home/yamojr/devyamo/SchoolofNursing/edusaas/vendor/laravel/framework/src/Illuminate/Foundation/Http/Middleware/TrimStrings.php(51): Illuminate\\Foundation\\Http\\Middleware\\TransformsRequest->handle()
#49 /home/yamojr/devyamo/SchoolofNursing/edusaas/vendor/laravel/framework/src/Illuminate/Pipeline/Pipeline.php(209): Illuminate\\Foundation\\Http\\Middleware\\TrimStrings->handle()
#50 /home/yamojr/devyamo/SchoolofNursing/edusaas/vendor/laravel/framework/src/Illuminate/Http/Middleware/ValidatePostSize.php(27): Illuminate\\Pipeline\\Pipeline->{closure:{closure:Illuminate\\Pipeline\\Pipeline::carry():184}:185}()
#51 /home/yamojr/devyamo/SchoolofNursing/edusaas/vendor/laravel/framework/src/Illuminate/Pipeline/Pipeline.php(209): Illuminate\\Http\\Middleware\\ValidatePostSize->handle()
#52 /home/yamojr/devyamo/SchoolofNursing/edusaas/vendor/laravel/framework/src/Illuminate/Foundation/Http/Middleware/PreventRequestsDuringMaintenance.php(110): Illuminate\\Pipeline\\Pipeline->{closure:{closure:Illuminate\\Pipeline\\Pipeline::carry():184}:185}()
#53 /home/yamojr/devyamo/SchoolofNursing/edusaas/vendor/laravel/framework/src/Illuminate/Pipeline/Pipeline.php(209): Illuminate\\Foundation\\Http\\Middleware\\PreventRequestsDuringMaintenance->handle()
#54 /home/yamojr/devyamo/SchoolofNursing/edusaas/vendor/laravel/framework/src/Illuminate/Http/Middleware/HandleCors.php(49): Illuminate\\Pipeline\\Pipeline->{closure:{closure:Illuminate\\Pipeline\\Pipeline::carry():184}:185}()
#55 /home/yamojr/devyamo/SchoolofNursing/edusaas/vendor/laravel/framework/src/Illuminate/Pipeline/Pipeline.php(209): Illuminate\\Http\\Middleware\\HandleCors->handle()
#56 /home/yamojr/devyamo/SchoolofNursing/edusaas/vendor/laravel/framework/src/Illuminate/Http/Middleware/TrustProxies.php(58): Illuminate\\Pipeline\\Pipeline->{closure:{closure:Illuminate\\Pipeline\\Pipeline::carry():184}:185}()
#57 /home/yamojr/devyamo/SchoolofNursing/edusaas/vendor/laravel/framework/src/Illuminate/Pipeline/Pipeline.php(209): Illuminate\\Http\\Middleware\\TrustProxies->handle()
#58 /home/yamojr/devyamo/SchoolofNursing/edusaas/vendor/laravel/framework/src/Illuminate/Foundation/Http/Middleware/InvokeDeferredCallbacks.php(22): Illuminate\\Pipeline\\Pipeline->{closure:{closure:Illuminate\\Pipeline\\Pipeline::carry():184}:185}()
#59 /home/yamojr/devyamo/SchoolofNursing/edusaas/vendor/laravel/framework/src/Illuminate/Pipeline/Pipeline.php(209): Illuminate\\Foundation\\Http\\Middleware\\InvokeDeferredCallbacks->handle()
#60 /home/yamojr/devyamo/SchoolofNursing/edusaas/vendor/laravel/framework/src/Illuminate/Pipeline/Pipeline.php(127): Illuminate\\Pipeline\\Pipeline->{closure:{closure:Illuminate\\Pipeline\\Pipeline::carry():184}:185}()
#61 /home/yamojr/devyamo/SchoolofNursing/edusaas/vendor/laravel/framework/src/Illuminate/Foundation/Http/Kernel.php(176): Illuminate\\Pipeline\\Pipeline->then()
#62 /home/yamojr/devyamo/SchoolofNursing/edusaas/vendor/laravel/framework/src/Illuminate/Foundation/Http/Kernel.php(145): Illuminate\\Foundation\\Http\\Kernel->sendRequestThroughRouter()
#63 /home/yamojr/devyamo/SchoolofNursing/edusaas/vendor/laravel/framework/src/Illuminate/Foundation/Application.php(1220): Illuminate\\Foundation\\Http\\Kernel->handle()
#64 /home/yamojr/devyamo/SchoolofNursing/edusaas/public/index.php(19): Illuminate\\Foundation\\Application->handleRequest()
#65 /home/yamojr/devyamo/SchoolofNursing/edusaas/vendor/laravel/framework/src/Illuminate/Foundation/resources/server.php(23): require_once('...')
#66 {main}
"} 
[2026-05-18 08:58:07] local.ERROR: SQLSTATE[01000]: Warning: 1265 Data truncated for column 'approval_status' at row 1 (Connection: mysql, SQL: update `grades` set `approval_status` = submitted, `rejection_reason` = ?, `grades`.`updated_at` = 2026-05-18 08:58:07 where `course_registration_id` in (1) and `grades`.`deleted_at` is null) {"userId":2,"exception":"[object] (Illuminate\\Database\\QueryException(code: 01000): SQLSTATE[01000]: Warning: 1265 Data truncated for column 'approval_status' at row 1 (Connection: mysql, SQL: update `grades` set `approval_status` = submitted, `rejection_reason` = ?, `grades`.`updated_at` = 2026-05-18 08:58:07 where `course_registration_id` in (1) and `grades`.`deleted_at` is null) at /home/yamojr/devyamo/SchoolofNursing/edusaas/vendor/laravel/framework/src/Illuminate/Database/Connection.php:825)
[stacktrace]
#0 /home/yamojr/devyamo/SchoolofNursing/edusaas/vendor/laravel/framework/src/Illuminate/Database/Connection.php(779): Illuminate\\Database\\Connection->runQueryCallback()
#1 /home/yamojr/devyamo/SchoolofNursing/edusaas/vendor/laravel/framework/src/Illuminate/Database/Connection.php(584): Illuminate\\Database\\Connection->run()
#2 /home/yamojr/devyamo/SchoolofNursing/edusaas/vendor/laravel/framework/src/Illuminate/Database/Connection.php(536): Illuminate\\Database\\Connection->affectingStatement()
#3 /home/yamojr/devyamo/SchoolofNursing/edusaas/vendor/laravel/framework/src/Illuminate/Database/Query/Builder.php(3830): Illuminate\\Database\\Connection->update()
#4 /home/yamojr/devyamo/SchoolofNursing/edusaas/vendor/laravel/framework/src/Illuminate/Database/Eloquent/Builder.php(1175): Illuminate\\Database\\Query\\Builder->update()
#5 /home/yamojr/devyamo/SchoolofNursing/edusaas/app/Http/Controllers/Lecturer/ResultProcessingController.php(140): Illuminate\\Database\\Eloquent\\Builder->update()
#6 /home/yamojr/devyamo/SchoolofNursing/edusaas/vendor/laravel/framework/src/Illuminate/Routing/Controller.php(54): App\\Http\\Controllers\\Lecturer\\ResultProcessingController->submit()
#7 /home/yamojr/devyamo/SchoolofNursing/edusaas/vendor/laravel/framework/src/Illuminate/Routing/ControllerDispatcher.php(44): Illuminate\\Routing\\Controller->callAction()
#8 /home/yamojr/devyamo/SchoolofNursing/edusaas/vendor/laravel/framework/src/Illuminate/Routing/Route.php(266): Illuminate\\Routing\\ControllerDispatcher->dispatch()
#9 /home/yamojr/devyamo/SchoolofNursing/edusaas/vendor/laravel/framework/src/Illuminate/Routing/Route.php(212): Illuminate\\Routing\\Route->runController()
#10 /home/yamojr/devyamo/SchoolofNursing/edusaas/vendor/laravel/framework/src/Illuminate/Routing/Router.php(808): Illuminate\\Routing\\Route->run()
#11 /home/yamojr/devyamo/SchoolofNursing/edusaas/vendor/laravel/framework/src/Illuminate/Pipeline/Pipeline.php(170): Illuminate\\Routing\\Router->{closure:Illuminate\\Routing\\Router::runRouteWithinStack():807}()
#12 /home/yamojr/devyamo/SchoolofNursing/edusaas/app/Http/Middleware/EnsureTenantAccess.php(26): Illuminate\\Pipeline\\Pipeline->{closure:Illuminate\\Pipeline\\Pipeline::prepareDestination():168}()
#13 /home/yamojr/devyamo/SchoolofNursing/edusaas/vendor/laravel/framework/src/Illuminate/Pipeline/Pipeline.php(209): App\\Http\\Middleware\\EnsureTenantAccess->handle()
#14 /home/yamojr/devyamo/SchoolofNursing/edusaas/vendor/spatie/laravel-permission/src/Middleware/RoleMiddleware.php(37): Illuminate\\Pipeline\\Pipeline->{closure:{closure:Illuminate\\Pipeline\\Pipeline::carry():184}:185}()
#15 /home/yamojr/devyamo/SchoolofNursing/edusaas/vendor/laravel/framework/src/Illuminate/Pipeline/Pipeline.php(209): Spatie\\Permission\\Middleware\\RoleMiddleware->handle()
#16 /home/yamojr/devyamo/SchoolofNursing/edusaas/app/Http/Middleware/IdentifyTenant.php(40): Illuminate\\Pipeline\\Pipeline->{closure:{closure:Illuminate\\Pipeline\\Pipeline::carry():184}:185}()
#17 /home/yamojr/devyamo/SchoolofNursing/edusaas/vendor/laravel/framework/src/Illuminate/Pipeline/Pipeline.php(209): App\\Http\\Middleware\\IdentifyTenant->handle()
#18 /home/yamojr/devyamo/SchoolofNursing/edusaas/vendor/inertiajs/inertia-laravel/src/Middleware.php(122): Illuminate\\Pipeline\\Pipeline->{closure:{closure:Illuminate\\Pipeline\\Pipeline::carry():184}:185}()
#19 /home/yamojr/devyamo/SchoolofNursing/edusaas/vendor/laravel/framework/src/Illuminate/Pipeline/Pipeline.php(209): Inertia\\Middleware->handle()
#20 /home/yamojr/devyamo/SchoolofNursing/edusaas/vendor/laravel/framework/src/Illuminate/Routing/Middleware/SubstituteBindings.php(51): Illuminate\\Pipeline\\Pipeline->{closure:{closure:Illuminate\\Pipeline\\Pipeline::carry():184}:185}()
#21 /home/yamojr/devyamo/SchoolofNursing/edusaas/vendor/laravel/framework/src/Illuminate/Pipeline/Pipeline.php(209): Illuminate\\Routing\\Middleware\\SubstituteBindings->handle()
#22 /home/yamojr/devyamo/SchoolofNursing/edusaas/vendor/laravel/framework/src/Illuminate/Auth/Middleware/Authenticate.php(64): Illuminate\\Pipeline\\Pipeline->{closure:{closure:Illuminate\\Pipeline\\Pipeline::carry():184}:185}()
#23 /home/yamojr/devyamo/SchoolofNursing/edusaas/vendor/laravel/framework/src/Illuminate/Pipeline/Pipeline.php(209): Illuminate\\Auth\\Middleware\\Authenticate->handle()
#24 /home/yamojr/devyamo/SchoolofNursing/edusaas/vendor/laravel/framework/src/Illuminate/Foundation/Http/Middleware/VerifyCsrfToken.php(88): Illuminate\\Pipeline\\Pipeline->{closure:{closure:Illuminate\\Pipeline\\Pipeline::carry():184}:185}()
#25 /home/yamojr/devyamo/SchoolofNursing/edusaas/vendor/laravel/framework/src/Illuminate/Pipeline/Pipeline.php(209): Illuminate\\Foundation\\Http\\Middleware\\VerifyCsrfToken->handle()
#26 /home/yamojr/devyamo/SchoolofNursing/edusaas/vendor/laravel/framework/src/Illuminate/View/Middleware/ShareErrorsFromSession.php(49): Illuminate\\Pipeline\\Pipeline->{closure:{closure:Illuminate\\Pipeline\\Pipeline::carry():184}:185}()
#27 /home/yamojr/devyamo/SchoolofNursing/edusaas/vendor/laravel/framework/src/Illuminate/Pipeline/Pipeline.php(209): Illuminate\\View\\Middleware\\ShareErrorsFromSession->handle()
#28 /home/yamojr/devyamo/SchoolofNursing/edusaas/vendor/laravel/framework/src/Illuminate/Session/Middleware/StartSession.php(121): Illuminate\\Pipeline\\Pipeline->{closure:{closure:Illuminate\\Pipeline\\Pipeline::carry():184}:185}()
#29 /home/yamojr/devyamo/SchoolofNursing/edusaas/vendor/laravel/framework/src/Illuminate/Session/Middleware/StartSession.php(64): Illuminate\\Session\\Middleware\\StartSession->handleStatefulRequest()
#30 /home/yamojr/devyamo/SchoolofNursing/edusaas/vendor/laravel/framework/src/Illuminate/Pipeline/Pipeline.php(209): Illuminate\\Session\\Middleware\\StartSession->handle()
#31 /home/yamojr/devyamo/SchoolofNursing/edusaas/vendor/laravel/framework/src/Illuminate/Cookie/Middleware/AddQueuedCookiesToResponse.php(37): Illuminate\\Pipeline\\Pipeline->{closure:{closure:Illuminate\\Pipeline\\Pipeline::carry():184}:185}()
#32 /home/yamojr/devyamo/SchoolofNursing/edusaas/vendor/laravel/framework/src/Illuminate/Pipeline/Pipeline.php(209): Illuminate\\Cookie\\Middleware\\AddQueuedCookiesToResponse->handle()
#33 /home/yamojr/devyamo/SchoolofNursing/edusaas/vendor/laravel/framework/src/Illuminate/Cookie/Middleware/EncryptCookies.php(75): Illuminate\\Pipeline\\Pipeline->{closure:{closure:Illuminate\\Pipeline\\Pipeline::carry():184}:185}()
#34 /home/yamojr/devyamo/SchoolofNursing/edusaas/vendor/laravel/framework/src/Illuminate/Pipeline/Pipeline.php(209): Illuminate\\Cookie\\Middleware\\EncryptCookies->handle()
#35 /home/yamojr/devyamo/SchoolofNursing/edusaas/vendor/laravel/framework/src/Illuminate/Pipeline/Pipeline.php(127): Illuminate\\Pipeline\\Pipeline->{closure:{closure:Illuminate\\Pipeline\\Pipeline::carry():184}:185}()
#36 /home/yamojr/devyamo/SchoolofNursing/edusaas/vendor/laravel/framework/src/Illuminate/Routing/Router.php(807): Illuminate\\Pipeline\\Pipeline->then()
#37 /home/yamojr/devyamo/SchoolofNursing/edusaas/vendor/laravel/framework/src/Illuminate/Routing/Router.php(786): Illuminate\\Routing\\Router->runRouteWithinStack()
#38 /home/yamojr/devyamo/SchoolofNursing/edusaas/vendor/laravel/framework/src/Illuminate/Routing/Router.php(750): Illuminate\\Routing\\Router->runRoute()
#39 /home/yamojr/devyamo/SchoolofNursing/edusaas/vendor/laravel/framework/src/Illuminate/Routing/Router.php(739): Illuminate\\Routing\\Router->dispatchToRoute()
#40 /home/yamojr/devyamo/SchoolofNursing/edusaas/vendor/laravel/framework/src/Illuminate/Foundation/Http/Kernel.php(201): Illuminate\\Routing\\Router->dispatch()
#41 /home/yamojr/devyamo/SchoolofNursing/edusaas/vendor/laravel/framework/src/Illuminate/Pipeline/Pipeline.php(170): Illuminate\\Foundation\\Http\\Kernel->{closure:Illuminate\\Foundation\\Http\\Kernel::dispatchToRouter():198}()
#42 /home/yamojr/devyamo/SchoolofNursing/edusaas/vendor/laravel/framework/src/Illuminate/Foundation/Http/Middleware/TransformsRequest.php(21): Illuminate\\Pipeline\\Pipeline->{closure:Illuminate\\Pipeline\\Pipeline::prepareDestination():168}()
#43 /home/yamojr/devyamo/SchoolofNursing/edusaas/vendor/laravel/framework/src/Illuminate/Foundation/Http/Middleware/ConvertEmptyStringsToNull.php(31): Illuminate\\Foundation\\Http\\Middleware\\TransformsRequest->handle()
#44 /home/yamojr/devyamo/SchoolofNursing/edusaas/vendor/laravel/framework/src/Illuminate/Pipeline/Pipeline.php(209): Illuminate\\Foundation\\Http\\Middleware\\ConvertEmptyStringsToNull->handle()
#45 /home/yamojr/devyamo/SchoolofNursing/edusaas/vendor/laravel/framework/src/Illuminate/Foundation/Http/Middleware/TransformsRequest.php(21): Illuminate\\Pipeline\\Pipeline->{closure:{closure:Illuminate\\Pipeline\\Pipeline::carry():184}:185}()
#46 /home/yamojr/devyamo/SchoolofNursing/edusaas/vendor/laravel/framework/src/Illuminate/Foundation/Http/Middleware/TrimStrings.php(51): Illuminate\\Foundation\\Http\\Middleware\\TransformsRequest->handle()
#47 /home/yamojr/devyamo/SchoolofNursing/edusaas/vendor/laravel/framework/src/Illuminate/Pipeline/Pipeline.php(209): Illuminate\\Foundation\\Http\\Middleware\\TrimStrings->handle()
#48 /home/yamojr/devyamo/SchoolofNursing/edusaas/vendor/laravel/framework/src/Illuminate/Http/Middleware/ValidatePostSize.php(27): Illuminate\\Pipeline\\Pipeline->{closure:{closure:Illuminate\\Pipeline\\Pipeline::carry():184}:185}()
#49 /home/yamojr/devyamo/SchoolofNursing/edusaas/vendor/laravel/framework/src/Illuminate/Pipeline/Pipeline.php(209): Illuminate\\Http\\Middleware\\ValidatePostSize->handle()
#50 /home/yamojr/devyamo/SchoolofNursing/edusaas/vendor/laravel/framework/src/Illuminate/Foundation/Http/Middleware/PreventRequestsDuringMaintenance.php(110): Illuminate\\Pipeline\\Pipeline->{closure:{closure:Illuminate\\Pipeline\\Pipeline::carry():184}:185}()
#51 /home/yamojr/devyamo/SchoolofNursing/edusaas/vendor/laravel/framework/src/Illuminate/Pipeline/Pipeline.php(209): Illuminate\\Foundation\\Http\\Middleware\\PreventRequestsDuringMaintenance->handle()
#52 /home/yamojr/devyamo/SchoolofNursing/edusaas/vendor/laravel/framework/src/Illuminate/Http/Middleware/HandleCors.php(49): Illuminate\\Pipeline\\Pipeline->{closure:{closure:Illuminate\\Pipeline\\Pipeline::carry():184}:185}()
#53 /home/yamojr/devyamo/SchoolofNursing/edusaas/vendor/laravel/framework/src/Illuminate/Pipeline/Pipeline.php(209): Illuminate\\Http\\Middleware\\HandleCors->handle()
#54 /home/yamojr/devyamo/SchoolofNursing/edusaas/vendor/laravel/framework/src/Illuminate/Http/Middleware/TrustProxies.php(58): Illuminate\\Pipeline\\Pipeline->{closure:{closure:Illuminate\\Pipeline\\Pipeline::carry():184}:185}()
#55 /home/yamojr/devyamo/SchoolofNursing/edusaas/vendor/laravel/framework/src/Illuminate/Pipeline/Pipeline.php(209): Illuminate\\Http\\Middleware\\TrustProxies->handle()
#56 /home/yamojr/devyamo/SchoolofNursing/edusaas/vendor/laravel/framework/src/Illuminate/Foundation/Http/Middleware/InvokeDeferredCallbacks.php(22): Illuminate\\Pipeline\\Pipeline->{closure:{closure:Illuminate\\Pipeline\\Pipeline::carry():184}:185}()
#57 /home/yamojr/devyamo/SchoolofNursing/edusaas/vendor/laravel/framework/src/Illuminate/Pipeline/Pipeline.php(209): Illuminate\\Foundation\\Http\\Middleware\\InvokeDeferredCallbacks->handle()
#58 /home/yamojr/devyamo/SchoolofNursing/edusaas/vendor/laravel/framework/src/Illuminate/Pipeline/Pipeline.php(127): Illuminate\\Pipeline\\Pipeline->{closure:{closure:Illuminate\\Pipeline\\Pipeline::carry():184}:185}()
#59 /home/yamojr/devyamo/SchoolofNursing/edusaas/vendor/laravel/framework/src/Illuminate/Foundation/Http/Kernel.php(176): Illuminate\\Pipeline\\Pipeline->then()
#60 /home/yamojr/devyamo/SchoolofNursing/edusaas/vendor/laravel/framework/src/Illuminate/Foundation/Http/Kernel.php(145): Illuminate\\Foundation\\Http\\Kernel->sendRequestThroughRouter()
#61 /home/yamojr/devyamo/SchoolofNursing/edusaas/vendor/laravel/framework/src/Illuminate/Foundation/Application.php(1220): Illuminate\\Foundation\\Http\\Kernel->handle()
#62 /home/yamojr/devyamo/SchoolofNursing/edusaas/public/index.php(19): Illuminate\\Foundation\\Application->handleRequest()
#63 /home/yamojr/devyamo/SchoolofNursing/edusaas/vendor/laravel/framework/src/Illuminate/Foundation/resources/server.php(23): require_once('...')
#64 {main}

[previous exception] [object] (PDOException(code: 01000): SQLSTATE[01000]: Warning: 1265 Data truncated for column 'approval_status' at row 1 at /home/yamojr/devyamo/SchoolofNursing/edusaas/vendor/laravel/framework/src/Illuminate/Database/Connection.php:596)
[stacktrace]
#0 /home/yamojr/devyamo/SchoolofNursing/edusaas/vendor/laravel/framework/src/Illuminate/Database/Connection.php(596): PDOStatement->execute()
#1 /home/yamojr/devyamo/SchoolofNursing/edusaas/vendor/laravel/framework/src/Illuminate/Database/Connection.php(812): Illuminate\\Database\\Connection->{closure:Illuminate\\Database\\Connection::affectingStatement():584}()
#2 /home/yamojr/devyamo/SchoolofNursing/edusaas/vendor/laravel/framework/src/Illuminate/Database/Connection.php(779): Illuminate\\Database\\Connection->runQueryCallback()
#3 /home/yamojr/devyamo/SchoolofNursing/edusaas/vendor/laravel/framework/src/Illuminate/Database/Connection.php(584): Illuminate\\Database\\Connection->run()
#4 /home/yamojr/devyamo/SchoolofNursing/edusaas/vendor/laravel/framework/src/Illuminate/Database/Connection.php(536): Illuminate\\Database\\Connection->affectingStatement()
#5 /home/yamojr/devyamo/SchoolofNursing/edusaas/vendor/laravel/framework/src/Illuminate/Database/Query/Builder.php(3830): Illuminate\\Database\\Connection->update()
#6 /home/yamojr/devyamo/SchoolofNursing/edusaas/vendor/laravel/framework/src/Illuminate/Database/Eloquent/Builder.php(1175): Illuminate\\Database\\Query\\Builder->update()
#7 /home/yamojr/devyamo/SchoolofNursing/edusaas/app/Http/Controllers/Lecturer/ResultProcessingController.php(140): Illuminate\\Database\\Eloquent\\Builder->update()
#8 /home/yamojr/devyamo/SchoolofNursing/edusaas/vendor/laravel/framework/src/Illuminate/Routing/Controller.php(54): App\\Http\\Controllers\\Lecturer\\ResultProcessingController->submit()
#9 /home/yamojr/devyamo/SchoolofNursing/edusaas/vendor/laravel/framework/src/Illuminate/Routing/ControllerDispatcher.php(44): Illuminate\\Routing\\Controller->callAction()
#10 /home/yamojr/devyamo/SchoolofNursing/edusaas/vendor/laravel/framework/src/Illuminate/Routing/Route.php(266): Illuminate\\Routing\\ControllerDispatcher->dispatch()
#11 /home/yamojr/devyamo/SchoolofNursing/edusaas/vendor/laravel/framework/src/Illuminate/Routing/Route.php(212): Illuminate\\Routing\\Route->runController()
#12 /home/yamojr/devyamo/SchoolofNursing/edusaas/vendor/laravel/framework/src/Illuminate/Routing/Router.php(808): Illuminate\\Routing\\Route->run()
#13 /home/yamojr/devyamo/SchoolofNursing/edusaas/vendor/laravel/framework/src/Illuminate/Pipeline/Pipeline.php(170): Illuminate\\Routing\\Router->{closure:Illuminate\\Routing\\Router::runRouteWithinStack():807}()
#14 /home/yamojr/devyamo/SchoolofNursing/edusaas/app/Http/Middleware/EnsureTenantAccess.php(26): Illuminate\\Pipeline\\Pipeline->{closure:Illuminate\\Pipeline\\Pipeline::prepareDestination():168}()
#15 /home/yamojr/devyamo/SchoolofNursing/edusaas/vendor/laravel/framework/src/Illuminate/Pipeline/Pipeline.php(209): App\\Http\\Middleware\\EnsureTenantAccess->handle()
#16 /home/yamojr/devyamo/SchoolofNursing/edusaas/vendor/spatie/laravel-permission/src/Middleware/RoleMiddleware.php(37): Illuminate\\Pipeline\\Pipeline->{closure:{closure:Illuminate\\Pipeline\\Pipeline::carry():184}:185}()
#17 /home/yamojr/devyamo/SchoolofNursing/edusaas/vendor/laravel/framework/src/Illuminate/Pipeline/Pipeline.php(209): Spatie\\Permission\\Middleware\\RoleMiddleware->handle()
#18 /home/yamojr/devyamo/SchoolofNursing/edusaas/app/Http/Middleware/IdentifyTenant.php(40): Illuminate\\Pipeline\\Pipeline->{closure:{closure:Illuminate\\Pipeline\\Pipeline::carry():184}:185}()
#19 /home/yamojr/devyamo/SchoolofNursing/edusaas/vendor/laravel/framework/src/Illuminate/Pipeline/Pipeline.php(209): App\\Http\\Middleware\\IdentifyTenant->handle()
#20 /home/yamojr/devyamo/SchoolofNursing/edusaas/vendor/inertiajs/inertia-laravel/src/Middleware.php(122): Illuminate\\Pipeline\\Pipeline->{closure:{closure:Illuminate\\Pipeline\\Pipeline::carry():184}:185}()
#21 /home/yamojr/devyamo/SchoolofNursing/edusaas/vendor/laravel/framework/src/Illuminate/Pipeline/Pipeline.php(209): Inertia\\Middleware->handle()
#22 /home/yamojr/devyamo/SchoolofNursing/edusaas/vendor/laravel/framework/src/Illuminate/Routing/Middleware/SubstituteBindings.php(51): Illuminate\\Pipeline\\Pipeline->{closure:{closure:Illuminate\\Pipeline\\Pipeline::carry():184}:185}()
#23 /home/yamojr/devyamo/SchoolofNursing/edusaas/vendor/laravel/framework/src/Illuminate/Pipeline/Pipeline.php(209): Illuminate\\Routing\\Middleware\\SubstituteBindings->handle()
#24 /home/yamojr/devyamo/SchoolofNursing/edusaas/vendor/laravel/framework/src/Illuminate/Auth/Middleware/Authenticate.php(64): Illuminate\\Pipeline\\Pipeline->{closure:{closure:Illuminate\\Pipeline\\Pipeline::carry():184}:185}()
#25 /home/yamojr/devyamo/SchoolofNursing/edusaas/vendor/laravel/framework/src/Illuminate/Pipeline/Pipeline.php(209): Illuminate\\Auth\\Middleware\\Authenticate->handle()
#26 /home/yamojr/devyamo/SchoolofNursing/edusaas/vendor/laravel/framework/src/Illuminate/Foundation/Http/Middleware/VerifyCsrfToken.php(88): Illuminate\\Pipeline\\Pipeline->{closure:{closure:Illuminate\\Pipeline\\Pipeline::carry():184}:185}()
#27 /home/yamojr/devyamo/SchoolofNursing/edusaas/vendor/laravel/framework/src/Illuminate/Pipeline/Pipeline.php(209): Illuminate\\Foundation\\Http\\Middleware\\VerifyCsrfToken->handle()
#28 /home/yamojr/devyamo/SchoolofNursing/edusaas/vendor/laravel/framework/src/Illuminate/View/Middleware/ShareErrorsFromSession.php(49): Illuminate\\Pipeline\\Pipeline->{closure:{closure:Illuminate\\Pipeline\\Pipeline::carry():184}:185}()
#29 /home/yamojr/devyamo/SchoolofNursing/edusaas/vendor/laravel/framework/src/Illuminate/Pipeline/Pipeline.php(209): Illuminate\\View\\Middleware\\ShareErrorsFromSession->handle()
#30 /home/yamojr/devyamo/SchoolofNursing/edusaas/vendor/laravel/framework/src/Illuminate/Session/Middleware/StartSession.php(121): Illuminate\\Pipeline\\Pipeline->{closure:{closure:Illuminate\\Pipeline\\Pipeline::carry():184}:185}()
#31 /home/yamojr/devyamo/SchoolofNursing/edusaas/vendor/laravel/framework/src/Illuminate/Session/Middleware/StartSession.php(64): Illuminate\\Session\\Middleware\\StartSession->handleStatefulRequest()
#32 /home/yamojr/devyamo/SchoolofNursing/edusaas/vendor/laravel/framework/src/Illuminate/Pipeline/Pipeline.php(209): Illuminate\\Session\\Middleware\\StartSession->handle()
#33 /home/yamojr/devyamo/SchoolofNursing/edusaas/vendor/laravel/framework/src/Illuminate/Cookie/Middleware/AddQueuedCookiesToResponse.php(37): Illuminate\\Pipeline\\Pipeline->{closure:{closure:Illuminate\\Pipeline\\Pipeline::carry():184}:185}()
#34 /home/yamojr/devyamo/SchoolofNursing/edusaas/vendor/laravel/framework/src/Illuminate/Pipeline/Pipeline.php(209): Illuminate\\Cookie\\Middleware\\AddQueuedCookiesToResponse->handle()
#35 /home/yamojr/devyamo/SchoolofNursing/edusaas/vendor/laravel/framework/src/Illuminate/Cookie/Middleware/EncryptCookies.php(75): Illuminate\\Pipeline\\Pipeline->{closure:{closure:Illuminate\\Pipeline\\Pipeline::carry():184}:185}()
#36 /home/yamojr/devyamo/SchoolofNursing/edusaas/vendor/laravel/framework/src/Illuminate/Pipeline/Pipeline.php(209): Illuminate\\Cookie\\Middleware\\EncryptCookies->handle()
#37 /home/yamojr/devyamo/SchoolofNursing/edusaas/vendor/laravel/framework/src/Illuminate/Pipeline/Pipeline.php(127): Illuminate\\Pipeline\\Pipeline->{closure:{closure:Illuminate\\Pipeline\\Pipeline::carry():184}:185}()
#38 /home/yamojr/devyamo/SchoolofNursing/edusaas/vendor/laravel/framework/src/Illuminate/Routing/Router.php(807): Illuminate\\Pipeline\\Pipeline->then()
#39 /home/yamojr/devyamo/SchoolofNursing/edusaas/vendor/laravel/framework/src/Illuminate/Routing/Router.php(786): Illuminate\\Routing\\Router->runRouteWithinStack()
#40 /home/yamojr/devyamo/SchoolofNursing/edusaas/vendor/laravel/framework/src/Illuminate/Routing/Router.php(750): Illuminate\\Routing\\Router->runRoute()
#41 /home/yamojr/devyamo/SchoolofNursing/edusaas/vendor/laravel/framework/src/Illuminate/Routing/Router.php(739): Illuminate\\Routing\\Router->dispatchToRoute()
#42 /home/yamojr/devyamo/SchoolofNursing/edusaas/vendor/laravel/framework/src/Illuminate/Foundation/Http/Kernel.php(201): Illuminate\\Routing\\Router->dispatch()
#43 /home/yamojr/devyamo/SchoolofNursing/edusaas/vendor/laravel/framework/src/Illuminate/Pipeline/Pipeline.php(170): Illuminate\\Foundation\\Http\\Kernel->{closure:Illuminate\\Foundation\\Http\\Kernel::dispatchToRouter():198}()
#44 /home/yamojr/devyamo/SchoolofNursing/edusaas/vendor/laravel/framework/src/Illuminate/Foundation/Http/Middleware/TransformsRequest.php(21): Illuminate\\Pipeline\\Pipeline->{closure:Illuminate\\Pipeline\\Pipeline::prepareDestination():168}()
#45 /home/yamojr/devyamo/SchoolofNursing/edusaas/vendor/laravel/framework/src/Illuminate/Foundation/Http/Middleware/ConvertEmptyStringsToNull.php(31): Illuminate\\Foundation\\Http\\Middleware\\TransformsRequest->handle()
#46 /home/yamojr/devyamo/SchoolofNursing/edusaas/vendor/laravel/framework/src/Illuminate/Pipeline/Pipeline.php(209): Illuminate\\Foundation\\Http\\Middleware\\ConvertEmptyStringsToNull->handle()
#47 /home/yamojr/devyamo/SchoolofNursing/edusaas/vendor/laravel/framework/src/Illuminate/Foundation/Http/Middleware/TransformsRequest.php(21): Illuminate\\Pipeline\\Pipeline->{closure:{closure:Illuminate\\Pipeline\\Pipeline::carry():184}:185}()
#48 /home/yamojr/devyamo/SchoolofNursing/edusaas/vendor/laravel/framework/src/Illuminate/Foundation/Http/Middleware/TrimStrings.php(51): Illuminate\\Foundation\\Http\\Middleware\\TransformsRequest->handle()
#49 /home/yamojr/devyamo/SchoolofNursing/edusaas/vendor/laravel/framework/src/Illuminate/Pipeline/Pipeline.php(209): Illuminate\\Foundation\\Http\\Middleware\\TrimStrings->handle()
#50 /home/yamojr/devyamo/SchoolofNursing/edusaas/vendor/laravel/framework/src/Illuminate/Http/Middleware/ValidatePostSize.php(27): Illuminate\\Pipeline\\Pipeline->{closure:{closure:Illuminate\\Pipeline\\Pipeline::carry():184}:185}()
#51 /home/yamojr/devyamo/SchoolofNursing/edusaas/vendor/laravel/framework/src/Illuminate/Pipeline/Pipeline.php(209): Illuminate\\Http\\Middleware\\ValidatePostSize->handle()
#52 /home/yamojr/devyamo/SchoolofNursing/edusaas/vendor/laravel/framework/src/Illuminate/Foundation/Http/Middleware/PreventRequestsDuringMaintenance.php(110): Illuminate\\Pipeline\\Pipeline->{closure:{closure:Illuminate\\Pipeline\\Pipeline::carry():184}:185}()
#53 /home/yamojr/devyamo/SchoolofNursing/edusaas/vendor/laravel/framework/src/Illuminate/Pipeline/Pipeline.php(209): Illuminate\\Foundation\\Http\\Middleware\\PreventRequestsDuringMaintenance->handle()
#54 /home/yamojr/devyamo/SchoolofNursing/edusaas/vendor/laravel/framework/src/Illuminate/Http/Middleware/HandleCors.php(49): Illuminate\\Pipeline\\Pipeline->{closure:{closure:Illuminate\\Pipeline\\Pipeline::carry():184}:185}()
#55 /home/yamojr/devyamo/SchoolofNursing/edusaas/vendor/laravel/framework/src/Illuminate/Pipeline/Pipeline.php(209): Illuminate\\Http\\Middleware\\HandleCors->handle()
#56 /home/yamojr/devyamo/SchoolofNursing/edusaas/vendor/laravel/framework/src/Illuminate/Http/Middleware/TrustProxies.php(58): Illuminate\\Pipeline\\Pipeline->{closure:{closure:Illuminate\\Pipeline\\Pipeline::carry():184}:185}()
#57 /home/yamojr/devyamo/SchoolofNursing/edusaas/vendor/laravel/framework/src/Illuminate/Pipeline/Pipeline.php(209): Illuminate\\Http\\Middleware\\TrustProxies->handle()
#58 /home/yamojr/devyamo/SchoolofNursing/edusaas/vendor/laravel/framework/src/Illuminate/Foundation/Http/Middleware/InvokeDeferredCallbacks.php(22): Illuminate\\Pipeline\\Pipeline->{closure:{closure:Illuminate\\Pipeline\\Pipeline::carry():184}:185}()
#59 /home/yamojr/devyamo/SchoolofNursing/edusaas/vendor/laravel/framework/src/Illuminate/Pipeline/Pipeline.php(209): Illuminate\\Foundation\\Http\\Middleware\\InvokeDeferredCallbacks->handle()
#60 /home/yamojr/devyamo/SchoolofNursing/edusaas/vendor/laravel/framework/src/Illuminate/Pipeline/Pipeline.php(127): Illuminate\\Pipeline\\Pipeline->{closure:{closure:Illuminate\\Pipeline\\Pipeline::carry():184}:185}()
#61 /home/yamojr/devyamo/SchoolofNursing/edusaas/vendor/laravel/framework/src/Illuminate/Foundation/Http/Kernel.php(176): Illuminate\\Pipeline\\Pipeline->then()
#62 /home/yamojr/devyamo/SchoolofNursing/edusaas/vendor/laravel/framework/src/Illuminate/Foundation/Http/Kernel.php(145): Illuminate\\Foundation\\Http\\Kernel->sendRequestThroughRouter()
#63 /home/yamojr/devyamo/SchoolofNursing/edusaas/vendor/laravel/framework/src/Illuminate/Foundation/Application.php(1220): Illuminate\\Foundation\\Http\\Kernel->handle()
#64 /home/yamojr/devyamo/SchoolofNursing/edusaas/public/index.php(19): Illuminate\\Foundation\\Application->handleRequest()
#65 /home/yamojr/devyamo/SchoolofNursing/edusaas/vendor/laravel/framework/src/Illuminate/Foundation/resources/server.php(23): require_once('...')
#66 {main}
"} 
[2026-05-18 09:34:48] local.ERROR: Class "App\Http\Controllers\Registrar\Course" not found {"userId":5,"exception":"[object] (Error(code: 0): Class \"App\\Http\\Controllers\\Registrar\\Course\" not found at /home/yamojr/devyamo/SchoolofNursing/edusaas/app/Http/Controllers/Registrar/DashboardController.php:431)
[stacktrace]
#0 /home/yamojr/devyamo/SchoolofNursing/edusaas/vendor/laravel/framework/src/Illuminate/Routing/Controller.php(54): App\\Http\\Controllers\\Registrar\\DashboardController->results()
#1 /home/yamojr/devyamo/SchoolofNursing/edusaas/vendor/laravel/framework/src/Illuminate/Routing/ControllerDispatcher.php(44): Illuminate\\Routing\\Controller->callAction()
#2 /home/yamojr/devyamo/SchoolofNursing/edusaas/vendor/laravel/framework/src/Illuminate/Routing/Route.php(266): Illuminate\\Routing\\ControllerDispatcher->dispatch()
#3 /home/yamojr/devyamo/SchoolofNursing/edusaas/vendor/laravel/framework/src/Illuminate/Routing/Route.php(212): Illuminate\\Routing\\Route->runController()
#4 /home/yamojr/devyamo/SchoolofNursing/edusaas/vendor/laravel/framework/src/Illuminate/Routing/Router.php(808): Illuminate\\Routing\\Route->run()
#5 /home/yamojr/devyamo/SchoolofNursing/edusaas/vendor/laravel/framework/src/Illuminate/Pipeline/Pipeline.php(170): Illuminate\\Routing\\Router->{closure:Illuminate\\Routing\\Router::runRouteWithinStack():807}()
#6 /home/yamojr/devyamo/SchoolofNursing/edusaas/vendor/spatie/laravel-permission/src/Middleware/RoleMiddleware.php(37): Illuminate\\Pipeline\\Pipeline->{closure:Illuminate\\Pipeline\\Pipeline::prepareDestination():168}()
#7 /home/yamojr/devyamo/SchoolofNursing/edusaas/vendor/laravel/framework/src/Illuminate/Pipeline/Pipeline.php(209): Spatie\\Permission\\Middleware\\RoleMiddleware->handle()
#8 /home/yamojr/devyamo/SchoolofNursing/edusaas/app/Http/Middleware/EnsureTenantAccess.php(26): Illuminate\\Pipeline\\Pipeline->{closure:{closure:Illuminate\\Pipeline\\Pipeline::carry():184}:185}()
#9 /home/yamojr/devyamo/SchoolofNursing/edusaas/vendor/laravel/framework/src/Illuminate/Pipeline/Pipeline.php(209): App\\Http\\Middleware\\EnsureTenantAccess->handle()
#10 /home/yamojr/devyamo/SchoolofNursing/edusaas/app/Http/Middleware/IdentifyTenant.php(40): Illuminate\\Pipeline\\Pipeline->{closure:{closure:Illuminate\\Pipeline\\Pipeline::carry():184}:185}()
#11 /home/yamojr/devyamo/SchoolofNursing/edusaas/vendor/laravel/framework/src/Illuminate/Pipeline/Pipeline.php(209): App\\Http\\Middleware\\IdentifyTenant->handle()
#12 /home/yamojr/devyamo/SchoolofNursing/edusaas/vendor/inertiajs/inertia-laravel/src/Middleware.php(122): Illuminate\\Pipeline\\Pipeline->{closure:{closure:Illuminate\\Pipeline\\Pipeline::carry():184}:185}()
#13 /home/yamojr/devyamo/SchoolofNursing/edusaas/vendor/laravel/framework/src/Illuminate/Pipeline/Pipeline.php(209): Inertia\\Middleware->handle()
#14 /home/yamojr/devyamo/SchoolofNursing/edusaas/vendor/laravel/framework/src/Illuminate/Routing/Middleware/SubstituteBindings.php(51): Illuminate\\Pipeline\\Pipeline->{closure:{closure:Illuminate\\Pipeline\\Pipeline::carry():184}:185}()
#15 /home/yamojr/devyamo/SchoolofNursing/edusaas/vendor/laravel/framework/src/Illuminate/Pipeline/Pipeline.php(209): Illuminate\\Routing\\Middleware\\SubstituteBindings->handle()
#16 /home/yamojr/devyamo/SchoolofNursing/edusaas/vendor/laravel/framework/src/Illuminate/Auth/Middleware/Authenticate.php(64): Illuminate\\Pipeline\\Pipeline->{closure:{closure:Illuminate\\Pipeline\\Pipeline::carry():184}:185}()
#17 /home/yamojr/devyamo/SchoolofNursing/edusaas/vendor/laravel/framework/src/Illuminate/Pipeline/Pipeline.php(209): Illuminate\\Auth\\Middleware\\Authenticate->handle()
#18 /home/yamojr/devyamo/SchoolofNursing/edusaas/vendor/laravel/framework/src/Illuminate/Foundation/Http/Middleware/VerifyCsrfToken.php(88): Illuminate\\Pipeline\\Pipeline->{closure:{closure:Illuminate\\Pipeline\\Pipeline::carry():184}:185}()
#19 /home/yamojr/devyamo/SchoolofNursing/edusaas/vendor/laravel/framework/src/Illuminate/Pipeline/Pipeline.php(209): Illuminate\\Foundation\\Http\\Middleware\\VerifyCsrfToken->handle()
#20 /home/yamojr/devyamo/SchoolofNursing/edusaas/vendor/laravel/framework/src/Illuminate/View/Middleware/ShareErrorsFromSession.php(49): Illuminate\\Pipeline\\Pipeline->{closure:{closure:Illuminate\\Pipeline\\Pipeline::carry():184}:185}()
#21 /home/yamojr/devyamo/SchoolofNursing/edusaas/vendor/laravel/framework/src/Illuminate/Pipeline/Pipeline.php(209): Illuminate\\View\\Middleware\\ShareErrorsFromSession->handle()
#22 /home/yamojr/devyamo/SchoolofNursing/edusaas/vendor/laravel/framework/src/Illuminate/Session/Middleware/StartSession.php(121): Illuminate\\Pipeline\\Pipeline->{closure:{closure:Illuminate\\Pipeline\\Pipeline::carry():184}:185}()
#23 /home/yamojr/devyamo/SchoolofNursing/edusaas/vendor/laravel/framework/src/Illuminate/Session/Middleware/StartSession.php(64): Illuminate\\Session\\Middleware\\StartSession->handleStatefulRequest()
#24 /home/yamojr/devyamo/SchoolofNursing/edusaas/vendor/laravel/framework/src/Illuminate/Pipeline/Pipeline.php(209): Illuminate\\Session\\Middleware\\StartSession->handle()
#25 /home/yamojr/devyamo/SchoolofNursing/edusaas/vendor/laravel/framework/src/Illuminate/Cookie/Middleware/AddQueuedCookiesToResponse.php(37): Illuminate\\Pipeline\\Pipeline->{closure:{closure:Illuminate\\Pipeline\\Pipeline::carry():184}:185}()
#26 /home/yamojr/devyamo/SchoolofNursing/edusaas/vendor/laravel/framework/src/Illuminate/Pipeline/Pipeline.php(209): Illuminate\\Cookie\\Middleware\\AddQueuedCookiesToResponse->handle()
#27 /home/yamojr/devyamo/SchoolofNursing/edusaas/vendor/laravel/framework/src/Illuminate/Cookie/Middleware/EncryptCookies.php(75): Illuminate\\Pipeline\\Pipeline->{closure:{closure:Illuminate\\Pipeline\\Pipeline::carry():184}:185}()
#28 /home/yamojr/devyamo/SchoolofNursing/edusaas/vendor/laravel/framework/src/Illuminate/Pipeline/Pipeline.php(209): Illuminate\\Cookie\\Middleware\\EncryptCookies->handle()
#29 /home/yamojr/devyamo/SchoolofNursing/edusaas/vendor/laravel/framework/src/Illuminate/Pipeline/Pipeline.php(127): Illuminate\\Pipeline\\Pipeline->{closure:{closure:Illuminate\\Pipeline\\Pipeline::carry():184}:185}()
#30 /home/yamojr/devyamo/SchoolofNursing/edusaas/vendor/laravel/framework/src/Illuminate/Routing/Router.php(807): Illuminate\\Pipeline\\Pipeline->then()
#31 /home/yamojr/devyamo/SchoolofNursing/edusaas/vendor/laravel/framework/src/Illuminate/Routing/Router.php(786): Illuminate\\Routing\\Router->runRouteWithinStack()
#32 /home/yamojr/devyamo/SchoolofNursing/edusaas/vendor/laravel/framework/src/Illuminate/Routing/Router.php(750): Illuminate\\Routing\\Router->runRoute()
#33 /home/yamojr/devyamo/SchoolofNursing/edusaas/vendor/laravel/framework/src/Illuminate/Routing/Router.php(739): Illuminate\\Routing\\Router->dispatchToRoute()
#34 /home/yamojr/devyamo/SchoolofNursing/edusaas/vendor/laravel/framework/src/Illuminate/Foundation/Http/Kernel.php(201): Illuminate\\Routing\\Router->dispatch()
#35 /home/yamojr/devyamo/SchoolofNursing/edusaas/vendor/laravel/framework/src/Illuminate/Pipeline/Pipeline.php(170): Illuminate\\Foundation\\Http\\Kernel->{closure:Illuminate\\Foundation\\Http\\Kernel::dispatchToRouter():198}()
#36 /home/yamojr/devyamo/SchoolofNursing/edusaas/vendor/laravel/framework/src/Illuminate/Foundation/Http/Middleware/TransformsRequest.php(21): Illuminate\\Pipeline\\Pipeline->{closure:Illuminate\\Pipeline\\Pipeline::prepareDestination():168}()
#37 /home/yamojr/devyamo/SchoolofNursing/edusaas/vendor/laravel/framework/src/Illuminate/Foundation/Http/Middleware/ConvertEmptyStringsToNull.php(31): Illuminate\\Foundation\\Http\\Middleware\\TransformsRequest->handle()
#38 /home/yamojr/devyamo/SchoolofNursing/edusaas/vendor/laravel/framework/src/Illuminate/Pipeline/Pipeline.php(209): Illuminate\\Foundation\\Http\\Middleware\\ConvertEmptyStringsToNull->handle()
#39 /home/yamojr/devyamo/SchoolofNursing/edusaas/vendor/laravel/framework/src/Illuminate/Foundation/Http/Middleware/TransformsRequest.php(21): Illuminate\\Pipeline\\Pipeline->{closure:{closure:Illuminate\\Pipeline\\Pipeline::carry():184}:185}()
#40 /home/yamojr/devyamo/SchoolofNursing/edusaas/vendor/laravel/framework/src/Illuminate/Foundation/Http/Middleware/TrimStrings.php(51): Illuminate\\Foundation\\Http\\Middleware\\TransformsRequest->handle()
#41 /home/yamojr/devyamo/SchoolofNursing/edusaas/vendor/laravel/framework/src/Illuminate/Pipeline/Pipeline.php(209): Illuminate\\Foundation\\Http\\Middleware\\TrimStrings->handle()
#42 /home/yamojr/devyamo/SchoolofNursing/edusaas/vendor/laravel/framework/src/Illuminate/Http/Middleware/ValidatePostSize.php(27): Illuminate\\Pipeline\\Pipeline->{closure:{closure:Illuminate\\Pipeline\\Pipeline::carry():184}:185}()
#43 /home/yamojr/devyamo/SchoolofNursing/edusaas/vendor/laravel/framework/src/Illuminate/Pipeline/Pipeline.php(209): Illuminate\\Http\\Middleware\\ValidatePostSize->handle()
#44 /home/yamojr/devyamo/SchoolofNursing/edusaas/vendor/laravel/framework/src/Illuminate/Foundation/Http/Middleware/PreventRequestsDuringMaintenance.php(110): Illuminate\\Pipeline\\Pipeline->{closure:{closure:Illuminate\\Pipeline\\Pipeline::carry():184}:185}()
#45 /home/yamojr/devyamo/SchoolofNursing/edusaas/vendor/laravel/framework/src/Illuminate/Pipeline/Pipeline.php(209): Illuminate\\Foundation\\Http\\Middleware\\PreventRequestsDuringMaintenance->handle()
#46 /home/yamojr/devyamo/SchoolofNursing/edusaas/vendor/laravel/framework/src/Illuminate/Http/Middleware/HandleCors.php(49): Illuminate\\Pipeline\\Pipeline->{closure:{closure:Illuminate\\Pipeline\\Pipeline::carry():184}:185}()
#47 /home/yamojr/devyamo/SchoolofNursing/edusaas/vendor/laravel/framework/src/Illuminate/Pipeline/Pipeline.php(209): Illuminate\\Http\\Middleware\\HandleCors->handle()
#48 /home/yamojr/devyamo/SchoolofNursing/edusaas/vendor/laravel/framework/src/Illuminate/Http/Middleware/TrustProxies.php(58): Illuminate\\Pipeline\\Pipeline->{closure:{closure:Illuminate\\Pipeline\\Pipeline::carry():184}:185}()
#49 /home/yamojr/devyamo/SchoolofNursing/edusaas/vendor/laravel/framework/src/Illuminate/Pipeline/Pipeline.php(209): Illuminate\\Http\\Middleware\\TrustProxies->handle()
#50 /home/yamojr/devyamo/SchoolofNursing/edusaas/vendor/laravel/framework/src/Illuminate/Foundation/Http/Middleware/InvokeDeferredCallbacks.php(22): Illuminate\\Pipeline\\Pipeline->{closure:{closure:Illuminate\\Pipeline\\Pipeline::carry():184}:185}()
#51 /home/yamojr/devyamo/SchoolofNursing/edusaas/vendor/laravel/framework/src/Illuminate/Pipeline/Pipeline.php(209): Illuminate\\Foundation\\Http\\Middleware\\InvokeDeferredCallbacks->handle()
#52 /home/yamojr/devyamo/SchoolofNursing/edusaas/vendor/laravel/framework/src/Illuminate/Pipeline/Pipeline.php(127): Illuminate\\Pipeline\\Pipeline->{closure:{closure:Illuminate\\Pipeline\\Pipeline::carry():184}:185}()
#53 /home/yamojr/devyamo/SchoolofNursing/edusaas/vendor/laravel/framework/src/Illuminate/Foundation/Http/Kernel.php(176): Illuminate\\Pipeline\\Pipeline->then()
#54 /home/yamojr/devyamo/SchoolofNursing/edusaas/vendor/laravel/framework/src/Illuminate/Foundation/Http/Kernel.php(145): Illuminate\\Foundation\\Http\\Kernel->sendRequestThroughRouter()
#55 /home/yamojr/devyamo/SchoolofNursing/edusaas/vendor/laravel/framework/src/Illuminate/Foundation/Application.php(1220): Illuminate\\Foundation\\Http\\Kernel->handle()
#56 /home/yamojr/devyamo/SchoolofNursing/edusaas/public/index.php(19): Illuminate\\Foundation\\Application->handleRequest()
#57 /home/yamojr/devyamo/SchoolofNursing/edusaas/vendor/laravel/framework/src/Illuminate/Foundation/resources/server.php(23): require_once('...')
#58 {main}
"} 
[2026-05-18 09:34:48] local.ERROR: Class "App\Http\Controllers\Registrar\Course" not found {"userId":5,"exception":"[object] (Error(code: 0): Class \"App\\Http\\Controllers\\Registrar\\Course\" not found at /home/yamojr/devyamo/SchoolofNursing/edusaas/app/Http/Controllers/Registrar/DashboardController.php:431)
[stacktrace]
#0 /home/yamojr/devyamo/SchoolofNursing/edusaas/vendor/laravel/framework/src/Illuminate/Routing/Controller.php(54): App\\Http\\Controllers\\Registrar\\DashboardController->results()
#1 /home/yamojr/devyamo/SchoolofNursing/edusaas/vendor/laravel/framework/src/Illuminate/Routing/ControllerDispatcher.php(44): Illuminate\\Routing\\Controller->callAction()
#2 /home/yamojr/devyamo/SchoolofNursing/edusaas/vendor/laravel/framework/src/Illuminate/Routing/Route.php(266): Illuminate\\Routing\\ControllerDispatcher->dispatch()
#3 /home/yamojr/devyamo/SchoolofNursing/edusaas/vendor/laravel/framework/src/Illuminate/Routing/Route.php(212): Illuminate\\Routing\\Route->runController()
#4 /home/yamojr/devyamo/SchoolofNursing/edusaas/vendor/laravel/framework/src/Illuminate/Routing/Router.php(808): Illuminate\\Routing\\Route->run()
#5 /home/yamojr/devyamo/SchoolofNursing/edusaas/vendor/laravel/framework/src/Illuminate/Pipeline/Pipeline.php(170): Illuminate\\Routing\\Router->{closure:Illuminate\\Routing\\Router::runRouteWithinStack():807}()
#6 /home/yamojr/devyamo/SchoolofNursing/edusaas/vendor/spatie/laravel-permission/src/Middleware/RoleMiddleware.php(37): Illuminate\\Pipeline\\Pipeline->{closure:Illuminate\\Pipeline\\Pipeline::prepareDestination():168}()
#7 /home/yamojr/devyamo/SchoolofNursing/edusaas/vendor/laravel/framework/src/Illuminate/Pipeline/Pipeline.php(209): Spatie\\Permission\\Middleware\\RoleMiddleware->handle()
#8 /home/yamojr/devyamo/SchoolofNursing/edusaas/app/Http/Middleware/EnsureTenantAccess.php(26): Illuminate\\Pipeline\\Pipeline->{closure:{closure:Illuminate\\Pipeline\\Pipeline::carry():184}:185}()
#9 /home/yamojr/devyamo/SchoolofNursing/edusaas/vendor/laravel/framework/src/Illuminate/Pipeline/Pipeline.php(209): App\\Http\\Middleware\\EnsureTenantAccess->handle()
#10 /home/yamojr/devyamo/SchoolofNursing/edusaas/app/Http/Middleware/IdentifyTenant.php(40): Illuminate\\Pipeline\\Pipeline->{closure:{closure:Illuminate\\Pipeline\\Pipeline::carry():184}:185}()
#11 /home/yamojr/devyamo/SchoolofNursing/edusaas/vendor/laravel/framework/src/Illuminate/Pipeline/Pipeline.php(209): App\\Http\\Middleware\\IdentifyTenant->handle()
#12 /home/yamojr/devyamo/SchoolofNursing/edusaas/vendor/inertiajs/inertia-laravel/src/Middleware.php(122): Illuminate\\Pipeline\\Pipeline->{closure:{closure:Illuminate\\Pipeline\\Pipeline::carry():184}:185}()
#13 /home/yamojr/devyamo/SchoolofNursing/edusaas/vendor/laravel/framework/src/Illuminate/Pipeline/Pipeline.php(209): Inertia\\Middleware->handle()
#14 /home/yamojr/devyamo/SchoolofNursing/edusaas/vendor/laravel/framework/src/Illuminate/Routing/Middleware/SubstituteBindings.php(51): Illuminate\\Pipeline\\Pipeline->{closure:{closure:Illuminate\\Pipeline\\Pipeline::carry():184}:185}()
#15 /home/yamojr/devyamo/SchoolofNursing/edusaas/vendor/laravel/framework/src/Illuminate/Pipeline/Pipeline.php(209): Illuminate\\Routing\\Middleware\\SubstituteBindings->handle()
#16 /home/yamojr/devyamo/SchoolofNursing/edusaas/vendor/laravel/framework/src/Illuminate/Auth/Middleware/Authenticate.php(64): Illuminate\\Pipeline\\Pipeline->{closure:{closure:Illuminate\\Pipeline\\Pipeline::carry():184}:185}()
#17 /home/yamojr/devyamo/SchoolofNursing/edusaas/vendor/laravel/framework/src/Illuminate/Pipeline/Pipeline.php(209): Illuminate\\Auth\\Middleware\\Authenticate->handle()
#18 /home/yamojr/devyamo/SchoolofNursing/edusaas/vendor/laravel/framework/src/Illuminate/Foundation/Http/Middleware/VerifyCsrfToken.php(88): Illuminate\\Pipeline\\Pipeline->{closure:{closure:Illuminate\\Pipeline\\Pipeline::carry():184}:185}()
#19 /home/yamojr/devyamo/SchoolofNursing/edusaas/vendor/laravel/framework/src/Illuminate/Pipeline/Pipeline.php(209): Illuminate\\Foundation\\Http\\Middleware\\VerifyCsrfToken->handle()
#20 /home/yamojr/devyamo/SchoolofNursing/edusaas/vendor/laravel/framework/src/Illuminate/View/Middleware/ShareErrorsFromSession.php(49): Illuminate\\Pipeline\\Pipeline->{closure:{closure:Illuminate\\Pipeline\\Pipeline::carry():184}:185}()
#21 /home/yamojr/devyamo/SchoolofNursing/edusaas/vendor/laravel/framework/src/Illuminate/Pipeline/Pipeline.php(209): Illuminate\\View\\Middleware\\ShareErrorsFromSession->handle()
#22 /home/yamojr/devyamo/SchoolofNursing/edusaas/vendor/laravel/framework/src/Illuminate/Session/Middleware/StartSession.php(121): Illuminate\\Pipeline\\Pipeline->{closure:{closure:Illuminate\\Pipeline\\Pipeline::carry():184}:185}()
#23 /home/yamojr/devyamo/SchoolofNursing/edusaas/vendor/laravel/framework/src/Illuminate/Session/Middleware/StartSession.php(64): Illuminate\\Session\\Middleware\\StartSession->handleStatefulRequest()
#24 /home/yamojr/devyamo/SchoolofNursing/edusaas/vendor/laravel/framework/src/Illuminate/Pipeline/Pipeline.php(209): Illuminate\\Session\\Middleware\\StartSession->handle()
#25 /home/yamojr/devyamo/SchoolofNursing/edusaas/vendor/laravel/framework/src/Illuminate/Cookie/Middleware/AddQueuedCookiesToResponse.php(37): Illuminate\\Pipeline\\Pipeline->{closure:{closure:Illuminate\\Pipeline\\Pipeline::carry():184}:185}()
#26 /home/yamojr/devyamo/SchoolofNursing/edusaas/vendor/laravel/framework/src/Illuminate/Pipeline/Pipeline.php(209): Illuminate\\Cookie\\Middleware\\AddQueuedCookiesToResponse->handle()
#27 /home/yamojr/devyamo/SchoolofNursing/edusaas/vendor/laravel/framework/src/Illuminate/Cookie/Middleware/EncryptCookies.php(75): Illuminate\\Pipeline\\Pipeline->{closure:{closure:Illuminate\\Pipeline\\Pipeline::carry():184}:185}()
#28 /home/yamojr/devyamo/SchoolofNursing/edusaas/vendor/laravel/framework/src/Illuminate/Pipeline/Pipeline.php(209): Illuminate\\Cookie\\Middleware\\EncryptCookies->handle()
#29 /home/yamojr/devyamo/SchoolofNursing/edusaas/vendor/laravel/framework/src/Illuminate/Pipeline/Pipeline.php(127): Illuminate\\Pipeline\\Pipeline->{closure:{closure:Illuminate\\Pipeline\\Pipeline::carry():184}:185}()
#30 /home/yamojr/devyamo/SchoolofNursing/edusaas/vendor/laravel/framework/src/Illuminate/Routing/Router.php(807): Illuminate\\Pipeline\\Pipeline->then()
#31 /home/yamojr/devyamo/SchoolofNursing/edusaas/vendor/laravel/framework/src/Illuminate/Routing/Router.php(786): Illuminate\\Routing\\Router->runRouteWithinStack()
#32 /home/yamojr/devyamo/SchoolofNursing/edusaas/vendor/laravel/framework/src/Illuminate/Routing/Router.php(750): Illuminate\\Routing\\Router->runRoute()
#33 /home/yamojr/devyamo/SchoolofNursing/edusaas/vendor/laravel/framework/src/Illuminate/Routing/Router.php(739): Illuminate\\Routing\\Router->dispatchToRoute()
#34 /home/yamojr/devyamo/SchoolofNursing/edusaas/vendor/laravel/framework/src/Illuminate/Foundation/Http/Kernel.php(201): Illuminate\\Routing\\Router->dispatch()
#35 /home/yamojr/devyamo/SchoolofNursing/edusaas/vendor/laravel/framework/src/Illuminate/Pipeline/Pipeline.php(170): Illuminate\\Foundation\\Http\\Kernel->{closure:Illuminate\\Foundation\\Http\\Kernel::dispatchToRouter():198}()
#36 /home/yamojr/devyamo/SchoolofNursing/edusaas/vendor/laravel/framework/src/Illuminate/Foundation/Http/Middleware/TransformsRequest.php(21): Illuminate\\Pipeline\\Pipeline->{closure:Illuminate\\Pipeline\\Pipeline::prepareDestination():168}()
#37 /home/yamojr/devyamo/SchoolofNursing/edusaas/vendor/laravel/framework/src/Illuminate/Foundation/Http/Middleware/ConvertEmptyStringsToNull.php(31): Illuminate\\Foundation\\Http\\Middleware\\TransformsRequest->handle()
#38 /home/yamojr/devyamo/SchoolofNursing/edusaas/vendor/laravel/framework/src/Illuminate/Pipeline/Pipeline.php(209): Illuminate\\Foundation\\Http\\Middleware\\ConvertEmptyStringsToNull->handle()
#39 /home/yamojr/devyamo/SchoolofNursing/edusaas/vendor/laravel/framework/src/Illuminate/Foundation/Http/Middleware/TransformsRequest.php(21): Illuminate\\Pipeline\\Pipeline->{closure:{closure:Illuminate\\Pipeline\\Pipeline::carry():184}:185}()
#40 /home/yamojr/devyamo/SchoolofNursing/edusaas/vendor/laravel/framework/src/Illuminate/Foundation/Http/Middleware/TrimStrings.php(51): Illuminate\\Foundation\\Http\\Middleware\\TransformsRequest->handle()
#41 /home/yamojr/devyamo/SchoolofNursing/edusaas/vendor/laravel/framework/src/Illuminate/Pipeline/Pipeline.php(209): Illuminate\\Foundation\\Http\\Middleware\\TrimStrings->handle()
#42 /home/yamojr/devyamo/SchoolofNursing/edusaas/vendor/laravel/framework/src/Illuminate/Http/Middleware/ValidatePostSize.php(27): Illuminate\\Pipeline\\Pipeline->{closure:{closure:Illuminate\\Pipeline\\Pipeline::carry():184}:185}()
#43 /home/yamojr/devyamo/SchoolofNursing/edusaas/vendor/laravel/framework/src/Illuminate/Pipeline/Pipeline.php(209): Illuminate\\Http\\Middleware\\ValidatePostSize->handle()
#44 /home/yamojr/devyamo/SchoolofNursing/edusaas/vendor/laravel/framework/src/Illuminate/Foundation/Http/Middleware/PreventRequestsDuringMaintenance.php(110): Illuminate\\Pipeline\\Pipeline->{closure:{closure:Illuminate\\Pipeline\\Pipeline::carry():184}:185}()
#45 /home/yamojr/devyamo/SchoolofNursing/edusaas/vendor/laravel/framework/src/Illuminate/Pipeline/Pipeline.php(209): Illuminate\\Foundation\\Http\\Middleware\\PreventRequestsDuringMaintenance->handle()
#46 /home/yamojr/devyamo/SchoolofNursing/edusaas/vendor/laravel/framework/src/Illuminate/Http/Middleware/HandleCors.php(49): Illuminate\\Pipeline\\Pipeline->{closure:{closure:Illuminate\\Pipeline\\Pipeline::carry():184}:185}()
#47 /home/yamojr/devyamo/SchoolofNursing/edusaas/vendor/laravel/framework/src/Illuminate/Pipeline/Pipeline.php(209): Illuminate\\Http\\Middleware\\HandleCors->handle()
#48 /home/yamojr/devyamo/SchoolofNursing/edusaas/vendor/laravel/framework/src/Illuminate/Http/Middleware/TrustProxies.php(58): Illuminate\\Pipeline\\Pipeline->{closure:{closure:Illuminate\\Pipeline\\Pipeline::carry():184}:185}()
#49 /home/yamojr/devyamo/SchoolofNursing/edusaas/vendor/laravel/framework/src/Illuminate/Pipeline/Pipeline.php(209): Illuminate\\Http\\Middleware\\TrustProxies->handle()
#50 /home/yamojr/devyamo/SchoolofNursing/edusaas/vendor/laravel/framework/src/Illuminate/Foundation/Http/Middleware/InvokeDeferredCallbacks.php(22): Illuminate\\Pipeline\\Pipeline->{closure:{closure:Illuminate\\Pipeline\\Pipeline::carry():184}:185}()
#51 /home/yamojr/devyamo/SchoolofNursing/edusaas/vendor/laravel/framework/src/Illuminate/Pipeline/Pipeline.php(209): Illuminate\\Foundation\\Http\\Middleware\\InvokeDeferredCallbacks->handle()
#52 /home/yamojr/devyamo/SchoolofNursing/edusaas/vendor/laravel/framework/src/Illuminate/Pipeline/Pipeline.php(127): Illuminate\\Pipeline\\Pipeline->{closure:{closure:Illuminate\\Pipeline\\Pipeline::carry():184}:185}()
#53 /home/yamojr/devyamo/SchoolofNursing/edusaas/vendor/laravel/framework/src/Illuminate/Foundation/Http/Kernel.php(176): Illuminate\\Pipeline\\Pipeline->then()
#54 /home/yamojr/devyamo/SchoolofNursing/edusaas/vendor/laravel/framework/src/Illuminate/Foundation/Http/Kernel.php(145): Illuminate\\Foundation\\Http\\Kernel->sendRequestThroughRouter()
#55 /home/yamojr/devyamo/SchoolofNursing/edusaas/vendor/laravel/framework/src/Illuminate/Foundation/Application.php(1220): Illuminate\\Foundation\\Http\\Kernel->handle()
#56 /home/yamojr/devyamo/SchoolofNursing/edusaas/public/index.php(19): Illuminate\\Foundation\\Application->handleRequest()
#57 /home/yamojr/devyamo/SchoolofNursing/edusaas/vendor/laravel/framework/src/Illuminate/Foundation/resources/server.php(23): require_once('...')
#58 {main}
"} 
[2026-05-18 12:31:24] local.ERROR: SQLSTATE[23000]: Integrity constraint violation: 1062 Duplicate entry '1-provost@aminatu.edu.ng' for key 'users_tenant_id_email_unique' (Connection: mysql, SQL: insert into `users` (`tenant_id`, `name`, `email`, `password`, `updated_at`, `created_at`) values (1, Dr. Jane Doe, provost@aminatu.edu.ng, $2y$12$nC3uO1oUDqWEqN3T0aP5UOFjOOF2Cwve8M6W.w0YO4OFHdeas.hUq, 2026-05-18 12:31:24, 2026-05-18 12:31:24)) {"exception":"[object] (Illuminate\\Database\\UniqueConstraintViolationException(code: 23000): SQLSTATE[23000]: Integrity constraint violation: 1062 Duplicate entry '1-provost@aminatu.edu.ng' for key 'users_tenant_id_email_unique' (Connection: mysql, SQL: insert into `users` (`tenant_id`, `name`, `email`, `password`, `updated_at`, `created_at`) values (1, Dr. Jane Doe, provost@aminatu.edu.ng, $2y$12$nC3uO1oUDqWEqN3T0aP5UOFjOOF2Cwve8M6W.w0YO4OFHdeas.hUq, 2026-05-18 12:31:24, 2026-05-18 12:31:24)) at /home/yamojr/devyamo/SchoolofNursing/edusaas/vendor/laravel/framework/src/Illuminate/Database/Connection.php:820)
[stacktrace]
#0 /home/yamojr/devyamo/SchoolofNursing/edusaas/vendor/laravel/framework/src/Illuminate/Database/Connection.php(779): Illuminate\\Database\\Connection->runQueryCallback()
#1 /home/yamojr/devyamo/SchoolofNursing/edusaas/vendor/laravel/framework/src/Illuminate/Database/MySqlConnection.php(42): Illuminate\\Database\\Connection->run()
#2 /home/yamojr/devyamo/SchoolofNursing/edusaas/vendor/laravel/framework/src/Illuminate/Database/Query/Processors/MySqlProcessor.php(35): Illuminate\\Database\\MySqlConnection->insert()
#3 /home/yamojr/devyamo/SchoolofNursing/edusaas/vendor/laravel/framework/src/Illuminate/Database/Query/Builder.php(3766): Illuminate\\Database\\Query\\Processors\\MySqlProcessor->processInsertGetId()
#4 /home/yamojr/devyamo/SchoolofNursing/edusaas/vendor/laravel/framework/src/Illuminate/Database/Eloquent/Builder.php(2120): Illuminate\\Database\\Query\\Builder->insertGetId()
#5 /home/yamojr/devyamo/SchoolofNursing/edusaas/vendor/laravel/framework/src/Illuminate/Database/Eloquent/Model.php(1359): Illuminate\\Database\\Eloquent\\Builder->__call()
#6 /home/yamojr/devyamo/SchoolofNursing/edusaas/vendor/laravel/framework/src/Illuminate/Database/Eloquent/Model.php(1324): Illuminate\\Database\\Eloquent\\Model->insertAndSetId()
#7 /home/yamojr/devyamo/SchoolofNursing/edusaas/vendor/laravel/framework/src/Illuminate/Database/Eloquent/Model.php(1163): Illuminate\\Database\\Eloquent\\Model->performInsert()
#8 /home/yamojr/devyamo/SchoolofNursing/edusaas/vendor/laravel/framework/src/Illuminate/Database/Eloquent/Builder.php(1128): Illuminate\\Database\\Eloquent\\Model->save()
#9 /home/yamojr/devyamo/SchoolofNursing/edusaas/vendor/laravel/framework/src/Illuminate/Support/helpers.php(399): Illuminate\\Database\\Eloquent\\Builder->{closure:Illuminate\\Database\\Eloquent\\Builder::create():1127}()
#10 /home/yamojr/devyamo/SchoolofNursing/edusaas/vendor/laravel/framework/src/Illuminate/Database/Eloquent/Builder.php(1127): tap()
#11 /home/yamojr/devyamo/SchoolofNursing/edusaas/vendor/laravel/framework/src/Illuminate/Support/Traits/ForwardsCalls.php(23): Illuminate\\Database\\Eloquent\\Builder->create()
#12 /home/yamojr/devyamo/SchoolofNursing/edusaas/vendor/laravel/framework/src/Illuminate/Database/Eloquent/Model.php(2372): Illuminate\\Database\\Eloquent\\Model->forwardCallTo()
#13 /home/yamojr/devyamo/SchoolofNursing/edusaas/vendor/laravel/framework/src/Illuminate/Database/Eloquent/Model.php(2384): Illuminate\\Database\\Eloquent\\Model->__call()
#14 /home/yamojr/devyamo/SchoolofNursing/edusaas/database/seeders/SchoolSeeder.php(41): Illuminate\\Database\\Eloquent\\Model::__callStatic()
#15 /home/yamojr/devyamo/SchoolofNursing/edusaas/vendor/laravel/framework/src/Illuminate/Container/BoundMethod.php(36): Database\\Seeders\\SchoolSeeder->run()
#16 /home/yamojr/devyamo/SchoolofNursing/edusaas/vendor/laravel/framework/src/Illuminate/Container/Util.php(43): Illuminate\\Container\\BoundMethod::{closure:Illuminate\\Container\\BoundMethod::call():35}()
#17 /home/yamojr/devyamo/SchoolofNursing/edusaas/vendor/laravel/framework/src/Illuminate/Container/BoundMethod.php(95): Illuminate\\Container\\Util::unwrapIfClosure()
#18 /home/yamojr/devyamo/SchoolofNursing/edusaas/vendor/laravel/framework/src/Illuminate/Container/BoundMethod.php(35): Illuminate\\Container\\BoundMethod::callBoundMethod()
#19 /home/yamojr/devyamo/SchoolofNursing/edusaas/vendor/laravel/framework/src/Illuminate/Container/Container.php(696): Illuminate\\Container\\BoundMethod::call()
#20 /home/yamojr/devyamo/SchoolofNursing/edusaas/vendor/laravel/framework/src/Illuminate/Database/Seeder.php(188): Illuminate\\Container\\Container->call()
#21 /home/yamojr/devyamo/SchoolofNursing/edusaas/vendor/laravel/framework/src/Illuminate/Database/Seeder.php(197): Illuminate\\Database\\Seeder->{closure:Illuminate\\Database\\Seeder::__invoke():187}()
#22 /home/yamojr/devyamo/SchoolofNursing/edusaas/vendor/laravel/framework/src/Illuminate/Database/Seeder.php(61): Illuminate\\Database\\Seeder->__invoke()
#23 /home/yamojr/devyamo/SchoolofNursing/edusaas/database/seeders/DatabaseSeeder.php(14): Illuminate\\Database\\Seeder->call()
#24 /home/yamojr/devyamo/SchoolofNursing/edusaas/vendor/laravel/framework/src/Illuminate/Container/BoundMethod.php(36): Database\\Seeders\\DatabaseSeeder->run()
#25 /home/yamojr/devyamo/SchoolofNursing/edusaas/vendor/laravel/framework/src/Illuminate/Container/Util.php(43): Illuminate\\Container\\BoundMethod::{closure:Illuminate\\Container\\BoundMethod::call():35}()
#26 /home/yamojr/devyamo/SchoolofNursing/edusaas/vendor/laravel/framework/src/Illuminate/Container/BoundMethod.php(95): Illuminate\\Container\\Util::unwrapIfClosure()
#27 /home/yamojr/devyamo/SchoolofNursing/edusaas/vendor/laravel/framework/src/Illuminate/Container/BoundMethod.php(35): Illuminate\\Container\\BoundMethod::callBoundMethod()
#28 /home/yamojr/devyamo/SchoolofNursing/edusaas/vendor/laravel/framework/src/Illuminate/Container/Container.php(696): Illuminate\\Container\\BoundMethod::call()
#29 /home/yamojr/devyamo/SchoolofNursing/edusaas/vendor/laravel/framework/src/Illuminate/Database/Seeder.php(188): Illuminate\\Container\\Container->call()
#30 /home/yamojr/devyamo/SchoolofNursing/edusaas/vendor/laravel/framework/src/Illuminate/Database/Seeder.php(197): Illuminate\\Database\\Seeder->{closure:Illuminate\\Database\\Seeder::__invoke():187}()
#31 /home/yamojr/devyamo/SchoolofNursing/edusaas/vendor/laravel/framework/src/Illuminate/Database/Console/Seeds/SeedCommand.php(70): Illuminate\\Database\\Seeder->__invoke()
#32 /home/yamojr/devyamo/SchoolofNursing/edusaas/vendor/laravel/framework/src/Illuminate/Database/Eloquent/Concerns/GuardsAttributes.php(155): Illuminate\\Database\\Console\\Seeds\\SeedCommand->{closure:Illuminate\\Database\\Console\\Seeds\\SeedCommand::handle():69}()
#33 /home/yamojr/devyamo/SchoolofNursing/edusaas/vendor/laravel/framework/src/Illuminate/Database/Console/Seeds/SeedCommand.php(69): Illuminate\\Database\\Eloquent\\Model::unguarded()
#34 /home/yamojr/devyamo/SchoolofNursing/edusaas/vendor/laravel/framework/src/Illuminate/Container/BoundMethod.php(36): Illuminate\\Database\\Console\\Seeds\\SeedCommand->handle()
#35 /home/yamojr/devyamo/SchoolofNursing/edusaas/vendor/laravel/framework/src/Illuminate/Container/Util.php(43): Illuminate\\Container\\BoundMethod::{closure:Illuminate\\Container\\BoundMethod::call():35}()
#36 /home/yamojr/devyamo/SchoolofNursing/edusaas/vendor/laravel/framework/src/Illuminate/Container/BoundMethod.php(95): Illuminate\\Container\\Util::unwrapIfClosure()
#37 /home/yamojr/devyamo/SchoolofNursing/edusaas/vendor/laravel/framework/src/Illuminate/Container/BoundMethod.php(35): Illuminate\\Container\\BoundMethod::callBoundMethod()
#38 /home/yamojr/devyamo/SchoolofNursing/edusaas/vendor/laravel/framework/src/Illuminate/Container/Container.php(696): Illuminate\\Container\\BoundMethod::call()
#39 /home/yamojr/devyamo/SchoolofNursing/edusaas/vendor/laravel/framework/src/Illuminate/Console/Command.php(213): Illuminate\\Container\\Container->call()
#40 /home/yamojr/devyamo/SchoolofNursing/edusaas/vendor/symfony/console/Command/Command.php(341): Illuminate\\Console\\Command->execute()
#41 /home/yamojr/devyamo/SchoolofNursing/edusaas/vendor/laravel/framework/src/Illuminate/Console/Command.php(182): Symfony\\Component\\Console\\Command\\Command->run()
#42 /home/yamojr/devyamo/SchoolofNursing/edusaas/vendor/symfony/console/Application.php(1117): Illuminate\\Console\\Command->run()
#43 /home/yamojr/devyamo/SchoolofNursing/edusaas/vendor/symfony/console/Application.php(356): Symfony\\Component\\Console\\Application->doRunCommand()
#44 /home/yamojr/devyamo/SchoolofNursing/edusaas/vendor/symfony/console/Application.php(195): Symfony\\Component\\Console\\Application->doRun()
#45 /home/yamojr/devyamo/SchoolofNursing/edusaas/vendor/laravel/framework/src/Illuminate/Foundation/Console/Kernel.php(198): Symfony\\Component\\Console\\Application->run()
#46 /home/yamojr/devyamo/SchoolofNursing/edusaas/vendor/laravel/framework/src/Illuminate/Foundation/Application.php(1235): Illuminate\\Foundation\\Console\\Kernel->handle()
#47 /home/yamojr/devyamo/SchoolofNursing/edusaas/artisan(12): Illuminate\\Foundation\\Application->handleCommand()
#48 {main}

[previous exception] [object] (PDOException(code: 23000): SQLSTATE[23000]: Integrity constraint violation: 1062 Duplicate entry '1-provost@aminatu.edu.ng' for key 'users_tenant_id_email_unique' at /home/yamojr/devyamo/SchoolofNursing/edusaas/vendor/laravel/framework/src/Illuminate/Database/MySqlConnection.php:53)
[stacktrace]
#0 /home/yamojr/devyamo/SchoolofNursing/edusaas/vendor/laravel/framework/src/Illuminate/Database/MySqlConnection.php(53): PDOStatement->execute()
#1 /home/yamojr/devyamo/SchoolofNursing/edusaas/vendor/laravel/framework/src/Illuminate/Database/Connection.php(812): Illuminate\\Database\\MySqlConnection->{closure:Illuminate\\Database\\MySqlConnection::insert():42}()
#2 /home/yamojr/devyamo/SchoolofNursing/edusaas/vendor/laravel/framework/src/Illuminate/Database/Connection.php(779): Illuminate\\Database\\Connection->runQueryCallback()
#3 /home/yamojr/devyamo/SchoolofNursing/edusaas/vendor/laravel/framework/src/Illuminate/Database/MySqlConnection.php(42): Illuminate\\Database\\Connection->run()
#4 /home/yamojr/devyamo/SchoolofNursing/edusaas/vendor/laravel/framework/src/Illuminate/Database/Query/Processors/MySqlProcessor.php(35): Illuminate\\Database\\MySqlConnection->insert()
#5 /home/yamojr/devyamo/SchoolofNursing/edusaas/vendor/laravel/framework/src/Illuminate/Database/Query/Builder.php(3766): Illuminate\\Database\\Query\\Processors\\MySqlProcessor->processInsertGetId()
#6 /home/yamojr/devyamo/SchoolofNursing/edusaas/vendor/laravel/framework/src/Illuminate/Database/Eloquent/Builder.php(2120): Illuminate\\Database\\Query\\Builder->insertGetId()
#7 /home/yamojr/devyamo/SchoolofNursing/edusaas/vendor/laravel/framework/src/Illuminate/Database/Eloquent/Model.php(1359): Illuminate\\Database\\Eloquent\\Builder->__call()
#8 /home/yamojr/devyamo/SchoolofNursing/edusaas/vendor/laravel/framework/src/Illuminate/Database/Eloquent/Model.php(1324): Illuminate\\Database\\Eloquent\\Model->insertAndSetId()
#9 /home/yamojr/devyamo/SchoolofNursing/edusaas/vendor/laravel/framework/src/Illuminate/Database/Eloquent/Model.php(1163): Illuminate\\Database\\Eloquent\\Model->performInsert()
#10 /home/yamojr/devyamo/SchoolofNursing/edusaas/vendor/laravel/framework/src/Illuminate/Database/Eloquent/Builder.php(1128): Illuminate\\Database\\Eloquent\\Model->save()
#11 /home/yamojr/devyamo/SchoolofNursing/edusaas/vendor/laravel/framework/src/Illuminate/Support/helpers.php(399): Illuminate\\Database\\Eloquent\\Builder->{closure:Illuminate\\Database\\Eloquent\\Builder::create():1127}()
#12 /home/yamojr/devyamo/SchoolofNursing/edusaas/vendor/laravel/framework/src/Illuminate/Database/Eloquent/Builder.php(1127): tap()
#13 /home/yamojr/devyamo/SchoolofNursing/edusaas/vendor/laravel/framework/src/Illuminate/Support/Traits/ForwardsCalls.php(23): Illuminate\\Database\\Eloquent\\Builder->create()
#14 /home/yamojr/devyamo/SchoolofNursing/edusaas/vendor/laravel/framework/src/Illuminate/Database/Eloquent/Model.php(2372): Illuminate\\Database\\Eloquent\\Model->forwardCallTo()
#15 /home/yamojr/devyamo/SchoolofNursing/edusaas/vendor/laravel/framework/src/Illuminate/Database/Eloquent/Model.php(2384): Illuminate\\Database\\Eloquent\\Model->__call()
#16 /home/yamojr/devyamo/SchoolofNursing/edusaas/database/seeders/SchoolSeeder.php(41): Illuminate\\Database\\Eloquent\\Model::__callStatic()
#17 /home/yamojr/devyamo/SchoolofNursing/edusaas/vendor/laravel/framework/src/Illuminate/Container/BoundMethod.php(36): Database\\Seeders\\SchoolSeeder->run()
#18 /home/yamojr/devyamo/SchoolofNursing/edusaas/vendor/laravel/framework/src/Illuminate/Container/Util.php(43): Illuminate\\Container\\BoundMethod::{closure:Illuminate\\Container\\BoundMethod::call():35}()
#19 /home/yamojr/devyamo/SchoolofNursing/edusaas/vendor/laravel/framework/src/Illuminate/Container/BoundMethod.php(95): Illuminate\\Container\\Util::unwrapIfClosure()
#20 /home/yamojr/devyamo/SchoolofNursing/edusaas/vendor/laravel/framework/src/Illuminate/Container/BoundMethod.php(35): Illuminate\\Container\\BoundMethod::callBoundMethod()
#21 /home/yamojr/devyamo/SchoolofNursing/edusaas/vendor/laravel/framework/src/Illuminate/Container/Container.php(696): Illuminate\\Container\\BoundMethod::call()
#22 /home/yamojr/devyamo/SchoolofNursing/edusaas/vendor/laravel/framework/src/Illuminate/Database/Seeder.php(188): Illuminate\\Container\\Container->call()
#23 /home/yamojr/devyamo/SchoolofNursing/edusaas/vendor/laravel/framework/src/Illuminate/Database/Seeder.php(197): Illuminate\\Database\\Seeder->{closure:Illuminate\\Database\\Seeder::__invoke():187}()
#24 /home/yamojr/devyamo/SchoolofNursing/edusaas/vendor/laravel/framework/src/Illuminate/Database/Seeder.php(61): Illuminate\\Database\\Seeder->__invoke()
#25 /home/yamojr/devyamo/SchoolofNursing/edusaas/database/seeders/DatabaseSeeder.php(14): Illuminate\\Database\\Seeder->call()
#26 /home/yamojr/devyamo/SchoolofNursing/edusaas/vendor/laravel/framework/src/Illuminate/Container/BoundMethod.php(36): Database\\Seeders\\DatabaseSeeder->run()
#27 /home/yamojr/devyamo/SchoolofNursing/edusaas/vendor/laravel/framework/src/Illuminate/Container/Util.php(43): Illuminate\\Container\\BoundMethod::{closure:Illuminate\\Container\\BoundMethod::call():35}()
#28 /home/yamojr/devyamo/SchoolofNursing/edusaas/vendor/laravel/framework/src/Illuminate/Container/BoundMethod.php(95): Illuminate\\Container\\Util::unwrapIfClosure()
#29 /home/yamojr/devyamo/SchoolofNursing/edusaas/vendor/laravel/framework/src/Illuminate/Container/BoundMethod.php(35): Illuminate\\Container\\BoundMethod::callBoundMethod()
#30 /home/yamojr/devyamo/SchoolofNursing/edusaas/vendor/laravel/framework/src/Illuminate/Container/Container.php(696): Illuminate\\Container\\BoundMethod::call()
#31 /home/yamojr/devyamo/SchoolofNursing/edusaas/vendor/laravel/framework/src/Illuminate/Database/Seeder.php(188): Illuminate\\Container\\Container->call()
#32 /home/yamojr/devyamo/SchoolofNursing/edusaas/vendor/laravel/framework/src/Illuminate/Database/Seeder.php(197): Illuminate\\Database\\Seeder->{closure:Illuminate\\Database\\Seeder::__invoke():187}()
#33 /home/yamojr/devyamo/SchoolofNursing/edusaas/vendor/laravel/framework/src/Illuminate/Database/Console/Seeds/SeedCommand.php(70): Illuminate\\Database\\Seeder->__invoke()
#34 /home/yamojr/devyamo/SchoolofNursing/edusaas/vendor/laravel/framework/src/Illuminate/Database/Eloquent/Concerns/GuardsAttributes.php(155): Illuminate\\Database\\Console\\Seeds\\SeedCommand->{closure:Illuminate\\Database\\Console\\Seeds\\SeedCommand::handle():69}()
#35 /home/yamojr/devyamo/SchoolofNursing/edusaas/vendor/laravel/framework/src/Illuminate/Database/Console/Seeds/SeedCommand.php(69): Illuminate\\Database\\Eloquent\\Model::unguarded()
#36 /home/yamojr/devyamo/SchoolofNursing/edusaas/vendor/laravel/framework/src/Illuminate/Container/BoundMethod.php(36): Illuminate\\Database\\Console\\Seeds\\SeedCommand->handle()
#37 /home/yamojr/devyamo/SchoolofNursing/edusaas/vendor/laravel/framework/src/Illuminate/Container/Util.php(43): Illuminate\\Container\\BoundMethod::{closure:Illuminate\\Container\\BoundMethod::call():35}()
#38 /home/yamojr/devyamo/SchoolofNursing/edusaas/vendor/laravel/framework/src/Illuminate/Container/BoundMethod.php(95): Illuminate\\Container\\Util::unwrapIfClosure()
#39 /home/yamojr/devyamo/SchoolofNursing/edusaas/vendor/laravel/framework/src/Illuminate/Container/BoundMethod.php(35): Illuminate\\Container\\BoundMethod::callBoundMethod()
#40 /home/yamojr/devyamo/SchoolofNursing/edusaas/vendor/laravel/framework/src/Illuminate/Container/Container.php(696): Illuminate\\Container\\BoundMethod::call()
#41 /home/yamojr/devyamo/SchoolofNursing/edusaas/vendor/laravel/framework/src/Illuminate/Console/Command.php(213): Illuminate\\Container\\Container->call()
#42 /home/yamojr/devyamo/SchoolofNursing/edusaas/vendor/symfony/console/Command/Command.php(341): Illuminate\\Console\\Command->execute()
#43 /home/yamojr/devyamo/SchoolofNursing/edusaas/vendor/laravel/framework/src/Illuminate/Console/Command.php(182): Symfony\\Component\\Console\\Command\\Command->run()
#44 /home/yamojr/devyamo/SchoolofNursing/edusaas/vendor/symfony/console/Application.php(1117): Illuminate\\Console\\Command->run()
#45 /home/yamojr/devyamo/SchoolofNursing/edusaas/vendor/symfony/console/Application.php(356): Symfony\\Component\\Console\\Application->doRunCommand()
#46 /home/yamojr/devyamo/SchoolofNursing/edusaas/vendor/symfony/console/Application.php(195): Symfony\\Component\\Console\\Application->doRun()
#47 /home/yamojr/devyamo/SchoolofNursing/edusaas/vendor/laravel/framework/src/Illuminate/Foundation/Console/Kernel.php(198): Symfony\\Component\\Console\\Application->run()
#48 /home/yamojr/devyamo/SchoolofNursing/edusaas/vendor/laravel/framework/src/Illuminate/Foundation/Application.php(1235): Illuminate\\Foundation\\Console\\Kernel->handle()
#49 /home/yamojr/devyamo/SchoolofNursing/edusaas/artisan(12): Illuminate\\Foundation\\Application->handleCommand()
#50 {main}
"} 
