[2026-05-14 06:11:28] local.ERROR: Call to undefined method App\Models\Course::registrations() {"userId":2,"exception":"[object] (BadMethodCallException(code: 0): Call to undefined method App\\Models\\Course::registrations() at /home/yamojr/devyamo/edusaas/edusaas/vendor/laravel/framework/src/Illuminate/Support/Traits/ForwardsCalls.php:67)
[stacktrace]
#0 /home/yamojr/devyamo/edusaas/edusaas/vendor/laravel/framework/src/Illuminate/Support/Traits/ForwardsCalls.php(36): Illuminate\\Database\\Eloquent\\Model::throwBadMethodCallException()
#1 /home/yamojr/devyamo/edusaas/edusaas/vendor/laravel/framework/src/Illuminate/Database/Eloquent/Model.php(2372): Illuminate\\Database\\Eloquent\\Model->forwardCallTo()
#2 /home/yamojr/devyamo/edusaas/edusaas/vendor/laravel/framework/src/Illuminate/Database/Eloquent/Concerns/QueriesRelationships.php(1046): Illuminate\\Database\\Eloquent\\Model->__call()
#3 /home/yamojr/devyamo/edusaas/edusaas/vendor/laravel/framework/src/Illuminate/Database/Eloquent/Relations/Relation.php(120): Illuminate\\Database\\Eloquent\\Builder->{closure:Illuminate\\Database\\Eloquent\\Concerns\\QueriesRelationships::getRelationWithoutConstraints():1045}()
#4 /home/yamojr/devyamo/edusaas/edusaas/vendor/laravel/framework/src/Illuminate/Database/Eloquent/Concerns/QueriesRelationships.php(1045): Illuminate\\Database\\Eloquent\\Relations\\Relation::noConstraints()
#5 /home/yamojr/devyamo/edusaas/edusaas/vendor/laravel/framework/src/Illuminate/Database/Eloquent/Concerns/QueriesRelationships.php(800): Illuminate\\Database\\Eloquent\\Builder->getRelationWithoutConstraints()
#6 /home/yamojr/devyamo/edusaas/edusaas/vendor/laravel/framework/src/Illuminate/Database/Eloquent/Concerns/QueriesRelationships.php(889): Illuminate\\Database\\Eloquent\\Builder->withAggregate()
#7 /home/yamojr/devyamo/edusaas/edusaas/app/Http/Controllers/University/DashboardController.php(46): Illuminate\\Database\\Eloquent\\Builder->withCount()
#8 /home/yamojr/devyamo/edusaas/edusaas/vendor/laravel/framework/src/Illuminate/Routing/Controller.php(54): App\\Http\\Controllers\\University\\DashboardController->lecturer()
#9 /home/yamojr/devyamo/edusaas/edusaas/vendor/laravel/framework/src/Illuminate/Routing/ControllerDispatcher.php(44): Illuminate\\Routing\\Controller->callAction()
#10 /home/yamojr/devyamo/edusaas/edusaas/vendor/laravel/framework/src/Illuminate/Routing/Route.php(266): Illuminate\\Routing\\ControllerDispatcher->dispatch()
#11 /home/yamojr/devyamo/edusaas/edusaas/vendor/laravel/framework/src/Illuminate/Routing/Route.php(212): Illuminate\\Routing\\Route->runController()
#12 /home/yamojr/devyamo/edusaas/edusaas/vendor/laravel/framework/src/Illuminate/Routing/Router.php(808): Illuminate\\Routing\\Route->run()
#13 /home/yamojr/devyamo/edusaas/edusaas/vendor/laravel/framework/src/Illuminate/Pipeline/Pipeline.php(170): Illuminate\\Routing\\Router->{closure:Illuminate\\Routing\\Router::runRouteWithinStack():807}()
#14 /home/yamojr/devyamo/edusaas/edusaas/app/Http/Middleware/EnsureTenantAccess.php(26): Illuminate\\Pipeline\\Pipeline->{closure:Illuminate\\Pipeline\\Pipeline::prepareDestination():168}()
#15 /home/yamojr/devyamo/edusaas/edusaas/vendor/laravel/framework/src/Illuminate/Pipeline/Pipeline.php(209): App\\Http\\Middleware\\EnsureTenantAccess->handle()
#16 /home/yamojr/devyamo/edusaas/edusaas/vendor/spatie/laravel-permission/src/Middleware/RoleMiddleware.php(37): Illuminate\\Pipeline\\Pipeline->{closure:{closure:Illuminate\\Pipeline\\Pipeline::carry():184}:185}()
#17 /home/yamojr/devyamo/edusaas/edusaas/vendor/laravel/framework/src/Illuminate/Pipeline/Pipeline.php(209): Spatie\\Permission\\Middleware\\RoleMiddleware->handle()
#18 /home/yamojr/devyamo/edusaas/edusaas/app/Http/Middleware/IdentifyTenant.php(40): Illuminate\\Pipeline\\Pipeline->{closure:{closure:Illuminate\\Pipeline\\Pipeline::carry():184}:185}()
#19 /home/yamojr/devyamo/edusaas/edusaas/vendor/laravel/framework/src/Illuminate/Pipeline/Pipeline.php(209): App\\Http\\Middleware\\IdentifyTenant->handle()
#20 /home/yamojr/devyamo/edusaas/edusaas/vendor/inertiajs/inertia-laravel/src/Middleware.php(122): Illuminate\\Pipeline\\Pipeline->{closure:{closure:Illuminate\\Pipeline\\Pipeline::carry():184}:185}()
#21 /home/yamojr/devyamo/edusaas/edusaas/vendor/laravel/framework/src/Illuminate/Pipeline/Pipeline.php(209): Inertia\\Middleware->handle()
#22 /home/yamojr/devyamo/edusaas/edusaas/vendor/laravel/framework/src/Illuminate/Routing/Middleware/SubstituteBindings.php(51): Illuminate\\Pipeline\\Pipeline->{closure:{closure:Illuminate\\Pipeline\\Pipeline::carry():184}:185}()
#23 /home/yamojr/devyamo/edusaas/edusaas/vendor/laravel/framework/src/Illuminate/Pipeline/Pipeline.php(209): Illuminate\\Routing\\Middleware\\SubstituteBindings->handle()
#24 /home/yamojr/devyamo/edusaas/edusaas/vendor/laravel/framework/src/Illuminate/Auth/Middleware/Authenticate.php(64): Illuminate\\Pipeline\\Pipeline->{closure:{closure:Illuminate\\Pipeline\\Pipeline::carry():184}:185}()
#25 /home/yamojr/devyamo/edusaas/edusaas/vendor/laravel/framework/src/Illuminate/Pipeline/Pipeline.php(209): Illuminate\\Auth\\Middleware\\Authenticate->handle()
#26 /home/yamojr/devyamo/edusaas/edusaas/vendor/laravel/framework/src/Illuminate/Foundation/Http/Middleware/VerifyCsrfToken.php(88): Illuminate\\Pipeline\\Pipeline->{closure:{closure:Illuminate\\Pipeline\\Pipeline::carry():184}:185}()
#27 /home/yamojr/devyamo/edusaas/edusaas/vendor/laravel/framework/src/Illuminate/Pipeline/Pipeline.php(209): Illuminate\\Foundation\\Http\\Middleware\\VerifyCsrfToken->handle()
#28 /home/yamojr/devyamo/edusaas/edusaas/vendor/laravel/framework/src/Illuminate/View/Middleware/ShareErrorsFromSession.php(49): Illuminate\\Pipeline\\Pipeline->{closure:{closure:Illuminate\\Pipeline\\Pipeline::carry():184}:185}()
#29 /home/yamojr/devyamo/edusaas/edusaas/vendor/laravel/framework/src/Illuminate/Pipeline/Pipeline.php(209): Illuminate\\View\\Middleware\\ShareErrorsFromSession->handle()
#30 /home/yamojr/devyamo/edusaas/edusaas/vendor/laravel/framework/src/Illuminate/Session/Middleware/StartSession.php(121): Illuminate\\Pipeline\\Pipeline->{closure:{closure:Illuminate\\Pipeline\\Pipeline::carry():184}:185}()
#31 /home/yamojr/devyamo/edusaas/edusaas/vendor/laravel/framework/src/Illuminate/Session/Middleware/StartSession.php(64): Illuminate\\Session\\Middleware\\StartSession->handleStatefulRequest()
#32 /home/yamojr/devyamo/edusaas/edusaas/vendor/laravel/framework/src/Illuminate/Pipeline/Pipeline.php(209): Illuminate\\Session\\Middleware\\StartSession->handle()
#33 /home/yamojr/devyamo/edusaas/edusaas/vendor/laravel/framework/src/Illuminate/Cookie/Middleware/AddQueuedCookiesToResponse.php(37): Illuminate\\Pipeline\\Pipeline->{closure:{closure:Illuminate\\Pipeline\\Pipeline::carry():184}:185}()
#34 /home/yamojr/devyamo/edusaas/edusaas/vendor/laravel/framework/src/Illuminate/Pipeline/Pipeline.php(209): Illuminate\\Cookie\\Middleware\\AddQueuedCookiesToResponse->handle()
#35 /home/yamojr/devyamo/edusaas/edusaas/vendor/laravel/framework/src/Illuminate/Cookie/Middleware/EncryptCookies.php(75): Illuminate\\Pipeline\\Pipeline->{closure:{closure:Illuminate\\Pipeline\\Pipeline::carry():184}:185}()
#36 /home/yamojr/devyamo/edusaas/edusaas/vendor/laravel/framework/src/Illuminate/Pipeline/Pipeline.php(209): Illuminate\\Cookie\\Middleware\\EncryptCookies->handle()
#37 /home/yamojr/devyamo/edusaas/edusaas/vendor/laravel/framework/src/Illuminate/Pipeline/Pipeline.php(127): Illuminate\\Pipeline\\Pipeline->{closure:{closure:Illuminate\\Pipeline\\Pipeline::carry():184}:185}()
#38 /home/yamojr/devyamo/edusaas/edusaas/vendor/laravel/framework/src/Illuminate/Routing/Router.php(807): Illuminate\\Pipeline\\Pipeline->then()
#39 /home/yamojr/devyamo/edusaas/edusaas/vendor/laravel/framework/src/Illuminate/Routing/Router.php(786): Illuminate\\Routing\\Router->runRouteWithinStack()
#40 /home/yamojr/devyamo/edusaas/edusaas/vendor/laravel/framework/src/Illuminate/Routing/Router.php(750): Illuminate\\Routing\\Router->runRoute()
#41 /home/yamojr/devyamo/edusaas/edusaas/vendor/laravel/framework/src/Illuminate/Routing/Router.php(739): Illuminate\\Routing\\Router->dispatchToRoute()
#42 /home/yamojr/devyamo/edusaas/edusaas/vendor/laravel/framework/src/Illuminate/Foundation/Http/Kernel.php(201): Illuminate\\Routing\\Router->dispatch()
#43 /home/yamojr/devyamo/edusaas/edusaas/vendor/laravel/framework/src/Illuminate/Pipeline/Pipeline.php(170): Illuminate\\Foundation\\Http\\Kernel->{closure:Illuminate\\Foundation\\Http\\Kernel::dispatchToRouter():198}()
#44 /home/yamojr/devyamo/edusaas/edusaas/vendor/laravel/framework/src/Illuminate/Foundation/Http/Middleware/TransformsRequest.php(21): Illuminate\\Pipeline\\Pipeline->{closure:Illuminate\\Pipeline\\Pipeline::prepareDestination():168}()
#45 /home/yamojr/devyamo/edusaas/edusaas/vendor/laravel/framework/src/Illuminate/Foundation/Http/Middleware/ConvertEmptyStringsToNull.php(31): Illuminate\\Foundation\\Http\\Middleware\\TransformsRequest->handle()
#46 /home/yamojr/devyamo/edusaas/edusaas/vendor/laravel/framework/src/Illuminate/Pipeline/Pipeline.php(209): Illuminate\\Foundation\\Http\\Middleware\\ConvertEmptyStringsToNull->handle()
#47 /home/yamojr/devyamo/edusaas/edusaas/vendor/laravel/framework/src/Illuminate/Foundation/Http/Middleware/TransformsRequest.php(21): Illuminate\\Pipeline\\Pipeline->{closure:{closure:Illuminate\\Pipeline\\Pipeline::carry():184}:185}()
#48 /home/yamojr/devyamo/edusaas/edusaas/vendor/laravel/framework/src/Illuminate/Foundation/Http/Middleware/TrimStrings.php(51): Illuminate\\Foundation\\Http\\Middleware\\TransformsRequest->handle()
#49 /home/yamojr/devyamo/edusaas/edusaas/vendor/laravel/framework/src/Illuminate/Pipeline/Pipeline.php(209): Illuminate\\Foundation\\Http\\Middleware\\TrimStrings->handle()
#50 /home/yamojr/devyamo/edusaas/edusaas/vendor/laravel/framework/src/Illuminate/Http/Middleware/ValidatePostSize.php(27): Illuminate\\Pipeline\\Pipeline->{closure:{closure:Illuminate\\Pipeline\\Pipeline::carry():184}:185}()
#51 /home/yamojr/devyamo/edusaas/edusaas/vendor/laravel/framework/src/Illuminate/Pipeline/Pipeline.php(209): Illuminate\\Http\\Middleware\\ValidatePostSize->handle()
#52 /home/yamojr/devyamo/edusaas/edusaas/vendor/laravel/framework/src/Illuminate/Foundation/Http/Middleware/PreventRequestsDuringMaintenance.php(110): Illuminate\\Pipeline\\Pipeline->{closure:{closure:Illuminate\\Pipeline\\Pipeline::carry():184}:185}()
#53 /home/yamojr/devyamo/edusaas/edusaas/vendor/laravel/framework/src/Illuminate/Pipeline/Pipeline.php(209): Illuminate\\Foundation\\Http\\Middleware\\PreventRequestsDuringMaintenance->handle()
#54 /home/yamojr/devyamo/edusaas/edusaas/vendor/laravel/framework/src/Illuminate/Http/Middleware/HandleCors.php(49): Illuminate\\Pipeline\\Pipeline->{closure:{closure:Illuminate\\Pipeline\\Pipeline::carry():184}:185}()
#55 /home/yamojr/devyamo/edusaas/edusaas/vendor/laravel/framework/src/Illuminate/Pipeline/Pipeline.php(209): Illuminate\\Http\\Middleware\\HandleCors->handle()
#56 /home/yamojr/devyamo/edusaas/edusaas/vendor/laravel/framework/src/Illuminate/Http/Middleware/TrustProxies.php(58): Illuminate\\Pipeline\\Pipeline->{closure:{closure:Illuminate\\Pipeline\\Pipeline::carry():184}:185}()
#57 /home/yamojr/devyamo/edusaas/edusaas/vendor/laravel/framework/src/Illuminate/Pipeline/Pipeline.php(209): Illuminate\\Http\\Middleware\\TrustProxies->handle()
#58 /home/yamojr/devyamo/edusaas/edusaas/vendor/laravel/framework/src/Illuminate/Foundation/Http/Middleware/InvokeDeferredCallbacks.php(22): Illuminate\\Pipeline\\Pipeline->{closure:{closure:Illuminate\\Pipeline\\Pipeline::carry():184}:185}()
#59 /home/yamojr/devyamo/edusaas/edusaas/vendor/laravel/framework/src/Illuminate/Pipeline/Pipeline.php(209): Illuminate\\Foundation\\Http\\Middleware\\InvokeDeferredCallbacks->handle()
#60 /home/yamojr/devyamo/edusaas/edusaas/vendor/laravel/framework/src/Illuminate/Pipeline/Pipeline.php(127): Illuminate\\Pipeline\\Pipeline->{closure:{closure:Illuminate\\Pipeline\\Pipeline::carry():184}:185}()
#61 /home/yamojr/devyamo/edusaas/edusaas/vendor/laravel/framework/src/Illuminate/Foundation/Http/Kernel.php(176): Illuminate\\Pipeline\\Pipeline->then()
#62 /home/yamojr/devyamo/edusaas/edusaas/vendor/laravel/framework/src/Illuminate/Foundation/Http/Kernel.php(145): Illuminate\\Foundation\\Http\\Kernel->sendRequestThroughRouter()
#63 /home/yamojr/devyamo/edusaas/edusaas/vendor/laravel/framework/src/Illuminate/Foundation/Application.php(1220): Illuminate\\Foundation\\Http\\Kernel->handle()
#64 /home/yamojr/devyamo/edusaas/edusaas/public/index.php(19): Illuminate\\Foundation\\Application->handleRequest()
#65 /home/yamojr/devyamo/edusaas/edusaas/vendor/laravel/framework/src/Illuminate/Foundation/resources/server.php(23): require_once('...')
#66 {main}
"} 
[2026-05-14 06:13:53] local.ERROR: SQLSTATE[42S22]: Column not found: 1054 Unknown column 'lecturer_id' in 'where clause' (Connection: mysql, SQL: select `courses`.*, (select count(*) from `course_registrations` where `courses`.`id` = `course_registrations`.`course_id` and `semester_id` = 1 and `course_registrations`.`deleted_at` is null) as `registrations_count` from `courses` where `lecturer_id` = 1 and `semester_type` is null and `courses`.`deleted_at` is null and `courses`.`tenant_id` = 1) {"userId":2,"exception":"[object] (Illuminate\\Database\\QueryException(code: 42S22): SQLSTATE[42S22]: Column not found: 1054 Unknown column 'lecturer_id' in 'where clause' (Connection: mysql, SQL: select `courses`.*, (select count(*) from `course_registrations` where `courses`.`id` = `course_registrations`.`course_id` and `semester_id` = 1 and `course_registrations`.`deleted_at` is null) as `registrations_count` from `courses` where `lecturer_id` = 1 and `semester_type` is null and `courses`.`deleted_at` is null and `courses`.`tenant_id` = 1) at /home/yamojr/devyamo/edusaas/edusaas/vendor/laravel/framework/src/Illuminate/Database/Connection.php:825)
[stacktrace]
#0 /home/yamojr/devyamo/edusaas/edusaas/vendor/laravel/framework/src/Illuminate/Database/Connection.php(779): Illuminate\\Database\\Connection->runQueryCallback()
#1 /home/yamojr/devyamo/edusaas/edusaas/vendor/laravel/framework/src/Illuminate/Database/Connection.php(398): Illuminate\\Database\\Connection->run()
#2 /home/yamojr/devyamo/edusaas/edusaas/vendor/laravel/framework/src/Illuminate/Database/Query/Builder.php(3106): Illuminate\\Database\\Connection->select()
#3 /home/yamojr/devyamo/edusaas/edusaas/vendor/laravel/framework/src/Illuminate/Database/Query/Builder.php(3091): Illuminate\\Database\\Query\\Builder->runSelect()
#4 /home/yamojr/devyamo/edusaas/edusaas/vendor/laravel/framework/src/Illuminate/Database/Query/Builder.php(3676): Illuminate\\Database\\Query\\Builder->{closure:Illuminate\\Database\\Query\\Builder::get():3090}()
#5 /home/yamojr/devyamo/edusaas/edusaas/vendor/laravel/framework/src/Illuminate/Database/Query/Builder.php(3090): Illuminate\\Database\\Query\\Builder->onceWithColumns()
#6 /home/yamojr/devyamo/edusaas/edusaas/vendor/laravel/framework/src/Illuminate/Database/Eloquent/Builder.php(811): Illuminate\\Database\\Query\\Builder->get()
#7 /home/yamojr/devyamo/edusaas/edusaas/vendor/laravel/framework/src/Illuminate/Database/Eloquent/Builder.php(793): Illuminate\\Database\\Eloquent\\Builder->getModels()
#8 /home/yamojr/devyamo/edusaas/edusaas/app/Http/Controllers/University/DashboardController.php(49): Illuminate\\Database\\Eloquent\\Builder->get()
#9 /home/yamojr/devyamo/edusaas/edusaas/vendor/laravel/framework/src/Illuminate/Routing/Controller.php(54): App\\Http\\Controllers\\University\\DashboardController->lecturer()
#10 /home/yamojr/devyamo/edusaas/edusaas/vendor/laravel/framework/src/Illuminate/Routing/ControllerDispatcher.php(44): Illuminate\\Routing\\Controller->callAction()
#11 /home/yamojr/devyamo/edusaas/edusaas/vendor/laravel/framework/src/Illuminate/Routing/Route.php(266): Illuminate\\Routing\\ControllerDispatcher->dispatch()
#12 /home/yamojr/devyamo/edusaas/edusaas/vendor/laravel/framework/src/Illuminate/Routing/Route.php(212): Illuminate\\Routing\\Route->runController()
#13 /home/yamojr/devyamo/edusaas/edusaas/vendor/laravel/framework/src/Illuminate/Routing/Router.php(808): Illuminate\\Routing\\Route->run()
#14 /home/yamojr/devyamo/edusaas/edusaas/vendor/laravel/framework/src/Illuminate/Pipeline/Pipeline.php(170): Illuminate\\Routing\\Router->{closure:Illuminate\\Routing\\Router::runRouteWithinStack():807}()
#15 /home/yamojr/devyamo/edusaas/edusaas/app/Http/Middleware/EnsureTenantAccess.php(26): Illuminate\\Pipeline\\Pipeline->{closure:Illuminate\\Pipeline\\Pipeline::prepareDestination():168}()
#16 /home/yamojr/devyamo/edusaas/edusaas/vendor/laravel/framework/src/Illuminate/Pipeline/Pipeline.php(209): App\\Http\\Middleware\\EnsureTenantAccess->handle()
#17 /home/yamojr/devyamo/edusaas/edusaas/vendor/spatie/laravel-permission/src/Middleware/RoleMiddleware.php(37): Illuminate\\Pipeline\\Pipeline->{closure:{closure:Illuminate\\Pipeline\\Pipeline::carry():184}:185}()
#18 /home/yamojr/devyamo/edusaas/edusaas/vendor/laravel/framework/src/Illuminate/Pipeline/Pipeline.php(209): Spatie\\Permission\\Middleware\\RoleMiddleware->handle()
#19 /home/yamojr/devyamo/edusaas/edusaas/app/Http/Middleware/IdentifyTenant.php(40): Illuminate\\Pipeline\\Pipeline->{closure:{closure:Illuminate\\Pipeline\\Pipeline::carry():184}:185}()
#20 /home/yamojr/devyamo/edusaas/edusaas/vendor/laravel/framework/src/Illuminate/Pipeline/Pipeline.php(209): App\\Http\\Middleware\\IdentifyTenant->handle()
#21 /home/yamojr/devyamo/edusaas/edusaas/vendor/inertiajs/inertia-laravel/src/Middleware.php(122): Illuminate\\Pipeline\\Pipeline->{closure:{closure:Illuminate\\Pipeline\\Pipeline::carry():184}:185}()
#22 /home/yamojr/devyamo/edusaas/edusaas/vendor/laravel/framework/src/Illuminate/Pipeline/Pipeline.php(209): Inertia\\Middleware->handle()
#23 /home/yamojr/devyamo/edusaas/edusaas/vendor/laravel/framework/src/Illuminate/Routing/Middleware/SubstituteBindings.php(51): Illuminate\\Pipeline\\Pipeline->{closure:{closure:Illuminate\\Pipeline\\Pipeline::carry():184}:185}()
#24 /home/yamojr/devyamo/edusaas/edusaas/vendor/laravel/framework/src/Illuminate/Pipeline/Pipeline.php(209): Illuminate\\Routing\\Middleware\\SubstituteBindings->handle()
#25 /home/yamojr/devyamo/edusaas/edusaas/vendor/laravel/framework/src/Illuminate/Auth/Middleware/Authenticate.php(64): Illuminate\\Pipeline\\Pipeline->{closure:{closure:Illuminate\\Pipeline\\Pipeline::carry():184}:185}()
#26 /home/yamojr/devyamo/edusaas/edusaas/vendor/laravel/framework/src/Illuminate/Pipeline/Pipeline.php(209): Illuminate\\Auth\\Middleware\\Authenticate->handle()
#27 /home/yamojr/devyamo/edusaas/edusaas/vendor/laravel/framework/src/Illuminate/Foundation/Http/Middleware/VerifyCsrfToken.php(88): Illuminate\\Pipeline\\Pipeline->{closure:{closure:Illuminate\\Pipeline\\Pipeline::carry():184}:185}()
#28 /home/yamojr/devyamo/edusaas/edusaas/vendor/laravel/framework/src/Illuminate/Pipeline/Pipeline.php(209): Illuminate\\Foundation\\Http\\Middleware\\VerifyCsrfToken->handle()
#29 /home/yamojr/devyamo/edusaas/edusaas/vendor/laravel/framework/src/Illuminate/View/Middleware/ShareErrorsFromSession.php(49): Illuminate\\Pipeline\\Pipeline->{closure:{closure:Illuminate\\Pipeline\\Pipeline::carry():184}:185}()
#30 /home/yamojr/devyamo/edusaas/edusaas/vendor/laravel/framework/src/Illuminate/Pipeline/Pipeline.php(209): Illuminate\\View\\Middleware\\ShareErrorsFromSession->handle()
#31 /home/yamojr/devyamo/edusaas/edusaas/vendor/laravel/framework/src/Illuminate/Session/Middleware/StartSession.php(121): Illuminate\\Pipeline\\Pipeline->{closure:{closure:Illuminate\\Pipeline\\Pipeline::carry():184}:185}()
#32 /home/yamojr/devyamo/edusaas/edusaas/vendor/laravel/framework/src/Illuminate/Session/Middleware/StartSession.php(64): Illuminate\\Session\\Middleware\\StartSession->handleStatefulRequest()
#33 /home/yamojr/devyamo/edusaas/edusaas/vendor/laravel/framework/src/Illuminate/Pipeline/Pipeline.php(209): Illuminate\\Session\\Middleware\\StartSession->handle()
#34 /home/yamojr/devyamo/edusaas/edusaas/vendor/laravel/framework/src/Illuminate/Cookie/Middleware/AddQueuedCookiesToResponse.php(37): Illuminate\\Pipeline\\Pipeline->{closure:{closure:Illuminate\\Pipeline\\Pipeline::carry():184}:185}()
#35 /home/yamojr/devyamo/edusaas/edusaas/vendor/laravel/framework/src/Illuminate/Pipeline/Pipeline.php(209): Illuminate\\Cookie\\Middleware\\AddQueuedCookiesToResponse->handle()
#36 /home/yamojr/devyamo/edusaas/edusaas/vendor/laravel/framework/src/Illuminate/Cookie/Middleware/EncryptCookies.php(75): Illuminate\\Pipeline\\Pipeline->{closure:{closure:Illuminate\\Pipeline\\Pipeline::carry():184}:185}()
#37 /home/yamojr/devyamo/edusaas/edusaas/vendor/laravel/framework/src/Illuminate/Pipeline/Pipeline.php(209): Illuminate\\Cookie\\Middleware\\EncryptCookies->handle()
#38 /home/yamojr/devyamo/edusaas/edusaas/vendor/laravel/framework/src/Illuminate/Pipeline/Pipeline.php(127): Illuminate\\Pipeline\\Pipeline->{closure:{closure:Illuminate\\Pipeline\\Pipeline::carry():184}:185}()
#39 /home/yamojr/devyamo/edusaas/edusaas/vendor/laravel/framework/src/Illuminate/Routing/Router.php(807): Illuminate\\Pipeline\\Pipeline->then()
#40 /home/yamojr/devyamo/edusaas/edusaas/vendor/laravel/framework/src/Illuminate/Routing/Router.php(786): Illuminate\\Routing\\Router->runRouteWithinStack()
#41 /home/yamojr/devyamo/edusaas/edusaas/vendor/laravel/framework/src/Illuminate/Routing/Router.php(750): Illuminate\\Routing\\Router->runRoute()
#42 /home/yamojr/devyamo/edusaas/edusaas/vendor/laravel/framework/src/Illuminate/Routing/Router.php(739): Illuminate\\Routing\\Router->dispatchToRoute()
#43 /home/yamojr/devyamo/edusaas/edusaas/vendor/laravel/framework/src/Illuminate/Foundation/Http/Kernel.php(201): Illuminate\\Routing\\Router->dispatch()
#44 /home/yamojr/devyamo/edusaas/edusaas/vendor/laravel/framework/src/Illuminate/Pipeline/Pipeline.php(170): Illuminate\\Foundation\\Http\\Kernel->{closure:Illuminate\\Foundation\\Http\\Kernel::dispatchToRouter():198}()
#45 /home/yamojr/devyamo/edusaas/edusaas/vendor/laravel/framework/src/Illuminate/Foundation/Http/Middleware/TransformsRequest.php(21): Illuminate\\Pipeline\\Pipeline->{closure:Illuminate\\Pipeline\\Pipeline::prepareDestination():168}()
#46 /home/yamojr/devyamo/edusaas/edusaas/vendor/laravel/framework/src/Illuminate/Foundation/Http/Middleware/ConvertEmptyStringsToNull.php(31): Illuminate\\Foundation\\Http\\Middleware\\TransformsRequest->handle()
#47 /home/yamojr/devyamo/edusaas/edusaas/vendor/laravel/framework/src/Illuminate/Pipeline/Pipeline.php(209): Illuminate\\Foundation\\Http\\Middleware\\ConvertEmptyStringsToNull->handle()
#48 /home/yamojr/devyamo/edusaas/edusaas/vendor/laravel/framework/src/Illuminate/Foundation/Http/Middleware/TransformsRequest.php(21): Illuminate\\Pipeline\\Pipeline->{closure:{closure:Illuminate\\Pipeline\\Pipeline::carry():184}:185}()
#49 /home/yamojr/devyamo/edusaas/edusaas/vendor/laravel/framework/src/Illuminate/Foundation/Http/Middleware/TrimStrings.php(51): Illuminate\\Foundation\\Http\\Middleware\\TransformsRequest->handle()
#50 /home/yamojr/devyamo/edusaas/edusaas/vendor/laravel/framework/src/Illuminate/Pipeline/Pipeline.php(209): Illuminate\\Foundation\\Http\\Middleware\\TrimStrings->handle()
#51 /home/yamojr/devyamo/edusaas/edusaas/vendor/laravel/framework/src/Illuminate/Http/Middleware/ValidatePostSize.php(27): Illuminate\\Pipeline\\Pipeline->{closure:{closure:Illuminate\\Pipeline\\Pipeline::carry():184}:185}()
#52 /home/yamojr/devyamo/edusaas/edusaas/vendor/laravel/framework/src/Illuminate/Pipeline/Pipeline.php(209): Illuminate\\Http\\Middleware\\ValidatePostSize->handle()
#53 /home/yamojr/devyamo/edusaas/edusaas/vendor/laravel/framework/src/Illuminate/Foundation/Http/Middleware/PreventRequestsDuringMaintenance.php(110): Illuminate\\Pipeline\\Pipeline->{closure:{closure:Illuminate\\Pipeline\\Pipeline::carry():184}:185}()
#54 /home/yamojr/devyamo/edusaas/edusaas/vendor/laravel/framework/src/Illuminate/Pipeline/Pipeline.php(209): Illuminate\\Foundation\\Http\\Middleware\\PreventRequestsDuringMaintenance->handle()
#55 /home/yamojr/devyamo/edusaas/edusaas/vendor/laravel/framework/src/Illuminate/Http/Middleware/HandleCors.php(49): Illuminate\\Pipeline\\Pipeline->{closure:{closure:Illuminate\\Pipeline\\Pipeline::carry():184}:185}()
#56 /home/yamojr/devyamo/edusaas/edusaas/vendor/laravel/framework/src/Illuminate/Pipeline/Pipeline.php(209): Illuminate\\Http\\Middleware\\HandleCors->handle()
#57 /home/yamojr/devyamo/edusaas/edusaas/vendor/laravel/framework/src/Illuminate/Http/Middleware/TrustProxies.php(58): Illuminate\\Pipeline\\Pipeline->{closure:{closure:Illuminate\\Pipeline\\Pipeline::carry():184}:185}()
#58 /home/yamojr/devyamo/edusaas/edusaas/vendor/laravel/framework/src/Illuminate/Pipeline/Pipeline.php(209): Illuminate\\Http\\Middleware\\TrustProxies->handle()
#59 /home/yamojr/devyamo/edusaas/edusaas/vendor/laravel/framework/src/Illuminate/Foundation/Http/Middleware/InvokeDeferredCallbacks.php(22): Illuminate\\Pipeline\\Pipeline->{closure:{closure:Illuminate\\Pipeline\\Pipeline::carry():184}:185}()
#60 /home/yamojr/devyamo/edusaas/edusaas/vendor/laravel/framework/src/Illuminate/Pipeline/Pipeline.php(209): Illuminate\\Foundation\\Http\\Middleware\\InvokeDeferredCallbacks->handle()
#61 /home/yamojr/devyamo/edusaas/edusaas/vendor/laravel/framework/src/Illuminate/Pipeline/Pipeline.php(127): Illuminate\\Pipeline\\Pipeline->{closure:{closure:Illuminate\\Pipeline\\Pipeline::carry():184}:185}()
#62 /home/yamojr/devyamo/edusaas/edusaas/vendor/laravel/framework/src/Illuminate/Foundation/Http/Kernel.php(176): Illuminate\\Pipeline\\Pipeline->then()
#63 /home/yamojr/devyamo/edusaas/edusaas/vendor/laravel/framework/src/Illuminate/Foundation/Http/Kernel.php(145): Illuminate\\Foundation\\Http\\Kernel->sendRequestThroughRouter()
#64 /home/yamojr/devyamo/edusaas/edusaas/vendor/laravel/framework/src/Illuminate/Foundation/Application.php(1220): Illuminate\\Foundation\\Http\\Kernel->handle()
#65 /home/yamojr/devyamo/edusaas/edusaas/public/index.php(19): Illuminate\\Foundation\\Application->handleRequest()
#66 /home/yamojr/devyamo/edusaas/edusaas/vendor/laravel/framework/src/Illuminate/Foundation/resources/server.php(23): require_once('...')
#67 {main}

[previous exception] [object] (PDOException(code: 42S22): SQLSTATE[42S22]: Column not found: 1054 Unknown column 'lecturer_id' in 'where clause' at /home/yamojr/devyamo/edusaas/edusaas/vendor/laravel/framework/src/Illuminate/Database/Connection.php:407)
[stacktrace]
#0 /home/yamojr/devyamo/edusaas/edusaas/vendor/laravel/framework/src/Illuminate/Database/Connection.php(407): PDO->prepare()
#1 /home/yamojr/devyamo/edusaas/edusaas/vendor/laravel/framework/src/Illuminate/Database/Connection.php(812): Illuminate\\Database\\Connection->{closure:Illuminate\\Database\\Connection::select():398}()
#2 /home/yamojr/devyamo/edusaas/edusaas/vendor/laravel/framework/src/Illuminate/Database/Connection.php(779): Illuminate\\Database\\Connection->runQueryCallback()
#3 /home/yamojr/devyamo/edusaas/edusaas/vendor/laravel/framework/src/Illuminate/Database/Connection.php(398): Illuminate\\Database\\Connection->run()
#4 /home/yamojr/devyamo/edusaas/edusaas/vendor/laravel/framework/src/Illuminate/Database/Query/Builder.php(3106): Illuminate\\Database\\Connection->select()
#5 /home/yamojr/devyamo/edusaas/edusaas/vendor/laravel/framework/src/Illuminate/Database/Query/Builder.php(3091): Illuminate\\Database\\Query\\Builder->runSelect()
#6 /home/yamojr/devyamo/edusaas/edusaas/vendor/laravel/framework/src/Illuminate/Database/Query/Builder.php(3676): Illuminate\\Database\\Query\\Builder->{closure:Illuminate\\Database\\Query\\Builder::get():3090}()
#7 /home/yamojr/devyamo/edusaas/edusaas/vendor/laravel/framework/src/Illuminate/Database/Query/Builder.php(3090): Illuminate\\Database\\Query\\Builder->onceWithColumns()
#8 /home/yamojr/devyamo/edusaas/edusaas/vendor/laravel/framework/src/Illuminate/Database/Eloquent/Builder.php(811): Illuminate\\Database\\Query\\Builder->get()
#9 /home/yamojr/devyamo/edusaas/edusaas/vendor/laravel/framework/src/Illuminate/Database/Eloquent/Builder.php(793): Illuminate\\Database\\Eloquent\\Builder->getModels()
#10 /home/yamojr/devyamo/edusaas/edusaas/app/Http/Controllers/University/DashboardController.php(49): Illuminate\\Database\\Eloquent\\Builder->get()
#11 /home/yamojr/devyamo/edusaas/edusaas/vendor/laravel/framework/src/Illuminate/Routing/Controller.php(54): App\\Http\\Controllers\\University\\DashboardController->lecturer()
#12 /home/yamojr/devyamo/edusaas/edusaas/vendor/laravel/framework/src/Illuminate/Routing/ControllerDispatcher.php(44): Illuminate\\Routing\\Controller->callAction()
#13 /home/yamojr/devyamo/edusaas/edusaas/vendor/laravel/framework/src/Illuminate/Routing/Route.php(266): Illuminate\\Routing\\ControllerDispatcher->dispatch()
#14 /home/yamojr/devyamo/edusaas/edusaas/vendor/laravel/framework/src/Illuminate/Routing/Route.php(212): Illuminate\\Routing\\Route->runController()
#15 /home/yamojr/devyamo/edusaas/edusaas/vendor/laravel/framework/src/Illuminate/Routing/Router.php(808): Illuminate\\Routing\\Route->run()
#16 /home/yamojr/devyamo/edusaas/edusaas/vendor/laravel/framework/src/Illuminate/Pipeline/Pipeline.php(170): Illuminate\\Routing\\Router->{closure:Illuminate\\Routing\\Router::runRouteWithinStack():807}()
#17 /home/yamojr/devyamo/edusaas/edusaas/app/Http/Middleware/EnsureTenantAccess.php(26): Illuminate\\Pipeline\\Pipeline->{closure:Illuminate\\Pipeline\\Pipeline::prepareDestination():168}()
#18 /home/yamojr/devyamo/edusaas/edusaas/vendor/laravel/framework/src/Illuminate/Pipeline/Pipeline.php(209): App\\Http\\Middleware\\EnsureTenantAccess->handle()
#19 /home/yamojr/devyamo/edusaas/edusaas/vendor/spatie/laravel-permission/src/Middleware/RoleMiddleware.php(37): Illuminate\\Pipeline\\Pipeline->{closure:{closure:Illuminate\\Pipeline\\Pipeline::carry():184}:185}()
#20 /home/yamojr/devyamo/edusaas/edusaas/vendor/laravel/framework/src/Illuminate/Pipeline/Pipeline.php(209): Spatie\\Permission\\Middleware\\RoleMiddleware->handle()
#21 /home/yamojr/devyamo/edusaas/edusaas/app/Http/Middleware/IdentifyTenant.php(40): Illuminate\\Pipeline\\Pipeline->{closure:{closure:Illuminate\\Pipeline\\Pipeline::carry():184}:185}()
#22 /home/yamojr/devyamo/edusaas/edusaas/vendor/laravel/framework/src/Illuminate/Pipeline/Pipeline.php(209): App\\Http\\Middleware\\IdentifyTenant->handle()
#23 /home/yamojr/devyamo/edusaas/edusaas/vendor/inertiajs/inertia-laravel/src/Middleware.php(122): Illuminate\\Pipeline\\Pipeline->{closure:{closure:Illuminate\\Pipeline\\Pipeline::carry():184}:185}()
#24 /home/yamojr/devyamo/edusaas/edusaas/vendor/laravel/framework/src/Illuminate/Pipeline/Pipeline.php(209): Inertia\\Middleware->handle()
#25 /home/yamojr/devyamo/edusaas/edusaas/vendor/laravel/framework/src/Illuminate/Routing/Middleware/SubstituteBindings.php(51): Illuminate\\Pipeline\\Pipeline->{closure:{closure:Illuminate\\Pipeline\\Pipeline::carry():184}:185}()
#26 /home/yamojr/devyamo/edusaas/edusaas/vendor/laravel/framework/src/Illuminate/Pipeline/Pipeline.php(209): Illuminate\\Routing\\Middleware\\SubstituteBindings->handle()
#27 /home/yamojr/devyamo/edusaas/edusaas/vendor/laravel/framework/src/Illuminate/Auth/Middleware/Authenticate.php(64): Illuminate\\Pipeline\\Pipeline->{closure:{closure:Illuminate\\Pipeline\\Pipeline::carry():184}:185}()
#28 /home/yamojr/devyamo/edusaas/edusaas/vendor/laravel/framework/src/Illuminate/Pipeline/Pipeline.php(209): Illuminate\\Auth\\Middleware\\Authenticate->handle()
#29 /home/yamojr/devyamo/edusaas/edusaas/vendor/laravel/framework/src/Illuminate/Foundation/Http/Middleware/VerifyCsrfToken.php(88): Illuminate\\Pipeline\\Pipeline->{closure:{closure:Illuminate\\Pipeline\\Pipeline::carry():184}:185}()
#30 /home/yamojr/devyamo/edusaas/edusaas/vendor/laravel/framework/src/Illuminate/Pipeline/Pipeline.php(209): Illuminate\\Foundation\\Http\\Middleware\\VerifyCsrfToken->handle()
#31 /home/yamojr/devyamo/edusaas/edusaas/vendor/laravel/framework/src/Illuminate/View/Middleware/ShareErrorsFromSession.php(49): Illuminate\\Pipeline\\Pipeline->{closure:{closure:Illuminate\\Pipeline\\Pipeline::carry():184}:185}()
#32 /home/yamojr/devyamo/edusaas/edusaas/vendor/laravel/framework/src/Illuminate/Pipeline/Pipeline.php(209): Illuminate\\View\\Middleware\\ShareErrorsFromSession->handle()
#33 /home/yamojr/devyamo/edusaas/edusaas/vendor/laravel/framework/src/Illuminate/Session/Middleware/StartSession.php(121): Illuminate\\Pipeline\\Pipeline->{closure:{closure:Illuminate\\Pipeline\\Pipeline::carry():184}:185}()
#34 /home/yamojr/devyamo/edusaas/edusaas/vendor/laravel/framework/src/Illuminate/Session/Middleware/StartSession.php(64): Illuminate\\Session\\Middleware\\StartSession->handleStatefulRequest()
#35 /home/yamojr/devyamo/edusaas/edusaas/vendor/laravel/framework/src/Illuminate/Pipeline/Pipeline.php(209): Illuminate\\Session\\Middleware\\StartSession->handle()
#36 /home/yamojr/devyamo/edusaas/edusaas/vendor/laravel/framework/src/Illuminate/Cookie/Middleware/AddQueuedCookiesToResponse.php(37): Illuminate\\Pipeline\\Pipeline->{closure:{closure:Illuminate\\Pipeline\\Pipeline::carry():184}:185}()
#37 /home/yamojr/devyamo/edusaas/edusaas/vendor/laravel/framework/src/Illuminate/Pipeline/Pipeline.php(209): Illuminate\\Cookie\\Middleware\\AddQueuedCookiesToResponse->handle()
#38 /home/yamojr/devyamo/edusaas/edusaas/vendor/laravel/framework/src/Illuminate/Cookie/Middleware/EncryptCookies.php(75): Illuminate\\Pipeline\\Pipeline->{closure:{closure:Illuminate\\Pipeline\\Pipeline::carry():184}:185}()
#39 /home/yamojr/devyamo/edusaas/edusaas/vendor/laravel/framework/src/Illuminate/Pipeline/Pipeline.php(209): Illuminate\\Cookie\\Middleware\\EncryptCookies->handle()
#40 /home/yamojr/devyamo/edusaas/edusaas/vendor/laravel/framework/src/Illuminate/Pipeline/Pipeline.php(127): Illuminate\\Pipeline\\Pipeline->{closure:{closure:Illuminate\\Pipeline\\Pipeline::carry():184}:185}()
#41 /home/yamojr/devyamo/edusaas/edusaas/vendor/laravel/framework/src/Illuminate/Routing/Router.php(807): Illuminate\\Pipeline\\Pipeline->then()
#42 /home/yamojr/devyamo/edusaas/edusaas/vendor/laravel/framework/src/Illuminate/Routing/Router.php(786): Illuminate\\Routing\\Router->runRouteWithinStack()
#43 /home/yamojr/devyamo/edusaas/edusaas/vendor/laravel/framework/src/Illuminate/Routing/Router.php(750): Illuminate\\Routing\\Router->runRoute()
#44 /home/yamojr/devyamo/edusaas/edusaas/vendor/laravel/framework/src/Illuminate/Routing/Router.php(739): Illuminate\\Routing\\Router->dispatchToRoute()
#45 /home/yamojr/devyamo/edusaas/edusaas/vendor/laravel/framework/src/Illuminate/Foundation/Http/Kernel.php(201): Illuminate\\Routing\\Router->dispatch()
#46 /home/yamojr/devyamo/edusaas/edusaas/vendor/laravel/framework/src/Illuminate/Pipeline/Pipeline.php(170): Illuminate\\Foundation\\Http\\Kernel->{closure:Illuminate\\Foundation\\Http\\Kernel::dispatchToRouter():198}()
#47 /home/yamojr/devyamo/edusaas/edusaas/vendor/laravel/framework/src/Illuminate/Foundation/Http/Middleware/TransformsRequest.php(21): Illuminate\\Pipeline\\Pipeline->{closure:Illuminate\\Pipeline\\Pipeline::prepareDestination():168}()
#48 /home/yamojr/devyamo/edusaas/edusaas/vendor/laravel/framework/src/Illuminate/Foundation/Http/Middleware/ConvertEmptyStringsToNull.php(31): Illuminate\\Foundation\\Http\\Middleware\\TransformsRequest->handle()
#49 /home/yamojr/devyamo/edusaas/edusaas/vendor/laravel/framework/src/Illuminate/Pipeline/Pipeline.php(209): Illuminate\\Foundation\\Http\\Middleware\\ConvertEmptyStringsToNull->handle()
#50 /home/yamojr/devyamo/edusaas/edusaas/vendor/laravel/framework/src/Illuminate/Foundation/Http/Middleware/TransformsRequest.php(21): Illuminate\\Pipeline\\Pipeline->{closure:{closure:Illuminate\\Pipeline\\Pipeline::carry():184}:185}()
#51 /home/yamojr/devyamo/edusaas/edusaas/vendor/laravel/framework/src/Illuminate/Foundation/Http/Middleware/TrimStrings.php(51): Illuminate\\Foundation\\Http\\Middleware\\TransformsRequest->handle()
#52 /home/yamojr/devyamo/edusaas/edusaas/vendor/laravel/framework/src/Illuminate/Pipeline/Pipeline.php(209): Illuminate\\Foundation\\Http\\Middleware\\TrimStrings->handle()
#53 /home/yamojr/devyamo/edusaas/edusaas/vendor/laravel/framework/src/Illuminate/Http/Middleware/ValidatePostSize.php(27): Illuminate\\Pipeline\\Pipeline->{closure:{closure:Illuminate\\Pipeline\\Pipeline::carry():184}:185}()
#54 /home/yamojr/devyamo/edusaas/edusaas/vendor/laravel/framework/src/Illuminate/Pipeline/Pipeline.php(209): Illuminate\\Http\\Middleware\\ValidatePostSize->handle()
#55 /home/yamojr/devyamo/edusaas/edusaas/vendor/laravel/framework/src/Illuminate/Foundation/Http/Middleware/PreventRequestsDuringMaintenance.php(110): Illuminate\\Pipeline\\Pipeline->{closure:{closure:Illuminate\\Pipeline\\Pipeline::carry():184}:185}()
#56 /home/yamojr/devyamo/edusaas/edusaas/vendor/laravel/framework/src/Illuminate/Pipeline/Pipeline.php(209): Illuminate\\Foundation\\Http\\Middleware\\PreventRequestsDuringMaintenance->handle()
#57 /home/yamojr/devyamo/edusaas/edusaas/vendor/laravel/framework/src/Illuminate/Http/Middleware/HandleCors.php(49): Illuminate\\Pipeline\\Pipeline->{closure:{closure:Illuminate\\Pipeline\\Pipeline::carry():184}:185}()
#58 /home/yamojr/devyamo/edusaas/edusaas/vendor/laravel/framework/src/Illuminate/Pipeline/Pipeline.php(209): Illuminate\\Http\\Middleware\\HandleCors->handle()
#59 /home/yamojr/devyamo/edusaas/edusaas/vendor/laravel/framework/src/Illuminate/Http/Middleware/TrustProxies.php(58): Illuminate\\Pipeline\\Pipeline->{closure:{closure:Illuminate\\Pipeline\\Pipeline::carry():184}:185}()
#60 /home/yamojr/devyamo/edusaas/edusaas/vendor/laravel/framework/src/Illuminate/Pipeline/Pipeline.php(209): Illuminate\\Http\\Middleware\\TrustProxies->handle()
#61 /home/yamojr/devyamo/edusaas/edusaas/vendor/laravel/framework/src/Illuminate/Foundation/Http/Middleware/InvokeDeferredCallbacks.php(22): Illuminate\\Pipeline\\Pipeline->{closure:{closure:Illuminate\\Pipeline\\Pipeline::carry():184}:185}()
#62 /home/yamojr/devyamo/edusaas/edusaas/vendor/laravel/framework/src/Illuminate/Pipeline/Pipeline.php(209): Illuminate\\Foundation\\Http\\Middleware\\InvokeDeferredCallbacks->handle()
#63 /home/yamojr/devyamo/edusaas/edusaas/vendor/laravel/framework/src/Illuminate/Pipeline/Pipeline.php(127): Illuminate\\Pipeline\\Pipeline->{closure:{closure:Illuminate\\Pipeline\\Pipeline::carry():184}:185}()
#64 /home/yamojr/devyamo/edusaas/edusaas/vendor/laravel/framework/src/Illuminate/Foundation/Http/Kernel.php(176): Illuminate\\Pipeline\\Pipeline->then()
#65 /home/yamojr/devyamo/edusaas/edusaas/vendor/laravel/framework/src/Illuminate/Foundation/Http/Kernel.php(145): Illuminate\\Foundation\\Http\\Kernel->sendRequestThroughRouter()
#66 /home/yamojr/devyamo/edusaas/edusaas/vendor/laravel/framework/src/Illuminate/Foundation/Application.php(1220): Illuminate\\Foundation\\Http\\Kernel->handle()
#67 /home/yamojr/devyamo/edusaas/edusaas/public/index.php(19): Illuminate\\Foundation\\Application->handleRequest()
#68 /home/yamojr/devyamo/edusaas/edusaas/vendor/laravel/framework/src/Illuminate/Foundation/resources/server.php(23): require_once('...')
#69 {main}
"} 
[2026-05-14 06:17:09] local.ERROR: SQLSTATE[42S22]: Column not found: 1054 Unknown column 'lecturer_id' in 'where clause' (Connection: mysql, SQL: select `courses`.*, (select count(*) from `course_registrations` where `courses`.`id` = `course_registrations`.`course_id` and `semester_id` = 1 and `course_registrations`.`deleted_at` is null) as `registrations_count` from `courses` where `lecturer_id` = 1 and `semester_type` is null and `courses`.`deleted_at` is null and `courses`.`tenant_id` = 1) {"userId":2,"exception":"[object] (Illuminate\\Database\\QueryException(code: 42S22): SQLSTATE[42S22]: Column not found: 1054 Unknown column 'lecturer_id' in 'where clause' (Connection: mysql, SQL: select `courses`.*, (select count(*) from `course_registrations` where `courses`.`id` = `course_registrations`.`course_id` and `semester_id` = 1 and `course_registrations`.`deleted_at` is null) as `registrations_count` from `courses` where `lecturer_id` = 1 and `semester_type` is null and `courses`.`deleted_at` is null and `courses`.`tenant_id` = 1) at /home/yamojr/devyamo/edusaas/edusaas/vendor/laravel/framework/src/Illuminate/Database/Connection.php:825)
[stacktrace]
#0 /home/yamojr/devyamo/edusaas/edusaas/vendor/laravel/framework/src/Illuminate/Database/Connection.php(779): Illuminate\\Database\\Connection->runQueryCallback()
#1 /home/yamojr/devyamo/edusaas/edusaas/vendor/laravel/framework/src/Illuminate/Database/Connection.php(398): Illuminate\\Database\\Connection->run()
#2 /home/yamojr/devyamo/edusaas/edusaas/vendor/laravel/framework/src/Illuminate/Database/Query/Builder.php(3106): Illuminate\\Database\\Connection->select()
#3 /home/yamojr/devyamo/edusaas/edusaas/vendor/laravel/framework/src/Illuminate/Database/Query/Builder.php(3091): Illuminate\\Database\\Query\\Builder->runSelect()
#4 /home/yamojr/devyamo/edusaas/edusaas/vendor/laravel/framework/src/Illuminate/Database/Query/Builder.php(3676): Illuminate\\Database\\Query\\Builder->{closure:Illuminate\\Database\\Query\\Builder::get():3090}()
#5 /home/yamojr/devyamo/edusaas/edusaas/vendor/laravel/framework/src/Illuminate/Database/Query/Builder.php(3090): Illuminate\\Database\\Query\\Builder->onceWithColumns()
#6 /home/yamojr/devyamo/edusaas/edusaas/vendor/laravel/framework/src/Illuminate/Database/Eloquent/Builder.php(811): Illuminate\\Database\\Query\\Builder->get()
#7 /home/yamojr/devyamo/edusaas/edusaas/vendor/laravel/framework/src/Illuminate/Database/Eloquent/Builder.php(793): Illuminate\\Database\\Eloquent\\Builder->getModels()
#8 /home/yamojr/devyamo/edusaas/edusaas/app/Http/Controllers/University/DashboardController.php(49): Illuminate\\Database\\Eloquent\\Builder->get()
#9 /home/yamojr/devyamo/edusaas/edusaas/vendor/laravel/framework/src/Illuminate/Routing/Controller.php(54): App\\Http\\Controllers\\University\\DashboardController->lecturer()
#10 /home/yamojr/devyamo/edusaas/edusaas/vendor/laravel/framework/src/Illuminate/Routing/ControllerDispatcher.php(44): Illuminate\\Routing\\Controller->callAction()
#11 /home/yamojr/devyamo/edusaas/edusaas/vendor/laravel/framework/src/Illuminate/Routing/Route.php(266): Illuminate\\Routing\\ControllerDispatcher->dispatch()
#12 /home/yamojr/devyamo/edusaas/edusaas/vendor/laravel/framework/src/Illuminate/Routing/Route.php(212): Illuminate\\Routing\\Route->runController()
#13 /home/yamojr/devyamo/edusaas/edusaas/vendor/laravel/framework/src/Illuminate/Routing/Router.php(808): Illuminate\\Routing\\Route->run()
#14 /home/yamojr/devyamo/edusaas/edusaas/vendor/laravel/framework/src/Illuminate/Pipeline/Pipeline.php(170): Illuminate\\Routing\\Router->{closure:Illuminate\\Routing\\Router::runRouteWithinStack():807}()
#15 /home/yamojr/devyamo/edusaas/edusaas/app/Http/Middleware/EnsureTenantAccess.php(26): Illuminate\\Pipeline\\Pipeline->{closure:Illuminate\\Pipeline\\Pipeline::prepareDestination():168}()
#16 /home/yamojr/devyamo/edusaas/edusaas/vendor/laravel/framework/src/Illuminate/Pipeline/Pipeline.php(209): App\\Http\\Middleware\\EnsureTenantAccess->handle()
#17 /home/yamojr/devyamo/edusaas/edusaas/vendor/spatie/laravel-permission/src/Middleware/RoleMiddleware.php(37): Illuminate\\Pipeline\\Pipeline->{closure:{closure:Illuminate\\Pipeline\\Pipeline::carry():184}:185}()
#18 /home/yamojr/devyamo/edusaas/edusaas/vendor/laravel/framework/src/Illuminate/Pipeline/Pipeline.php(209): Spatie\\Permission\\Middleware\\RoleMiddleware->handle()
#19 /home/yamojr/devyamo/edusaas/edusaas/app/Http/Middleware/IdentifyTenant.php(40): Illuminate\\Pipeline\\Pipeline->{closure:{closure:Illuminate\\Pipeline\\Pipeline::carry():184}:185}()
#20 /home/yamojr/devyamo/edusaas/edusaas/vendor/laravel/framework/src/Illuminate/Pipeline/Pipeline.php(209): App\\Http\\Middleware\\IdentifyTenant->handle()
#21 /home/yamojr/devyamo/edusaas/edusaas/vendor/inertiajs/inertia-laravel/src/Middleware.php(122): Illuminate\\Pipeline\\Pipeline->{closure:{closure:Illuminate\\Pipeline\\Pipeline::carry():184}:185}()
#22 /home/yamojr/devyamo/edusaas/edusaas/vendor/laravel/framework/src/Illuminate/Pipeline/Pipeline.php(209): Inertia\\Middleware->handle()
#23 /home/yamojr/devyamo/edusaas/edusaas/vendor/laravel/framework/src/Illuminate/Routing/Middleware/SubstituteBindings.php(51): Illuminate\\Pipeline\\Pipeline->{closure:{closure:Illuminate\\Pipeline\\Pipeline::carry():184}:185}()
#24 /home/yamojr/devyamo/edusaas/edusaas/vendor/laravel/framework/src/Illuminate/Pipeline/Pipeline.php(209): Illuminate\\Routing\\Middleware\\SubstituteBindings->handle()
#25 /home/yamojr/devyamo/edusaas/edusaas/vendor/laravel/framework/src/Illuminate/Auth/Middleware/Authenticate.php(64): Illuminate\\Pipeline\\Pipeline->{closure:{closure:Illuminate\\Pipeline\\Pipeline::carry():184}:185}()
#26 /home/yamojr/devyamo/edusaas/edusaas/vendor/laravel/framework/src/Illuminate/Pipeline/Pipeline.php(209): Illuminate\\Auth\\Middleware\\Authenticate->handle()
#27 /home/yamojr/devyamo/edusaas/edusaas/vendor/laravel/framework/src/Illuminate/Foundation/Http/Middleware/VerifyCsrfToken.php(88): Illuminate\\Pipeline\\Pipeline->{closure:{closure:Illuminate\\Pipeline\\Pipeline::carry():184}:185}()
#28 /home/yamojr/devyamo/edusaas/edusaas/vendor/laravel/framework/src/Illuminate/Pipeline/Pipeline.php(209): Illuminate\\Foundation\\Http\\Middleware\\VerifyCsrfToken->handle()
#29 /home/yamojr/devyamo/edusaas/edusaas/vendor/laravel/framework/src/Illuminate/View/Middleware/ShareErrorsFromSession.php(49): Illuminate\\Pipeline\\Pipeline->{closure:{closure:Illuminate\\Pipeline\\Pipeline::carry():184}:185}()
#30 /home/yamojr/devyamo/edusaas/edusaas/vendor/laravel/framework/src/Illuminate/Pipeline/Pipeline.php(209): Illuminate\\View\\Middleware\\ShareErrorsFromSession->handle()
#31 /home/yamojr/devyamo/edusaas/edusaas/vendor/laravel/framework/src/Illuminate/Session/Middleware/StartSession.php(121): Illuminate\\Pipeline\\Pipeline->{closure:{closure:Illuminate\\Pipeline\\Pipeline::carry():184}:185}()
#32 /home/yamojr/devyamo/edusaas/edusaas/vendor/laravel/framework/src/Illuminate/Session/Middleware/StartSession.php(64): Illuminate\\Session\\Middleware\\StartSession->handleStatefulRequest()
#33 /home/yamojr/devyamo/edusaas/edusaas/vendor/laravel/framework/src/Illuminate/Pipeline/Pipeline.php(209): Illuminate\\Session\\Middleware\\StartSession->handle()
#34 /home/yamojr/devyamo/edusaas/edusaas/vendor/laravel/framework/src/Illuminate/Cookie/Middleware/AddQueuedCookiesToResponse.php(37): Illuminate\\Pipeline\\Pipeline->{closure:{closure:Illuminate\\Pipeline\\Pipeline::carry():184}:185}()
#35 /home/yamojr/devyamo/edusaas/edusaas/vendor/laravel/framework/src/Illuminate/Pipeline/Pipeline.php(209): Illuminate\\Cookie\\Middleware\\AddQueuedCookiesToResponse->handle()
#36 /home/yamojr/devyamo/edusaas/edusaas/vendor/laravel/framework/src/Illuminate/Cookie/Middleware/EncryptCookies.php(75): Illuminate\\Pipeline\\Pipeline->{closure:{closure:Illuminate\\Pipeline\\Pipeline::carry():184}:185}()
#37 /home/yamojr/devyamo/edusaas/edusaas/vendor/laravel/framework/src/Illuminate/Pipeline/Pipeline.php(209): Illuminate\\Cookie\\Middleware\\EncryptCookies->handle()
#38 /home/yamojr/devyamo/edusaas/edusaas/vendor/laravel/framework/src/Illuminate/Pipeline/Pipeline.php(127): Illuminate\\Pipeline\\Pipeline->{closure:{closure:Illuminate\\Pipeline\\Pipeline::carry():184}:185}()
#39 /home/yamojr/devyamo/edusaas/edusaas/vendor/laravel/framework/src/Illuminate/Routing/Router.php(807): Illuminate\\Pipeline\\Pipeline->then()
#40 /home/yamojr/devyamo/edusaas/edusaas/vendor/laravel/framework/src/Illuminate/Routing/Router.php(786): Illuminate\\Routing\\Router->runRouteWithinStack()
#41 /home/yamojr/devyamo/edusaas/edusaas/vendor/laravel/framework/src/Illuminate/Routing/Router.php(750): Illuminate\\Routing\\Router->runRoute()
#42 /home/yamojr/devyamo/edusaas/edusaas/vendor/laravel/framework/src/Illuminate/Routing/Router.php(739): Illuminate\\Routing\\Router->dispatchToRoute()
#43 /home/yamojr/devyamo/edusaas/edusaas/vendor/laravel/framework/src/Illuminate/Foundation/Http/Kernel.php(201): Illuminate\\Routing\\Router->dispatch()
#44 /home/yamojr/devyamo/edusaas/edusaas/vendor/laravel/framework/src/Illuminate/Pipeline/Pipeline.php(170): Illuminate\\Foundation\\Http\\Kernel->{closure:Illuminate\\Foundation\\Http\\Kernel::dispatchToRouter():198}()
#45 /home/yamojr/devyamo/edusaas/edusaas/vendor/laravel/framework/src/Illuminate/Foundation/Http/Middleware/TransformsRequest.php(21): Illuminate\\Pipeline\\Pipeline->{closure:Illuminate\\Pipeline\\Pipeline::prepareDestination():168}()
#46 /home/yamojr/devyamo/edusaas/edusaas/vendor/laravel/framework/src/Illuminate/Foundation/Http/Middleware/ConvertEmptyStringsToNull.php(31): Illuminate\\Foundation\\Http\\Middleware\\TransformsRequest->handle()
#47 /home/yamojr/devyamo/edusaas/edusaas/vendor/laravel/framework/src/Illuminate/Pipeline/Pipeline.php(209): Illuminate\\Foundation\\Http\\Middleware\\ConvertEmptyStringsToNull->handle()
#48 /home/yamojr/devyamo/edusaas/edusaas/vendor/laravel/framework/src/Illuminate/Foundation/Http/Middleware/TransformsRequest.php(21): Illuminate\\Pipeline\\Pipeline->{closure:{closure:Illuminate\\Pipeline\\Pipeline::carry():184}:185}()
#49 /home/yamojr/devyamo/edusaas/edusaas/vendor/laravel/framework/src/Illuminate/Foundation/Http/Middleware/TrimStrings.php(51): Illuminate\\Foundation\\Http\\Middleware\\TransformsRequest->handle()
#50 /home/yamojr/devyamo/edusaas/edusaas/vendor/laravel/framework/src/Illuminate/Pipeline/Pipeline.php(209): Illuminate\\Foundation\\Http\\Middleware\\TrimStrings->handle()
#51 /home/yamojr/devyamo/edusaas/edusaas/vendor/laravel/framework/src/Illuminate/Http/Middleware/ValidatePostSize.php(27): Illuminate\\Pipeline\\Pipeline->{closure:{closure:Illuminate\\Pipeline\\Pipeline::carry():184}:185}()
#52 /home/yamojr/devyamo/edusaas/edusaas/vendor/laravel/framework/src/Illuminate/Pipeline/Pipeline.php(209): Illuminate\\Http\\Middleware\\ValidatePostSize->handle()
#53 /home/yamojr/devyamo/edusaas/edusaas/vendor/laravel/framework/src/Illuminate/Foundation/Http/Middleware/PreventRequestsDuringMaintenance.php(110): Illuminate\\Pipeline\\Pipeline->{closure:{closure:Illuminate\\Pipeline\\Pipeline::carry():184}:185}()
#54 /home/yamojr/devyamo/edusaas/edusaas/vendor/laravel/framework/src/Illuminate/Pipeline/Pipeline.php(209): Illuminate\\Foundation\\Http\\Middleware\\PreventRequestsDuringMaintenance->handle()
#55 /home/yamojr/devyamo/edusaas/edusaas/vendor/laravel/framework/src/Illuminate/Http/Middleware/HandleCors.php(49): Illuminate\\Pipeline\\Pipeline->{closure:{closure:Illuminate\\Pipeline\\Pipeline::carry():184}:185}()
#56 /home/yamojr/devyamo/edusaas/edusaas/vendor/laravel/framework/src/Illuminate/Pipeline/Pipeline.php(209): Illuminate\\Http\\Middleware\\HandleCors->handle()
#57 /home/yamojr/devyamo/edusaas/edusaas/vendor/laravel/framework/src/Illuminate/Http/Middleware/TrustProxies.php(58): Illuminate\\Pipeline\\Pipeline->{closure:{closure:Illuminate\\Pipeline\\Pipeline::carry():184}:185}()
#58 /home/yamojr/devyamo/edusaas/edusaas/vendor/laravel/framework/src/Illuminate/Pipeline/Pipeline.php(209): Illuminate\\Http\\Middleware\\TrustProxies->handle()
#59 /home/yamojr/devyamo/edusaas/edusaas/vendor/laravel/framework/src/Illuminate/Foundation/Http/Middleware/InvokeDeferredCallbacks.php(22): Illuminate\\Pipeline\\Pipeline->{closure:{closure:Illuminate\\Pipeline\\Pipeline::carry():184}:185}()
#60 /home/yamojr/devyamo/edusaas/edusaas/vendor/laravel/framework/src/Illuminate/Pipeline/Pipeline.php(209): Illuminate\\Foundation\\Http\\Middleware\\InvokeDeferredCallbacks->handle()
#61 /home/yamojr/devyamo/edusaas/edusaas/vendor/laravel/framework/src/Illuminate/Pipeline/Pipeline.php(127): Illuminate\\Pipeline\\Pipeline->{closure:{closure:Illuminate\\Pipeline\\Pipeline::carry():184}:185}()
#62 /home/yamojr/devyamo/edusaas/edusaas/vendor/laravel/framework/src/Illuminate/Foundation/Http/Kernel.php(176): Illuminate\\Pipeline\\Pipeline->then()
#63 /home/yamojr/devyamo/edusaas/edusaas/vendor/laravel/framework/src/Illuminate/Foundation/Http/Kernel.php(145): Illuminate\\Foundation\\Http\\Kernel->sendRequestThroughRouter()
#64 /home/yamojr/devyamo/edusaas/edusaas/vendor/laravel/framework/src/Illuminate/Foundation/Application.php(1220): Illuminate\\Foundation\\Http\\Kernel->handle()
#65 /home/yamojr/devyamo/edusaas/edusaas/public/index.php(19): Illuminate\\Foundation\\Application->handleRequest()
#66 /home/yamojr/devyamo/edusaas/edusaas/vendor/laravel/framework/src/Illuminate/Foundation/resources/server.php(23): require_once('...')
#67 {main}

[previous exception] [object] (PDOException(code: 42S22): SQLSTATE[42S22]: Column not found: 1054 Unknown column 'lecturer_id' in 'where clause' at /home/yamojr/devyamo/edusaas/edusaas/vendor/laravel/framework/src/Illuminate/Database/Connection.php:407)
[stacktrace]
#0 /home/yamojr/devyamo/edusaas/edusaas/vendor/laravel/framework/src/Illuminate/Database/Connection.php(407): PDO->prepare()
#1 /home/yamojr/devyamo/edusaas/edusaas/vendor/laravel/framework/src/Illuminate/Database/Connection.php(812): Illuminate\\Database\\Connection->{closure:Illuminate\\Database\\Connection::select():398}()
#2 /home/yamojr/devyamo/edusaas/edusaas/vendor/laravel/framework/src/Illuminate/Database/Connection.php(779): Illuminate\\Database\\Connection->runQueryCallback()
#3 /home/yamojr/devyamo/edusaas/edusaas/vendor/laravel/framework/src/Illuminate/Database/Connection.php(398): Illuminate\\Database\\Connection->run()
#4 /home/yamojr/devyamo/edusaas/edusaas/vendor/laravel/framework/src/Illuminate/Database/Query/Builder.php(3106): Illuminate\\Database\\Connection->select()
#5 /home/yamojr/devyamo/edusaas/edusaas/vendor/laravel/framework/src/Illuminate/Database/Query/Builder.php(3091): Illuminate\\Database\\Query\\Builder->runSelect()
#6 /home/yamojr/devyamo/edusaas/edusaas/vendor/laravel/framework/src/Illuminate/Database/Query/Builder.php(3676): Illuminate\\Database\\Query\\Builder->{closure:Illuminate\\Database\\Query\\Builder::get():3090}()
#7 /home/yamojr/devyamo/edusaas/edusaas/vendor/laravel/framework/src/Illuminate/Database/Query/Builder.php(3090): Illuminate\\Database\\Query\\Builder->onceWithColumns()
#8 /home/yamojr/devyamo/edusaas/edusaas/vendor/laravel/framework/src/Illuminate/Database/Eloquent/Builder.php(811): Illuminate\\Database\\Query\\Builder->get()
#9 /home/yamojr/devyamo/edusaas/edusaas/vendor/laravel/framework/src/Illuminate/Database/Eloquent/Builder.php(793): Illuminate\\Database\\Eloquent\\Builder->getModels()
#10 /home/yamojr/devyamo/edusaas/edusaas/app/Http/Controllers/University/DashboardController.php(49): Illuminate\\Database\\Eloquent\\Builder->get()
#11 /home/yamojr/devyamo/edusaas/edusaas/vendor/laravel/framework/src/Illuminate/Routing/Controller.php(54): App\\Http\\Controllers\\University\\DashboardController->lecturer()
#12 /home/yamojr/devyamo/edusaas/edusaas/vendor/laravel/framework/src/Illuminate/Routing/ControllerDispatcher.php(44): Illuminate\\Routing\\Controller->callAction()
#13 /home/yamojr/devyamo/edusaas/edusaas/vendor/laravel/framework/src/Illuminate/Routing/Route.php(266): Illuminate\\Routing\\ControllerDispatcher->dispatch()
#14 /home/yamojr/devyamo/edusaas/edusaas/vendor/laravel/framework/src/Illuminate/Routing/Route.php(212): Illuminate\\Routing\\Route->runController()
#15 /home/yamojr/devyamo/edusaas/edusaas/vendor/laravel/framework/src/Illuminate/Routing/Router.php(808): Illuminate\\Routing\\Route->run()
#16 /home/yamojr/devyamo/edusaas/edusaas/vendor/laravel/framework/src/Illuminate/Pipeline/Pipeline.php(170): Illuminate\\Routing\\Router->{closure:Illuminate\\Routing\\Router::runRouteWithinStack():807}()
#17 /home/yamojr/devyamo/edusaas/edusaas/app/Http/Middleware/EnsureTenantAccess.php(26): Illuminate\\Pipeline\\Pipeline->{closure:Illuminate\\Pipeline\\Pipeline::prepareDestination():168}()
#18 /home/yamojr/devyamo/edusaas/edusaas/vendor/laravel/framework/src/Illuminate/Pipeline/Pipeline.php(209): App\\Http\\Middleware\\EnsureTenantAccess->handle()
#19 /home/yamojr/devyamo/edusaas/edusaas/vendor/spatie/laravel-permission/src/Middleware/RoleMiddleware.php(37): Illuminate\\Pipeline\\Pipeline->{closure:{closure:Illuminate\\Pipeline\\Pipeline::carry():184}:185}()
#20 /home/yamojr/devyamo/edusaas/edusaas/vendor/laravel/framework/src/Illuminate/Pipeline/Pipeline.php(209): Spatie\\Permission\\Middleware\\RoleMiddleware->handle()
#21 /home/yamojr/devyamo/edusaas/edusaas/app/Http/Middleware/IdentifyTenant.php(40): Illuminate\\Pipeline\\Pipeline->{closure:{closure:Illuminate\\Pipeline\\Pipeline::carry():184}:185}()
#22 /home/yamojr/devyamo/edusaas/edusaas/vendor/laravel/framework/src/Illuminate/Pipeline/Pipeline.php(209): App\\Http\\Middleware\\IdentifyTenant->handle()
#23 /home/yamojr/devyamo/edusaas/edusaas/vendor/inertiajs/inertia-laravel/src/Middleware.php(122): Illuminate\\Pipeline\\Pipeline->{closure:{closure:Illuminate\\Pipeline\\Pipeline::carry():184}:185}()
#24 /home/yamojr/devyamo/edusaas/edusaas/vendor/laravel/framework/src/Illuminate/Pipeline/Pipeline.php(209): Inertia\\Middleware->handle()
#25 /home/yamojr/devyamo/edusaas/edusaas/vendor/laravel/framework/src/Illuminate/Routing/Middleware/SubstituteBindings.php(51): Illuminate\\Pipeline\\Pipeline->{closure:{closure:Illuminate\\Pipeline\\Pipeline::carry():184}:185}()
#26 /home/yamojr/devyamo/edusaas/edusaas/vendor/laravel/framework/src/Illuminate/Pipeline/Pipeline.php(209): Illuminate\\Routing\\Middleware\\SubstituteBindings->handle()
#27 /home/yamojr/devyamo/edusaas/edusaas/vendor/laravel/framework/src/Illuminate/Auth/Middleware/Authenticate.php(64): Illuminate\\Pipeline\\Pipeline->{closure:{closure:Illuminate\\Pipeline\\Pipeline::carry():184}:185}()
#28 /home/yamojr/devyamo/edusaas/edusaas/vendor/laravel/framework/src/Illuminate/Pipeline/Pipeline.php(209): Illuminate\\Auth\\Middleware\\Authenticate->handle()
#29 /home/yamojr/devyamo/edusaas/edusaas/vendor/laravel/framework/src/Illuminate/Foundation/Http/Middleware/VerifyCsrfToken.php(88): Illuminate\\Pipeline\\Pipeline->{closure:{closure:Illuminate\\Pipeline\\Pipeline::carry():184}:185}()
#30 /home/yamojr/devyamo/edusaas/edusaas/vendor/laravel/framework/src/Illuminate/Pipeline/Pipeline.php(209): Illuminate\\Foundation\\Http\\Middleware\\VerifyCsrfToken->handle()
#31 /home/yamojr/devyamo/edusaas/edusaas/vendor/laravel/framework/src/Illuminate/View/Middleware/ShareErrorsFromSession.php(49): Illuminate\\Pipeline\\Pipeline->{closure:{closure:Illuminate\\Pipeline\\Pipeline::carry():184}:185}()
#32 /home/yamojr/devyamo/edusaas/edusaas/vendor/laravel/framework/src/Illuminate/Pipeline/Pipeline.php(209): Illuminate\\View\\Middleware\\ShareErrorsFromSession->handle()
#33 /home/yamojr/devyamo/edusaas/edusaas/vendor/laravel/framework/src/Illuminate/Session/Middleware/StartSession.php(121): Illuminate\\Pipeline\\Pipeline->{closure:{closure:Illuminate\\Pipeline\\Pipeline::carry():184}:185}()
#34 /home/yamojr/devyamo/edusaas/edusaas/vendor/laravel/framework/src/Illuminate/Session/Middleware/StartSession.php(64): Illuminate\\Session\\Middleware\\StartSession->handleStatefulRequest()
#35 /home/yamojr/devyamo/edusaas/edusaas/vendor/laravel/framework/src/Illuminate/Pipeline/Pipeline.php(209): Illuminate\\Session\\Middleware\\StartSession->handle()
#36 /home/yamojr/devyamo/edusaas/edusaas/vendor/laravel/framework/src/Illuminate/Cookie/Middleware/AddQueuedCookiesToResponse.php(37): Illuminate\\Pipeline\\Pipeline->{closure:{closure:Illuminate\\Pipeline\\Pipeline::carry():184}:185}()
#37 /home/yamojr/devyamo/edusaas/edusaas/vendor/laravel/framework/src/Illuminate/Pipeline/Pipeline.php(209): Illuminate\\Cookie\\Middleware\\AddQueuedCookiesToResponse->handle()
#38 /home/yamojr/devyamo/edusaas/edusaas/vendor/laravel/framework/src/Illuminate/Cookie/Middleware/EncryptCookies.php(75): Illuminate\\Pipeline\\Pipeline->{closure:{closure:Illuminate\\Pipeline\\Pipeline::carry():184}:185}()
#39 /home/yamojr/devyamo/edusaas/edusaas/vendor/laravel/framework/src/Illuminate/Pipeline/Pipeline.php(209): Illuminate\\Cookie\\Middleware\\EncryptCookies->handle()
#40 /home/yamojr/devyamo/edusaas/edusaas/vendor/laravel/framework/src/Illuminate/Pipeline/Pipeline.php(127): Illuminate\\Pipeline\\Pipeline->{closure:{closure:Illuminate\\Pipeline\\Pipeline::carry():184}:185}()
#41 /home/yamojr/devyamo/edusaas/edusaas/vendor/laravel/framework/src/Illuminate/Routing/Router.php(807): Illuminate\\Pipeline\\Pipeline->then()
#42 /home/yamojr/devyamo/edusaas/edusaas/vendor/laravel/framework/src/Illuminate/Routing/Router.php(786): Illuminate\\Routing\\Router->runRouteWithinStack()
#43 /home/yamojr/devyamo/edusaas/edusaas/vendor/laravel/framework/src/Illuminate/Routing/Router.php(750): Illuminate\\Routing\\Router->runRoute()
#44 /home/yamojr/devyamo/edusaas/edusaas/vendor/laravel/framework/src/Illuminate/Routing/Router.php(739): Illuminate\\Routing\\Router->dispatchToRoute()
#45 /home/yamojr/devyamo/edusaas/edusaas/vendor/laravel/framework/src/Illuminate/Foundation/Http/Kernel.php(201): Illuminate\\Routing\\Router->dispatch()
#46 /home/yamojr/devyamo/edusaas/edusaas/vendor/laravel/framework/src/Illuminate/Pipeline/Pipeline.php(170): Illuminate\\Foundation\\Http\\Kernel->{closure:Illuminate\\Foundation\\Http\\Kernel::dispatchToRouter():198}()
#47 /home/yamojr/devyamo/edusaas/edusaas/vendor/laravel/framework/src/Illuminate/Foundation/Http/Middleware/TransformsRequest.php(21): Illuminate\\Pipeline\\Pipeline->{closure:Illuminate\\Pipeline\\Pipeline::prepareDestination():168}()
#48 /home/yamojr/devyamo/edusaas/edusaas/vendor/laravel/framework/src/Illuminate/Foundation/Http/Middleware/ConvertEmptyStringsToNull.php(31): Illuminate\\Foundation\\Http\\Middleware\\TransformsRequest->handle()
#49 /home/yamojr/devyamo/edusaas/edusaas/vendor/laravel/framework/src/Illuminate/Pipeline/Pipeline.php(209): Illuminate\\Foundation\\Http\\Middleware\\ConvertEmptyStringsToNull->handle()
#50 /home/yamojr/devyamo/edusaas/edusaas/vendor/laravel/framework/src/Illuminate/Foundation/Http/Middleware/TransformsRequest.php(21): Illuminate\\Pipeline\\Pipeline->{closure:{closure:Illuminate\\Pipeline\\Pipeline::carry():184}:185}()
#51 /home/yamojr/devyamo/edusaas/edusaas/vendor/laravel/framework/src/Illuminate/Foundation/Http/Middleware/TrimStrings.php(51): Illuminate\\Foundation\\Http\\Middleware\\TransformsRequest->handle()
#52 /home/yamojr/devyamo/edusaas/edusaas/vendor/laravel/framework/src/Illuminate/Pipeline/Pipeline.php(209): Illuminate\\Foundation\\Http\\Middleware\\TrimStrings->handle()
#53 /home/yamojr/devyamo/edusaas/edusaas/vendor/laravel/framework/src/Illuminate/Http/Middleware/ValidatePostSize.php(27): Illuminate\\Pipeline\\Pipeline->{closure:{closure:Illuminate\\Pipeline\\Pipeline::carry():184}:185}()
#54 /home/yamojr/devyamo/edusaas/edusaas/vendor/laravel/framework/src/Illuminate/Pipeline/Pipeline.php(209): Illuminate\\Http\\Middleware\\ValidatePostSize->handle()
#55 /home/yamojr/devyamo/edusaas/edusaas/vendor/laravel/framework/src/Illuminate/Foundation/Http/Middleware/PreventRequestsDuringMaintenance.php(110): Illuminate\\Pipeline\\Pipeline->{closure:{closure:Illuminate\\Pipeline\\Pipeline::carry():184}:185}()
#56 /home/yamojr/devyamo/edusaas/edusaas/vendor/laravel/framework/src/Illuminate/Pipeline/Pipeline.php(209): Illuminate\\Foundation\\Http\\Middleware\\PreventRequestsDuringMaintenance->handle()
#57 /home/yamojr/devyamo/edusaas/edusaas/vendor/laravel/framework/src/Illuminate/Http/Middleware/HandleCors.php(49): Illuminate\\Pipeline\\Pipeline->{closure:{closure:Illuminate\\Pipeline\\Pipeline::carry():184}:185}()
#58 /home/yamojr/devyamo/edusaas/edusaas/vendor/laravel/framework/src/Illuminate/Pipeline/Pipeline.php(209): Illuminate\\Http\\Middleware\\HandleCors->handle()
#59 /home/yamojr/devyamo/edusaas/edusaas/vendor/laravel/framework/src/Illuminate/Http/Middleware/TrustProxies.php(58): Illuminate\\Pipeline\\Pipeline->{closure:{closure:Illuminate\\Pipeline\\Pipeline::carry():184}:185}()
#60 /home/yamojr/devyamo/edusaas/edusaas/vendor/laravel/framework/src/Illuminate/Pipeline/Pipeline.php(209): Illuminate\\Http\\Middleware\\TrustProxies->handle()
#61 /home/yamojr/devyamo/edusaas/edusaas/vendor/laravel/framework/src/Illuminate/Foundation/Http/Middleware/InvokeDeferredCallbacks.php(22): Illuminate\\Pipeline\\Pipeline->{closure:{closure:Illuminate\\Pipeline\\Pipeline::carry():184}:185}()
#62 /home/yamojr/devyamo/edusaas/edusaas/vendor/laravel/framework/src/Illuminate/Pipeline/Pipeline.php(209): Illuminate\\Foundation\\Http\\Middleware\\InvokeDeferredCallbacks->handle()
#63 /home/yamojr/devyamo/edusaas/edusaas/vendor/laravel/framework/src/Illuminate/Pipeline/Pipeline.php(127): Illuminate\\Pipeline\\Pipeline->{closure:{closure:Illuminate\\Pipeline\\Pipeline::carry():184}:185}()
#64 /home/yamojr/devyamo/edusaas/edusaas/vendor/laravel/framework/src/Illuminate/Foundation/Http/Kernel.php(176): Illuminate\\Pipeline\\Pipeline->then()
#65 /home/yamojr/devyamo/edusaas/edusaas/vendor/laravel/framework/src/Illuminate/Foundation/Http/Kernel.php(145): Illuminate\\Foundation\\Http\\Kernel->sendRequestThroughRouter()
#66 /home/yamojr/devyamo/edusaas/edusaas/vendor/laravel/framework/src/Illuminate/Foundation/Application.php(1220): Illuminate\\Foundation\\Http\\Kernel->handle()
#67 /home/yamojr/devyamo/edusaas/edusaas/public/index.php(19): Illuminate\\Foundation\\Application->handleRequest()
#68 /home/yamojr/devyamo/edusaas/edusaas/vendor/laravel/framework/src/Illuminate/Foundation/resources/server.php(23): require_once('...')
#69 {main}
"} 
[2026-05-14 06:17:40] local.ERROR: SQLSTATE[42S22]: Column not found: 1054 Unknown column 'type' in 'field list' (Connection: mysql, SQL: insert into `semesters` (`tenant_id`, `academic_session_id`, `name`, `type`, `is_current`, `updated_at`, `created_at`) values (1, 1, First Semester, first, 1, 2026-05-14 06:17:40, 2026-05-14 06:17:40)) {"exception":"[object] (Illuminate\\Database\\QueryException(code: 42S22): SQLSTATE[42S22]: Column not found: 1054 Unknown column 'type' in 'field list' (Connection: mysql, SQL: insert into `semesters` (`tenant_id`, `academic_session_id`, `name`, `type`, `is_current`, `updated_at`, `created_at`) values (1, 1, First Semester, first, 1, 2026-05-14 06:17:40, 2026-05-14 06:17:40)) at /home/yamojr/devyamo/edusaas/edusaas/vendor/laravel/framework/src/Illuminate/Database/Connection.php:825)
[stacktrace]
#0 /home/yamojr/devyamo/edusaas/edusaas/vendor/laravel/framework/src/Illuminate/Database/Connection.php(779): Illuminate\\Database\\Connection->runQueryCallback()
#1 /home/yamojr/devyamo/edusaas/edusaas/vendor/laravel/framework/src/Illuminate/Database/MySqlConnection.php(42): Illuminate\\Database\\Connection->run()
#2 /home/yamojr/devyamo/edusaas/edusaas/vendor/laravel/framework/src/Illuminate/Database/Query/Processors/MySqlProcessor.php(35): Illuminate\\Database\\MySqlConnection->insert()
#3 /home/yamojr/devyamo/edusaas/edusaas/vendor/laravel/framework/src/Illuminate/Database/Query/Builder.php(3766): Illuminate\\Database\\Query\\Processors\\MySqlProcessor->processInsertGetId()
#4 /home/yamojr/devyamo/edusaas/edusaas/vendor/laravel/framework/src/Illuminate/Database/Eloquent/Builder.php(2120): Illuminate\\Database\\Query\\Builder->insertGetId()
#5 /home/yamojr/devyamo/edusaas/edusaas/vendor/laravel/framework/src/Illuminate/Database/Eloquent/Model.php(1359): Illuminate\\Database\\Eloquent\\Builder->__call()
#6 /home/yamojr/devyamo/edusaas/edusaas/vendor/laravel/framework/src/Illuminate/Database/Eloquent/Model.php(1324): Illuminate\\Database\\Eloquent\\Model->insertAndSetId()
#7 /home/yamojr/devyamo/edusaas/edusaas/vendor/laravel/framework/src/Illuminate/Database/Eloquent/Model.php(1163): Illuminate\\Database\\Eloquent\\Model->performInsert()
#8 /home/yamojr/devyamo/edusaas/edusaas/vendor/laravel/framework/src/Illuminate/Database/Eloquent/Builder.php(1128): Illuminate\\Database\\Eloquent\\Model->save()
#9 /home/yamojr/devyamo/edusaas/edusaas/vendor/laravel/framework/src/Illuminate/Support/helpers.php(399): Illuminate\\Database\\Eloquent\\Builder->{closure:Illuminate\\Database\\Eloquent\\Builder::create():1127}()
#10 /home/yamojr/devyamo/edusaas/edusaas/vendor/laravel/framework/src/Illuminate/Database/Eloquent/Builder.php(1127): tap()
#11 /home/yamojr/devyamo/edusaas/edusaas/vendor/laravel/framework/src/Illuminate/Support/Traits/ForwardsCalls.php(23): Illuminate\\Database\\Eloquent\\Builder->create()
#12 /home/yamojr/devyamo/edusaas/edusaas/vendor/laravel/framework/src/Illuminate/Database/Eloquent/Model.php(2372): Illuminate\\Database\\Eloquent\\Model->forwardCallTo()
#13 /home/yamojr/devyamo/edusaas/edusaas/vendor/laravel/framework/src/Illuminate/Database/Eloquent/Model.php(2384): Illuminate\\Database\\Eloquent\\Model->__call()
#14 /home/yamojr/devyamo/edusaas/edusaas/database/seeders/SchoolSeeder.php(77): Illuminate\\Database\\Eloquent\\Model::__callStatic()
#15 /home/yamojr/devyamo/edusaas/edusaas/vendor/laravel/framework/src/Illuminate/Container/BoundMethod.php(36): Database\\Seeders\\SchoolSeeder->run()
#16 /home/yamojr/devyamo/edusaas/edusaas/vendor/laravel/framework/src/Illuminate/Container/Util.php(43): Illuminate\\Container\\BoundMethod::{closure:Illuminate\\Container\\BoundMethod::call():35}()
#17 /home/yamojr/devyamo/edusaas/edusaas/vendor/laravel/framework/src/Illuminate/Container/BoundMethod.php(95): Illuminate\\Container\\Util::unwrapIfClosure()
#18 /home/yamojr/devyamo/edusaas/edusaas/vendor/laravel/framework/src/Illuminate/Container/BoundMethod.php(35): Illuminate\\Container\\BoundMethod::callBoundMethod()
#19 /home/yamojr/devyamo/edusaas/edusaas/vendor/laravel/framework/src/Illuminate/Container/Container.php(696): Illuminate\\Container\\BoundMethod::call()
#20 /home/yamojr/devyamo/edusaas/edusaas/vendor/laravel/framework/src/Illuminate/Database/Seeder.php(188): Illuminate\\Container\\Container->call()
#21 /home/yamojr/devyamo/edusaas/edusaas/vendor/laravel/framework/src/Illuminate/Database/Seeder.php(197): Illuminate\\Database\\Seeder->{closure:Illuminate\\Database\\Seeder::__invoke():187}()
#22 /home/yamojr/devyamo/edusaas/edusaas/vendor/laravel/framework/src/Illuminate/Database/Seeder.php(61): Illuminate\\Database\\Seeder->__invoke()
#23 /home/yamojr/devyamo/edusaas/edusaas/database/seeders/DatabaseSeeder.php(14): Illuminate\\Database\\Seeder->call()
#24 /home/yamojr/devyamo/edusaas/edusaas/vendor/laravel/framework/src/Illuminate/Container/BoundMethod.php(36): Database\\Seeders\\DatabaseSeeder->run()
#25 /home/yamojr/devyamo/edusaas/edusaas/vendor/laravel/framework/src/Illuminate/Container/Util.php(43): Illuminate\\Container\\BoundMethod::{closure:Illuminate\\Container\\BoundMethod::call():35}()
#26 /home/yamojr/devyamo/edusaas/edusaas/vendor/laravel/framework/src/Illuminate/Container/BoundMethod.php(95): Illuminate\\Container\\Util::unwrapIfClosure()
#27 /home/yamojr/devyamo/edusaas/edusaas/vendor/laravel/framework/src/Illuminate/Container/BoundMethod.php(35): Illuminate\\Container\\BoundMethod::callBoundMethod()
#28 /home/yamojr/devyamo/edusaas/edusaas/vendor/laravel/framework/src/Illuminate/Container/Container.php(696): Illuminate\\Container\\BoundMethod::call()
#29 /home/yamojr/devyamo/edusaas/edusaas/vendor/laravel/framework/src/Illuminate/Database/Seeder.php(188): Illuminate\\Container\\Container->call()
#30 /home/yamojr/devyamo/edusaas/edusaas/vendor/laravel/framework/src/Illuminate/Database/Seeder.php(197): Illuminate\\Database\\Seeder->{closure:Illuminate\\Database\\Seeder::__invoke():187}()
#31 /home/yamojr/devyamo/edusaas/edusaas/vendor/laravel/framework/src/Illuminate/Database/Console/Seeds/SeedCommand.php(70): Illuminate\\Database\\Seeder->__invoke()
#32 /home/yamojr/devyamo/edusaas/edusaas/vendor/laravel/framework/src/Illuminate/Database/Eloquent/Concerns/GuardsAttributes.php(155): Illuminate\\Database\\Console\\Seeds\\SeedCommand->{closure:Illuminate\\Database\\Console\\Seeds\\SeedCommand::handle():69}()
#33 /home/yamojr/devyamo/edusaas/edusaas/vendor/laravel/framework/src/Illuminate/Database/Console/Seeds/SeedCommand.php(69): Illuminate\\Database\\Eloquent\\Model::unguarded()
#34 /home/yamojr/devyamo/edusaas/edusaas/vendor/laravel/framework/src/Illuminate/Container/BoundMethod.php(36): Illuminate\\Database\\Console\\Seeds\\SeedCommand->handle()
#35 /home/yamojr/devyamo/edusaas/edusaas/vendor/laravel/framework/src/Illuminate/Container/Util.php(43): Illuminate\\Container\\BoundMethod::{closure:Illuminate\\Container\\BoundMethod::call():35}()
#36 /home/yamojr/devyamo/edusaas/edusaas/vendor/laravel/framework/src/Illuminate/Container/BoundMethod.php(95): Illuminate\\Container\\Util::unwrapIfClosure()
#37 /home/yamojr/devyamo/edusaas/edusaas/vendor/laravel/framework/src/Illuminate/Container/BoundMethod.php(35): Illuminate\\Container\\BoundMethod::callBoundMethod()
#38 /home/yamojr/devyamo/edusaas/edusaas/vendor/laravel/framework/src/Illuminate/Container/Container.php(696): Illuminate\\Container\\BoundMethod::call()
#39 /home/yamojr/devyamo/edusaas/edusaas/vendor/laravel/framework/src/Illuminate/Console/Command.php(213): Illuminate\\Container\\Container->call()
#40 /home/yamojr/devyamo/edusaas/edusaas/vendor/symfony/console/Command/Command.php(341): Illuminate\\Console\\Command->execute()
#41 /home/yamojr/devyamo/edusaas/edusaas/vendor/laravel/framework/src/Illuminate/Console/Command.php(182): Symfony\\Component\\Console\\Command\\Command->run()
#42 /home/yamojr/devyamo/edusaas/edusaas/vendor/laravel/framework/src/Illuminate/Console/Concerns/CallsCommands.php(68): Illuminate\\Console\\Command->run()
#43 /home/yamojr/devyamo/edusaas/edusaas/vendor/laravel/framework/src/Illuminate/Console/Concerns/CallsCommands.php(29): Illuminate\\Console\\Command->runCommand()
#44 /home/yamojr/devyamo/edusaas/edusaas/vendor/laravel/framework/src/Illuminate/Database/Console/Migrations/FreshCommand.php(122): Illuminate\\Console\\Command->call()
#45 /home/yamojr/devyamo/edusaas/edusaas/vendor/laravel/framework/src/Illuminate/Database/Console/Migrations/FreshCommand.php(98): Illuminate\\Database\\Console\\Migrations\\FreshCommand->runSeeder()
#46 /home/yamojr/devyamo/edusaas/edusaas/vendor/laravel/framework/src/Illuminate/Container/BoundMethod.php(36): Illuminate\\Database\\Console\\Migrations\\FreshCommand->handle()
#47 /home/yamojr/devyamo/edusaas/edusaas/vendor/laravel/framework/src/Illuminate/Container/Util.php(43): Illuminate\\Container\\BoundMethod::{closure:Illuminate\\Container\\BoundMethod::call():35}()
#48 /home/yamojr/devyamo/edusaas/edusaas/vendor/laravel/framework/src/Illuminate/Container/BoundMethod.php(95): Illuminate\\Container\\Util::unwrapIfClosure()
#49 /home/yamojr/devyamo/edusaas/edusaas/vendor/laravel/framework/src/Illuminate/Container/BoundMethod.php(35): Illuminate\\Container\\BoundMethod::callBoundMethod()
#50 /home/yamojr/devyamo/edusaas/edusaas/vendor/laravel/framework/src/Illuminate/Container/Container.php(696): Illuminate\\Container\\BoundMethod::call()
#51 /home/yamojr/devyamo/edusaas/edusaas/vendor/laravel/framework/src/Illuminate/Console/Command.php(213): Illuminate\\Container\\Container->call()
#52 /home/yamojr/devyamo/edusaas/edusaas/vendor/symfony/console/Command/Command.php(341): Illuminate\\Console\\Command->execute()
#53 /home/yamojr/devyamo/edusaas/edusaas/vendor/laravel/framework/src/Illuminate/Console/Command.php(182): Symfony\\Component\\Console\\Command\\Command->run()
#54 /home/yamojr/devyamo/edusaas/edusaas/vendor/symfony/console/Application.php(1117): Illuminate\\Console\\Command->run()
#55 /home/yamojr/devyamo/edusaas/edusaas/vendor/symfony/console/Application.php(356): Symfony\\Component\\Console\\Application->doRunCommand()
#56 /home/yamojr/devyamo/edusaas/edusaas/vendor/symfony/console/Application.php(195): Symfony\\Component\\Console\\Application->doRun()
#57 /home/yamojr/devyamo/edusaas/edusaas/vendor/laravel/framework/src/Illuminate/Foundation/Console/Kernel.php(198): Symfony\\Component\\Console\\Application->run()
#58 /home/yamojr/devyamo/edusaas/edusaas/vendor/laravel/framework/src/Illuminate/Foundation/Application.php(1235): Illuminate\\Foundation\\Console\\Kernel->handle()
#59 /home/yamojr/devyamo/edusaas/edusaas/artisan(12): Illuminate\\Foundation\\Application->handleCommand()
#60 {main}

[previous exception] [object] (PDOException(code: 42S22): SQLSTATE[42S22]: Column not found: 1054 Unknown column 'type' in 'field list' at /home/yamojr/devyamo/edusaas/edusaas/vendor/laravel/framework/src/Illuminate/Database/MySqlConnection.php:47)
[stacktrace]
#0 /home/yamojr/devyamo/edusaas/edusaas/vendor/laravel/framework/src/Illuminate/Database/MySqlConnection.php(47): PDO->prepare()
#1 /home/yamojr/devyamo/edusaas/edusaas/vendor/laravel/framework/src/Illuminate/Database/Connection.php(812): Illuminate\\Database\\MySqlConnection->{closure:Illuminate\\Database\\MySqlConnection::insert():42}()
#2 /home/yamojr/devyamo/edusaas/edusaas/vendor/laravel/framework/src/Illuminate/Database/Connection.php(779): Illuminate\\Database\\Connection->runQueryCallback()
#3 /home/yamojr/devyamo/edusaas/edusaas/vendor/laravel/framework/src/Illuminate/Database/MySqlConnection.php(42): Illuminate\\Database\\Connection->run()
#4 /home/yamojr/devyamo/edusaas/edusaas/vendor/laravel/framework/src/Illuminate/Database/Query/Processors/MySqlProcessor.php(35): Illuminate\\Database\\MySqlConnection->insert()
#5 /home/yamojr/devyamo/edusaas/edusaas/vendor/laravel/framework/src/Illuminate/Database/Query/Builder.php(3766): Illuminate\\Database\\Query\\Processors\\MySqlProcessor->processInsertGetId()
#6 /home/yamojr/devyamo/edusaas/edusaas/vendor/laravel/framework/src/Illuminate/Database/Eloquent/Builder.php(2120): Illuminate\\Database\\Query\\Builder->insertGetId()
#7 /home/yamojr/devyamo/edusaas/edusaas/vendor/laravel/framework/src/Illuminate/Database/Eloquent/Model.php(1359): Illuminate\\Database\\Eloquent\\Builder->__call()
#8 /home/yamojr/devyamo/edusaas/edusaas/vendor/laravel/framework/src/Illuminate/Database/Eloquent/Model.php(1324): Illuminate\\Database\\Eloquent\\Model->insertAndSetId()
#9 /home/yamojr/devyamo/edusaas/edusaas/vendor/laravel/framework/src/Illuminate/Database/Eloquent/Model.php(1163): Illuminate\\Database\\Eloquent\\Model->performInsert()
#10 /home/yamojr/devyamo/edusaas/edusaas/vendor/laravel/framework/src/Illuminate/Database/Eloquent/Builder.php(1128): Illuminate\\Database\\Eloquent\\Model->save()
#11 /home/yamojr/devyamo/edusaas/edusaas/vendor/laravel/framework/src/Illuminate/Support/helpers.php(399): Illuminate\\Database\\Eloquent\\Builder->{closure:Illuminate\\Database\\Eloquent\\Builder::create():1127}()
#12 /home/yamojr/devyamo/edusaas/edusaas/vendor/laravel/framework/src/Illuminate/Database/Eloquent/Builder.php(1127): tap()
#13 /home/yamojr/devyamo/edusaas/edusaas/vendor/laravel/framework/src/Illuminate/Support/Traits/ForwardsCalls.php(23): Illuminate\\Database\\Eloquent\\Builder->create()
#14 /home/yamojr/devyamo/edusaas/edusaas/vendor/laravel/framework/src/Illuminate/Database/Eloquent/Model.php(2372): Illuminate\\Database\\Eloquent\\Model->forwardCallTo()
#15 /home/yamojr/devyamo/edusaas/edusaas/vendor/laravel/framework/src/Illuminate/Database/Eloquent/Model.php(2384): Illuminate\\Database\\Eloquent\\Model->__call()
#16 /home/yamojr/devyamo/edusaas/edusaas/database/seeders/SchoolSeeder.php(77): Illuminate\\Database\\Eloquent\\Model::__callStatic()
#17 /home/yamojr/devyamo/edusaas/edusaas/vendor/laravel/framework/src/Illuminate/Container/BoundMethod.php(36): Database\\Seeders\\SchoolSeeder->run()
#18 /home/yamojr/devyamo/edusaas/edusaas/vendor/laravel/framework/src/Illuminate/Container/Util.php(43): Illuminate\\Container\\BoundMethod::{closure:Illuminate\\Container\\BoundMethod::call():35}()
#19 /home/yamojr/devyamo/edusaas/edusaas/vendor/laravel/framework/src/Illuminate/Container/BoundMethod.php(95): Illuminate\\Container\\Util::unwrapIfClosure()
#20 /home/yamojr/devyamo/edusaas/edusaas/vendor/laravel/framework/src/Illuminate/Container/BoundMethod.php(35): Illuminate\\Container\\BoundMethod::callBoundMethod()
#21 /home/yamojr/devyamo/edusaas/edusaas/vendor/laravel/framework/src/Illuminate/Container/Container.php(696): Illuminate\\Container\\BoundMethod::call()
#22 /home/yamojr/devyamo/edusaas/edusaas/vendor/laravel/framework/src/Illuminate/Database/Seeder.php(188): Illuminate\\Container\\Container->call()
#23 /home/yamojr/devyamo/edusaas/edusaas/vendor/laravel/framework/src/Illuminate/Database/Seeder.php(197): Illuminate\\Database\\Seeder->{closure:Illuminate\\Database\\Seeder::__invoke():187}()
#24 /home/yamojr/devyamo/edusaas/edusaas/vendor/laravel/framework/src/Illuminate/Database/Seeder.php(61): Illuminate\\Database\\Seeder->__invoke()
#25 /home/yamojr/devyamo/edusaas/edusaas/database/seeders/DatabaseSeeder.php(14): Illuminate\\Database\\Seeder->call()
#26 /home/yamojr/devyamo/edusaas/edusaas/vendor/laravel/framework/src/Illuminate/Container/BoundMethod.php(36): Database\\Seeders\\DatabaseSeeder->run()
#27 /home/yamojr/devyamo/edusaas/edusaas/vendor/laravel/framework/src/Illuminate/Container/Util.php(43): Illuminate\\Container\\BoundMethod::{closure:Illuminate\\Container\\BoundMethod::call():35}()
#28 /home/yamojr/devyamo/edusaas/edusaas/vendor/laravel/framework/src/Illuminate/Container/BoundMethod.php(95): Illuminate\\Container\\Util::unwrapIfClosure()
#29 /home/yamojr/devyamo/edusaas/edusaas/vendor/laravel/framework/src/Illuminate/Container/BoundMethod.php(35): Illuminate\\Container\\BoundMethod::callBoundMethod()
#30 /home/yamojr/devyamo/edusaas/edusaas/vendor/laravel/framework/src/Illuminate/Container/Container.php(696): Illuminate\\Container\\BoundMethod::call()
#31 /home/yamojr/devyamo/edusaas/edusaas/vendor/laravel/framework/src/Illuminate/Database/Seeder.php(188): Illuminate\\Container\\Container->call()
#32 /home/yamojr/devyamo/edusaas/edusaas/vendor/laravel/framework/src/Illuminate/Database/Seeder.php(197): Illuminate\\Database\\Seeder->{closure:Illuminate\\Database\\Seeder::__invoke():187}()
#33 /home/yamojr/devyamo/edusaas/edusaas/vendor/laravel/framework/src/Illuminate/Database/Console/Seeds/SeedCommand.php(70): Illuminate\\Database\\Seeder->__invoke()
#34 /home/yamojr/devyamo/edusaas/edusaas/vendor/laravel/framework/src/Illuminate/Database/Eloquent/Concerns/GuardsAttributes.php(155): Illuminate\\Database\\Console\\Seeds\\SeedCommand->{closure:Illuminate\\Database\\Console\\Seeds\\SeedCommand::handle():69}()
#35 /home/yamojr/devyamo/edusaas/edusaas/vendor/laravel/framework/src/Illuminate/Database/Console/Seeds/SeedCommand.php(69): Illuminate\\Database\\Eloquent\\Model::unguarded()
#36 /home/yamojr/devyamo/edusaas/edusaas/vendor/laravel/framework/src/Illuminate/Container/BoundMethod.php(36): Illuminate\\Database\\Console\\Seeds\\SeedCommand->handle()
#37 /home/yamojr/devyamo/edusaas/edusaas/vendor/laravel/framework/src/Illuminate/Container/Util.php(43): Illuminate\\Container\\BoundMethod::{closure:Illuminate\\Container\\BoundMethod::call():35}()
#38 /home/yamojr/devyamo/edusaas/edusaas/vendor/laravel/framework/src/Illuminate/Container/BoundMethod.php(95): Illuminate\\Container\\Util::unwrapIfClosure()
#39 /home/yamojr/devyamo/edusaas/edusaas/vendor/laravel/framework/src/Illuminate/Container/BoundMethod.php(35): Illuminate\\Container\\BoundMethod::callBoundMethod()
#40 /home/yamojr/devyamo/edusaas/edusaas/vendor/laravel/framework/src/Illuminate/Container/Container.php(696): Illuminate\\Container\\BoundMethod::call()
#41 /home/yamojr/devyamo/edusaas/edusaas/vendor/laravel/framework/src/Illuminate/Console/Command.php(213): Illuminate\\Container\\Container->call()
#42 /home/yamojr/devyamo/edusaas/edusaas/vendor/symfony/console/Command/Command.php(341): Illuminate\\Console\\Command->execute()
#43 /home/yamojr/devyamo/edusaas/edusaas/vendor/laravel/framework/src/Illuminate/Console/Command.php(182): Symfony\\Component\\Console\\Command\\Command->run()
#44 /home/yamojr/devyamo/edusaas/edusaas/vendor/laravel/framework/src/Illuminate/Console/Concerns/CallsCommands.php(68): Illuminate\\Console\\Command->run()
#45 /home/yamojr/devyamo/edusaas/edusaas/vendor/laravel/framework/src/Illuminate/Console/Concerns/CallsCommands.php(29): Illuminate\\Console\\Command->runCommand()
#46 /home/yamojr/devyamo/edusaas/edusaas/vendor/laravel/framework/src/Illuminate/Database/Console/Migrations/FreshCommand.php(122): Illuminate\\Console\\Command->call()
#47 /home/yamojr/devyamo/edusaas/edusaas/vendor/laravel/framework/src/Illuminate/Database/Console/Migrations/FreshCommand.php(98): Illuminate\\Database\\Console\\Migrations\\FreshCommand->runSeeder()
#48 /home/yamojr/devyamo/edusaas/edusaas/vendor/laravel/framework/src/Illuminate/Container/BoundMethod.php(36): Illuminate\\Database\\Console\\Migrations\\FreshCommand->handle()
#49 /home/yamojr/devyamo/edusaas/edusaas/vendor/laravel/framework/src/Illuminate/Container/Util.php(43): Illuminate\\Container\\BoundMethod::{closure:Illuminate\\Container\\BoundMethod::call():35}()
#50 /home/yamojr/devyamo/edusaas/edusaas/vendor/laravel/framework/src/Illuminate/Container/BoundMethod.php(95): Illuminate\\Container\\Util::unwrapIfClosure()
#51 /home/yamojr/devyamo/edusaas/edusaas/vendor/laravel/framework/src/Illuminate/Container/BoundMethod.php(35): Illuminate\\Container\\BoundMethod::callBoundMethod()
#52 /home/yamojr/devyamo/edusaas/edusaas/vendor/laravel/framework/src/Illuminate/Container/Container.php(696): Illuminate\\Container\\BoundMethod::call()
#53 /home/yamojr/devyamo/edusaas/edusaas/vendor/laravel/framework/src/Illuminate/Console/Command.php(213): Illuminate\\Container\\Container->call()
#54 /home/yamojr/devyamo/edusaas/edusaas/vendor/symfony/console/Command/Command.php(341): Illuminate\\Console\\Command->execute()
#55 /home/yamojr/devyamo/edusaas/edusaas/vendor/laravel/framework/src/Illuminate/Console/Command.php(182): Symfony\\Component\\Console\\Command\\Command->run()
#56 /home/yamojr/devyamo/edusaas/edusaas/vendor/symfony/console/Application.php(1117): Illuminate\\Console\\Command->run()
#57 /home/yamojr/devyamo/edusaas/edusaas/vendor/symfony/console/Application.php(356): Symfony\\Component\\Console\\Application->doRunCommand()
#58 /home/yamojr/devyamo/edusaas/edusaas/vendor/symfony/console/Application.php(195): Symfony\\Component\\Console\\Application->doRun()
#59 /home/yamojr/devyamo/edusaas/edusaas/vendor/laravel/framework/src/Illuminate/Foundation/Console/Kernel.php(198): Symfony\\Component\\Console\\Application->run()
#60 /home/yamojr/devyamo/edusaas/edusaas/vendor/laravel/framework/src/Illuminate/Foundation/Application.php(1235): Illuminate\\Foundation\\Console\\Kernel->handle()
#61 /home/yamojr/devyamo/edusaas/edusaas/artisan(12): Illuminate\\Foundation\\Application->handleCommand()
#62 {main}
"} 
[2026-05-14 06:21:36] local.ERROR: SQLSTATE[42S22]: Column not found: 1054 Unknown column 'lecturer_id' in 'field list' (Connection: mysql, SQL: insert into `courses` (`tenant_id`, `department_id`, `lecturer_id`, `name`, `code`, `credit_units`, `level`, `semester_type`, `type`, `updated_at`, `created_at`) values (1, 1, 1, Introduction to Computer Science, CSC101, 3, 100, first, core, 2026-05-14 06:21:36, 2026-05-14 06:21:36)) {"exception":"[object] (Illuminate\\Database\\QueryException(code: 42S22): SQLSTATE[42S22]: Column not found: 1054 Unknown column 'lecturer_id' in 'field list' (Connection: mysql, SQL: insert into `courses` (`tenant_id`, `department_id`, `lecturer_id`, `name`, `code`, `credit_units`, `level`, `semester_type`, `type`, `updated_at`, `created_at`) values (1, 1, 1, Introduction to Computer Science, CSC101, 3, 100, first, core, 2026-05-14 06:21:36, 2026-05-14 06:21:36)) at /home/yamojr/devyamo/edusaas/edusaas/vendor/laravel/framework/src/Illuminate/Database/Connection.php:825)
[stacktrace]
#0 /home/yamojr/devyamo/edusaas/edusaas/vendor/laravel/framework/src/Illuminate/Database/Connection.php(779): Illuminate\\Database\\Connection->runQueryCallback()
#1 /home/yamojr/devyamo/edusaas/edusaas/vendor/laravel/framework/src/Illuminate/Database/MySqlConnection.php(42): Illuminate\\Database\\Connection->run()
#2 /home/yamojr/devyamo/edusaas/edusaas/vendor/laravel/framework/src/Illuminate/Database/Query/Processors/MySqlProcessor.php(35): Illuminate\\Database\\MySqlConnection->insert()
#3 /home/yamojr/devyamo/edusaas/edusaas/vendor/laravel/framework/src/Illuminate/Database/Query/Builder.php(3766): Illuminate\\Database\\Query\\Processors\\MySqlProcessor->processInsertGetId()
#4 /home/yamojr/devyamo/edusaas/edusaas/vendor/laravel/framework/src/Illuminate/Database/Eloquent/Builder.php(2120): Illuminate\\Database\\Query\\Builder->insertGetId()
#5 /home/yamojr/devyamo/edusaas/edusaas/vendor/laravel/framework/src/Illuminate/Database/Eloquent/Model.php(1359): Illuminate\\Database\\Eloquent\\Builder->__call()
#6 /home/yamojr/devyamo/edusaas/edusaas/vendor/laravel/framework/src/Illuminate/Database/Eloquent/Model.php(1324): Illuminate\\Database\\Eloquent\\Model->insertAndSetId()
#7 /home/yamojr/devyamo/edusaas/edusaas/vendor/laravel/framework/src/Illuminate/Database/Eloquent/Model.php(1163): Illuminate\\Database\\Eloquent\\Model->performInsert()
#8 /home/yamojr/devyamo/edusaas/edusaas/vendor/laravel/framework/src/Illuminate/Database/Eloquent/Builder.php(1128): Illuminate\\Database\\Eloquent\\Model->save()
#9 /home/yamojr/devyamo/edusaas/edusaas/vendor/laravel/framework/src/Illuminate/Support/helpers.php(399): Illuminate\\Database\\Eloquent\\Builder->{closure:Illuminate\\Database\\Eloquent\\Builder::create():1127}()
#10 /home/yamojr/devyamo/edusaas/edusaas/vendor/laravel/framework/src/Illuminate/Database/Eloquent/Builder.php(1127): tap()
#11 /home/yamojr/devyamo/edusaas/edusaas/vendor/laravel/framework/src/Illuminate/Support/Traits/ForwardsCalls.php(23): Illuminate\\Database\\Eloquent\\Builder->create()
#12 /home/yamojr/devyamo/edusaas/edusaas/vendor/laravel/framework/src/Illuminate/Database/Eloquent/Model.php(2372): Illuminate\\Database\\Eloquent\\Model->forwardCallTo()
#13 /home/yamojr/devyamo/edusaas/edusaas/vendor/laravel/framework/src/Illuminate/Database/Eloquent/Model.php(2384): Illuminate\\Database\\Eloquent\\Model->__call()
#14 /home/yamojr/devyamo/edusaas/edusaas/database/seeders/SchoolSeeder.php(104): Illuminate\\Database\\Eloquent\\Model::__callStatic()
#15 /home/yamojr/devyamo/edusaas/edusaas/vendor/laravel/framework/src/Illuminate/Container/BoundMethod.php(36): Database\\Seeders\\SchoolSeeder->run()
#16 /home/yamojr/devyamo/edusaas/edusaas/vendor/laravel/framework/src/Illuminate/Container/Util.php(43): Illuminate\\Container\\BoundMethod::{closure:Illuminate\\Container\\BoundMethod::call():35}()
#17 /home/yamojr/devyamo/edusaas/edusaas/vendor/laravel/framework/src/Illuminate/Container/BoundMethod.php(95): Illuminate\\Container\\Util::unwrapIfClosure()
#18 /home/yamojr/devyamo/edusaas/edusaas/vendor/laravel/framework/src/Illuminate/Container/BoundMethod.php(35): Illuminate\\Container\\BoundMethod::callBoundMethod()
#19 /home/yamojr/devyamo/edusaas/edusaas/vendor/laravel/framework/src/Illuminate/Container/Container.php(696): Illuminate\\Container\\BoundMethod::call()
#20 /home/yamojr/devyamo/edusaas/edusaas/vendor/laravel/framework/src/Illuminate/Database/Seeder.php(188): Illuminate\\Container\\Container->call()
#21 /home/yamojr/devyamo/edusaas/edusaas/vendor/laravel/framework/src/Illuminate/Database/Seeder.php(197): Illuminate\\Database\\Seeder->{closure:Illuminate\\Database\\Seeder::__invoke():187}()
#22 /home/yamojr/devyamo/edusaas/edusaas/vendor/laravel/framework/src/Illuminate/Database/Seeder.php(61): Illuminate\\Database\\Seeder->__invoke()
#23 /home/yamojr/devyamo/edusaas/edusaas/database/seeders/DatabaseSeeder.php(14): Illuminate\\Database\\Seeder->call()
#24 /home/yamojr/devyamo/edusaas/edusaas/vendor/laravel/framework/src/Illuminate/Container/BoundMethod.php(36): Database\\Seeders\\DatabaseSeeder->run()
#25 /home/yamojr/devyamo/edusaas/edusaas/vendor/laravel/framework/src/Illuminate/Container/Util.php(43): Illuminate\\Container\\BoundMethod::{closure:Illuminate\\Container\\BoundMethod::call():35}()
#26 /home/yamojr/devyamo/edusaas/edusaas/vendor/laravel/framework/src/Illuminate/Container/BoundMethod.php(95): Illuminate\\Container\\Util::unwrapIfClosure()
#27 /home/yamojr/devyamo/edusaas/edusaas/vendor/laravel/framework/src/Illuminate/Container/BoundMethod.php(35): Illuminate\\Container\\BoundMethod::callBoundMethod()
#28 /home/yamojr/devyamo/edusaas/edusaas/vendor/laravel/framework/src/Illuminate/Container/Container.php(696): Illuminate\\Container\\BoundMethod::call()
#29 /home/yamojr/devyamo/edusaas/edusaas/vendor/laravel/framework/src/Illuminate/Database/Seeder.php(188): Illuminate\\Container\\Container->call()
#30 /home/yamojr/devyamo/edusaas/edusaas/vendor/laravel/framework/src/Illuminate/Database/Seeder.php(197): Illuminate\\Database\\Seeder->{closure:Illuminate\\Database\\Seeder::__invoke():187}()
#31 /home/yamojr/devyamo/edusaas/edusaas/vendor/laravel/framework/src/Illuminate/Database/Console/Seeds/SeedCommand.php(70): Illuminate\\Database\\Seeder->__invoke()
#32 /home/yamojr/devyamo/edusaas/edusaas/vendor/laravel/framework/src/Illuminate/Database/Eloquent/Concerns/GuardsAttributes.php(155): Illuminate\\Database\\Console\\Seeds\\SeedCommand->{closure:Illuminate\\Database\\Console\\Seeds\\SeedCommand::handle():69}()
#33 /home/yamojr/devyamo/edusaas/edusaas/vendor/laravel/framework/src/Illuminate/Database/Console/Seeds/SeedCommand.php(69): Illuminate\\Database\\Eloquent\\Model::unguarded()
#34 /home/yamojr/devyamo/edusaas/edusaas/vendor/laravel/framework/src/Illuminate/Container/BoundMethod.php(36): Illuminate\\Database\\Console\\Seeds\\SeedCommand->handle()
#35 /home/yamojr/devyamo/edusaas/edusaas/vendor/laravel/framework/src/Illuminate/Container/Util.php(43): Illuminate\\Container\\BoundMethod::{closure:Illuminate\\Container\\BoundMethod::call():35}()
#36 /home/yamojr/devyamo/edusaas/edusaas/vendor/laravel/framework/src/Illuminate/Container/BoundMethod.php(95): Illuminate\\Container\\Util::unwrapIfClosure()
#37 /home/yamojr/devyamo/edusaas/edusaas/vendor/laravel/framework/src/Illuminate/Container/BoundMethod.php(35): Illuminate\\Container\\BoundMethod::callBoundMethod()
#38 /home/yamojr/devyamo/edusaas/edusaas/vendor/laravel/framework/src/Illuminate/Container/Container.php(696): Illuminate\\Container\\BoundMethod::call()
#39 /home/yamojr/devyamo/edusaas/edusaas/vendor/laravel/framework/src/Illuminate/Console/Command.php(213): Illuminate\\Container\\Container->call()
#40 /home/yamojr/devyamo/edusaas/edusaas/vendor/symfony/console/Command/Command.php(341): Illuminate\\Console\\Command->execute()
#41 /home/yamojr/devyamo/edusaas/edusaas/vendor/laravel/framework/src/Illuminate/Console/Command.php(182): Symfony\\Component\\Console\\Command\\Command->run()
#42 /home/yamojr/devyamo/edusaas/edusaas/vendor/laravel/framework/src/Illuminate/Console/Concerns/CallsCommands.php(68): Illuminate\\Console\\Command->run()
#43 /home/yamojr/devyamo/edusaas/edusaas/vendor/laravel/framework/src/Illuminate/Console/Concerns/CallsCommands.php(29): Illuminate\\Console\\Command->runCommand()
#44 /home/yamojr/devyamo/edusaas/edusaas/vendor/laravel/framework/src/Illuminate/Database/Console/Migrations/FreshCommand.php(122): Illuminate\\Console\\Command->call()
#45 /home/yamojr/devyamo/edusaas/edusaas/vendor/laravel/framework/src/Illuminate/Database/Console/Migrations/FreshCommand.php(98): Illuminate\\Database\\Console\\Migrations\\FreshCommand->runSeeder()
#46 /home/yamojr/devyamo/edusaas/edusaas/vendor/laravel/framework/src/Illuminate/Container/BoundMethod.php(36): Illuminate\\Database\\Console\\Migrations\\FreshCommand->handle()
#47 /home/yamojr/devyamo/edusaas/edusaas/vendor/laravel/framework/src/Illuminate/Container/Util.php(43): Illuminate\\Container\\BoundMethod::{closure:Illuminate\\Container\\BoundMethod::call():35}()
#48 /home/yamojr/devyamo/edusaas/edusaas/vendor/laravel/framework/src/Illuminate/Container/BoundMethod.php(95): Illuminate\\Container\\Util::unwrapIfClosure()
#49 /home/yamojr/devyamo/edusaas/edusaas/vendor/laravel/framework/src/Illuminate/Container/BoundMethod.php(35): Illuminate\\Container\\BoundMethod::callBoundMethod()
#50 /home/yamojr/devyamo/edusaas/edusaas/vendor/laravel/framework/src/Illuminate/Container/Container.php(696): Illuminate\\Container\\BoundMethod::call()
#51 /home/yamojr/devyamo/edusaas/edusaas/vendor/laravel/framework/src/Illuminate/Console/Command.php(213): Illuminate\\Container\\Container->call()
#52 /home/yamojr/devyamo/edusaas/edusaas/vendor/symfony/console/Command/Command.php(341): Illuminate\\Console\\Command->execute()
#53 /home/yamojr/devyamo/edusaas/edusaas/vendor/laravel/framework/src/Illuminate/Console/Command.php(182): Symfony\\Component\\Console\\Command\\Command->run()
#54 /home/yamojr/devyamo/edusaas/edusaas/vendor/symfony/console/Application.php(1117): Illuminate\\Console\\Command->run()
#55 /home/yamojr/devyamo/edusaas/edusaas/vendor/symfony/console/Application.php(356): Symfony\\Component\\Console\\Application->doRunCommand()
#56 /home/yamojr/devyamo/edusaas/edusaas/vendor/symfony/console/Application.php(195): Symfony\\Component\\Console\\Application->doRun()
#57 /home/yamojr/devyamo/edusaas/edusaas/vendor/laravel/framework/src/Illuminate/Foundation/Console/Kernel.php(198): Symfony\\Component\\Console\\Application->run()
#58 /home/yamojr/devyamo/edusaas/edusaas/vendor/laravel/framework/src/Illuminate/Foundation/Application.php(1235): Illuminate\\Foundation\\Console\\Kernel->handle()
#59 /home/yamojr/devyamo/edusaas/edusaas/artisan(12): Illuminate\\Foundation\\Application->handleCommand()
#60 {main}

[previous exception] [object] (PDOException(code: 42S22): SQLSTATE[42S22]: Column not found: 1054 Unknown column 'lecturer_id' in 'field list' at /home/yamojr/devyamo/edusaas/edusaas/vendor/laravel/framework/src/Illuminate/Database/MySqlConnection.php:47)
[stacktrace]
#0 /home/yamojr/devyamo/edusaas/edusaas/vendor/laravel/framework/src/Illuminate/Database/MySqlConnection.php(47): PDO->prepare()
#1 /home/yamojr/devyamo/edusaas/edusaas/vendor/laravel/framework/src/Illuminate/Database/Connection.php(812): Illuminate\\Database\\MySqlConnection->{closure:Illuminate\\Database\\MySqlConnection::insert():42}()
#2 /home/yamojr/devyamo/edusaas/edusaas/vendor/laravel/framework/src/Illuminate/Database/Connection.php(779): Illuminate\\Database\\Connection->runQueryCallback()
#3 /home/yamojr/devyamo/edusaas/edusaas/vendor/laravel/framework/src/Illuminate/Database/MySqlConnection.php(42): Illuminate\\Database\\Connection->run()
#4 /home/yamojr/devyamo/edusaas/edusaas/vendor/laravel/framework/src/Illuminate/Database/Query/Processors/MySqlProcessor.php(35): Illuminate\\Database\\MySqlConnection->insert()
#5 /home/yamojr/devyamo/edusaas/edusaas/vendor/laravel/framework/src/Illuminate/Database/Query/Builder.php(3766): Illuminate\\Database\\Query\\Processors\\MySqlProcessor->processInsertGetId()
#6 /home/yamojr/devyamo/edusaas/edusaas/vendor/laravel/framework/src/Illuminate/Database/Eloquent/Builder.php(2120): Illuminate\\Database\\Query\\Builder->insertGetId()
#7 /home/yamojr/devyamo/edusaas/edusaas/vendor/laravel/framework/src/Illuminate/Database/Eloquent/Model.php(1359): Illuminate\\Database\\Eloquent\\Builder->__call()
#8 /home/yamojr/devyamo/edusaas/edusaas/vendor/laravel/framework/src/Illuminate/Database/Eloquent/Model.php(1324): Illuminate\\Database\\Eloquent\\Model->insertAndSetId()
#9 /home/yamojr/devyamo/edusaas/edusaas/vendor/laravel/framework/src/Illuminate/Database/Eloquent/Model.php(1163): Illuminate\\Database\\Eloquent\\Model->performInsert()
#10 /home/yamojr/devyamo/edusaas/edusaas/vendor/laravel/framework/src/Illuminate/Database/Eloquent/Builder.php(1128): Illuminate\\Database\\Eloquent\\Model->save()
#11 /home/yamojr/devyamo/edusaas/edusaas/vendor/laravel/framework/src/Illuminate/Support/helpers.php(399): Illuminate\\Database\\Eloquent\\Builder->{closure:Illuminate\\Database\\Eloquent\\Builder::create():1127}()
#12 /home/yamojr/devyamo/edusaas/edusaas/vendor/laravel/framework/src/Illuminate/Database/Eloquent/Builder.php(1127): tap()
#13 /home/yamojr/devyamo/edusaas/edusaas/vendor/laravel/framework/src/Illuminate/Support/Traits/ForwardsCalls.php(23): Illuminate\\Database\\Eloquent\\Builder->create()
#14 /home/yamojr/devyamo/edusaas/edusaas/vendor/laravel/framework/src/Illuminate/Database/Eloquent/Model.php(2372): Illuminate\\Database\\Eloquent\\Model->forwardCallTo()
#15 /home/yamojr/devyamo/edusaas/edusaas/vendor/laravel/framework/src/Illuminate/Database/Eloquent/Model.php(2384): Illuminate\\Database\\Eloquent\\Model->__call()
#16 /home/yamojr/devyamo/edusaas/edusaas/database/seeders/SchoolSeeder.php(104): Illuminate\\Database\\Eloquent\\Model::__callStatic()
#17 /home/yamojr/devyamo/edusaas/edusaas/vendor/laravel/framework/src/Illuminate/Container/BoundMethod.php(36): Database\\Seeders\\SchoolSeeder->run()
#18 /home/yamojr/devyamo/edusaas/edusaas/vendor/laravel/framework/src/Illuminate/Container/Util.php(43): Illuminate\\Container\\BoundMethod::{closure:Illuminate\\Container\\BoundMethod::call():35}()
#19 /home/yamojr/devyamo/edusaas/edusaas/vendor/laravel/framework/src/Illuminate/Container/BoundMethod.php(95): Illuminate\\Container\\Util::unwrapIfClosure()
#20 /home/yamojr/devyamo/edusaas/edusaas/vendor/laravel/framework/src/Illuminate/Container/BoundMethod.php(35): Illuminate\\Container\\BoundMethod::callBoundMethod()
#21 /home/yamojr/devyamo/edusaas/edusaas/vendor/laravel/framework/src/Illuminate/Container/Container.php(696): Illuminate\\Container\\BoundMethod::call()
#22 /home/yamojr/devyamo/edusaas/edusaas/vendor/laravel/framework/src/Illuminate/Database/Seeder.php(188): Illuminate\\Container\\Container->call()
#23 /home/yamojr/devyamo/edusaas/edusaas/vendor/laravel/framework/src/Illuminate/Database/Seeder.php(197): Illuminate\\Database\\Seeder->{closure:Illuminate\\Database\\Seeder::__invoke():187}()
#24 /home/yamojr/devyamo/edusaas/edusaas/vendor/laravel/framework/src/Illuminate/Database/Seeder.php(61): Illuminate\\Database\\Seeder->__invoke()
#25 /home/yamojr/devyamo/edusaas/edusaas/database/seeders/DatabaseSeeder.php(14): Illuminate\\Database\\Seeder->call()
#26 /home/yamojr/devyamo/edusaas/edusaas/vendor/laravel/framework/src/Illuminate/Container/BoundMethod.php(36): Database\\Seeders\\DatabaseSeeder->run()
#27 /home/yamojr/devyamo/edusaas/edusaas/vendor/laravel/framework/src/Illuminate/Container/Util.php(43): Illuminate\\Container\\BoundMethod::{closure:Illuminate\\Container\\BoundMethod::call():35}()
#28 /home/yamojr/devyamo/edusaas/edusaas/vendor/laravel/framework/src/Illuminate/Container/BoundMethod.php(95): Illuminate\\Container\\Util::unwrapIfClosure()
#29 /home/yamojr/devyamo/edusaas/edusaas/vendor/laravel/framework/src/Illuminate/Container/BoundMethod.php(35): Illuminate\\Container\\BoundMethod::callBoundMethod()
#30 /home/yamojr/devyamo/edusaas/edusaas/vendor/laravel/framework/src/Illuminate/Container/Container.php(696): Illuminate\\Container\\BoundMethod::call()
#31 /home/yamojr/devyamo/edusaas/edusaas/vendor/laravel/framework/src/Illuminate/Database/Seeder.php(188): Illuminate\\Container\\Container->call()
#32 /home/yamojr/devyamo/edusaas/edusaas/vendor/laravel/framework/src/Illuminate/Database/Seeder.php(197): Illuminate\\Database\\Seeder->{closure:Illuminate\\Database\\Seeder::__invoke():187}()
#33 /home/yamojr/devyamo/edusaas/edusaas/vendor/laravel/framework/src/Illuminate/Database/Console/Seeds/SeedCommand.php(70): Illuminate\\Database\\Seeder->__invoke()
#34 /home/yamojr/devyamo/edusaas/edusaas/vendor/laravel/framework/src/Illuminate/Database/Eloquent/Concerns/GuardsAttributes.php(155): Illuminate\\Database\\Console\\Seeds\\SeedCommand->{closure:Illuminate\\Database\\Console\\Seeds\\SeedCommand::handle():69}()
#35 /home/yamojr/devyamo/edusaas/edusaas/vendor/laravel/framework/src/Illuminate/Database/Console/Seeds/SeedCommand.php(69): Illuminate\\Database\\Eloquent\\Model::unguarded()
#36 /home/yamojr/devyamo/edusaas/edusaas/vendor/laravel/framework/src/Illuminate/Container/BoundMethod.php(36): Illuminate\\Database\\Console\\Seeds\\SeedCommand->handle()
#37 /home/yamojr/devyamo/edusaas/edusaas/vendor/laravel/framework/src/Illuminate/Container/Util.php(43): Illuminate\\Container\\BoundMethod::{closure:Illuminate\\Container\\BoundMethod::call():35}()
#38 /home/yamojr/devyamo/edusaas/edusaas/vendor/laravel/framework/src/Illuminate/Container/BoundMethod.php(95): Illuminate\\Container\\Util::unwrapIfClosure()
#39 /home/yamojr/devyamo/edusaas/edusaas/vendor/laravel/framework/src/Illuminate/Container/BoundMethod.php(35): Illuminate\\Container\\BoundMethod::callBoundMethod()
#40 /home/yamojr/devyamo/edusaas/edusaas/vendor/laravel/framework/src/Illuminate/Container/Container.php(696): Illuminate\\Container\\BoundMethod::call()
#41 /home/yamojr/devyamo/edusaas/edusaas/vendor/laravel/framework/src/Illuminate/Console/Command.php(213): Illuminate\\Container\\Container->call()
#42 /home/yamojr/devyamo/edusaas/edusaas/vendor/symfony/console/Command/Command.php(341): Illuminate\\Console\\Command->execute()
#43 /home/yamojr/devyamo/edusaas/edusaas/vendor/laravel/framework/src/Illuminate/Console/Command.php(182): Symfony\\Component\\Console\\Command\\Command->run()
#44 /home/yamojr/devyamo/edusaas/edusaas/vendor/laravel/framework/src/Illuminate/Console/Concerns/CallsCommands.php(68): Illuminate\\Console\\Command->run()
#45 /home/yamojr/devyamo/edusaas/edusaas/vendor/laravel/framework/src/Illuminate/Console/Concerns/CallsCommands.php(29): Illuminate\\Console\\Command->runCommand()
#46 /home/yamojr/devyamo/edusaas/edusaas/vendor/laravel/framework/src/Illuminate/Database/Console/Migrations/FreshCommand.php(122): Illuminate\\Console\\Command->call()
#47 /home/yamojr/devyamo/edusaas/edusaas/vendor/laravel/framework/src/Illuminate/Database/Console/Migrations/FreshCommand.php(98): Illuminate\\Database\\Console\\Migrations\\FreshCommand->runSeeder()
#48 /home/yamojr/devyamo/edusaas/edusaas/vendor/laravel/framework/src/Illuminate/Container/BoundMethod.php(36): Illuminate\\Database\\Console\\Migrations\\FreshCommand->handle()
#49 /home/yamojr/devyamo/edusaas/edusaas/vendor/laravel/framework/src/Illuminate/Container/Util.php(43): Illuminate\\Container\\BoundMethod::{closure:Illuminate\\Container\\BoundMethod::call():35}()
#50 /home/yamojr/devyamo/edusaas/edusaas/vendor/laravel/framework/src/Illuminate/Container/BoundMethod.php(95): Illuminate\\Container\\Util::unwrapIfClosure()
#51 /home/yamojr/devyamo/edusaas/edusaas/vendor/laravel/framework/src/Illuminate/Container/BoundMethod.php(35): Illuminate\\Container\\BoundMethod::callBoundMethod()
#52 /home/yamojr/devyamo/edusaas/edusaas/vendor/laravel/framework/src/Illuminate/Container/Container.php(696): Illuminate\\Container\\BoundMethod::call()
#53 /home/yamojr/devyamo/edusaas/edusaas/vendor/laravel/framework/src/Illuminate/Console/Command.php(213): Illuminate\\Container\\Container->call()
#54 /home/yamojr/devyamo/edusaas/edusaas/vendor/symfony/console/Command/Command.php(341): Illuminate\\Console\\Command->execute()
#55 /home/yamojr/devyamo/edusaas/edusaas/vendor/laravel/framework/src/Illuminate/Console/Command.php(182): Symfony\\Component\\Console\\Command\\Command->run()
#56 /home/yamojr/devyamo/edusaas/edusaas/vendor/symfony/console/Application.php(1117): Illuminate\\Console\\Command->run()
#57 /home/yamojr/devyamo/edusaas/edusaas/vendor/symfony/console/Application.php(356): Symfony\\Component\\Console\\Application->doRunCommand()
#58 /home/yamojr/devyamo/edusaas/edusaas/vendor/symfony/console/Application.php(195): Symfony\\Component\\Console\\Application->doRun()
#59 /home/yamojr/devyamo/edusaas/edusaas/vendor/laravel/framework/src/Illuminate/Foundation/Console/Kernel.php(198): Symfony\\Component\\Console\\Application->run()
#60 /home/yamojr/devyamo/edusaas/edusaas/vendor/laravel/framework/src/Illuminate/Foundation/Application.php(1235): Illuminate\\Foundation\\Console\\Kernel->handle()
#61 /home/yamojr/devyamo/edusaas/edusaas/artisan(12): Illuminate\\Foundation\\Application->handleCommand()
#62 {main}
"} 
[2026-05-14 06:24:12] local.ERROR: Class "App\Http\Controllers\Lecturer" not found {"exception":"[object] (Error(code: 0): Class \"App\\Http\\Controllers\\Lecturer\" not found at /home/yamojr/devyamo/edusaas/edusaas/app/Http/Controllers/LandingController.php:22)
[stacktrace]
#0 /home/yamojr/devyamo/edusaas/edusaas/vendor/laravel/framework/src/Illuminate/Cache/Repository.php(427): App\\Http\\Controllers\\LandingController->{closure:App\\Http\\Controllers\\LandingController::index():20}()
#1 /home/yamojr/devyamo/edusaas/edusaas/vendor/laravel/framework/src/Illuminate/Cache/CacheManager.php(453): Illuminate\\Cache\\Repository->remember()
#2 /home/yamojr/devyamo/edusaas/edusaas/vendor/laravel/framework/src/Illuminate/Support/Facades/Facade.php(361): Illuminate\\Cache\\CacheManager->__call()
#3 /home/yamojr/devyamo/edusaas/edusaas/app/Http/Controllers/LandingController.php(20): Illuminate\\Support\\Facades\\Facade::__callStatic()
#4 /home/yamojr/devyamo/edusaas/edusaas/vendor/laravel/framework/src/Illuminate/Routing/Controller.php(54): App\\Http\\Controllers\\LandingController->index()
#5 /home/yamojr/devyamo/edusaas/edusaas/vendor/laravel/framework/src/Illuminate/Routing/ControllerDispatcher.php(44): Illuminate\\Routing\\Controller->callAction()
#6 /home/yamojr/devyamo/edusaas/edusaas/vendor/laravel/framework/src/Illuminate/Routing/Route.php(266): Illuminate\\Routing\\ControllerDispatcher->dispatch()
#7 /home/yamojr/devyamo/edusaas/edusaas/vendor/laravel/framework/src/Illuminate/Routing/Route.php(212): Illuminate\\Routing\\Route->runController()
#8 /home/yamojr/devyamo/edusaas/edusaas/vendor/laravel/framework/src/Illuminate/Routing/Router.php(808): Illuminate\\Routing\\Route->run()
#9 /home/yamojr/devyamo/edusaas/edusaas/vendor/laravel/framework/src/Illuminate/Pipeline/Pipeline.php(170): Illuminate\\Routing\\Router->{closure:Illuminate\\Routing\\Router::runRouteWithinStack():807}()
#10 /home/yamojr/devyamo/edusaas/edusaas/app/Http/Middleware/IdentifyTenant.php(40): Illuminate\\Pipeline\\Pipeline->{closure:Illuminate\\Pipeline\\Pipeline::prepareDestination():168}()
#11 /home/yamojr/devyamo/edusaas/edusaas/vendor/laravel/framework/src/Illuminate/Pipeline/Pipeline.php(209): App\\Http\\Middleware\\IdentifyTenant->handle()
#12 /home/yamojr/devyamo/edusaas/edusaas/vendor/inertiajs/inertia-laravel/src/Middleware.php(122): Illuminate\\Pipeline\\Pipeline->{closure:{closure:Illuminate\\Pipeline\\Pipeline::carry():184}:185}()
#13 /home/yamojr/devyamo/edusaas/edusaas/vendor/laravel/framework/src/Illuminate/Pipeline/Pipeline.php(209): Inertia\\Middleware->handle()
#14 /home/yamojr/devyamo/edusaas/edusaas/vendor/laravel/framework/src/Illuminate/Routing/Middleware/SubstituteBindings.php(51): Illuminate\\Pipeline\\Pipeline->{closure:{closure:Illuminate\\Pipeline\\Pipeline::carry():184}:185}()
#15 /home/yamojr/devyamo/edusaas/edusaas/vendor/laravel/framework/src/Illuminate/Pipeline/Pipeline.php(209): Illuminate\\Routing\\Middleware\\SubstituteBindings->handle()
#16 /home/yamojr/devyamo/edusaas/edusaas/vendor/laravel/framework/src/Illuminate/Foundation/Http/Middleware/VerifyCsrfToken.php(88): Illuminate\\Pipeline\\Pipeline->{closure:{closure:Illuminate\\Pipeline\\Pipeline::carry():184}:185}()
#17 /home/yamojr/devyamo/edusaas/edusaas/vendor/laravel/framework/src/Illuminate/Pipeline/Pipeline.php(209): Illuminate\\Foundation\\Http\\Middleware\\VerifyCsrfToken->handle()
#18 /home/yamojr/devyamo/edusaas/edusaas/vendor/laravel/framework/src/Illuminate/View/Middleware/ShareErrorsFromSession.php(49): Illuminate\\Pipeline\\Pipeline->{closure:{closure:Illuminate\\Pipeline\\Pipeline::carry():184}:185}()
#19 /home/yamojr/devyamo/edusaas/edusaas/vendor/laravel/framework/src/Illuminate/Pipeline/Pipeline.php(209): Illuminate\\View\\Middleware\\ShareErrorsFromSession->handle()
#20 /home/yamojr/devyamo/edusaas/edusaas/vendor/laravel/framework/src/Illuminate/Session/Middleware/StartSession.php(121): Illuminate\\Pipeline\\Pipeline->{closure:{closure:Illuminate\\Pipeline\\Pipeline::carry():184}:185}()
#21 /home/yamojr/devyamo/edusaas/edusaas/vendor/laravel/framework/src/Illuminate/Session/Middleware/StartSession.php(64): Illuminate\\Session\\Middleware\\StartSession->handleStatefulRequest()
#22 /home/yamojr/devyamo/edusaas/edusaas/vendor/laravel/framework/src/Illuminate/Pipeline/Pipeline.php(209): Illuminate\\Session\\Middleware\\StartSession->handle()
#23 /home/yamojr/devyamo/edusaas/edusaas/vendor/laravel/framework/src/Illuminate/Cookie/Middleware/AddQueuedCookiesToResponse.php(37): Illuminate\\Pipeline\\Pipeline->{closure:{closure:Illuminate\\Pipeline\\Pipeline::carry():184}:185}()
#24 /home/yamojr/devyamo/edusaas/edusaas/vendor/laravel/framework/src/Illuminate/Pipeline/Pipeline.php(209): Illuminate\\Cookie\\Middleware\\AddQueuedCookiesToResponse->handle()
#25 /home/yamojr/devyamo/edusaas/edusaas/vendor/laravel/framework/src/Illuminate/Cookie/Middleware/EncryptCookies.php(75): Illuminate\\Pipeline\\Pipeline->{closure:{closure:Illuminate\\Pipeline\\Pipeline::carry():184}:185}()
#26 /home/yamojr/devyamo/edusaas/edusaas/vendor/laravel/framework/src/Illuminate/Pipeline/Pipeline.php(209): Illuminate\\Cookie\\Middleware\\EncryptCookies->handle()
#27 /home/yamojr/devyamo/edusaas/edusaas/vendor/laravel/framework/src/Illuminate/Pipeline/Pipeline.php(127): Illuminate\\Pipeline\\Pipeline->{closure:{closure:Illuminate\\Pipeline\\Pipeline::carry():184}:185}()
#28 /home/yamojr/devyamo/edusaas/edusaas/vendor/laravel/framework/src/Illuminate/Routing/Router.php(807): Illuminate\\Pipeline\\Pipeline->then()
#29 /home/yamojr/devyamo/edusaas/edusaas/vendor/laravel/framework/src/Illuminate/Routing/Router.php(786): Illuminate\\Routing\\Router->runRouteWithinStack()
#30 /home/yamojr/devyamo/edusaas/edusaas/vendor/laravel/framework/src/Illuminate/Routing/Router.php(750): Illuminate\\Routing\\Router->runRoute()
#31 /home/yamojr/devyamo/edusaas/edusaas/vendor/laravel/framework/src/Illuminate/Routing/Router.php(739): Illuminate\\Routing\\Router->dispatchToRoute()
#32 /home/yamojr/devyamo/edusaas/edusaas/vendor/laravel/framework/src/Illuminate/Foundation/Http/Kernel.php(201): Illuminate\\Routing\\Router->dispatch()
#33 /home/yamojr/devyamo/edusaas/edusaas/vendor/laravel/framework/src/Illuminate/Pipeline/Pipeline.php(170): Illuminate\\Foundation\\Http\\Kernel->{closure:Illuminate\\Foundation\\Http\\Kernel::dispatchToRouter():198}()
#34 /home/yamojr/devyamo/edusaas/edusaas/vendor/laravel/framework/src/Illuminate/Foundation/Http/Middleware/TransformsRequest.php(21): Illuminate\\Pipeline\\Pipeline->{closure:Illuminate\\Pipeline\\Pipeline::prepareDestination():168}()
#35 /home/yamojr/devyamo/edusaas/edusaas/vendor/laravel/framework/src/Illuminate/Foundation/Http/Middleware/ConvertEmptyStringsToNull.php(31): Illuminate\\Foundation\\Http\\Middleware\\TransformsRequest->handle()
#36 /home/yamojr/devyamo/edusaas/edusaas/vendor/laravel/framework/src/Illuminate/Pipeline/Pipeline.php(209): Illuminate\\Foundation\\Http\\Middleware\\ConvertEmptyStringsToNull->handle()
#37 /home/yamojr/devyamo/edusaas/edusaas/vendor/laravel/framework/src/Illuminate/Foundation/Http/Middleware/TransformsRequest.php(21): Illuminate\\Pipeline\\Pipeline->{closure:{closure:Illuminate\\Pipeline\\Pipeline::carry():184}:185}()
#38 /home/yamojr/devyamo/edusaas/edusaas/vendor/laravel/framework/src/Illuminate/Foundation/Http/Middleware/TrimStrings.php(51): Illuminate\\Foundation\\Http\\Middleware\\TransformsRequest->handle()
#39 /home/yamojr/devyamo/edusaas/edusaas/vendor/laravel/framework/src/Illuminate/Pipeline/Pipeline.php(209): Illuminate\\Foundation\\Http\\Middleware\\TrimStrings->handle()
#40 /home/yamojr/devyamo/edusaas/edusaas/vendor/laravel/framework/src/Illuminate/Http/Middleware/ValidatePostSize.php(27): Illuminate\\Pipeline\\Pipeline->{closure:{closure:Illuminate\\Pipeline\\Pipeline::carry():184}:185}()
#41 /home/yamojr/devyamo/edusaas/edusaas/vendor/laravel/framework/src/Illuminate/Pipeline/Pipeline.php(209): Illuminate\\Http\\Middleware\\ValidatePostSize->handle()
#42 /home/yamojr/devyamo/edusaas/edusaas/vendor/laravel/framework/src/Illuminate/Foundation/Http/Middleware/PreventRequestsDuringMaintenance.php(110): Illuminate\\Pipeline\\Pipeline->{closure:{closure:Illuminate\\Pipeline\\Pipeline::carry():184}:185}()
#43 /home/yamojr/devyamo/edusaas/edusaas/vendor/laravel/framework/src/Illuminate/Pipeline/Pipeline.php(209): Illuminate\\Foundation\\Http\\Middleware\\PreventRequestsDuringMaintenance->handle()
#44 /home/yamojr/devyamo/edusaas/edusaas/vendor/laravel/framework/src/Illuminate/Http/Middleware/HandleCors.php(49): Illuminate\\Pipeline\\Pipeline->{closure:{closure:Illuminate\\Pipeline\\Pipeline::carry():184}:185}()
#45 /home/yamojr/devyamo/edusaas/edusaas/vendor/laravel/framework/src/Illuminate/Pipeline/Pipeline.php(209): Illuminate\\Http\\Middleware\\HandleCors->handle()
#46 /home/yamojr/devyamo/edusaas/edusaas/vendor/laravel/framework/src/Illuminate/Http/Middleware/TrustProxies.php(58): Illuminate\\Pipeline\\Pipeline->{closure:{closure:Illuminate\\Pipeline\\Pipeline::carry():184}:185}()
#47 /home/yamojr/devyamo/edusaas/edusaas/vendor/laravel/framework/src/Illuminate/Pipeline/Pipeline.php(209): Illuminate\\Http\\Middleware\\TrustProxies->handle()
#48 /home/yamojr/devyamo/edusaas/edusaas/vendor/laravel/framework/src/Illuminate/Foundation/Http/Middleware/InvokeDeferredCallbacks.php(22): Illuminate\\Pipeline\\Pipeline->{closure:{closure:Illuminate\\Pipeline\\Pipeline::carry():184}:185}()
#49 /home/yamojr/devyamo/edusaas/edusaas/vendor/laravel/framework/src/Illuminate/Pipeline/Pipeline.php(209): Illuminate\\Foundation\\Http\\Middleware\\InvokeDeferredCallbacks->handle()
#50 /home/yamojr/devyamo/edusaas/edusaas/vendor/laravel/framework/src/Illuminate/Pipeline/Pipeline.php(127): Illuminate\\Pipeline\\Pipeline->{closure:{closure:Illuminate\\Pipeline\\Pipeline::carry():184}:185}()
#51 /home/yamojr/devyamo/edusaas/edusaas/vendor/laravel/framework/src/Illuminate/Foundation/Http/Kernel.php(176): Illuminate\\Pipeline\\Pipeline->then()
#52 /home/yamojr/devyamo/edusaas/edusaas/vendor/laravel/framework/src/Illuminate/Foundation/Http/Kernel.php(145): Illuminate\\Foundation\\Http\\Kernel->sendRequestThroughRouter()
#53 /home/yamojr/devyamo/edusaas/edusaas/vendor/laravel/framework/src/Illuminate/Foundation/Application.php(1220): Illuminate\\Foundation\\Http\\Kernel->handle()
#54 /home/yamojr/devyamo/edusaas/edusaas/public/index.php(19): Illuminate\\Foundation\\Application->handleRequest()
#55 /home/yamojr/devyamo/edusaas/edusaas/vendor/laravel/framework/src/Illuminate/Foundation/resources/server.php(23): require_once('...')
#56 {main}
"} 
[2026-05-14 06:25:48] local.ERROR: Class "App\Http\Controllers\Lecturer" not found {"exception":"[object] (Error(code: 0): Class \"App\\Http\\Controllers\\Lecturer\" not found at /home/yamojr/devyamo/edusaas/edusaas/app/Http/Controllers/LandingController.php:22)
[stacktrace]
#0 /home/yamojr/devyamo/edusaas/edusaas/vendor/laravel/framework/src/Illuminate/Cache/Repository.php(427): App\\Http\\Controllers\\LandingController->{closure:App\\Http\\Controllers\\LandingController::index():20}()
#1 /home/yamojr/devyamo/edusaas/edusaas/vendor/laravel/framework/src/Illuminate/Cache/CacheManager.php(453): Illuminate\\Cache\\Repository->remember()
#2 /home/yamojr/devyamo/edusaas/edusaas/vendor/laravel/framework/src/Illuminate/Support/Facades/Facade.php(361): Illuminate\\Cache\\CacheManager->__call()
#3 /home/yamojr/devyamo/edusaas/edusaas/app/Http/Controllers/LandingController.php(20): Illuminate\\Support\\Facades\\Facade::__callStatic()
#4 /home/yamojr/devyamo/edusaas/edusaas/vendor/laravel/framework/src/Illuminate/Routing/Controller.php(54): App\\Http\\Controllers\\LandingController->index()
#5 /home/yamojr/devyamo/edusaas/edusaas/vendor/laravel/framework/src/Illuminate/Routing/ControllerDispatcher.php(44): Illuminate\\Routing\\Controller->callAction()
#6 /home/yamojr/devyamo/edusaas/edusaas/vendor/laravel/framework/src/Illuminate/Routing/Route.php(266): Illuminate\\Routing\\ControllerDispatcher->dispatch()
#7 /home/yamojr/devyamo/edusaas/edusaas/vendor/laravel/framework/src/Illuminate/Routing/Route.php(212): Illuminate\\Routing\\Route->runController()
#8 /home/yamojr/devyamo/edusaas/edusaas/vendor/laravel/framework/src/Illuminate/Routing/Router.php(808): Illuminate\\Routing\\Route->run()
#9 /home/yamojr/devyamo/edusaas/edusaas/vendor/laravel/framework/src/Illuminate/Pipeline/Pipeline.php(170): Illuminate\\Routing\\Router->{closure:Illuminate\\Routing\\Router::runRouteWithinStack():807}()
#10 /home/yamojr/devyamo/edusaas/edusaas/app/Http/Middleware/IdentifyTenant.php(40): Illuminate\\Pipeline\\Pipeline->{closure:Illuminate\\Pipeline\\Pipeline::prepareDestination():168}()
#11 /home/yamojr/devyamo/edusaas/edusaas/vendor/laravel/framework/src/Illuminate/Pipeline/Pipeline.php(209): App\\Http\\Middleware\\IdentifyTenant->handle()
#12 /home/yamojr/devyamo/edusaas/edusaas/vendor/inertiajs/inertia-laravel/src/Middleware.php(122): Illuminate\\Pipeline\\Pipeline->{closure:{closure:Illuminate\\Pipeline\\Pipeline::carry():184}:185}()
#13 /home/yamojr/devyamo/edusaas/edusaas/vendor/laravel/framework/src/Illuminate/Pipeline/Pipeline.php(209): Inertia\\Middleware->handle()
#14 /home/yamojr/devyamo/edusaas/edusaas/vendor/laravel/framework/src/Illuminate/Routing/Middleware/SubstituteBindings.php(51): Illuminate\\Pipeline\\Pipeline->{closure:{closure:Illuminate\\Pipeline\\Pipeline::carry():184}:185}()
#15 /home/yamojr/devyamo/edusaas/edusaas/vendor/laravel/framework/src/Illuminate/Pipeline/Pipeline.php(209): Illuminate\\Routing\\Middleware\\SubstituteBindings->handle()
#16 /home/yamojr/devyamo/edusaas/edusaas/vendor/laravel/framework/src/Illuminate/Foundation/Http/Middleware/VerifyCsrfToken.php(88): Illuminate\\Pipeline\\Pipeline->{closure:{closure:Illuminate\\Pipeline\\Pipeline::carry():184}:185}()
#17 /home/yamojr/devyamo/edusaas/edusaas/vendor/laravel/framework/src/Illuminate/Pipeline/Pipeline.php(209): Illuminate\\Foundation\\Http\\Middleware\\VerifyCsrfToken->handle()
#18 /home/yamojr/devyamo/edusaas/edusaas/vendor/laravel/framework/src/Illuminate/View/Middleware/ShareErrorsFromSession.php(49): Illuminate\\Pipeline\\Pipeline->{closure:{closure:Illuminate\\Pipeline\\Pipeline::carry():184}:185}()
#19 /home/yamojr/devyamo/edusaas/edusaas/vendor/laravel/framework/src/Illuminate/Pipeline/Pipeline.php(209): Illuminate\\View\\Middleware\\ShareErrorsFromSession->handle()
#20 /home/yamojr/devyamo/edusaas/edusaas/vendor/laravel/framework/src/Illuminate/Session/Middleware/StartSession.php(121): Illuminate\\Pipeline\\Pipeline->{closure:{closure:Illuminate\\Pipeline\\Pipeline::carry():184}:185}()
#21 /home/yamojr/devyamo/edusaas/edusaas/vendor/laravel/framework/src/Illuminate/Session/Middleware/StartSession.php(64): Illuminate\\Session\\Middleware\\StartSession->handleStatefulRequest()
#22 /home/yamojr/devyamo/edusaas/edusaas/vendor/laravel/framework/src/Illuminate/Pipeline/Pipeline.php(209): Illuminate\\Session\\Middleware\\StartSession->handle()
#23 /home/yamojr/devyamo/edusaas/edusaas/vendor/laravel/framework/src/Illuminate/Cookie/Middleware/AddQueuedCookiesToResponse.php(37): Illuminate\\Pipeline\\Pipeline->{closure:{closure:Illuminate\\Pipeline\\Pipeline::carry():184}:185}()
#24 /home/yamojr/devyamo/edusaas/edusaas/vendor/laravel/framework/src/Illuminate/Pipeline/Pipeline.php(209): Illuminate\\Cookie\\Middleware\\AddQueuedCookiesToResponse->handle()
#25 /home/yamojr/devyamo/edusaas/edusaas/vendor/laravel/framework/src/Illuminate/Cookie/Middleware/EncryptCookies.php(75): Illuminate\\Pipeline\\Pipeline->{closure:{closure:Illuminate\\Pipeline\\Pipeline::carry():184}:185}()
#26 /home/yamojr/devyamo/edusaas/edusaas/vendor/laravel/framework/src/Illuminate/Pipeline/Pipeline.php(209): Illuminate\\Cookie\\Middleware\\EncryptCookies->handle()
#27 /home/yamojr/devyamo/edusaas/edusaas/vendor/laravel/framework/src/Illuminate/Pipeline/Pipeline.php(127): Illuminate\\Pipeline\\Pipeline->{closure:{closure:Illuminate\\Pipeline\\Pipeline::carry():184}:185}()
#28 /home/yamojr/devyamo/edusaas/edusaas/vendor/laravel/framework/src/Illuminate/Routing/Router.php(807): Illuminate\\Pipeline\\Pipeline->then()
#29 /home/yamojr/devyamo/edusaas/edusaas/vendor/laravel/framework/src/Illuminate/Routing/Router.php(786): Illuminate\\Routing\\Router->runRouteWithinStack()
#30 /home/yamojr/devyamo/edusaas/edusaas/vendor/laravel/framework/src/Illuminate/Routing/Router.php(750): Illuminate\\Routing\\Router->runRoute()
#31 /home/yamojr/devyamo/edusaas/edusaas/vendor/laravel/framework/src/Illuminate/Routing/Router.php(739): Illuminate\\Routing\\Router->dispatchToRoute()
#32 /home/yamojr/devyamo/edusaas/edusaas/vendor/laravel/framework/src/Illuminate/Foundation/Http/Kernel.php(201): Illuminate\\Routing\\Router->dispatch()
#33 /home/yamojr/devyamo/edusaas/edusaas/vendor/laravel/framework/src/Illuminate/Pipeline/Pipeline.php(170): Illuminate\\Foundation\\Http\\Kernel->{closure:Illuminate\\Foundation\\Http\\Kernel::dispatchToRouter():198}()
#34 /home/yamojr/devyamo/edusaas/edusaas/vendor/laravel/framework/src/Illuminate/Foundation/Http/Middleware/TransformsRequest.php(21): Illuminate\\Pipeline\\Pipeline->{closure:Illuminate\\Pipeline\\Pipeline::prepareDestination():168}()
#35 /home/yamojr/devyamo/edusaas/edusaas/vendor/laravel/framework/src/Illuminate/Foundation/Http/Middleware/ConvertEmptyStringsToNull.php(31): Illuminate\\Foundation\\Http\\Middleware\\TransformsRequest->handle()
#36 /home/yamojr/devyamo/edusaas/edusaas/vendor/laravel/framework/src/Illuminate/Pipeline/Pipeline.php(209): Illuminate\\Foundation\\Http\\Middleware\\ConvertEmptyStringsToNull->handle()
#37 /home/yamojr/devyamo/edusaas/edusaas/vendor/laravel/framework/src/Illuminate/Foundation/Http/Middleware/TransformsRequest.php(21): Illuminate\\Pipeline\\Pipeline->{closure:{closure:Illuminate\\Pipeline\\Pipeline::carry():184}:185}()
#38 /home/yamojr/devyamo/edusaas/edusaas/vendor/laravel/framework/src/Illuminate/Foundation/Http/Middleware/TrimStrings.php(51): Illuminate\\Foundation\\Http\\Middleware\\TransformsRequest->handle()
#39 /home/yamojr/devyamo/edusaas/edusaas/vendor/laravel/framework/src/Illuminate/Pipeline/Pipeline.php(209): Illuminate\\Foundation\\Http\\Middleware\\TrimStrings->handle()
#40 /home/yamojr/devyamo/edusaas/edusaas/vendor/laravel/framework/src/Illuminate/Http/Middleware/ValidatePostSize.php(27): Illuminate\\Pipeline\\Pipeline->{closure:{closure:Illuminate\\Pipeline\\Pipeline::carry():184}:185}()
#41 /home/yamojr/devyamo/edusaas/edusaas/vendor/laravel/framework/src/Illuminate/Pipeline/Pipeline.php(209): Illuminate\\Http\\Middleware\\ValidatePostSize->handle()
#42 /home/yamojr/devyamo/edusaas/edusaas/vendor/laravel/framework/src/Illuminate/Foundation/Http/Middleware/PreventRequestsDuringMaintenance.php(110): Illuminate\\Pipeline\\Pipeline->{closure:{closure:Illuminate\\Pipeline\\Pipeline::carry():184}:185}()
#43 /home/yamojr/devyamo/edusaas/edusaas/vendor/laravel/framework/src/Illuminate/Pipeline/Pipeline.php(209): Illuminate\\Foundation\\Http\\Middleware\\PreventRequestsDuringMaintenance->handle()
#44 /home/yamojr/devyamo/edusaas/edusaas/vendor/laravel/framework/src/Illuminate/Http/Middleware/HandleCors.php(49): Illuminate\\Pipeline\\Pipeline->{closure:{closure:Illuminate\\Pipeline\\Pipeline::carry():184}:185}()
#45 /home/yamojr/devyamo/edusaas/edusaas/vendor/laravel/framework/src/Illuminate/Pipeline/Pipeline.php(209): Illuminate\\Http\\Middleware\\HandleCors->handle()
#46 /home/yamojr/devyamo/edusaas/edusaas/vendor/laravel/framework/src/Illuminate/Http/Middleware/TrustProxies.php(58): Illuminate\\Pipeline\\Pipeline->{closure:{closure:Illuminate\\Pipeline\\Pipeline::carry():184}:185}()
#47 /home/yamojr/devyamo/edusaas/edusaas/vendor/laravel/framework/src/Illuminate/Pipeline/Pipeline.php(209): Illuminate\\Http\\Middleware\\TrustProxies->handle()
#48 /home/yamojr/devyamo/edusaas/edusaas/vendor/laravel/framework/src/Illuminate/Foundation/Http/Middleware/InvokeDeferredCallbacks.php(22): Illuminate\\Pipeline\\Pipeline->{closure:{closure:Illuminate\\Pipeline\\Pipeline::carry():184}:185}()
#49 /home/yamojr/devyamo/edusaas/edusaas/vendor/laravel/framework/src/Illuminate/Pipeline/Pipeline.php(209): Illuminate\\Foundation\\Http\\Middleware\\InvokeDeferredCallbacks->handle()
#50 /home/yamojr/devyamo/edusaas/edusaas/vendor/laravel/framework/src/Illuminate/Pipeline/Pipeline.php(127): Illuminate\\Pipeline\\Pipeline->{closure:{closure:Illuminate\\Pipeline\\Pipeline::carry():184}:185}()
#51 /home/yamojr/devyamo/edusaas/edusaas/vendor/laravel/framework/src/Illuminate/Foundation/Http/Kernel.php(176): Illuminate\\Pipeline\\Pipeline->then()
#52 /home/yamojr/devyamo/edusaas/edusaas/vendor/laravel/framework/src/Illuminate/Foundation/Http/Kernel.php(145): Illuminate\\Foundation\\Http\\Kernel->sendRequestThroughRouter()
#53 /home/yamojr/devyamo/edusaas/edusaas/vendor/laravel/framework/src/Illuminate/Foundation/Application.php(1220): Illuminate\\Foundation\\Http\\Kernel->handle()
#54 /home/yamojr/devyamo/edusaas/edusaas/public/index.php(19): Illuminate\\Foundation\\Application->handleRequest()
#55 /home/yamojr/devyamo/edusaas/edusaas/vendor/laravel/framework/src/Illuminate/Foundation/resources/server.php(23): require_once('...')
#56 {main}
"} 
[2026-05-14 06:31:39] local.ERROR: SQLSTATE[42S22]: Column not found: 1054 Unknown column 'student_id' in 'where clause' (Connection: mysql, SQL: select count(*) as aggregate from `grades` where `student_id` = 1 and `grades`.`deleted_at` is null) {"userId":3,"exception":"[object] (Illuminate\\Database\\QueryException(code: 42S22): SQLSTATE[42S22]: Column not found: 1054 Unknown column 'student_id' in 'where clause' (Connection: mysql, SQL: select count(*) as aggregate from `grades` where `student_id` = 1 and `grades`.`deleted_at` is null) at /home/yamojr/devyamo/edusaas/edusaas/vendor/laravel/framework/src/Illuminate/Database/Connection.php:825)
[stacktrace]
#0 /home/yamojr/devyamo/edusaas/edusaas/vendor/laravel/framework/src/Illuminate/Database/Connection.php(779): Illuminate\\Database\\Connection->runQueryCallback()
#1 /home/yamojr/devyamo/edusaas/edusaas/vendor/laravel/framework/src/Illuminate/Database/Connection.php(398): Illuminate\\Database\\Connection->run()
#2 /home/yamojr/devyamo/edusaas/edusaas/vendor/laravel/framework/src/Illuminate/Database/Query/Builder.php(3106): Illuminate\\Database\\Connection->select()
#3 /home/yamojr/devyamo/edusaas/edusaas/vendor/laravel/framework/src/Illuminate/Database/Query/Builder.php(3091): Illuminate\\Database\\Query\\Builder->runSelect()
#4 /home/yamojr/devyamo/edusaas/edusaas/vendor/laravel/framework/src/Illuminate/Database/Query/Builder.php(3676): Illuminate\\Database\\Query\\Builder->{closure:Illuminate\\Database\\Query\\Builder::get():3090}()
#5 /home/yamojr/devyamo/edusaas/edusaas/vendor/laravel/framework/src/Illuminate/Database/Query/Builder.php(3090): Illuminate\\Database\\Query\\Builder->onceWithColumns()
#6 /home/yamojr/devyamo/edusaas/edusaas/vendor/laravel/framework/src/Illuminate/Database/Query/Builder.php(3285): Illuminate\\Database\\Query\\Builder->get()
#7 /home/yamojr/devyamo/edusaas/edusaas/vendor/laravel/framework/src/Illuminate/Database/Query/Builder.php(3244): Illuminate\\Database\\Query\\Builder->runPaginationCountQuery()
#8 /home/yamojr/devyamo/edusaas/edusaas/vendor/laravel/framework/src/Illuminate/Database/Eloquent/Builder.php(1029): Illuminate\\Database\\Query\\Builder->getCountForPagination()
#9 /home/yamojr/devyamo/edusaas/edusaas/app/Http/Controllers/Student/ResultController.php(21): Illuminate\\Database\\Eloquent\\Builder->paginate()
#10 /home/yamojr/devyamo/edusaas/edusaas/vendor/laravel/framework/src/Illuminate/Routing/Controller.php(54): App\\Http\\Controllers\\Student\\ResultController->index()
#11 /home/yamojr/devyamo/edusaas/edusaas/vendor/laravel/framework/src/Illuminate/Routing/ControllerDispatcher.php(44): Illuminate\\Routing\\Controller->callAction()
#12 /home/yamojr/devyamo/edusaas/edusaas/vendor/laravel/framework/src/Illuminate/Routing/Route.php(266): Illuminate\\Routing\\ControllerDispatcher->dispatch()
#13 /home/yamojr/devyamo/edusaas/edusaas/vendor/laravel/framework/src/Illuminate/Routing/Route.php(212): Illuminate\\Routing\\Route->runController()
#14 /home/yamojr/devyamo/edusaas/edusaas/vendor/laravel/framework/src/Illuminate/Routing/Router.php(808): Illuminate\\Routing\\Route->run()
#15 /home/yamojr/devyamo/edusaas/edusaas/vendor/laravel/framework/src/Illuminate/Pipeline/Pipeline.php(170): Illuminate\\Routing\\Router->{closure:Illuminate\\Routing\\Router::runRouteWithinStack():807}()
#16 /home/yamojr/devyamo/edusaas/edusaas/app/Http/Middleware/EnsureTenantAccess.php(26): Illuminate\\Pipeline\\Pipeline->{closure:Illuminate\\Pipeline\\Pipeline::prepareDestination():168}()
#17 /home/yamojr/devyamo/edusaas/edusaas/vendor/laravel/framework/src/Illuminate/Pipeline/Pipeline.php(209): App\\Http\\Middleware\\EnsureTenantAccess->handle()
#18 /home/yamojr/devyamo/edusaas/edusaas/vendor/spatie/laravel-permission/src/Middleware/RoleMiddleware.php(37): Illuminate\\Pipeline\\Pipeline->{closure:{closure:Illuminate\\Pipeline\\Pipeline::carry():184}:185}()
#19 /home/yamojr/devyamo/edusaas/edusaas/vendor/laravel/framework/src/Illuminate/Pipeline/Pipeline.php(209): Spatie\\Permission\\Middleware\\RoleMiddleware->handle()
#20 /home/yamojr/devyamo/edusaas/edusaas/app/Http/Middleware/IdentifyTenant.php(40): Illuminate\\Pipeline\\Pipeline->{closure:{closure:Illuminate\\Pipeline\\Pipeline::carry():184}:185}()
#21 /home/yamojr/devyamo/edusaas/edusaas/vendor/laravel/framework/src/Illuminate/Pipeline/Pipeline.php(209): App\\Http\\Middleware\\IdentifyTenant->handle()
#22 /home/yamojr/devyamo/edusaas/edusaas/vendor/inertiajs/inertia-laravel/src/Middleware.php(122): Illuminate\\Pipeline\\Pipeline->{closure:{closure:Illuminate\\Pipeline\\Pipeline::carry():184}:185}()
#23 /home/yamojr/devyamo/edusaas/edusaas/vendor/laravel/framework/src/Illuminate/Pipeline/Pipeline.php(209): Inertia\\Middleware->handle()
#24 /home/yamojr/devyamo/edusaas/edusaas/vendor/laravel/framework/src/Illuminate/Routing/Middleware/SubstituteBindings.php(51): Illuminate\\Pipeline\\Pipeline->{closure:{closure:Illuminate\\Pipeline\\Pipeline::carry():184}:185}()
#25 /home/yamojr/devyamo/edusaas/edusaas/vendor/laravel/framework/src/Illuminate/Pipeline/Pipeline.php(209): Illuminate\\Routing\\Middleware\\SubstituteBindings->handle()
#26 /home/yamojr/devyamo/edusaas/edusaas/vendor/laravel/framework/src/Illuminate/Auth/Middleware/Authenticate.php(64): Illuminate\\Pipeline\\Pipeline->{closure:{closure:Illuminate\\Pipeline\\Pipeline::carry():184}:185}()
#27 /home/yamojr/devyamo/edusaas/edusaas/vendor/laravel/framework/src/Illuminate/Pipeline/Pipeline.php(209): Illuminate\\Auth\\Middleware\\Authenticate->handle()
#28 /home/yamojr/devyamo/edusaas/edusaas/vendor/laravel/framework/src/Illuminate/Foundation/Http/Middleware/VerifyCsrfToken.php(88): Illuminate\\Pipeline\\Pipeline->{closure:{closure:Illuminate\\Pipeline\\Pipeline::carry():184}:185}()
#29 /home/yamojr/devyamo/edusaas/edusaas/vendor/laravel/framework/src/Illuminate/Pipeline/Pipeline.php(209): Illuminate\\Foundation\\Http\\Middleware\\VerifyCsrfToken->handle()
#30 /home/yamojr/devyamo/edusaas/edusaas/vendor/laravel/framework/src/Illuminate/View/Middleware/ShareErrorsFromSession.php(49): Illuminate\\Pipeline\\Pipeline->{closure:{closure:Illuminate\\Pipeline\\Pipeline::carry():184}:185}()
#31 /home/yamojr/devyamo/edusaas/edusaas/vendor/laravel/framework/src/Illuminate/Pipeline/Pipeline.php(209): Illuminate\\View\\Middleware\\ShareErrorsFromSession->handle()
#32 /home/yamojr/devyamo/edusaas/edusaas/vendor/laravel/framework/src/Illuminate/Session/Middleware/StartSession.php(121): Illuminate\\Pipeline\\Pipeline->{closure:{closure:Illuminate\\Pipeline\\Pipeline::carry():184}:185}()
#33 /home/yamojr/devyamo/edusaas/edusaas/vendor/laravel/framework/src/Illuminate/Session/Middleware/StartSession.php(64): Illuminate\\Session\\Middleware\\StartSession->handleStatefulRequest()
#34 /home/yamojr/devyamo/edusaas/edusaas/vendor/laravel/framework/src/Illuminate/Pipeline/Pipeline.php(209): Illuminate\\Session\\Middleware\\StartSession->handle()
#35 /home/yamojr/devyamo/edusaas/edusaas/vendor/laravel/framework/src/Illuminate/Cookie/Middleware/AddQueuedCookiesToResponse.php(37): Illuminate\\Pipeline\\Pipeline->{closure:{closure:Illuminate\\Pipeline\\Pipeline::carry():184}:185}()
#36 /home/yamojr/devyamo/edusaas/edusaas/vendor/laravel/framework/src/Illuminate/Pipeline/Pipeline.php(209): Illuminate\\Cookie\\Middleware\\AddQueuedCookiesToResponse->handle()
#37 /home/yamojr/devyamo/edusaas/edusaas/vendor/laravel/framework/src/Illuminate/Cookie/Middleware/EncryptCookies.php(75): Illuminate\\Pipeline\\Pipeline->{closure:{closure:Illuminate\\Pipeline\\Pipeline::carry():184}:185}()
#38 /home/yamojr/devyamo/edusaas/edusaas/vendor/laravel/framework/src/Illuminate/Pipeline/Pipeline.php(209): Illuminate\\Cookie\\Middleware\\EncryptCookies->handle()
#39 /home/yamojr/devyamo/edusaas/edusaas/vendor/laravel/framework/src/Illuminate/Pipeline/Pipeline.php(127): Illuminate\\Pipeline\\Pipeline->{closure:{closure:Illuminate\\Pipeline\\Pipeline::carry():184}:185}()
#40 /home/yamojr/devyamo/edusaas/edusaas/vendor/laravel/framework/src/Illuminate/Routing/Router.php(807): Illuminate\\Pipeline\\Pipeline->then()
#41 /home/yamojr/devyamo/edusaas/edusaas/vendor/laravel/framework/src/Illuminate/Routing/Router.php(786): Illuminate\\Routing\\Router->runRouteWithinStack()
#42 /home/yamojr/devyamo/edusaas/edusaas/vendor/laravel/framework/src/Illuminate/Routing/Router.php(750): Illuminate\\Routing\\Router->runRoute()
#43 /home/yamojr/devyamo/edusaas/edusaas/vendor/laravel/framework/src/Illuminate/Routing/Router.php(739): Illuminate\\Routing\\Router->dispatchToRoute()
#44 /home/yamojr/devyamo/edusaas/edusaas/vendor/laravel/framework/src/Illuminate/Foundation/Http/Kernel.php(201): Illuminate\\Routing\\Router->dispatch()
#45 /home/yamojr/devyamo/edusaas/edusaas/vendor/laravel/framework/src/Illuminate/Pipeline/Pipeline.php(170): Illuminate\\Foundation\\Http\\Kernel->{closure:Illuminate\\Foundation\\Http\\Kernel::dispatchToRouter():198}()
#46 /home/yamojr/devyamo/edusaas/edusaas/vendor/laravel/framework/src/Illuminate/Foundation/Http/Middleware/TransformsRequest.php(21): Illuminate\\Pipeline\\Pipeline->{closure:Illuminate\\Pipeline\\Pipeline::prepareDestination():168}()
#47 /home/yamojr/devyamo/edusaas/edusaas/vendor/laravel/framework/src/Illuminate/Foundation/Http/Middleware/ConvertEmptyStringsToNull.php(31): Illuminate\\Foundation\\Http\\Middleware\\TransformsRequest->handle()
#48 /home/yamojr/devyamo/edusaas/edusaas/vendor/laravel/framework/src/Illuminate/Pipeline/Pipeline.php(209): Illuminate\\Foundation\\Http\\Middleware\\ConvertEmptyStringsToNull->handle()
#49 /home/yamojr/devyamo/edusaas/edusaas/vendor/laravel/framework/src/Illuminate/Foundation/Http/Middleware/TransformsRequest.php(21): Illuminate\\Pipeline\\Pipeline->{closure:{closure:Illuminate\\Pipeline\\Pipeline::carry():184}:185}()
#50 /home/yamojr/devyamo/edusaas/edusaas/vendor/laravel/framework/src/Illuminate/Foundation/Http/Middleware/TrimStrings.php(51): Illuminate\\Foundation\\Http\\Middleware\\TransformsRequest->handle()
#51 /home/yamojr/devyamo/edusaas/edusaas/vendor/laravel/framework/src/Illuminate/Pipeline/Pipeline.php(209): Illuminate\\Foundation\\Http\\Middleware\\TrimStrings->handle()
#52 /home/yamojr/devyamo/edusaas/edusaas/vendor/laravel/framework/src/Illuminate/Http/Middleware/ValidatePostSize.php(27): Illuminate\\Pipeline\\Pipeline->{closure:{closure:Illuminate\\Pipeline\\Pipeline::carry():184}:185}()
#53 /home/yamojr/devyamo/edusaas/edusaas/vendor/laravel/framework/src/Illuminate/Pipeline/Pipeline.php(209): Illuminate\\Http\\Middleware\\ValidatePostSize->handle()
#54 /home/yamojr/devyamo/edusaas/edusaas/vendor/laravel/framework/src/Illuminate/Foundation/Http/Middleware/PreventRequestsDuringMaintenance.php(110): Illuminate\\Pipeline\\Pipeline->{closure:{closure:Illuminate\\Pipeline\\Pipeline::carry():184}:185}()
#55 /home/yamojr/devyamo/edusaas/edusaas/vendor/laravel/framework/src/Illuminate/Pipeline/Pipeline.php(209): Illuminate\\Foundation\\Http\\Middleware\\PreventRequestsDuringMaintenance->handle()
#56 /home/yamojr/devyamo/edusaas/edusaas/vendor/laravel/framework/src/Illuminate/Http/Middleware/HandleCors.php(49): Illuminate\\Pipeline\\Pipeline->{closure:{closure:Illuminate\\Pipeline\\Pipeline::carry():184}:185}()
#57 /home/yamojr/devyamo/edusaas/edusaas/vendor/laravel/framework/src/Illuminate/Pipeline/Pipeline.php(209): Illuminate\\Http\\Middleware\\HandleCors->handle()
#58 /home/yamojr/devyamo/edusaas/edusaas/vendor/laravel/framework/src/Illuminate/Http/Middleware/TrustProxies.php(58): Illuminate\\Pipeline\\Pipeline->{closure:{closure:Illuminate\\Pipeline\\Pipeline::carry():184}:185}()
#59 /home/yamojr/devyamo/edusaas/edusaas/vendor/laravel/framework/src/Illuminate/Pipeline/Pipeline.php(209): Illuminate\\Http\\Middleware\\TrustProxies->handle()
#60 /home/yamojr/devyamo/edusaas/edusaas/vendor/laravel/framework/src/Illuminate/Foundation/Http/Middleware/InvokeDeferredCallbacks.php(22): Illuminate\\Pipeline\\Pipeline->{closure:{closure:Illuminate\\Pipeline\\Pipeline::carry():184}:185}()
#61 /home/yamojr/devyamo/edusaas/edusaas/vendor/laravel/framework/src/Illuminate/Pipeline/Pipeline.php(209): Illuminate\\Foundation\\Http\\Middleware\\InvokeDeferredCallbacks->handle()
#62 /home/yamojr/devyamo/edusaas/edusaas/vendor/laravel/framework/src/Illuminate/Pipeline/Pipeline.php(127): Illuminate\\Pipeline\\Pipeline->{closure:{closure:Illuminate\\Pipeline\\Pipeline::carry():184}:185}()
#63 /home/yamojr/devyamo/edusaas/edusaas/vendor/laravel/framework/src/Illuminate/Foundation/Http/Kernel.php(176): Illuminate\\Pipeline\\Pipeline->then()
#64 /home/yamojr/devyamo/edusaas/edusaas/vendor/laravel/framework/src/Illuminate/Foundation/Http/Kernel.php(145): Illuminate\\Foundation\\Http\\Kernel->sendRequestThroughRouter()
#65 /home/yamojr/devyamo/edusaas/edusaas/vendor/laravel/framework/src/Illuminate/Foundation/Application.php(1220): Illuminate\\Foundation\\Http\\Kernel->handle()
#66 /home/yamojr/devyamo/edusaas/edusaas/public/index.php(19): Illuminate\\Foundation\\Application->handleRequest()
#67 /home/yamojr/devyamo/edusaas/edusaas/vendor/laravel/framework/src/Illuminate/Foundation/resources/server.php(23): require_once('...')
#68 {main}

[previous exception] [object] (PDOException(code: 42S22): SQLSTATE[42S22]: Column not found: 1054 Unknown column 'student_id' in 'where clause' at /home/yamojr/devyamo/edusaas/edusaas/vendor/laravel/framework/src/Illuminate/Database/Connection.php:407)
[stacktrace]
#0 /home/yamojr/devyamo/edusaas/edusaas/vendor/laravel/framework/src/Illuminate/Database/Connection.php(407): PDO->prepare()
#1 /home/yamojr/devyamo/edusaas/edusaas/vendor/laravel/framework/src/Illuminate/Database/Connection.php(812): Illuminate\\Database\\Connection->{closure:Illuminate\\Database\\Connection::select():398}()
#2 /home/yamojr/devyamo/edusaas/edusaas/vendor/laravel/framework/src/Illuminate/Database/Connection.php(779): Illuminate\\Database\\Connection->runQueryCallback()
#3 /home/yamojr/devyamo/edusaas/edusaas/vendor/laravel/framework/src/Illuminate/Database/Connection.php(398): Illuminate\\Database\\Connection->run()
#4 /home/yamojr/devyamo/edusaas/edusaas/vendor/laravel/framework/src/Illuminate/Database/Query/Builder.php(3106): Illuminate\\Database\\Connection->select()
#5 /home/yamojr/devyamo/edusaas/edusaas/vendor/laravel/framework/src/Illuminate/Database/Query/Builder.php(3091): Illuminate\\Database\\Query\\Builder->runSelect()
#6 /home/yamojr/devyamo/edusaas/edusaas/vendor/laravel/framework/src/Illuminate/Database/Query/Builder.php(3676): Illuminate\\Database\\Query\\Builder->{closure:Illuminate\\Database\\Query\\Builder::get():3090}()
#7 /home/yamojr/devyamo/edusaas/edusaas/vendor/laravel/framework/src/Illuminate/Database/Query/Builder.php(3090): Illuminate\\Database\\Query\\Builder->onceWithColumns()
#8 /home/yamojr/devyamo/edusaas/edusaas/vendor/laravel/framework/src/Illuminate/Database/Query/Builder.php(3285): Illuminate\\Database\\Query\\Builder->get()
#9 /home/yamojr/devyamo/edusaas/edusaas/vendor/laravel/framework/src/Illuminate/Database/Query/Builder.php(3244): Illuminate\\Database\\Query\\Builder->runPaginationCountQuery()
#10 /home/yamojr/devyamo/edusaas/edusaas/vendor/laravel/framework/src/Illuminate/Database/Eloquent/Builder.php(1029): Illuminate\\Database\\Query\\Builder->getCountForPagination()
#11 /home/yamojr/devyamo/edusaas/edusaas/app/Http/Controllers/Student/ResultController.php(21): Illuminate\\Database\\Eloquent\\Builder->paginate()
#12 /home/yamojr/devyamo/edusaas/edusaas/vendor/laravel/framework/src/Illuminate/Routing/Controller.php(54): App\\Http\\Controllers\\Student\\ResultController->index()
#13 /home/yamojr/devyamo/edusaas/edusaas/vendor/laravel/framework/src/Illuminate/Routing/ControllerDispatcher.php(44): Illuminate\\Routing\\Controller->callAction()
#14 /home/yamojr/devyamo/edusaas/edusaas/vendor/laravel/framework/src/Illuminate/Routing/Route.php(266): Illuminate\\Routing\\ControllerDispatcher->dispatch()
#15 /home/yamojr/devyamo/edusaas/edusaas/vendor/laravel/framework/src/Illuminate/Routing/Route.php(212): Illuminate\\Routing\\Route->runController()
#16 /home/yamojr/devyamo/edusaas/edusaas/vendor/laravel/framework/src/Illuminate/Routing/Router.php(808): Illuminate\\Routing\\Route->run()
#17 /home/yamojr/devyamo/edusaas/edusaas/vendor/laravel/framework/src/Illuminate/Pipeline/Pipeline.php(170): Illuminate\\Routing\\Router->{closure:Illuminate\\Routing\\Router::runRouteWithinStack():807}()
#18 /home/yamojr/devyamo/edusaas/edusaas/app/Http/Middleware/EnsureTenantAccess.php(26): Illuminate\\Pipeline\\Pipeline->{closure:Illuminate\\Pipeline\\Pipeline::prepareDestination():168}()
#19 /home/yamojr/devyamo/edusaas/edusaas/vendor/laravel/framework/src/Illuminate/Pipeline/Pipeline.php(209): App\\Http\\Middleware\\EnsureTenantAccess->handle()
#20 /home/yamojr/devyamo/edusaas/edusaas/vendor/spatie/laravel-permission/src/Middleware/RoleMiddleware.php(37): Illuminate\\Pipeline\\Pipeline->{closure:{closure:Illuminate\\Pipeline\\Pipeline::carry():184}:185}()
#21 /home/yamojr/devyamo/edusaas/edusaas/vendor/laravel/framework/src/Illuminate/Pipeline/Pipeline.php(209): Spatie\\Permission\\Middleware\\RoleMiddleware->handle()
#22 /home/yamojr/devyamo/edusaas/edusaas/app/Http/Middleware/IdentifyTenant.php(40): Illuminate\\Pipeline\\Pipeline->{closure:{closure:Illuminate\\Pipeline\\Pipeline::carry():184}:185}()
#23 /home/yamojr/devyamo/edusaas/edusaas/vendor/laravel/framework/src/Illuminate/Pipeline/Pipeline.php(209): App\\Http\\Middleware\\IdentifyTenant->handle()
#24 /home/yamojr/devyamo/edusaas/edusaas/vendor/inertiajs/inertia-laravel/src/Middleware.php(122): Illuminate\\Pipeline\\Pipeline->{closure:{closure:Illuminate\\Pipeline\\Pipeline::carry():184}:185}()
#25 /home/yamojr/devyamo/edusaas/edusaas/vendor/laravel/framework/src/Illuminate/Pipeline/Pipeline.php(209): Inertia\\Middleware->handle()
#26 /home/yamojr/devyamo/edusaas/edusaas/vendor/laravel/framework/src/Illuminate/Routing/Middleware/SubstituteBindings.php(51): Illuminate\\Pipeline\\Pipeline->{closure:{closure:Illuminate\\Pipeline\\Pipeline::carry():184}:185}()
#27 /home/yamojr/devyamo/edusaas/edusaas/vendor/laravel/framework/src/Illuminate/Pipeline/Pipeline.php(209): Illuminate\\Routing\\Middleware\\SubstituteBindings->handle()
#28 /home/yamojr/devyamo/edusaas/edusaas/vendor/laravel/framework/src/Illuminate/Auth/Middleware/Authenticate.php(64): Illuminate\\Pipeline\\Pipeline->{closure:{closure:Illuminate\\Pipeline\\Pipeline::carry():184}:185}()
#29 /home/yamojr/devyamo/edusaas/edusaas/vendor/laravel/framework/src/Illuminate/Pipeline/Pipeline.php(209): Illuminate\\Auth\\Middleware\\Authenticate->handle()
#30 /home/yamojr/devyamo/edusaas/edusaas/vendor/laravel/framework/src/Illuminate/Foundation/Http/Middleware/VerifyCsrfToken.php(88): Illuminate\\Pipeline\\Pipeline->{closure:{closure:Illuminate\\Pipeline\\Pipeline::carry():184}:185}()
#31 /home/yamojr/devyamo/edusaas/edusaas/vendor/laravel/framework/src/Illuminate/Pipeline/Pipeline.php(209): Illuminate\\Foundation\\Http\\Middleware\\VerifyCsrfToken->handle()
#32 /home/yamojr/devyamo/edusaas/edusaas/vendor/laravel/framework/src/Illuminate/View/Middleware/ShareErrorsFromSession.php(49): Illuminate\\Pipeline\\Pipeline->{closure:{closure:Illuminate\\Pipeline\\Pipeline::carry():184}:185}()
#33 /home/yamojr/devyamo/edusaas/edusaas/vendor/laravel/framework/src/Illuminate/Pipeline/Pipeline.php(209): Illuminate\\View\\Middleware\\ShareErrorsFromSession->handle()
#34 /home/yamojr/devyamo/edusaas/edusaas/vendor/laravel/framework/src/Illuminate/Session/Middleware/StartSession.php(121): Illuminate\\Pipeline\\Pipeline->{closure:{closure:Illuminate\\Pipeline\\Pipeline::carry():184}:185}()
#35 /home/yamojr/devyamo/edusaas/edusaas/vendor/laravel/framework/src/Illuminate/Session/Middleware/StartSession.php(64): Illuminate\\Session\\Middleware\\StartSession->handleStatefulRequest()
#36 /home/yamojr/devyamo/edusaas/edusaas/vendor/laravel/framework/src/Illuminate/Pipeline/Pipeline.php(209): Illuminate\\Session\\Middleware\\StartSession->handle()
#37 /home/yamojr/devyamo/edusaas/edusaas/vendor/laravel/framework/src/Illuminate/Cookie/Middleware/AddQueuedCookiesToResponse.php(37): Illuminate\\Pipeline\\Pipeline->{closure:{closure:Illuminate\\Pipeline\\Pipeline::carry():184}:185}()
#38 /home/yamojr/devyamo/edusaas/edusaas/vendor/laravel/framework/src/Illuminate/Pipeline/Pipeline.php(209): Illuminate\\Cookie\\Middleware\\AddQueuedCookiesToResponse->handle()
#39 /home/yamojr/devyamo/edusaas/edusaas/vendor/laravel/framework/src/Illuminate/Cookie/Middleware/EncryptCookies.php(75): Illuminate\\Pipeline\\Pipeline->{closure:{closure:Illuminate\\Pipeline\\Pipeline::carry():184}:185}()
#40 /home/yamojr/devyamo/edusaas/edusaas/vendor/laravel/framework/src/Illuminate/Pipeline/Pipeline.php(209): Illuminate\\Cookie\\Middleware\\EncryptCookies->handle()
#41 /home/yamojr/devyamo/edusaas/edusaas/vendor/laravel/framework/src/Illuminate/Pipeline/Pipeline.php(127): Illuminate\\Pipeline\\Pipeline->{closure:{closure:Illuminate\\Pipeline\\Pipeline::carry():184}:185}()
#42 /home/yamojr/devyamo/edusaas/edusaas/vendor/laravel/framework/src/Illuminate/Routing/Router.php(807): Illuminate\\Pipeline\\Pipeline->then()
#43 /home/yamojr/devyamo/edusaas/edusaas/vendor/laravel/framework/src/Illuminate/Routing/Router.php(786): Illuminate\\Routing\\Router->runRouteWithinStack()
#44 /home/yamojr/devyamo/edusaas/edusaas/vendor/laravel/framework/src/Illuminate/Routing/Router.php(750): Illuminate\\Routing\\Router->runRoute()
#45 /home/yamojr/devyamo/edusaas/edusaas/vendor/laravel/framework/src/Illuminate/Routing/Router.php(739): Illuminate\\Routing\\Router->dispatchToRoute()
#46 /home/yamojr/devyamo/edusaas/edusaas/vendor/laravel/framework/src/Illuminate/Foundation/Http/Kernel.php(201): Illuminate\\Routing\\Router->dispatch()
#47 /home/yamojr/devyamo/edusaas/edusaas/vendor/laravel/framework/src/Illuminate/Pipeline/Pipeline.php(170): Illuminate\\Foundation\\Http\\Kernel->{closure:Illuminate\\Foundation\\Http\\Kernel::dispatchToRouter():198}()
#48 /home/yamojr/devyamo/edusaas/edusaas/vendor/laravel/framework/src/Illuminate/Foundation/Http/Middleware/TransformsRequest.php(21): Illuminate\\Pipeline\\Pipeline->{closure:Illuminate\\Pipeline\\Pipeline::prepareDestination():168}()
#49 /home/yamojr/devyamo/edusaas/edusaas/vendor/laravel/framework/src/Illuminate/Foundation/Http/Middleware/ConvertEmptyStringsToNull.php(31): Illuminate\\Foundation\\Http\\Middleware\\TransformsRequest->handle()
#50 /home/yamojr/devyamo/edusaas/edusaas/vendor/laravel/framework/src/Illuminate/Pipeline/Pipeline.php(209): Illuminate\\Foundation\\Http\\Middleware\\ConvertEmptyStringsToNull->handle()
#51 /home/yamojr/devyamo/edusaas/edusaas/vendor/laravel/framework/src/Illuminate/Foundation/Http/Middleware/TransformsRequest.php(21): Illuminate\\Pipeline\\Pipeline->{closure:{closure:Illuminate\\Pipeline\\Pipeline::carry():184}:185}()
#52 /home/yamojr/devyamo/edusaas/edusaas/vendor/laravel/framework/src/Illuminate/Foundation/Http/Middleware/TrimStrings.php(51): Illuminate\\Foundation\\Http\\Middleware\\TransformsRequest->handle()
#53 /home/yamojr/devyamo/edusaas/edusaas/vendor/laravel/framework/src/Illuminate/Pipeline/Pipeline.php(209): Illuminate\\Foundation\\Http\\Middleware\\TrimStrings->handle()
#54 /home/yamojr/devyamo/edusaas/edusaas/vendor/laravel/framework/src/Illuminate/Http/Middleware/ValidatePostSize.php(27): Illuminate\\Pipeline\\Pipeline->{closure:{closure:Illuminate\\Pipeline\\Pipeline::carry():184}:185}()
#55 /home/yamojr/devyamo/edusaas/edusaas/vendor/laravel/framework/src/Illuminate/Pipeline/Pipeline.php(209): Illuminate\\Http\\Middleware\\ValidatePostSize->handle()
#56 /home/yamojr/devyamo/edusaas/edusaas/vendor/laravel/framework/src/Illuminate/Foundation/Http/Middleware/PreventRequestsDuringMaintenance.php(110): Illuminate\\Pipeline\\Pipeline->{closure:{closure:Illuminate\\Pipeline\\Pipeline::carry():184}:185}()
#57 /home/yamojr/devyamo/edusaas/edusaas/vendor/laravel/framework/src/Illuminate/Pipeline/Pipeline.php(209): Illuminate\\Foundation\\Http\\Middleware\\PreventRequestsDuringMaintenance->handle()
#58 /home/yamojr/devyamo/edusaas/edusaas/vendor/laravel/framework/src/Illuminate/Http/Middleware/HandleCors.php(49): Illuminate\\Pipeline\\Pipeline->{closure:{closure:Illuminate\\Pipeline\\Pipeline::carry():184}:185}()
#59 /home/yamojr/devyamo/edusaas/edusaas/vendor/laravel/framework/src/Illuminate/Pipeline/Pipeline.php(209): Illuminate\\Http\\Middleware\\HandleCors->handle()
#60 /home/yamojr/devyamo/edusaas/edusaas/vendor/laravel/framework/src/Illuminate/Http/Middleware/TrustProxies.php(58): Illuminate\\Pipeline\\Pipeline->{closure:{closure:Illuminate\\Pipeline\\Pipeline::carry():184}:185}()
#61 /home/yamojr/devyamo/edusaas/edusaas/vendor/laravel/framework/src/Illuminate/Pipeline/Pipeline.php(209): Illuminate\\Http\\Middleware\\TrustProxies->handle()
#62 /home/yamojr/devyamo/edusaas/edusaas/vendor/laravel/framework/src/Illuminate/Foundation/Http/Middleware/InvokeDeferredCallbacks.php(22): Illuminate\\Pipeline\\Pipeline->{closure:{closure:Illuminate\\Pipeline\\Pipeline::carry():184}:185}()
#63 /home/yamojr/devyamo/edusaas/edusaas/vendor/laravel/framework/src/Illuminate/Pipeline/Pipeline.php(209): Illuminate\\Foundation\\Http\\Middleware\\InvokeDeferredCallbacks->handle()
#64 /home/yamojr/devyamo/edusaas/edusaas/vendor/laravel/framework/src/Illuminate/Pipeline/Pipeline.php(127): Illuminate\\Pipeline\\Pipeline->{closure:{closure:Illuminate\\Pipeline\\Pipeline::carry():184}:185}()
#65 /home/yamojr/devyamo/edusaas/edusaas/vendor/laravel/framework/src/Illuminate/Foundation/Http/Kernel.php(176): Illuminate\\Pipeline\\Pipeline->then()
#66 /home/yamojr/devyamo/edusaas/edusaas/vendor/laravel/framework/src/Illuminate/Foundation/Http/Kernel.php(145): Illuminate\\Foundation\\Http\\Kernel->sendRequestThroughRouter()
#67 /home/yamojr/devyamo/edusaas/edusaas/vendor/laravel/framework/src/Illuminate/Foundation/Application.php(1220): Illuminate\\Foundation\\Http\\Kernel->handle()
#68 /home/yamojr/devyamo/edusaas/edusaas/public/index.php(19): Illuminate\\Foundation\\Application->handleRequest()
#69 /home/yamojr/devyamo/edusaas/edusaas/vendor/laravel/framework/src/Illuminate/Foundation/resources/server.php(23): require_once('...')
#70 {main}
"} 
[2026-05-14 06:45:13] local.ERROR: SQLSTATE[42S22]: Column not found: 1054 Unknown column 'status' in 'where clause' (Connection: mysql, SQL: select count(*) as aggregate from `lecturers` where `status` = active and `lecturers`.`deleted_at` is null and `lecturers`.`tenant_id` = 1) {"userId":2,"exception":"[object] (Illuminate\\Database\\QueryException(code: 42S22): SQLSTATE[42S22]: Column not found: 1054 Unknown column 'status' in 'where clause' (Connection: mysql, SQL: select count(*) as aggregate from `lecturers` where `status` = active and `lecturers`.`deleted_at` is null and `lecturers`.`tenant_id` = 1) at /home/yamojr/devyamo/edusaas/edusaas/vendor/laravel/framework/src/Illuminate/Database/Connection.php:825)
[stacktrace]
#0 /home/yamojr/devyamo/edusaas/edusaas/vendor/laravel/framework/src/Illuminate/Database/Connection.php(779): Illuminate\\Database\\Connection->runQueryCallback()
#1 /home/yamojr/devyamo/edusaas/edusaas/vendor/laravel/framework/src/Illuminate/Database/Connection.php(398): Illuminate\\Database\\Connection->run()
#2 /home/yamojr/devyamo/edusaas/edusaas/vendor/laravel/framework/src/Illuminate/Database/Query/Builder.php(3106): Illuminate\\Database\\Connection->select()
#3 /home/yamojr/devyamo/edusaas/edusaas/vendor/laravel/framework/src/Illuminate/Database/Query/Builder.php(3091): Illuminate\\Database\\Query\\Builder->runSelect()
#4 /home/yamojr/devyamo/edusaas/edusaas/vendor/laravel/framework/src/Illuminate/Database/Query/Builder.php(3676): Illuminate\\Database\\Query\\Builder->{closure:Illuminate\\Database\\Query\\Builder::get():3090}()
#5 /home/yamojr/devyamo/edusaas/edusaas/vendor/laravel/framework/src/Illuminate/Database/Query/Builder.php(3090): Illuminate\\Database\\Query\\Builder->onceWithColumns()
#6 /home/yamojr/devyamo/edusaas/edusaas/vendor/laravel/framework/src/Illuminate/Database/Query/Builder.php(3603): Illuminate\\Database\\Query\\Builder->get()
#7 /home/yamojr/devyamo/edusaas/edusaas/vendor/laravel/framework/src/Illuminate/Database/Query/Builder.php(3531): Illuminate\\Database\\Query\\Builder->aggregate()
#8 /home/yamojr/devyamo/edusaas/edusaas/vendor/laravel/framework/src/Illuminate/Database/Eloquent/Builder.php(2120): Illuminate\\Database\\Query\\Builder->count()
#9 /home/yamojr/devyamo/edusaas/edusaas/app/Http/Controllers/University/DashboardController.php(22): Illuminate\\Database\\Eloquent\\Builder->__call()
#10 /home/yamojr/devyamo/edusaas/edusaas/app/Http/Controllers/University/DashboardController.php(65): App\\Http\\Controllers\\University\\DashboardController->render()
#11 /home/yamojr/devyamo/edusaas/edusaas/vendor/laravel/framework/src/Illuminate/Routing/Controller.php(54): App\\Http\\Controllers\\University\\DashboardController->lecturer()
#12 /home/yamojr/devyamo/edusaas/edusaas/vendor/laravel/framework/src/Illuminate/Routing/ControllerDispatcher.php(44): Illuminate\\Routing\\Controller->callAction()
#13 /home/yamojr/devyamo/edusaas/edusaas/vendor/laravel/framework/src/Illuminate/Routing/Route.php(266): Illuminate\\Routing\\ControllerDispatcher->dispatch()
#14 /home/yamojr/devyamo/edusaas/edusaas/vendor/laravel/framework/src/Illuminate/Routing/Route.php(212): Illuminate\\Routing\\Route->runController()
#15 /home/yamojr/devyamo/edusaas/edusaas/vendor/laravel/framework/src/Illuminate/Routing/Router.php(808): Illuminate\\Routing\\Route->run()
#16 /home/yamojr/devyamo/edusaas/edusaas/vendor/laravel/framework/src/Illuminate/Pipeline/Pipeline.php(170): Illuminate\\Routing\\Router->{closure:Illuminate\\Routing\\Router::runRouteWithinStack():807}()
#17 /home/yamojr/devyamo/edusaas/edusaas/app/Http/Middleware/EnsureTenantAccess.php(26): Illuminate\\Pipeline\\Pipeline->{closure:Illuminate\\Pipeline\\Pipeline::prepareDestination():168}()
#18 /home/yamojr/devyamo/edusaas/edusaas/vendor/laravel/framework/src/Illuminate/Pipeline/Pipeline.php(209): App\\Http\\Middleware\\EnsureTenantAccess->handle()
#19 /home/yamojr/devyamo/edusaas/edusaas/vendor/spatie/laravel-permission/src/Middleware/RoleMiddleware.php(37): Illuminate\\Pipeline\\Pipeline->{closure:{closure:Illuminate\\Pipeline\\Pipeline::carry():184}:185}()
#20 /home/yamojr/devyamo/edusaas/edusaas/vendor/laravel/framework/src/Illuminate/Pipeline/Pipeline.php(209): Spatie\\Permission\\Middleware\\RoleMiddleware->handle()
#21 /home/yamojr/devyamo/edusaas/edusaas/app/Http/Middleware/IdentifyTenant.php(40): Illuminate\\Pipeline\\Pipeline->{closure:{closure:Illuminate\\Pipeline\\Pipeline::carry():184}:185}()
#22 /home/yamojr/devyamo/edusaas/edusaas/vendor/laravel/framework/src/Illuminate/Pipeline/Pipeline.php(209): App\\Http\\Middleware\\IdentifyTenant->handle()
#23 /home/yamojr/devyamo/edusaas/edusaas/vendor/inertiajs/inertia-laravel/src/Middleware.php(122): Illuminate\\Pipeline\\Pipeline->{closure:{closure:Illuminate\\Pipeline\\Pipeline::carry():184}:185}()
#24 /home/yamojr/devyamo/edusaas/edusaas/vendor/laravel/framework/src/Illuminate/Pipeline/Pipeline.php(209): Inertia\\Middleware->handle()
#25 /home/yamojr/devyamo/edusaas/edusaas/vendor/laravel/framework/src/Illuminate/Routing/Middleware/SubstituteBindings.php(51): Illuminate\\Pipeline\\Pipeline->{closure:{closure:Illuminate\\Pipeline\\Pipeline::carry():184}:185}()
#26 /home/yamojr/devyamo/edusaas/edusaas/vendor/laravel/framework/src/Illuminate/Pipeline/Pipeline.php(209): Illuminate\\Routing\\Middleware\\SubstituteBindings->handle()
#27 /home/yamojr/devyamo/edusaas/edusaas/vendor/laravel/framework/src/Illuminate/Auth/Middleware/Authenticate.php(64): Illuminate\\Pipeline\\Pipeline->{closure:{closure:Illuminate\\Pipeline\\Pipeline::carry():184}:185}()
#28 /home/yamojr/devyamo/edusaas/edusaas/vendor/laravel/framework/src/Illuminate/Pipeline/Pipeline.php(209): Illuminate\\Auth\\Middleware\\Authenticate->handle()
#29 /home/yamojr/devyamo/edusaas/edusaas/vendor/laravel/framework/src/Illuminate/Foundation/Http/Middleware/VerifyCsrfToken.php(88): Illuminate\\Pipeline\\Pipeline->{closure:{closure:Illuminate\\Pipeline\\Pipeline::carry():184}:185}()
#30 /home/yamojr/devyamo/edusaas/edusaas/vendor/laravel/framework/src/Illuminate/Pipeline/Pipeline.php(209): Illuminate\\Foundation\\Http\\Middleware\\VerifyCsrfToken->handle()
#31 /home/yamojr/devyamo/edusaas/edusaas/vendor/laravel/framework/src/Illuminate/View/Middleware/ShareErrorsFromSession.php(49): Illuminate\\Pipeline\\Pipeline->{closure:{closure:Illuminate\\Pipeline\\Pipeline::carry():184}:185}()
#32 /home/yamojr/devyamo/edusaas/edusaas/vendor/laravel/framework/src/Illuminate/Pipeline/Pipeline.php(209): Illuminate\\View\\Middleware\\ShareErrorsFromSession->handle()
#33 /home/yamojr/devyamo/edusaas/edusaas/vendor/laravel/framework/src/Illuminate/Session/Middleware/StartSession.php(121): Illuminate\\Pipeline\\Pipeline->{closure:{closure:Illuminate\\Pipeline\\Pipeline::carry():184}:185}()
#34 /home/yamojr/devyamo/edusaas/edusaas/vendor/laravel/framework/src/Illuminate/Session/Middleware/StartSession.php(64): Illuminate\\Session\\Middleware\\StartSession->handleStatefulRequest()
#35 /home/yamojr/devyamo/edusaas/edusaas/vendor/laravel/framework/src/Illuminate/Pipeline/Pipeline.php(209): Illuminate\\Session\\Middleware\\StartSession->handle()
#36 /home/yamojr/devyamo/edusaas/edusaas/vendor/laravel/framework/src/Illuminate/Cookie/Middleware/AddQueuedCookiesToResponse.php(37): Illuminate\\Pipeline\\Pipeline->{closure:{closure:Illuminate\\Pipeline\\Pipeline::carry():184}:185}()
#37 /home/yamojr/devyamo/edusaas/edusaas/vendor/laravel/framework/src/Illuminate/Pipeline/Pipeline.php(209): Illuminate\\Cookie\\Middleware\\AddQueuedCookiesToResponse->handle()
#38 /home/yamojr/devyamo/edusaas/edusaas/vendor/laravel/framework/src/Illuminate/Cookie/Middleware/EncryptCookies.php(75): Illuminate\\Pipeline\\Pipeline->{closure:{closure:Illuminate\\Pipeline\\Pipeline::carry():184}:185}()
#39 /home/yamojr/devyamo/edusaas/edusaas/vendor/laravel/framework/src/Illuminate/Pipeline/Pipeline.php(209): Illuminate\\Cookie\\Middleware\\EncryptCookies->handle()
#40 /home/yamojr/devyamo/edusaas/edusaas/vendor/laravel/framework/src/Illuminate/Pipeline/Pipeline.php(127): Illuminate\\Pipeline\\Pipeline->{closure:{closure:Illuminate\\Pipeline\\Pipeline::carry():184}:185}()
#41 /home/yamojr/devyamo/edusaas/edusaas/vendor/laravel/framework/src/Illuminate/Routing/Router.php(807): Illuminate\\Pipeline\\Pipeline->then()
#42 /home/yamojr/devyamo/edusaas/edusaas/vendor/laravel/framework/src/Illuminate/Routing/Router.php(786): Illuminate\\Routing\\Router->runRouteWithinStack()
#43 /home/yamojr/devyamo/edusaas/edusaas/vendor/laravel/framework/src/Illuminate/Routing/Router.php(750): Illuminate\\Routing\\Router->runRoute()
#44 /home/yamojr/devyamo/edusaas/edusaas/vendor/laravel/framework/src/Illuminate/Routing/Router.php(739): Illuminate\\Routing\\Router->dispatchToRoute()
#45 /home/yamojr/devyamo/edusaas/edusaas/vendor/laravel/framework/src/Illuminate/Foundation/Http/Kernel.php(201): Illuminate\\Routing\\Router->dispatch()
#46 /home/yamojr/devyamo/edusaas/edusaas/vendor/laravel/framework/src/Illuminate/Pipeline/Pipeline.php(170): Illuminate\\Foundation\\Http\\Kernel->{closure:Illuminate\\Foundation\\Http\\Kernel::dispatchToRouter():198}()
#47 /home/yamojr/devyamo/edusaas/edusaas/vendor/laravel/framework/src/Illuminate/Foundation/Http/Middleware/TransformsRequest.php(21): Illuminate\\Pipeline\\Pipeline->{closure:Illuminate\\Pipeline\\Pipeline::prepareDestination():168}()
#48 /home/yamojr/devyamo/edusaas/edusaas/vendor/laravel/framework/src/Illuminate/Foundation/Http/Middleware/ConvertEmptyStringsToNull.php(31): Illuminate\\Foundation\\Http\\Middleware\\TransformsRequest->handle()
#49 /home/yamojr/devyamo/edusaas/edusaas/vendor/laravel/framework/src/Illuminate/Pipeline/Pipeline.php(209): Illuminate\\Foundation\\Http\\Middleware\\ConvertEmptyStringsToNull->handle()
#50 /home/yamojr/devyamo/edusaas/edusaas/vendor/laravel/framework/src/Illuminate/Foundation/Http/Middleware/TransformsRequest.php(21): Illuminate\\Pipeline\\Pipeline->{closure:{closure:Illuminate\\Pipeline\\Pipeline::carry():184}:185}()
#51 /home/yamojr/devyamo/edusaas/edusaas/vendor/laravel/framework/src/Illuminate/Foundation/Http/Middleware/TrimStrings.php(51): Illuminate\\Foundation\\Http\\Middleware\\TransformsRequest->handle()
#52 /home/yamojr/devyamo/edusaas/edusaas/vendor/laravel/framework/src/Illuminate/Pipeline/Pipeline.php(209): Illuminate\\Foundation\\Http\\Middleware\\TrimStrings->handle()
#53 /home/yamojr/devyamo/edusaas/edusaas/vendor/laravel/framework/src/Illuminate/Http/Middleware/ValidatePostSize.php(27): Illuminate\\Pipeline\\Pipeline->{closure:{closure:Illuminate\\Pipeline\\Pipeline::carry():184}:185}()
#54 /home/yamojr/devyamo/edusaas/edusaas/vendor/laravel/framework/src/Illuminate/Pipeline/Pipeline.php(209): Illuminate\\Http\\Middleware\\ValidatePostSize->handle()
#55 /home/yamojr/devyamo/edusaas/edusaas/vendor/laravel/framework/src/Illuminate/Foundation/Http/Middleware/PreventRequestsDuringMaintenance.php(110): Illuminate\\Pipeline\\Pipeline->{closure:{closure:Illuminate\\Pipeline\\Pipeline::carry():184}:185}()
#56 /home/yamojr/devyamo/edusaas/edusaas/vendor/laravel/framework/src/Illuminate/Pipeline/Pipeline.php(209): Illuminate\\Foundation\\Http\\Middleware\\PreventRequestsDuringMaintenance->handle()
#57 /home/yamojr/devyamo/edusaas/edusaas/vendor/laravel/framework/src/Illuminate/Http/Middleware/HandleCors.php(49): Illuminate\\Pipeline\\Pipeline->{closure:{closure:Illuminate\\Pipeline\\Pipeline::carry():184}:185}()
#58 /home/yamojr/devyamo/edusaas/edusaas/vendor/laravel/framework/src/Illuminate/Pipeline/Pipeline.php(209): Illuminate\\Http\\Middleware\\HandleCors->handle()
#59 /home/yamojr/devyamo/edusaas/edusaas/vendor/laravel/framework/src/Illuminate/Http/Middleware/TrustProxies.php(58): Illuminate\\Pipeline\\Pipeline->{closure:{closure:Illuminate\\Pipeline\\Pipeline::carry():184}:185}()
#60 /home/yamojr/devyamo/edusaas/edusaas/vendor/laravel/framework/src/Illuminate/Pipeline/Pipeline.php(209): Illuminate\\Http\\Middleware\\TrustProxies->handle()
#61 /home/yamojr/devyamo/edusaas/edusaas/vendor/laravel/framework/src/Illuminate/Foundation/Http/Middleware/InvokeDeferredCallbacks.php(22): Illuminate\\Pipeline\\Pipeline->{closure:{closure:Illuminate\\Pipeline\\Pipeline::carry():184}:185}()
#62 /home/yamojr/devyamo/edusaas/edusaas/vendor/laravel/framework/src/Illuminate/Pipeline/Pipeline.php(209): Illuminate\\Foundation\\Http\\Middleware\\InvokeDeferredCallbacks->handle()
#63 /home/yamojr/devyamo/edusaas/edusaas/vendor/laravel/framework/src/Illuminate/Pipeline/Pipeline.php(127): Illuminate\\Pipeline\\Pipeline->{closure:{closure:Illuminate\\Pipeline\\Pipeline::carry():184}:185}()
#64 /home/yamojr/devyamo/edusaas/edusaas/vendor/laravel/framework/src/Illuminate/Foundation/Http/Kernel.php(176): Illuminate\\Pipeline\\Pipeline->then()
#65 /home/yamojr/devyamo/edusaas/edusaas/vendor/laravel/framework/src/Illuminate/Foundation/Http/Kernel.php(145): Illuminate\\Foundation\\Http\\Kernel->sendRequestThroughRouter()
#66 /home/yamojr/devyamo/edusaas/edusaas/vendor/laravel/framework/src/Illuminate/Foundation/Application.php(1220): Illuminate\\Foundation\\Http\\Kernel->handle()
#67 /home/yamojr/devyamo/edusaas/edusaas/public/index.php(19): Illuminate\\Foundation\\Application->handleRequest()
#68 /home/yamojr/devyamo/edusaas/edusaas/vendor/laravel/framework/src/Illuminate/Foundation/resources/server.php(23): require_once('...')
#69 {main}

[previous exception] [object] (PDOException(code: 42S22): SQLSTATE[42S22]: Column not found: 1054 Unknown column 'status' in 'where clause' at /home/yamojr/devyamo/edusaas/edusaas/vendor/laravel/framework/src/Illuminate/Database/Connection.php:407)
[stacktrace]
#0 /home/yamojr/devyamo/edusaas/edusaas/vendor/laravel/framework/src/Illuminate/Database/Connection.php(407): PDO->prepare()
#1 /home/yamojr/devyamo/edusaas/edusaas/vendor/laravel/framework/src/Illuminate/Database/Connection.php(812): Illuminate\\Database\\Connection->{closure:Illuminate\\Database\\Connection::select():398}()
#2 /home/yamojr/devyamo/edusaas/edusaas/vendor/laravel/framework/src/Illuminate/Database/Connection.php(779): Illuminate\\Database\\Connection->runQueryCallback()
#3 /home/yamojr/devyamo/edusaas/edusaas/vendor/laravel/framework/src/Illuminate/Database/Connection.php(398): Illuminate\\Database\\Connection->run()
#4 /home/yamojr/devyamo/edusaas/edusaas/vendor/laravel/framework/src/Illuminate/Database/Query/Builder.php(3106): Illuminate\\Database\\Connection->select()
#5 /home/yamojr/devyamo/edusaas/edusaas/vendor/laravel/framework/src/Illuminate/Database/Query/Builder.php(3091): Illuminate\\Database\\Query\\Builder->runSelect()
#6 /home/yamojr/devyamo/edusaas/edusaas/vendor/laravel/framework/src/Illuminate/Database/Query/Builder.php(3676): Illuminate\\Database\\Query\\Builder->{closure:Illuminate\\Database\\Query\\Builder::get():3090}()
#7 /home/yamojr/devyamo/edusaas/edusaas/vendor/laravel/framework/src/Illuminate/Database/Query/Builder.php(3090): Illuminate\\Database\\Query\\Builder->onceWithColumns()
#8 /home/yamojr/devyamo/edusaas/edusaas/vendor/laravel/framework/src/Illuminate/Database/Query/Builder.php(3603): Illuminate\\Database\\Query\\Builder->get()
#9 /home/yamojr/devyamo/edusaas/edusaas/vendor/laravel/framework/src/Illuminate/Database/Query/Builder.php(3531): Illuminate\\Database\\Query\\Builder->aggregate()
#10 /home/yamojr/devyamo/edusaas/edusaas/vendor/laravel/framework/src/Illuminate/Database/Eloquent/Builder.php(2120): Illuminate\\Database\\Query\\Builder->count()
#11 /home/yamojr/devyamo/edusaas/edusaas/app/Http/Controllers/University/DashboardController.php(22): Illuminate\\Database\\Eloquent\\Builder->__call()
#12 /home/yamojr/devyamo/edusaas/edusaas/app/Http/Controllers/University/DashboardController.php(65): App\\Http\\Controllers\\University\\DashboardController->render()
#13 /home/yamojr/devyamo/edusaas/edusaas/vendor/laravel/framework/src/Illuminate/Routing/Controller.php(54): App\\Http\\Controllers\\University\\DashboardController->lecturer()
#14 /home/yamojr/devyamo/edusaas/edusaas/vendor/laravel/framework/src/Illuminate/Routing/ControllerDispatcher.php(44): Illuminate\\Routing\\Controller->callAction()
#15 /home/yamojr/devyamo/edusaas/edusaas/vendor/laravel/framework/src/Illuminate/Routing/Route.php(266): Illuminate\\Routing\\ControllerDispatcher->dispatch()
#16 /home/yamojr/devyamo/edusaas/edusaas/vendor/laravel/framework/src/Illuminate/Routing/Route.php(212): Illuminate\\Routing\\Route->runController()
#17 /home/yamojr/devyamo/edusaas/edusaas/vendor/laravel/framework/src/Illuminate/Routing/Router.php(808): Illuminate\\Routing\\Route->run()
#18 /home/yamojr/devyamo/edusaas/edusaas/vendor/laravel/framework/src/Illuminate/Pipeline/Pipeline.php(170): Illuminate\\Routing\\Router->{closure:Illuminate\\Routing\\Router::runRouteWithinStack():807}()
#19 /home/yamojr/devyamo/edusaas/edusaas/app/Http/Middleware/EnsureTenantAccess.php(26): Illuminate\\Pipeline\\Pipeline->{closure:Illuminate\\Pipeline\\Pipeline::prepareDestination():168}()
#20 /home/yamojr/devyamo/edusaas/edusaas/vendor/laravel/framework/src/Illuminate/Pipeline/Pipeline.php(209): App\\Http\\Middleware\\EnsureTenantAccess->handle()
#21 /home/yamojr/devyamo/edusaas/edusaas/vendor/spatie/laravel-permission/src/Middleware/RoleMiddleware.php(37): Illuminate\\Pipeline\\Pipeline->{closure:{closure:Illuminate\\Pipeline\\Pipeline::carry():184}:185}()
#22 /home/yamojr/devyamo/edusaas/edusaas/vendor/laravel/framework/src/Illuminate/Pipeline/Pipeline.php(209): Spatie\\Permission\\Middleware\\RoleMiddleware->handle()
#23 /home/yamojr/devyamo/edusaas/edusaas/app/Http/Middleware/IdentifyTenant.php(40): Illuminate\\Pipeline\\Pipeline->{closure:{closure:Illuminate\\Pipeline\\Pipeline::carry():184}:185}()
#24 /home/yamojr/devyamo/edusaas/edusaas/vendor/laravel/framework/src/Illuminate/Pipeline/Pipeline.php(209): App\\Http\\Middleware\\IdentifyTenant->handle()
#25 /home/yamojr/devyamo/edusaas/edusaas/vendor/inertiajs/inertia-laravel/src/Middleware.php(122): Illuminate\\Pipeline\\Pipeline->{closure:{closure:Illuminate\\Pipeline\\Pipeline::carry():184}:185}()
#26 /home/yamojr/devyamo/edusaas/edusaas/vendor/laravel/framework/src/Illuminate/Pipeline/Pipeline.php(209): Inertia\\Middleware->handle()
#27 /home/yamojr/devyamo/edusaas/edusaas/vendor/laravel/framework/src/Illuminate/Routing/Middleware/SubstituteBindings.php(51): Illuminate\\Pipeline\\Pipeline->{closure:{closure:Illuminate\\Pipeline\\Pipeline::carry():184}:185}()
#28 /home/yamojr/devyamo/edusaas/edusaas/vendor/laravel/framework/src/Illuminate/Pipeline/Pipeline.php(209): Illuminate\\Routing\\Middleware\\SubstituteBindings->handle()
#29 /home/yamojr/devyamo/edusaas/edusaas/vendor/laravel/framework/src/Illuminate/Auth/Middleware/Authenticate.php(64): Illuminate\\Pipeline\\Pipeline->{closure:{closure:Illuminate\\Pipeline\\Pipeline::carry():184}:185}()
#30 /home/yamojr/devyamo/edusaas/edusaas/vendor/laravel/framework/src/Illuminate/Pipeline/Pipeline.php(209): Illuminate\\Auth\\Middleware\\Authenticate->handle()
#31 /home/yamojr/devyamo/edusaas/edusaas/vendor/laravel/framework/src/Illuminate/Foundation/Http/Middleware/VerifyCsrfToken.php(88): Illuminate\\Pipeline\\Pipeline->{closure:{closure:Illuminate\\Pipeline\\Pipeline::carry():184}:185}()
#32 /home/yamojr/devyamo/edusaas/edusaas/vendor/laravel/framework/src/Illuminate/Pipeline/Pipeline.php(209): Illuminate\\Foundation\\Http\\Middleware\\VerifyCsrfToken->handle()
#33 /home/yamojr/devyamo/edusaas/edusaas/vendor/laravel/framework/src/Illuminate/View/Middleware/ShareErrorsFromSession.php(49): Illuminate\\Pipeline\\Pipeline->{closure:{closure:Illuminate\\Pipeline\\Pipeline::carry():184}:185}()
#34 /home/yamojr/devyamo/edusaas/edusaas/vendor/laravel/framework/src/Illuminate/Pipeline/Pipeline.php(209): Illuminate\\View\\Middleware\\ShareErrorsFromSession->handle()
#35 /home/yamojr/devyamo/edusaas/edusaas/vendor/laravel/framework/src/Illuminate/Session/Middleware/StartSession.php(121): Illuminate\\Pipeline\\Pipeline->{closure:{closure:Illuminate\\Pipeline\\Pipeline::carry():184}:185}()
#36 /home/yamojr/devyamo/edusaas/edusaas/vendor/laravel/framework/src/Illuminate/Session/Middleware/StartSession.php(64): Illuminate\\Session\\Middleware\\StartSession->handleStatefulRequest()
#37 /home/yamojr/devyamo/edusaas/edusaas/vendor/laravel/framework/src/Illuminate/Pipeline/Pipeline.php(209): Illuminate\\Session\\Middleware\\StartSession->handle()
#38 /home/yamojr/devyamo/edusaas/edusaas/vendor/laravel/framework/src/Illuminate/Cookie/Middleware/AddQueuedCookiesToResponse.php(37): Illuminate\\Pipeline\\Pipeline->{closure:{closure:Illuminate\\Pipeline\\Pipeline::carry():184}:185}()
#39 /home/yamojr/devyamo/edusaas/edusaas/vendor/laravel/framework/src/Illuminate/Pipeline/Pipeline.php(209): Illuminate\\Cookie\\Middleware\\AddQueuedCookiesToResponse->handle()
#40 /home/yamojr/devyamo/edusaas/edusaas/vendor/laravel/framework/src/Illuminate/Cookie/Middleware/EncryptCookies.php(75): Illuminate\\Pipeline\\Pipeline->{closure:{closure:Illuminate\\Pipeline\\Pipeline::carry():184}:185}()
#41 /home/yamojr/devyamo/edusaas/edusaas/vendor/laravel/framework/src/Illuminate/Pipeline/Pipeline.php(209): Illuminate\\Cookie\\Middleware\\EncryptCookies->handle()
#42 /home/yamojr/devyamo/edusaas/edusaas/vendor/laravel/framework/src/Illuminate/Pipeline/Pipeline.php(127): Illuminate\\Pipeline\\Pipeline->{closure:{closure:Illuminate\\Pipeline\\Pipeline::carry():184}:185}()
#43 /home/yamojr/devyamo/edusaas/edusaas/vendor/laravel/framework/src/Illuminate/Routing/Router.php(807): Illuminate\\Pipeline\\Pipeline->then()
#44 /home/yamojr/devyamo/edusaas/edusaas/vendor/laravel/framework/src/Illuminate/Routing/Router.php(786): Illuminate\\Routing\\Router->runRouteWithinStack()
#45 /home/yamojr/devyamo/edusaas/edusaas/vendor/laravel/framework/src/Illuminate/Routing/Router.php(750): Illuminate\\Routing\\Router->runRoute()
#46 /home/yamojr/devyamo/edusaas/edusaas/vendor/laravel/framework/src/Illuminate/Routing/Router.php(739): Illuminate\\Routing\\Router->dispatchToRoute()
#47 /home/yamojr/devyamo/edusaas/edusaas/vendor/laravel/framework/src/Illuminate/Foundation/Http/Kernel.php(201): Illuminate\\Routing\\Router->dispatch()
#48 /home/yamojr/devyamo/edusaas/edusaas/vendor/laravel/framework/src/Illuminate/Pipeline/Pipeline.php(170): Illuminate\\Foundation\\Http\\Kernel->{closure:Illuminate\\Foundation\\Http\\Kernel::dispatchToRouter():198}()
#49 /home/yamojr/devyamo/edusaas/edusaas/vendor/laravel/framework/src/Illuminate/Foundation/Http/Middleware/TransformsRequest.php(21): Illuminate\\Pipeline\\Pipeline->{closure:Illuminate\\Pipeline\\Pipeline::prepareDestination():168}()
#50 /home/yamojr/devyamo/edusaas/edusaas/vendor/laravel/framework/src/Illuminate/Foundation/Http/Middleware/ConvertEmptyStringsToNull.php(31): Illuminate\\Foundation\\Http\\Middleware\\TransformsRequest->handle()
#51 /home/yamojr/devyamo/edusaas/edusaas/vendor/laravel/framework/src/Illuminate/Pipeline/Pipeline.php(209): Illuminate\\Foundation\\Http\\Middleware\\ConvertEmptyStringsToNull->handle()
#52 /home/yamojr/devyamo/edusaas/edusaas/vendor/laravel/framework/src/Illuminate/Foundation/Http/Middleware/TransformsRequest.php(21): Illuminate\\Pipeline\\Pipeline->{closure:{closure:Illuminate\\Pipeline\\Pipeline::carry():184}:185}()
#53 /home/yamojr/devyamo/edusaas/edusaas/vendor/laravel/framework/src/Illuminate/Foundation/Http/Middleware/TrimStrings.php(51): Illuminate\\Foundation\\Http\\Middleware\\TransformsRequest->handle()
#54 /home/yamojr/devyamo/edusaas/edusaas/vendor/laravel/framework/src/Illuminate/Pipeline/Pipeline.php(209): Illuminate\\Foundation\\Http\\Middleware\\TrimStrings->handle()
#55 /home/yamojr/devyamo/edusaas/edusaas/vendor/laravel/framework/src/Illuminate/Http/Middleware/ValidatePostSize.php(27): Illuminate\\Pipeline\\Pipeline->{closure:{closure:Illuminate\\Pipeline\\Pipeline::carry():184}:185}()
#56 /home/yamojr/devyamo/edusaas/edusaas/vendor/laravel/framework/src/Illuminate/Pipeline/Pipeline.php(209): Illuminate\\Http\\Middleware\\ValidatePostSize->handle()
#57 /home/yamojr/devyamo/edusaas/edusaas/vendor/laravel/framework/src/Illuminate/Foundation/Http/Middleware/PreventRequestsDuringMaintenance.php(110): Illuminate\\Pipeline\\Pipeline->{closure:{closure:Illuminate\\Pipeline\\Pipeline::carry():184}:185}()
#58 /home/yamojr/devyamo/edusaas/edusaas/vendor/laravel/framework/src/Illuminate/Pipeline/Pipeline.php(209): Illuminate\\Foundation\\Http\\Middleware\\PreventRequestsDuringMaintenance->handle()
#59 /home/yamojr/devyamo/edusaas/edusaas/vendor/laravel/framework/src/Illuminate/Http/Middleware/HandleCors.php(49): Illuminate\\Pipeline\\Pipeline->{closure:{closure:Illuminate\\Pipeline\\Pipeline::carry():184}:185}()
#60 /home/yamojr/devyamo/edusaas/edusaas/vendor/laravel/framework/src/Illuminate/Pipeline/Pipeline.php(209): Illuminate\\Http\\Middleware\\HandleCors->handle()
#61 /home/yamojr/devyamo/edusaas/edusaas/vendor/laravel/framework/src/Illuminate/Http/Middleware/TrustProxies.php(58): Illuminate\\Pipeline\\Pipeline->{closure:{closure:Illuminate\\Pipeline\\Pipeline::carry():184}:185}()
#62 /home/yamojr/devyamo/edusaas/edusaas/vendor/laravel/framework/src/Illuminate/Pipeline/Pipeline.php(209): Illuminate\\Http\\Middleware\\TrustProxies->handle()
#63 /home/yamojr/devyamo/edusaas/edusaas/vendor/laravel/framework/src/Illuminate/Foundation/Http/Middleware/InvokeDeferredCallbacks.php(22): Illuminate\\Pipeline\\Pipeline->{closure:{closure:Illuminate\\Pipeline\\Pipeline::carry():184}:185}()
#64 /home/yamojr/devyamo/edusaas/edusaas/vendor/laravel/framework/src/Illuminate/Pipeline/Pipeline.php(209): Illuminate\\Foundation\\Http\\Middleware\\InvokeDeferredCallbacks->handle()
#65 /home/yamojr/devyamo/edusaas/edusaas/vendor/laravel/framework/src/Illuminate/Pipeline/Pipeline.php(127): Illuminate\\Pipeline\\Pipeline->{closure:{closure:Illuminate\\Pipeline\\Pipeline::carry():184}:185}()
#66 /home/yamojr/devyamo/edusaas/edusaas/vendor/laravel/framework/src/Illuminate/Foundation/Http/Kernel.php(176): Illuminate\\Pipeline\\Pipeline->then()
#67 /home/yamojr/devyamo/edusaas/edusaas/vendor/laravel/framework/src/Illuminate/Foundation/Http/Kernel.php(145): Illuminate\\Foundation\\Http\\Kernel->sendRequestThroughRouter()
#68 /home/yamojr/devyamo/edusaas/edusaas/vendor/laravel/framework/src/Illuminate/Foundation/Application.php(1220): Illuminate\\Foundation\\Http\\Kernel->handle()
#69 /home/yamojr/devyamo/edusaas/edusaas/public/index.php(19): Illuminate\\Foundation\\Application->handleRequest()
#70 /home/yamojr/devyamo/edusaas/edusaas/vendor/laravel/framework/src/Illuminate/Foundation/resources/server.php(23): require_once('...')
#71 {main}
"} 
[2026-05-14 06:51:40] local.ERROR: SQLSTATE[42S22]: Column not found: 1054 Unknown column 'status' in 'where clause' (Connection: mysql, SQL: select count(*) as aggregate from `lecturers` where `status` = active and `lecturers`.`deleted_at` is null and `lecturers`.`tenant_id` = 1) {"userId":2,"exception":"[object] (Illuminate\\Database\\QueryException(code: 42S22): SQLSTATE[42S22]: Column not found: 1054 Unknown column 'status' in 'where clause' (Connection: mysql, SQL: select count(*) as aggregate from `lecturers` where `status` = active and `lecturers`.`deleted_at` is null and `lecturers`.`tenant_id` = 1) at /home/yamojr/devyamo/edusaas/edusaas/vendor/laravel/framework/src/Illuminate/Database/Connection.php:825)
[stacktrace]
#0 /home/yamojr/devyamo/edusaas/edusaas/vendor/laravel/framework/src/Illuminate/Database/Connection.php(779): Illuminate\\Database\\Connection->runQueryCallback()
#1 /home/yamojr/devyamo/edusaas/edusaas/vendor/laravel/framework/src/Illuminate/Database/Connection.php(398): Illuminate\\Database\\Connection->run()
#2 /home/yamojr/devyamo/edusaas/edusaas/vendor/laravel/framework/src/Illuminate/Database/Query/Builder.php(3106): Illuminate\\Database\\Connection->select()
#3 /home/yamojr/devyamo/edusaas/edusaas/vendor/laravel/framework/src/Illuminate/Database/Query/Builder.php(3091): Illuminate\\Database\\Query\\Builder->runSelect()
#4 /home/yamojr/devyamo/edusaas/edusaas/vendor/laravel/framework/src/Illuminate/Database/Query/Builder.php(3676): Illuminate\\Database\\Query\\Builder->{closure:Illuminate\\Database\\Query\\Builder::get():3090}()
#5 /home/yamojr/devyamo/edusaas/edusaas/vendor/laravel/framework/src/Illuminate/Database/Query/Builder.php(3090): Illuminate\\Database\\Query\\Builder->onceWithColumns()
#6 /home/yamojr/devyamo/edusaas/edusaas/vendor/laravel/framework/src/Illuminate/Database/Query/Builder.php(3603): Illuminate\\Database\\Query\\Builder->get()
#7 /home/yamojr/devyamo/edusaas/edusaas/vendor/laravel/framework/src/Illuminate/Database/Query/Builder.php(3531): Illuminate\\Database\\Query\\Builder->aggregate()
#8 /home/yamojr/devyamo/edusaas/edusaas/vendor/laravel/framework/src/Illuminate/Database/Eloquent/Builder.php(2120): Illuminate\\Database\\Query\\Builder->count()
#9 /home/yamojr/devyamo/edusaas/edusaas/app/Http/Controllers/University/DashboardController.php(22): Illuminate\\Database\\Eloquent\\Builder->__call()
#10 /home/yamojr/devyamo/edusaas/edusaas/app/Http/Controllers/University/DashboardController.php(65): App\\Http\\Controllers\\University\\DashboardController->render()
#11 /home/yamojr/devyamo/edusaas/edusaas/vendor/laravel/framework/src/Illuminate/Routing/Controller.php(54): App\\Http\\Controllers\\University\\DashboardController->lecturer()
#12 /home/yamojr/devyamo/edusaas/edusaas/vendor/laravel/framework/src/Illuminate/Routing/ControllerDispatcher.php(44): Illuminate\\Routing\\Controller->callAction()
#13 /home/yamojr/devyamo/edusaas/edusaas/vendor/laravel/framework/src/Illuminate/Routing/Route.php(266): Illuminate\\Routing\\ControllerDispatcher->dispatch()
#14 /home/yamojr/devyamo/edusaas/edusaas/vendor/laravel/framework/src/Illuminate/Routing/Route.php(212): Illuminate\\Routing\\Route->runController()
#15 /home/yamojr/devyamo/edusaas/edusaas/vendor/laravel/framework/src/Illuminate/Routing/Router.php(808): Illuminate\\Routing\\Route->run()
#16 /home/yamojr/devyamo/edusaas/edusaas/vendor/laravel/framework/src/Illuminate/Pipeline/Pipeline.php(170): Illuminate\\Routing\\Router->{closure:Illuminate\\Routing\\Router::runRouteWithinStack():807}()
#17 /home/yamojr/devyamo/edusaas/edusaas/app/Http/Middleware/EnsureTenantAccess.php(26): Illuminate\\Pipeline\\Pipeline->{closure:Illuminate\\Pipeline\\Pipeline::prepareDestination():168}()
#18 /home/yamojr/devyamo/edusaas/edusaas/vendor/laravel/framework/src/Illuminate/Pipeline/Pipeline.php(209): App\\Http\\Middleware\\EnsureTenantAccess->handle()
#19 /home/yamojr/devyamo/edusaas/edusaas/vendor/spatie/laravel-permission/src/Middleware/RoleMiddleware.php(37): Illuminate\\Pipeline\\Pipeline->{closure:{closure:Illuminate\\Pipeline\\Pipeline::carry():184}:185}()
#20 /home/yamojr/devyamo/edusaas/edusaas/vendor/laravel/framework/src/Illuminate/Pipeline/Pipeline.php(209): Spatie\\Permission\\Middleware\\RoleMiddleware->handle()
#21 /home/yamojr/devyamo/edusaas/edusaas/app/Http/Middleware/IdentifyTenant.php(40): Illuminate\\Pipeline\\Pipeline->{closure:{closure:Illuminate\\Pipeline\\Pipeline::carry():184}:185}()
#22 /home/yamojr/devyamo/edusaas/edusaas/vendor/laravel/framework/src/Illuminate/Pipeline/Pipeline.php(209): App\\Http\\Middleware\\IdentifyTenant->handle()
#23 /home/yamojr/devyamo/edusaas/edusaas/vendor/inertiajs/inertia-laravel/src/Middleware.php(122): Illuminate\\Pipeline\\Pipeline->{closure:{closure:Illuminate\\Pipeline\\Pipeline::carry():184}:185}()
#24 /home/yamojr/devyamo/edusaas/edusaas/vendor/laravel/framework/src/Illuminate/Pipeline/Pipeline.php(209): Inertia\\Middleware->handle()
#25 /home/yamojr/devyamo/edusaas/edusaas/vendor/laravel/framework/src/Illuminate/Routing/Middleware/SubstituteBindings.php(51): Illuminate\\Pipeline\\Pipeline->{closure:{closure:Illuminate\\Pipeline\\Pipeline::carry():184}:185}()
#26 /home/yamojr/devyamo/edusaas/edusaas/vendor/laravel/framework/src/Illuminate/Pipeline/Pipeline.php(209): Illuminate\\Routing\\Middleware\\SubstituteBindings->handle()
#27 /home/yamojr/devyamo/edusaas/edusaas/vendor/laravel/framework/src/Illuminate/Auth/Middleware/Authenticate.php(64): Illuminate\\Pipeline\\Pipeline->{closure:{closure:Illuminate\\Pipeline\\Pipeline::carry():184}:185}()
#28 /home/yamojr/devyamo/edusaas/edusaas/vendor/laravel/framework/src/Illuminate/Pipeline/Pipeline.php(209): Illuminate\\Auth\\Middleware\\Authenticate->handle()
#29 /home/yamojr/devyamo/edusaas/edusaas/vendor/laravel/framework/src/Illuminate/Foundation/Http/Middleware/VerifyCsrfToken.php(88): Illuminate\\Pipeline\\Pipeline->{closure:{closure:Illuminate\\Pipeline\\Pipeline::carry():184}:185}()
#30 /home/yamojr/devyamo/edusaas/edusaas/vendor/laravel/framework/src/Illuminate/Pipeline/Pipeline.php(209): Illuminate\\Foundation\\Http\\Middleware\\VerifyCsrfToken->handle()
#31 /home/yamojr/devyamo/edusaas/edusaas/vendor/laravel/framework/src/Illuminate/View/Middleware/ShareErrorsFromSession.php(49): Illuminate\\Pipeline\\Pipeline->{closure:{closure:Illuminate\\Pipeline\\Pipeline::carry():184}:185}()
#32 /home/yamojr/devyamo/edusaas/edusaas/vendor/laravel/framework/src/Illuminate/Pipeline/Pipeline.php(209): Illuminate\\View\\Middleware\\ShareErrorsFromSession->handle()
#33 /home/yamojr/devyamo/edusaas/edusaas/vendor/laravel/framework/src/Illuminate/Session/Middleware/StartSession.php(121): Illuminate\\Pipeline\\Pipeline->{closure:{closure:Illuminate\\Pipeline\\Pipeline::carry():184}:185}()
#34 /home/yamojr/devyamo/edusaas/edusaas/vendor/laravel/framework/src/Illuminate/Session/Middleware/StartSession.php(64): Illuminate\\Session\\Middleware\\StartSession->handleStatefulRequest()
#35 /home/yamojr/devyamo/edusaas/edusaas/vendor/laravel/framework/src/Illuminate/Pipeline/Pipeline.php(209): Illuminate\\Session\\Middleware\\StartSession->handle()
#36 /home/yamojr/devyamo/edusaas/edusaas/vendor/laravel/framework/src/Illuminate/Cookie/Middleware/AddQueuedCookiesToResponse.php(37): Illuminate\\Pipeline\\Pipeline->{closure:{closure:Illuminate\\Pipeline\\Pipeline::carry():184}:185}()
#37 /home/yamojr/devyamo/edusaas/edusaas/vendor/laravel/framework/src/Illuminate/Pipeline/Pipeline.php(209): Illuminate\\Cookie\\Middleware\\AddQueuedCookiesToResponse->handle()
#38 /home/yamojr/devyamo/edusaas/edusaas/vendor/laravel/framework/src/Illuminate/Cookie/Middleware/EncryptCookies.php(75): Illuminate\\Pipeline\\Pipeline->{closure:{closure:Illuminate\\Pipeline\\Pipeline::carry():184}:185}()
#39 /home/yamojr/devyamo/edusaas/edusaas/vendor/laravel/framework/src/Illuminate/Pipeline/Pipeline.php(209): Illuminate\\Cookie\\Middleware\\EncryptCookies->handle()
#40 /home/yamojr/devyamo/edusaas/edusaas/vendor/laravel/framework/src/Illuminate/Pipeline/Pipeline.php(127): Illuminate\\Pipeline\\Pipeline->{closure:{closure:Illuminate\\Pipeline\\Pipeline::carry():184}:185}()
#41 /home/yamojr/devyamo/edusaas/edusaas/vendor/laravel/framework/src/Illuminate/Routing/Router.php(807): Illuminate\\Pipeline\\Pipeline->then()
#42 /home/yamojr/devyamo/edusaas/edusaas/vendor/laravel/framework/src/Illuminate/Routing/Router.php(786): Illuminate\\Routing\\Router->runRouteWithinStack()
#43 /home/yamojr/devyamo/edusaas/edusaas/vendor/laravel/framework/src/Illuminate/Routing/Router.php(750): Illuminate\\Routing\\Router->runRoute()
#44 /home/yamojr/devyamo/edusaas/edusaas/vendor/laravel/framework/src/Illuminate/Routing/Router.php(739): Illuminate\\Routing\\Router->dispatchToRoute()
#45 /home/yamojr/devyamo/edusaas/edusaas/vendor/laravel/framework/src/Illuminate/Foundation/Http/Kernel.php(201): Illuminate\\Routing\\Router->dispatch()
#46 /home/yamojr/devyamo/edusaas/edusaas/vendor/laravel/framework/src/Illuminate/Pipeline/Pipeline.php(170): Illuminate\\Foundation\\Http\\Kernel->{closure:Illuminate\\Foundation\\Http\\Kernel::dispatchToRouter():198}()
#47 /home/yamojr/devyamo/edusaas/edusaas/vendor/laravel/framework/src/Illuminate/Foundation/Http/Middleware/TransformsRequest.php(21): Illuminate\\Pipeline\\Pipeline->{closure:Illuminate\\Pipeline\\Pipeline::prepareDestination():168}()
#48 /home/yamojr/devyamo/edusaas/edusaas/vendor/laravel/framework/src/Illuminate/Foundation/Http/Middleware/ConvertEmptyStringsToNull.php(31): Illuminate\\Foundation\\Http\\Middleware\\TransformsRequest->handle()
#49 /home/yamojr/devyamo/edusaas/edusaas/vendor/laravel/framework/src/Illuminate/Pipeline/Pipeline.php(209): Illuminate\\Foundation\\Http\\Middleware\\ConvertEmptyStringsToNull->handle()
#50 /home/yamojr/devyamo/edusaas/edusaas/vendor/laravel/framework/src/Illuminate/Foundation/Http/Middleware/TransformsRequest.php(21): Illuminate\\Pipeline\\Pipeline->{closure:{closure:Illuminate\\Pipeline\\Pipeline::carry():184}:185}()
#51 /home/yamojr/devyamo/edusaas/edusaas/vendor/laravel/framework/src/Illuminate/Foundation/Http/Middleware/TrimStrings.php(51): Illuminate\\Foundation\\Http\\Middleware\\TransformsRequest->handle()
#52 /home/yamojr/devyamo/edusaas/edusaas/vendor/laravel/framework/src/Illuminate/Pipeline/Pipeline.php(209): Illuminate\\Foundation\\Http\\Middleware\\TrimStrings->handle()
#53 /home/yamojr/devyamo/edusaas/edusaas/vendor/laravel/framework/src/Illuminate/Http/Middleware/ValidatePostSize.php(27): Illuminate\\Pipeline\\Pipeline->{closure:{closure:Illuminate\\Pipeline\\Pipeline::carry():184}:185}()
#54 /home/yamojr/devyamo/edusaas/edusaas/vendor/laravel/framework/src/Illuminate/Pipeline/Pipeline.php(209): Illuminate\\Http\\Middleware\\ValidatePostSize->handle()
#55 /home/yamojr/devyamo/edusaas/edusaas/vendor/laravel/framework/src/Illuminate/Foundation/Http/Middleware/PreventRequestsDuringMaintenance.php(110): Illuminate\\Pipeline\\Pipeline->{closure:{closure:Illuminate\\Pipeline\\Pipeline::carry():184}:185}()
#56 /home/yamojr/devyamo/edusaas/edusaas/vendor/laravel/framework/src/Illuminate/Pipeline/Pipeline.php(209): Illuminate\\Foundation\\Http\\Middleware\\PreventRequestsDuringMaintenance->handle()
#57 /home/yamojr/devyamo/edusaas/edusaas/vendor/laravel/framework/src/Illuminate/Http/Middleware/HandleCors.php(49): Illuminate\\Pipeline\\Pipeline->{closure:{closure:Illuminate\\Pipeline\\Pipeline::carry():184}:185}()
#58 /home/yamojr/devyamo/edusaas/edusaas/vendor/laravel/framework/src/Illuminate/Pipeline/Pipeline.php(209): Illuminate\\Http\\Middleware\\HandleCors->handle()
#59 /home/yamojr/devyamo/edusaas/edusaas/vendor/laravel/framework/src/Illuminate/Http/Middleware/TrustProxies.php(58): Illuminate\\Pipeline\\Pipeline->{closure:{closure:Illuminate\\Pipeline\\Pipeline::carry():184}:185}()
#60 /home/yamojr/devyamo/edusaas/edusaas/vendor/laravel/framework/src/Illuminate/Pipeline/Pipeline.php(209): Illuminate\\Http\\Middleware\\TrustProxies->handle()
#61 /home/yamojr/devyamo/edusaas/edusaas/vendor/laravel/framework/src/Illuminate/Foundation/Http/Middleware/InvokeDeferredCallbacks.php(22): Illuminate\\Pipeline\\Pipeline->{closure:{closure:Illuminate\\Pipeline\\Pipeline::carry():184}:185}()
#62 /home/yamojr/devyamo/edusaas/edusaas/vendor/laravel/framework/src/Illuminate/Pipeline/Pipeline.php(209): Illuminate\\Foundation\\Http\\Middleware\\InvokeDeferredCallbacks->handle()
#63 /home/yamojr/devyamo/edusaas/edusaas/vendor/laravel/framework/src/Illuminate/Pipeline/Pipeline.php(127): Illuminate\\Pipeline\\Pipeline->{closure:{closure:Illuminate\\Pipeline\\Pipeline::carry():184}:185}()
#64 /home/yamojr/devyamo/edusaas/edusaas/vendor/laravel/framework/src/Illuminate/Foundation/Http/Kernel.php(176): Illuminate\\Pipeline\\Pipeline->then()
#65 /home/yamojr/devyamo/edusaas/edusaas/vendor/laravel/framework/src/Illuminate/Foundation/Http/Kernel.php(145): Illuminate\\Foundation\\Http\\Kernel->sendRequestThroughRouter()
#66 /home/yamojr/devyamo/edusaas/edusaas/vendor/laravel/framework/src/Illuminate/Foundation/Application.php(1220): Illuminate\\Foundation\\Http\\Kernel->handle()
#67 /home/yamojr/devyamo/edusaas/edusaas/public/index.php(19): Illuminate\\Foundation\\Application->handleRequest()
#68 /home/yamojr/devyamo/edusaas/edusaas/vendor/laravel/framework/src/Illuminate/Foundation/resources/server.php(23): require_once('...')
#69 {main}

[previous exception] [object] (PDOException(code: 42S22): SQLSTATE[42S22]: Column not found: 1054 Unknown column 'status' in 'where clause' at /home/yamojr/devyamo/edusaas/edusaas/vendor/laravel/framework/src/Illuminate/Database/Connection.php:407)
[stacktrace]
#0 /home/yamojr/devyamo/edusaas/edusaas/vendor/laravel/framework/src/Illuminate/Database/Connection.php(407): PDO->prepare()
#1 /home/yamojr/devyamo/edusaas/edusaas/vendor/laravel/framework/src/Illuminate/Database/Connection.php(812): Illuminate\\Database\\Connection->{closure:Illuminate\\Database\\Connection::select():398}()
#2 /home/yamojr/devyamo/edusaas/edusaas/vendor/laravel/framework/src/Illuminate/Database/Connection.php(779): Illuminate\\Database\\Connection->runQueryCallback()
#3 /home/yamojr/devyamo/edusaas/edusaas/vendor/laravel/framework/src/Illuminate/Database/Connection.php(398): Illuminate\\Database\\Connection->run()
#4 /home/yamojr/devyamo/edusaas/edusaas/vendor/laravel/framework/src/Illuminate/Database/Query/Builder.php(3106): Illuminate\\Database\\Connection->select()
#5 /home/yamojr/devyamo/edusaas/edusaas/vendor/laravel/framework/src/Illuminate/Database/Query/Builder.php(3091): Illuminate\\Database\\Query\\Builder->runSelect()
#6 /home/yamojr/devyamo/edusaas/edusaas/vendor/laravel/framework/src/Illuminate/Database/Query/Builder.php(3676): Illuminate\\Database\\Query\\Builder->{closure:Illuminate\\Database\\Query\\Builder::get():3090}()
#7 /home/yamojr/devyamo/edusaas/edusaas/vendor/laravel/framework/src/Illuminate/Database/Query/Builder.php(3090): Illuminate\\Database\\Query\\Builder->onceWithColumns()
#8 /home/yamojr/devyamo/edusaas/edusaas/vendor/laravel/framework/src/Illuminate/Database/Query/Builder.php(3603): Illuminate\\Database\\Query\\Builder->get()
#9 /home/yamojr/devyamo/edusaas/edusaas/vendor/laravel/framework/src/Illuminate/Database/Query/Builder.php(3531): Illuminate\\Database\\Query\\Builder->aggregate()
#10 /home/yamojr/devyamo/edusaas/edusaas/vendor/laravel/framework/src/Illuminate/Database/Eloquent/Builder.php(2120): Illuminate\\Database\\Query\\Builder->count()
#11 /home/yamojr/devyamo/edusaas/edusaas/app/Http/Controllers/University/DashboardController.php(22): Illuminate\\Database\\Eloquent\\Builder->__call()
#12 /home/yamojr/devyamo/edusaas/edusaas/app/Http/Controllers/University/DashboardController.php(65): App\\Http\\Controllers\\University\\DashboardController->render()
#13 /home/yamojr/devyamo/edusaas/edusaas/vendor/laravel/framework/src/Illuminate/Routing/Controller.php(54): App\\Http\\Controllers\\University\\DashboardController->lecturer()
#14 /home/yamojr/devyamo/edusaas/edusaas/vendor/laravel/framework/src/Illuminate/Routing/ControllerDispatcher.php(44): Illuminate\\Routing\\Controller->callAction()
#15 /home/yamojr/devyamo/edusaas/edusaas/vendor/laravel/framework/src/Illuminate/Routing/Route.php(266): Illuminate\\Routing\\ControllerDispatcher->dispatch()
#16 /home/yamojr/devyamo/edusaas/edusaas/vendor/laravel/framework/src/Illuminate/Routing/Route.php(212): Illuminate\\Routing\\Route->runController()
#17 /home/yamojr/devyamo/edusaas/edusaas/vendor/laravel/framework/src/Illuminate/Routing/Router.php(808): Illuminate\\Routing\\Route->run()
#18 /home/yamojr/devyamo/edusaas/edusaas/vendor/laravel/framework/src/Illuminate/Pipeline/Pipeline.php(170): Illuminate\\Routing\\Router->{closure:Illuminate\\Routing\\Router::runRouteWithinStack():807}()
#19 /home/yamojr/devyamo/edusaas/edusaas/app/Http/Middleware/EnsureTenantAccess.php(26): Illuminate\\Pipeline\\Pipeline->{closure:Illuminate\\Pipeline\\Pipeline::prepareDestination():168}()
#20 /home/yamojr/devyamo/edusaas/edusaas/vendor/laravel/framework/src/Illuminate/Pipeline/Pipeline.php(209): App\\Http\\Middleware\\EnsureTenantAccess->handle()
#21 /home/yamojr/devyamo/edusaas/edusaas/vendor/spatie/laravel-permission/src/Middleware/RoleMiddleware.php(37): Illuminate\\Pipeline\\Pipeline->{closure:{closure:Illuminate\\Pipeline\\Pipeline::carry():184}:185}()
#22 /home/yamojr/devyamo/edusaas/edusaas/vendor/laravel/framework/src/Illuminate/Pipeline/Pipeline.php(209): Spatie\\Permission\\Middleware\\RoleMiddleware->handle()
#23 /home/yamojr/devyamo/edusaas/edusaas/app/Http/Middleware/IdentifyTenant.php(40): Illuminate\\Pipeline\\Pipeline->{closure:{closure:Illuminate\\Pipeline\\Pipeline::carry():184}:185}()
#24 /home/yamojr/devyamo/edusaas/edusaas/vendor/laravel/framework/src/Illuminate/Pipeline/Pipeline.php(209): App\\Http\\Middleware\\IdentifyTenant->handle()
#25 /home/yamojr/devyamo/edusaas/edusaas/vendor/inertiajs/inertia-laravel/src/Middleware.php(122): Illuminate\\Pipeline\\Pipeline->{closure:{closure:Illuminate\\Pipeline\\Pipeline::carry():184}:185}()
#26 /home/yamojr/devyamo/edusaas/edusaas/vendor/laravel/framework/src/Illuminate/Pipeline/Pipeline.php(209): Inertia\\Middleware->handle()
#27 /home/yamojr/devyamo/edusaas/edusaas/vendor/laravel/framework/src/Illuminate/Routing/Middleware/SubstituteBindings.php(51): Illuminate\\Pipeline\\Pipeline->{closure:{closure:Illuminate\\Pipeline\\Pipeline::carry():184}:185}()
#28 /home/yamojr/devyamo/edusaas/edusaas/vendor/laravel/framework/src/Illuminate/Pipeline/Pipeline.php(209): Illuminate\\Routing\\Middleware\\SubstituteBindings->handle()
#29 /home/yamojr/devyamo/edusaas/edusaas/vendor/laravel/framework/src/Illuminate/Auth/Middleware/Authenticate.php(64): Illuminate\\Pipeline\\Pipeline->{closure:{closure:Illuminate\\Pipeline\\Pipeline::carry():184}:185}()
#30 /home/yamojr/devyamo/edusaas/edusaas/vendor/laravel/framework/src/Illuminate/Pipeline/Pipeline.php(209): Illuminate\\Auth\\Middleware\\Authenticate->handle()
#31 /home/yamojr/devyamo/edusaas/edusaas/vendor/laravel/framework/src/Illuminate/Foundation/Http/Middleware/VerifyCsrfToken.php(88): Illuminate\\Pipeline\\Pipeline->{closure:{closure:Illuminate\\Pipeline\\Pipeline::carry():184}:185}()
#32 /home/yamojr/devyamo/edusaas/edusaas/vendor/laravel/framework/src/Illuminate/Pipeline/Pipeline.php(209): Illuminate\\Foundation\\Http\\Middleware\\VerifyCsrfToken->handle()
#33 /home/yamojr/devyamo/edusaas/edusaas/vendor/laravel/framework/src/Illuminate/View/Middleware/ShareErrorsFromSession.php(49): Illuminate\\Pipeline\\Pipeline->{closure:{closure:Illuminate\\Pipeline\\Pipeline::carry():184}:185}()
#34 /home/yamojr/devyamo/edusaas/edusaas/vendor/laravel/framework/src/Illuminate/Pipeline/Pipeline.php(209): Illuminate\\View\\Middleware\\ShareErrorsFromSession->handle()
#35 /home/yamojr/devyamo/edusaas/edusaas/vendor/laravel/framework/src/Illuminate/Session/Middleware/StartSession.php(121): Illuminate\\Pipeline\\Pipeline->{closure:{closure:Illuminate\\Pipeline\\Pipeline::carry():184}:185}()
#36 /home/yamojr/devyamo/edusaas/edusaas/vendor/laravel/framework/src/Illuminate/Session/Middleware/StartSession.php(64): Illuminate\\Session\\Middleware\\StartSession->handleStatefulRequest()
#37 /home/yamojr/devyamo/edusaas/edusaas/vendor/laravel/framework/src/Illuminate/Pipeline/Pipeline.php(209): Illuminate\\Session\\Middleware\\StartSession->handle()
#38 /home/yamojr/devyamo/edusaas/edusaas/vendor/laravel/framework/src/Illuminate/Cookie/Middleware/AddQueuedCookiesToResponse.php(37): Illuminate\\Pipeline\\Pipeline->{closure:{closure:Illuminate\\Pipeline\\Pipeline::carry():184}:185}()
#39 /home/yamojr/devyamo/edusaas/edusaas/vendor/laravel/framework/src/Illuminate/Pipeline/Pipeline.php(209): Illuminate\\Cookie\\Middleware\\AddQueuedCookiesToResponse->handle()
#40 /home/yamojr/devyamo/edusaas/edusaas/vendor/laravel/framework/src/Illuminate/Cookie/Middleware/EncryptCookies.php(75): Illuminate\\Pipeline\\Pipeline->{closure:{closure:Illuminate\\Pipeline\\Pipeline::carry():184}:185}()
#41 /home/yamojr/devyamo/edusaas/edusaas/vendor/laravel/framework/src/Illuminate/Pipeline/Pipeline.php(209): Illuminate\\Cookie\\Middleware\\EncryptCookies->handle()
#42 /home/yamojr/devyamo/edusaas/edusaas/vendor/laravel/framework/src/Illuminate/Pipeline/Pipeline.php(127): Illuminate\\Pipeline\\Pipeline->{closure:{closure:Illuminate\\Pipeline\\Pipeline::carry():184}:185}()
#43 /home/yamojr/devyamo/edusaas/edusaas/vendor/laravel/framework/src/Illuminate/Routing/Router.php(807): Illuminate\\Pipeline\\Pipeline->then()
#44 /home/yamojr/devyamo/edusaas/edusaas/vendor/laravel/framework/src/Illuminate/Routing/Router.php(786): Illuminate\\Routing\\Router->runRouteWithinStack()
#45 /home/yamojr/devyamo/edusaas/edusaas/vendor/laravel/framework/src/Illuminate/Routing/Router.php(750): Illuminate\\Routing\\Router->runRoute()
#46 /home/yamojr/devyamo/edusaas/edusaas/vendor/laravel/framework/src/Illuminate/Routing/Router.php(739): Illuminate\\Routing\\Router->dispatchToRoute()
#47 /home/yamojr/devyamo/edusaas/edusaas/vendor/laravel/framework/src/Illuminate/Foundation/Http/Kernel.php(201): Illuminate\\Routing\\Router->dispatch()
#48 /home/yamojr/devyamo/edusaas/edusaas/vendor/laravel/framework/src/Illuminate/Pipeline/Pipeline.php(170): Illuminate\\Foundation\\Http\\Kernel->{closure:Illuminate\\Foundation\\Http\\Kernel::dispatchToRouter():198}()
#49 /home/yamojr/devyamo/edusaas/edusaas/vendor/laravel/framework/src/Illuminate/Foundation/Http/Middleware/TransformsRequest.php(21): Illuminate\\Pipeline\\Pipeline->{closure:Illuminate\\Pipeline\\Pipeline::prepareDestination():168}()
#50 /home/yamojr/devyamo/edusaas/edusaas/vendor/laravel/framework/src/Illuminate/Foundation/Http/Middleware/ConvertEmptyStringsToNull.php(31): Illuminate\\Foundation\\Http\\Middleware\\TransformsRequest->handle()
#51 /home/yamojr/devyamo/edusaas/edusaas/vendor/laravel/framework/src/Illuminate/Pipeline/Pipeline.php(209): Illuminate\\Foundation\\Http\\Middleware\\ConvertEmptyStringsToNull->handle()
#52 /home/yamojr/devyamo/edusaas/edusaas/vendor/laravel/framework/src/Illuminate/Foundation/Http/Middleware/TransformsRequest.php(21): Illuminate\\Pipeline\\Pipeline->{closure:{closure:Illuminate\\Pipeline\\Pipeline::carry():184}:185}()
#53 /home/yamojr/devyamo/edusaas/edusaas/vendor/laravel/framework/src/Illuminate/Foundation/Http/Middleware/TrimStrings.php(51): Illuminate\\Foundation\\Http\\Middleware\\TransformsRequest->handle()
#54 /home/yamojr/devyamo/edusaas/edusaas/vendor/laravel/framework/src/Illuminate/Pipeline/Pipeline.php(209): Illuminate\\Foundation\\Http\\Middleware\\TrimStrings->handle()
#55 /home/yamojr/devyamo/edusaas/edusaas/vendor/laravel/framework/src/Illuminate/Http/Middleware/ValidatePostSize.php(27): Illuminate\\Pipeline\\Pipeline->{closure:{closure:Illuminate\\Pipeline\\Pipeline::carry():184}:185}()
#56 /home/yamojr/devyamo/edusaas/edusaas/vendor/laravel/framework/src/Illuminate/Pipeline/Pipeline.php(209): Illuminate\\Http\\Middleware\\ValidatePostSize->handle()
#57 /home/yamojr/devyamo/edusaas/edusaas/vendor/laravel/framework/src/Illuminate/Foundation/Http/Middleware/PreventRequestsDuringMaintenance.php(110): Illuminate\\Pipeline\\Pipeline->{closure:{closure:Illuminate\\Pipeline\\Pipeline::carry():184}:185}()
#58 /home/yamojr/devyamo/edusaas/edusaas/vendor/laravel/framework/src/Illuminate/Pipeline/Pipeline.php(209): Illuminate\\Foundation\\Http\\Middleware\\PreventRequestsDuringMaintenance->handle()
#59 /home/yamojr/devyamo/edusaas/edusaas/vendor/laravel/framework/src/Illuminate/Http/Middleware/HandleCors.php(49): Illuminate\\Pipeline\\Pipeline->{closure:{closure:Illuminate\\Pipeline\\Pipeline::carry():184}:185}()
#60 /home/yamojr/devyamo/edusaas/edusaas/vendor/laravel/framework/src/Illuminate/Pipeline/Pipeline.php(209): Illuminate\\Http\\Middleware\\HandleCors->handle()
#61 /home/yamojr/devyamo/edusaas/edusaas/vendor/laravel/framework/src/Illuminate/Http/Middleware/TrustProxies.php(58): Illuminate\\Pipeline\\Pipeline->{closure:{closure:Illuminate\\Pipeline\\Pipeline::carry():184}:185}()
#62 /home/yamojr/devyamo/edusaas/edusaas/vendor/laravel/framework/src/Illuminate/Pipeline/Pipeline.php(209): Illuminate\\Http\\Middleware\\TrustProxies->handle()
#63 /home/yamojr/devyamo/edusaas/edusaas/vendor/laravel/framework/src/Illuminate/Foundation/Http/Middleware/InvokeDeferredCallbacks.php(22): Illuminate\\Pipeline\\Pipeline->{closure:{closure:Illuminate\\Pipeline\\Pipeline::carry():184}:185}()
#64 /home/yamojr/devyamo/edusaas/edusaas/vendor/laravel/framework/src/Illuminate/Pipeline/Pipeline.php(209): Illuminate\\Foundation\\Http\\Middleware\\InvokeDeferredCallbacks->handle()
#65 /home/yamojr/devyamo/edusaas/edusaas/vendor/laravel/framework/src/Illuminate/Pipeline/Pipeline.php(127): Illuminate\\Pipeline\\Pipeline->{closure:{closure:Illuminate\\Pipeline\\Pipeline::carry():184}:185}()
#66 /home/yamojr/devyamo/edusaas/edusaas/vendor/laravel/framework/src/Illuminate/Foundation/Http/Kernel.php(176): Illuminate\\Pipeline\\Pipeline->then()
#67 /home/yamojr/devyamo/edusaas/edusaas/vendor/laravel/framework/src/Illuminate/Foundation/Http/Kernel.php(145): Illuminate\\Foundation\\Http\\Kernel->sendRequestThroughRouter()
#68 /home/yamojr/devyamo/edusaas/edusaas/vendor/laravel/framework/src/Illuminate/Foundation/Application.php(1220): Illuminate\\Foundation\\Http\\Kernel->handle()
#69 /home/yamojr/devyamo/edusaas/edusaas/public/index.php(19): Illuminate\\Foundation\\Application->handleRequest()
#70 /home/yamojr/devyamo/edusaas/edusaas/vendor/laravel/framework/src/Illuminate/Foundation/resources/server.php(23): require_once('...')
#71 {main}
"} 
[2026-05-14 06:52:00] local.ERROR: SQLSTATE[42S22]: Column not found: 1054 Unknown column 'status' in 'where clause' (Connection: mysql, SQL: select count(*) as aggregate from `lecturers` where `status` = active and `lecturers`.`deleted_at` is null and `lecturers`.`tenant_id` = 1) {"userId":2,"exception":"[object] (Illuminate\\Database\\QueryException(code: 42S22): SQLSTATE[42S22]: Column not found: 1054 Unknown column 'status' in 'where clause' (Connection: mysql, SQL: select count(*) as aggregate from `lecturers` where `status` = active and `lecturers`.`deleted_at` is null and `lecturers`.`tenant_id` = 1) at /home/yamojr/devyamo/edusaas/edusaas/vendor/laravel/framework/src/Illuminate/Database/Connection.php:825)
[stacktrace]
#0 /home/yamojr/devyamo/edusaas/edusaas/vendor/laravel/framework/src/Illuminate/Database/Connection.php(779): Illuminate\\Database\\Connection->runQueryCallback()
#1 /home/yamojr/devyamo/edusaas/edusaas/vendor/laravel/framework/src/Illuminate/Database/Connection.php(398): Illuminate\\Database\\Connection->run()
#2 /home/yamojr/devyamo/edusaas/edusaas/vendor/laravel/framework/src/Illuminate/Database/Query/Builder.php(3106): Illuminate\\Database\\Connection->select()
#3 /home/yamojr/devyamo/edusaas/edusaas/vendor/laravel/framework/src/Illuminate/Database/Query/Builder.php(3091): Illuminate\\Database\\Query\\Builder->runSelect()
#4 /home/yamojr/devyamo/edusaas/edusaas/vendor/laravel/framework/src/Illuminate/Database/Query/Builder.php(3676): Illuminate\\Database\\Query\\Builder->{closure:Illuminate\\Database\\Query\\Builder::get():3090}()
#5 /home/yamojr/devyamo/edusaas/edusaas/vendor/laravel/framework/src/Illuminate/Database/Query/Builder.php(3090): Illuminate\\Database\\Query\\Builder->onceWithColumns()
#6 /home/yamojr/devyamo/edusaas/edusaas/vendor/laravel/framework/src/Illuminate/Database/Query/Builder.php(3603): Illuminate\\Database\\Query\\Builder->get()
#7 /home/yamojr/devyamo/edusaas/edusaas/vendor/laravel/framework/src/Illuminate/Database/Query/Builder.php(3531): Illuminate\\Database\\Query\\Builder->aggregate()
#8 /home/yamojr/devyamo/edusaas/edusaas/vendor/laravel/framework/src/Illuminate/Database/Eloquent/Builder.php(2120): Illuminate\\Database\\Query\\Builder->count()
#9 /home/yamojr/devyamo/edusaas/edusaas/app/Http/Controllers/University/DashboardController.php(22): Illuminate\\Database\\Eloquent\\Builder->__call()
#10 /home/yamojr/devyamo/edusaas/edusaas/app/Http/Controllers/University/DashboardController.php(65): App\\Http\\Controllers\\University\\DashboardController->render()
#11 /home/yamojr/devyamo/edusaas/edusaas/vendor/laravel/framework/src/Illuminate/Routing/Controller.php(54): App\\Http\\Controllers\\University\\DashboardController->lecturer()
#12 /home/yamojr/devyamo/edusaas/edusaas/vendor/laravel/framework/src/Illuminate/Routing/ControllerDispatcher.php(44): Illuminate\\Routing\\Controller->callAction()
#13 /home/yamojr/devyamo/edusaas/edusaas/vendor/laravel/framework/src/Illuminate/Routing/Route.php(266): Illuminate\\Routing\\ControllerDispatcher->dispatch()
#14 /home/yamojr/devyamo/edusaas/edusaas/vendor/laravel/framework/src/Illuminate/Routing/Route.php(212): Illuminate\\Routing\\Route->runController()
#15 /home/yamojr/devyamo/edusaas/edusaas/vendor/laravel/framework/src/Illuminate/Routing/Router.php(808): Illuminate\\Routing\\Route->run()
#16 /home/yamojr/devyamo/edusaas/edusaas/vendor/laravel/framework/src/Illuminate/Pipeline/Pipeline.php(170): Illuminate\\Routing\\Router->{closure:Illuminate\\Routing\\Router::runRouteWithinStack():807}()
#17 /home/yamojr/devyamo/edusaas/edusaas/app/Http/Middleware/EnsureTenantAccess.php(26): Illuminate\\Pipeline\\Pipeline->{closure:Illuminate\\Pipeline\\Pipeline::prepareDestination():168}()
#18 /home/yamojr/devyamo/edusaas/edusaas/vendor/laravel/framework/src/Illuminate/Pipeline/Pipeline.php(209): App\\Http\\Middleware\\EnsureTenantAccess->handle()
#19 /home/yamojr/devyamo/edusaas/edusaas/vendor/spatie/laravel-permission/src/Middleware/RoleMiddleware.php(37): Illuminate\\Pipeline\\Pipeline->{closure:{closure:Illuminate\\Pipeline\\Pipeline::carry():184}:185}()
#20 /home/yamojr/devyamo/edusaas/edusaas/vendor/laravel/framework/src/Illuminate/Pipeline/Pipeline.php(209): Spatie\\Permission\\Middleware\\RoleMiddleware->handle()
#21 /home/yamojr/devyamo/edusaas/edusaas/app/Http/Middleware/IdentifyTenant.php(40): Illuminate\\Pipeline\\Pipeline->{closure:{closure:Illuminate\\Pipeline\\Pipeline::carry():184}:185}()
#22 /home/yamojr/devyamo/edusaas/edusaas/vendor/laravel/framework/src/Illuminate/Pipeline/Pipeline.php(209): App\\Http\\Middleware\\IdentifyTenant->handle()
#23 /home/yamojr/devyamo/edusaas/edusaas/vendor/inertiajs/inertia-laravel/src/Middleware.php(122): Illuminate\\Pipeline\\Pipeline->{closure:{closure:Illuminate\\Pipeline\\Pipeline::carry():184}:185}()
#24 /home/yamojr/devyamo/edusaas/edusaas/vendor/laravel/framework/src/Illuminate/Pipeline/Pipeline.php(209): Inertia\\Middleware->handle()
#25 /home/yamojr/devyamo/edusaas/edusaas/vendor/laravel/framework/src/Illuminate/Routing/Middleware/SubstituteBindings.php(51): Illuminate\\Pipeline\\Pipeline->{closure:{closure:Illuminate\\Pipeline\\Pipeline::carry():184}:185}()
#26 /home/yamojr/devyamo/edusaas/edusaas/vendor/laravel/framework/src/Illuminate/Pipeline/Pipeline.php(209): Illuminate\\Routing\\Middleware\\SubstituteBindings->handle()
#27 /home/yamojr/devyamo/edusaas/edusaas/vendor/laravel/framework/src/Illuminate/Auth/Middleware/Authenticate.php(64): Illuminate\\Pipeline\\Pipeline->{closure:{closure:Illuminate\\Pipeline\\Pipeline::carry():184}:185}()
#28 /home/yamojr/devyamo/edusaas/edusaas/vendor/laravel/framework/src/Illuminate/Pipeline/Pipeline.php(209): Illuminate\\Auth\\Middleware\\Authenticate->handle()
#29 /home/yamojr/devyamo/edusaas/edusaas/vendor/laravel/framework/src/Illuminate/Foundation/Http/Middleware/VerifyCsrfToken.php(88): Illuminate\\Pipeline\\Pipeline->{closure:{closure:Illuminate\\Pipeline\\Pipeline::carry():184}:185}()
#30 /home/yamojr/devyamo/edusaas/edusaas/vendor/laravel/framework/src/Illuminate/Pipeline/Pipeline.php(209): Illuminate\\Foundation\\Http\\Middleware\\VerifyCsrfToken->handle()
#31 /home/yamojr/devyamo/edusaas/edusaas/vendor/laravel/framework/src/Illuminate/View/Middleware/ShareErrorsFromSession.php(49): Illuminate\\Pipeline\\Pipeline->{closure:{closure:Illuminate\\Pipeline\\Pipeline::carry():184}:185}()
#32 /home/yamojr/devyamo/edusaas/edusaas/vendor/laravel/framework/src/Illuminate/Pipeline/Pipeline.php(209): Illuminate\\View\\Middleware\\ShareErrorsFromSession->handle()
#33 /home/yamojr/devyamo/edusaas/edusaas/vendor/laravel/framework/src/Illuminate/Session/Middleware/StartSession.php(121): Illuminate\\Pipeline\\Pipeline->{closure:{closure:Illuminate\\Pipeline\\Pipeline::carry():184}:185}()
#34 /home/yamojr/devyamo/edusaas/edusaas/vendor/laravel/framework/src/Illuminate/Session/Middleware/StartSession.php(64): Illuminate\\Session\\Middleware\\StartSession->handleStatefulRequest()
#35 /home/yamojr/devyamo/edusaas/edusaas/vendor/laravel/framework/src/Illuminate/Pipeline/Pipeline.php(209): Illuminate\\Session\\Middleware\\StartSession->handle()
#36 /home/yamojr/devyamo/edusaas/edusaas/vendor/laravel/framework/src/Illuminate/Cookie/Middleware/AddQueuedCookiesToResponse.php(37): Illuminate\\Pipeline\\Pipeline->{closure:{closure:Illuminate\\Pipeline\\Pipeline::carry():184}:185}()
#37 /home/yamojr/devyamo/edusaas/edusaas/vendor/laravel/framework/src/Illuminate/Pipeline/Pipeline.php(209): Illuminate\\Cookie\\Middleware\\AddQueuedCookiesToResponse->handle()
#38 /home/yamojr/devyamo/edusaas/edusaas/vendor/laravel/framework/src/Illuminate/Cookie/Middleware/EncryptCookies.php(75): Illuminate\\Pipeline\\Pipeline->{closure:{closure:Illuminate\\Pipeline\\Pipeline::carry():184}:185}()
#39 /home/yamojr/devyamo/edusaas/edusaas/vendor/laravel/framework/src/Illuminate/Pipeline/Pipeline.php(209): Illuminate\\Cookie\\Middleware\\EncryptCookies->handle()
#40 /home/yamojr/devyamo/edusaas/edusaas/vendor/laravel/framework/src/Illuminate/Pipeline/Pipeline.php(127): Illuminate\\Pipeline\\Pipeline->{closure:{closure:Illuminate\\Pipeline\\Pipeline::carry():184}:185}()
#41 /home/yamojr/devyamo/edusaas/edusaas/vendor/laravel/framework/src/Illuminate/Routing/Router.php(807): Illuminate\\Pipeline\\Pipeline->then()
#42 /home/yamojr/devyamo/edusaas/edusaas/vendor/laravel/framework/src/Illuminate/Routing/Router.php(786): Illuminate\\Routing\\Router->runRouteWithinStack()
#43 /home/yamojr/devyamo/edusaas/edusaas/vendor/laravel/framework/src/Illuminate/Routing/Router.php(750): Illuminate\\Routing\\Router->runRoute()
#44 /home/yamojr/devyamo/edusaas/edusaas/vendor/laravel/framework/src/Illuminate/Routing/Router.php(739): Illuminate\\Routing\\Router->dispatchToRoute()
#45 /home/yamojr/devyamo/edusaas/edusaas/vendor/laravel/framework/src/Illuminate/Foundation/Http/Kernel.php(201): Illuminate\\Routing\\Router->dispatch()
#46 /home/yamojr/devyamo/edusaas/edusaas/vendor/laravel/framework/src/Illuminate/Pipeline/Pipeline.php(170): Illuminate\\Foundation\\Http\\Kernel->{closure:Illuminate\\Foundation\\Http\\Kernel::dispatchToRouter():198}()
#47 /home/yamojr/devyamo/edusaas/edusaas/vendor/laravel/framework/src/Illuminate/Foundation/Http/Middleware/TransformsRequest.php(21): Illuminate\\Pipeline\\Pipeline->{closure:Illuminate\\Pipeline\\Pipeline::prepareDestination():168}()
#48 /home/yamojr/devyamo/edusaas/edusaas/vendor/laravel/framework/src/Illuminate/Foundation/Http/Middleware/ConvertEmptyStringsToNull.php(31): Illuminate\\Foundation\\Http\\Middleware\\TransformsRequest->handle()
#49 /home/yamojr/devyamo/edusaas/edusaas/vendor/laravel/framework/src/Illuminate/Pipeline/Pipeline.php(209): Illuminate\\Foundation\\Http\\Middleware\\ConvertEmptyStringsToNull->handle()
#50 /home/yamojr/devyamo/edusaas/edusaas/vendor/laravel/framework/src/Illuminate/Foundation/Http/Middleware/TransformsRequest.php(21): Illuminate\\Pipeline\\Pipeline->{closure:{closure:Illuminate\\Pipeline\\Pipeline::carry():184}:185}()
#51 /home/yamojr/devyamo/edusaas/edusaas/vendor/laravel/framework/src/Illuminate/Foundation/Http/Middleware/TrimStrings.php(51): Illuminate\\Foundation\\Http\\Middleware\\TransformsRequest->handle()
#52 /home/yamojr/devyamo/edusaas/edusaas/vendor/laravel/framework/src/Illuminate/Pipeline/Pipeline.php(209): Illuminate\\Foundation\\Http\\Middleware\\TrimStrings->handle()
#53 /home/yamojr/devyamo/edusaas/edusaas/vendor/laravel/framework/src/Illuminate/Http/Middleware/ValidatePostSize.php(27): Illuminate\\Pipeline\\Pipeline->{closure:{closure:Illuminate\\Pipeline\\Pipeline::carry():184}:185}()
#54 /home/yamojr/devyamo/edusaas/edusaas/vendor/laravel/framework/src/Illuminate/Pipeline/Pipeline.php(209): Illuminate\\Http\\Middleware\\ValidatePostSize->handle()
#55 /home/yamojr/devyamo/edusaas/edusaas/vendor/laravel/framework/src/Illuminate/Foundation/Http/Middleware/PreventRequestsDuringMaintenance.php(110): Illuminate\\Pipeline\\Pipeline->{closure:{closure:Illuminate\\Pipeline\\Pipeline::carry():184}:185}()
#56 /home/yamojr/devyamo/edusaas/edusaas/vendor/laravel/framework/src/Illuminate/Pipeline/Pipeline.php(209): Illuminate\\Foundation\\Http\\Middleware\\PreventRequestsDuringMaintenance->handle()
#57 /home/yamojr/devyamo/edusaas/edusaas/vendor/laravel/framework/src/Illuminate/Http/Middleware/HandleCors.php(49): Illuminate\\Pipeline\\Pipeline->{closure:{closure:Illuminate\\Pipeline\\Pipeline::carry():184}:185}()
#58 /home/yamojr/devyamo/edusaas/edusaas/vendor/laravel/framework/src/Illuminate/Pipeline/Pipeline.php(209): Illuminate\\Http\\Middleware\\HandleCors->handle()
#59 /home/yamojr/devyamo/edusaas/edusaas/vendor/laravel/framework/src/Illuminate/Http/Middleware/TrustProxies.php(58): Illuminate\\Pipeline\\Pipeline->{closure:{closure:Illuminate\\Pipeline\\Pipeline::carry():184}:185}()
#60 /home/yamojr/devyamo/edusaas/edusaas/vendor/laravel/framework/src/Illuminate/Pipeline/Pipeline.php(209): Illuminate\\Http\\Middleware\\TrustProxies->handle()
#61 /home/yamojr/devyamo/edusaas/edusaas/vendor/laravel/framework/src/Illuminate/Foundation/Http/Middleware/InvokeDeferredCallbacks.php(22): Illuminate\\Pipeline\\Pipeline->{closure:{closure:Illuminate\\Pipeline\\Pipeline::carry():184}:185}()
#62 /home/yamojr/devyamo/edusaas/edusaas/vendor/laravel/framework/src/Illuminate/Pipeline/Pipeline.php(209): Illuminate\\Foundation\\Http\\Middleware\\InvokeDeferredCallbacks->handle()
#63 /home/yamojr/devyamo/edusaas/edusaas/vendor/laravel/framework/src/Illuminate/Pipeline/Pipeline.php(127): Illuminate\\Pipeline\\Pipeline->{closure:{closure:Illuminate\\Pipeline\\Pipeline::carry():184}:185}()
#64 /home/yamojr/devyamo/edusaas/edusaas/vendor/laravel/framework/src/Illuminate/Foundation/Http/Kernel.php(176): Illuminate\\Pipeline\\Pipeline->then()
#65 /home/yamojr/devyamo/edusaas/edusaas/vendor/laravel/framework/src/Illuminate/Foundation/Http/Kernel.php(145): Illuminate\\Foundation\\Http\\Kernel->sendRequestThroughRouter()
#66 /home/yamojr/devyamo/edusaas/edusaas/vendor/laravel/framework/src/Illuminate/Foundation/Application.php(1220): Illuminate\\Foundation\\Http\\Kernel->handle()
#67 /home/yamojr/devyamo/edusaas/edusaas/public/index.php(19): Illuminate\\Foundation\\Application->handleRequest()
#68 /home/yamojr/devyamo/edusaas/edusaas/vendor/laravel/framework/src/Illuminate/Foundation/resources/server.php(23): require_once('...')
#69 {main}

[previous exception] [object] (PDOException(code: 42S22): SQLSTATE[42S22]: Column not found: 1054 Unknown column 'status' in 'where clause' at /home/yamojr/devyamo/edusaas/edusaas/vendor/laravel/framework/src/Illuminate/Database/Connection.php:407)
[stacktrace]
#0 /home/yamojr/devyamo/edusaas/edusaas/vendor/laravel/framework/src/Illuminate/Database/Connection.php(407): PDO->prepare()
#1 /home/yamojr/devyamo/edusaas/edusaas/vendor/laravel/framework/src/Illuminate/Database/Connection.php(812): Illuminate\\Database\\Connection->{closure:Illuminate\\Database\\Connection::select():398}()
#2 /home/yamojr/devyamo/edusaas/edusaas/vendor/laravel/framework/src/Illuminate/Database/Connection.php(779): Illuminate\\Database\\Connection->runQueryCallback()
#3 /home/yamojr/devyamo/edusaas/edusaas/vendor/laravel/framework/src/Illuminate/Database/Connection.php(398): Illuminate\\Database\\Connection->run()
#4 /home/yamojr/devyamo/edusaas/edusaas/vendor/laravel/framework/src/Illuminate/Database/Query/Builder.php(3106): Illuminate\\Database\\Connection->select()
#5 /home/yamojr/devyamo/edusaas/edusaas/vendor/laravel/framework/src/Illuminate/Database/Query/Builder.php(3091): Illuminate\\Database\\Query\\Builder->runSelect()
#6 /home/yamojr/devyamo/edusaas/edusaas/vendor/laravel/framework/src/Illuminate/Database/Query/Builder.php(3676): Illuminate\\Database\\Query\\Builder->{closure:Illuminate\\Database\\Query\\Builder::get():3090}()
#7 /home/yamojr/devyamo/edusaas/edusaas/vendor/laravel/framework/src/Illuminate/Database/Query/Builder.php(3090): Illuminate\\Database\\Query\\Builder->onceWithColumns()
#8 /home/yamojr/devyamo/edusaas/edusaas/vendor/laravel/framework/src/Illuminate/Database/Query/Builder.php(3603): Illuminate\\Database\\Query\\Builder->get()
#9 /home/yamojr/devyamo/edusaas/edusaas/vendor/laravel/framework/src/Illuminate/Database/Query/Builder.php(3531): Illuminate\\Database\\Query\\Builder->aggregate()
#10 /home/yamojr/devyamo/edusaas/edusaas/vendor/laravel/framework/src/Illuminate/Database/Eloquent/Builder.php(2120): Illuminate\\Database\\Query\\Builder->count()
#11 /home/yamojr/devyamo/edusaas/edusaas/app/Http/Controllers/University/DashboardController.php(22): Illuminate\\Database\\Eloquent\\Builder->__call()
#12 /home/yamojr/devyamo/edusaas/edusaas/app/Http/Controllers/University/DashboardController.php(65): App\\Http\\Controllers\\University\\DashboardController->render()
#13 /home/yamojr/devyamo/edusaas/edusaas/vendor/laravel/framework/src/Illuminate/Routing/Controller.php(54): App\\Http\\Controllers\\University\\DashboardController->lecturer()
#14 /home/yamojr/devyamo/edusaas/edusaas/vendor/laravel/framework/src/Illuminate/Routing/ControllerDispatcher.php(44): Illuminate\\Routing\\Controller->callAction()
#15 /home/yamojr/devyamo/edusaas/edusaas/vendor/laravel/framework/src/Illuminate/Routing/Route.php(266): Illuminate\\Routing\\ControllerDispatcher->dispatch()
#16 /home/yamojr/devyamo/edusaas/edusaas/vendor/laravel/framework/src/Illuminate/Routing/Route.php(212): Illuminate\\Routing\\Route->runController()
#17 /home/yamojr/devyamo/edusaas/edusaas/vendor/laravel/framework/src/Illuminate/Routing/Router.php(808): Illuminate\\Routing\\Route->run()
#18 /home/yamojr/devyamo/edusaas/edusaas/vendor/laravel/framework/src/Illuminate/Pipeline/Pipeline.php(170): Illuminate\\Routing\\Router->{closure:Illuminate\\Routing\\Router::runRouteWithinStack():807}()
#19 /home/yamojr/devyamo/edusaas/edusaas/app/Http/Middleware/EnsureTenantAccess.php(26): Illuminate\\Pipeline\\Pipeline->{closure:Illuminate\\Pipeline\\Pipeline::prepareDestination():168}()
#20 /home/yamojr/devyamo/edusaas/edusaas/vendor/laravel/framework/src/Illuminate/Pipeline/Pipeline.php(209): App\\Http\\Middleware\\EnsureTenantAccess->handle()
#21 /home/yamojr/devyamo/edusaas/edusaas/vendor/spatie/laravel-permission/src/Middleware/RoleMiddleware.php(37): Illuminate\\Pipeline\\Pipeline->{closure:{closure:Illuminate\\Pipeline\\Pipeline::carry():184}:185}()
#22 /home/yamojr/devyamo/edusaas/edusaas/vendor/laravel/framework/src/Illuminate/Pipeline/Pipeline.php(209): Spatie\\Permission\\Middleware\\RoleMiddleware->handle()
#23 /home/yamojr/devyamo/edusaas/edusaas/app/Http/Middleware/IdentifyTenant.php(40): Illuminate\\Pipeline\\Pipeline->{closure:{closure:Illuminate\\Pipeline\\Pipeline::carry():184}:185}()
#24 /home/yamojr/devyamo/edusaas/edusaas/vendor/laravel/framework/src/Illuminate/Pipeline/Pipeline.php(209): App\\Http\\Middleware\\IdentifyTenant->handle()
#25 /home/yamojr/devyamo/edusaas/edusaas/vendor/inertiajs/inertia-laravel/src/Middleware.php(122): Illuminate\\Pipeline\\Pipeline->{closure:{closure:Illuminate\\Pipeline\\Pipeline::carry():184}:185}()
#26 /home/yamojr/devyamo/edusaas/edusaas/vendor/laravel/framework/src/Illuminate/Pipeline/Pipeline.php(209): Inertia\\Middleware->handle()
#27 /home/yamojr/devyamo/edusaas/edusaas/vendor/laravel/framework/src/Illuminate/Routing/Middleware/SubstituteBindings.php(51): Illuminate\\Pipeline\\Pipeline->{closure:{closure:Illuminate\\Pipeline\\Pipeline::carry():184}:185}()
#28 /home/yamojr/devyamo/edusaas/edusaas/vendor/laravel/framework/src/Illuminate/Pipeline/Pipeline.php(209): Illuminate\\Routing\\Middleware\\SubstituteBindings->handle()
#29 /home/yamojr/devyamo/edusaas/edusaas/vendor/laravel/framework/src/Illuminate/Auth/Middleware/Authenticate.php(64): Illuminate\\Pipeline\\Pipeline->{closure:{closure:Illuminate\\Pipeline\\Pipeline::carry():184}:185}()
#30 /home/yamojr/devyamo/edusaas/edusaas/vendor/laravel/framework/src/Illuminate/Pipeline/Pipeline.php(209): Illuminate\\Auth\\Middleware\\Authenticate->handle()
#31 /home/yamojr/devyamo/edusaas/edusaas/vendor/laravel/framework/src/Illuminate/Foundation/Http/Middleware/VerifyCsrfToken.php(88): Illuminate\\Pipeline\\Pipeline->{closure:{closure:Illuminate\\Pipeline\\Pipeline::carry():184}:185}()
#32 /home/yamojr/devyamo/edusaas/edusaas/vendor/laravel/framework/src/Illuminate/Pipeline/Pipeline.php(209): Illuminate\\Foundation\\Http\\Middleware\\VerifyCsrfToken->handle()
#33 /home/yamojr/devyamo/edusaas/edusaas/vendor/laravel/framework/src/Illuminate/View/Middleware/ShareErrorsFromSession.php(49): Illuminate\\Pipeline\\Pipeline->{closure:{closure:Illuminate\\Pipeline\\Pipeline::carry():184}:185}()
#34 /home/yamojr/devyamo/edusaas/edusaas/vendor/laravel/framework/src/Illuminate/Pipeline/Pipeline.php(209): Illuminate\\View\\Middleware\\ShareErrorsFromSession->handle()
#35 /home/yamojr/devyamo/edusaas/edusaas/vendor/laravel/framework/src/Illuminate/Session/Middleware/StartSession.php(121): Illuminate\\Pipeline\\Pipeline->{closure:{closure:Illuminate\\Pipeline\\Pipeline::carry():184}:185}()
#36 /home/yamojr/devyamo/edusaas/edusaas/vendor/laravel/framework/src/Illuminate/Session/Middleware/StartSession.php(64): Illuminate\\Session\\Middleware\\StartSession->handleStatefulRequest()
#37 /home/yamojr/devyamo/edusaas/edusaas/vendor/laravel/framework/src/Illuminate/Pipeline/Pipeline.php(209): Illuminate\\Session\\Middleware\\StartSession->handle()
#38 /home/yamojr/devyamo/edusaas/edusaas/vendor/laravel/framework/src/Illuminate/Cookie/Middleware/AddQueuedCookiesToResponse.php(37): Illuminate\\Pipeline\\Pipeline->{closure:{closure:Illuminate\\Pipeline\\Pipeline::carry():184}:185}()
#39 /home/yamojr/devyamo/edusaas/edusaas/vendor/laravel/framework/src/Illuminate/Pipeline/Pipeline.php(209): Illuminate\\Cookie\\Middleware\\AddQueuedCookiesToResponse->handle()
#40 /home/yamojr/devyamo/edusaas/edusaas/vendor/laravel/framework/src/Illuminate/Cookie/Middleware/EncryptCookies.php(75): Illuminate\\Pipeline\\Pipeline->{closure:{closure:Illuminate\\Pipeline\\Pipeline::carry():184}:185}()
#41 /home/yamojr/devyamo/edusaas/edusaas/vendor/laravel/framework/src/Illuminate/Pipeline/Pipeline.php(209): Illuminate\\Cookie\\Middleware\\EncryptCookies->handle()
#42 /home/yamojr/devyamo/edusaas/edusaas/vendor/laravel/framework/src/Illuminate/Pipeline/Pipeline.php(127): Illuminate\\Pipeline\\Pipeline->{closure:{closure:Illuminate\\Pipeline\\Pipeline::carry():184}:185}()
#43 /home/yamojr/devyamo/edusaas/edusaas/vendor/laravel/framework/src/Illuminate/Routing/Router.php(807): Illuminate\\Pipeline\\Pipeline->then()
#44 /home/yamojr/devyamo/edusaas/edusaas/vendor/laravel/framework/src/Illuminate/Routing/Router.php(786): Illuminate\\Routing\\Router->runRouteWithinStack()
#45 /home/yamojr/devyamo/edusaas/edusaas/vendor/laravel/framework/src/Illuminate/Routing/Router.php(750): Illuminate\\Routing\\Router->runRoute()
#46 /home/yamojr/devyamo/edusaas/edusaas/vendor/laravel/framework/src/Illuminate/Routing/Router.php(739): Illuminate\\Routing\\Router->dispatchToRoute()
#47 /home/yamojr/devyamo/edusaas/edusaas/vendor/laravel/framework/src/Illuminate/Foundation/Http/Kernel.php(201): Illuminate\\Routing\\Router->dispatch()
#48 /home/yamojr/devyamo/edusaas/edusaas/vendor/laravel/framework/src/Illuminate/Pipeline/Pipeline.php(170): Illuminate\\Foundation\\Http\\Kernel->{closure:Illuminate\\Foundation\\Http\\Kernel::dispatchToRouter():198}()
#49 /home/yamojr/devyamo/edusaas/edusaas/vendor/laravel/framework/src/Illuminate/Foundation/Http/Middleware/TransformsRequest.php(21): Illuminate\\Pipeline\\Pipeline->{closure:Illuminate\\Pipeline\\Pipeline::prepareDestination():168}()
#50 /home/yamojr/devyamo/edusaas/edusaas/vendor/laravel/framework/src/Illuminate/Foundation/Http/Middleware/ConvertEmptyStringsToNull.php(31): Illuminate\\Foundation\\Http\\Middleware\\TransformsRequest->handle()
#51 /home/yamojr/devyamo/edusaas/edusaas/vendor/laravel/framework/src/Illuminate/Pipeline/Pipeline.php(209): Illuminate\\Foundation\\Http\\Middleware\\ConvertEmptyStringsToNull->handle()
#52 /home/yamojr/devyamo/edusaas/edusaas/vendor/laravel/framework/src/Illuminate/Foundation/Http/Middleware/TransformsRequest.php(21): Illuminate\\Pipeline\\Pipeline->{closure:{closure:Illuminate\\Pipeline\\Pipeline::carry():184}:185}()
#53 /home/yamojr/devyamo/edusaas/edusaas/vendor/laravel/framework/src/Illuminate/Foundation/Http/Middleware/TrimStrings.php(51): Illuminate\\Foundation\\Http\\Middleware\\TransformsRequest->handle()
#54 /home/yamojr/devyamo/edusaas/edusaas/vendor/laravel/framework/src/Illuminate/Pipeline/Pipeline.php(209): Illuminate\\Foundation\\Http\\Middleware\\TrimStrings->handle()
#55 /home/yamojr/devyamo/edusaas/edusaas/vendor/laravel/framework/src/Illuminate/Http/Middleware/ValidatePostSize.php(27): Illuminate\\Pipeline\\Pipeline->{closure:{closure:Illuminate\\Pipeline\\Pipeline::carry():184}:185}()
#56 /home/yamojr/devyamo/edusaas/edusaas/vendor/laravel/framework/src/Illuminate/Pipeline/Pipeline.php(209): Illuminate\\Http\\Middleware\\ValidatePostSize->handle()
#57 /home/yamojr/devyamo/edusaas/edusaas/vendor/laravel/framework/src/Illuminate/Foundation/Http/Middleware/PreventRequestsDuringMaintenance.php(110): Illuminate\\Pipeline\\Pipeline->{closure:{closure:Illuminate\\Pipeline\\Pipeline::carry():184}:185}()
#58 /home/yamojr/devyamo/edusaas/edusaas/vendor/laravel/framework/src/Illuminate/Pipeline/Pipeline.php(209): Illuminate\\Foundation\\Http\\Middleware\\PreventRequestsDuringMaintenance->handle()
#59 /home/yamojr/devyamo/edusaas/edusaas/vendor/laravel/framework/src/Illuminate/Http/Middleware/HandleCors.php(49): Illuminate\\Pipeline\\Pipeline->{closure:{closure:Illuminate\\Pipeline\\Pipeline::carry():184}:185}()
#60 /home/yamojr/devyamo/edusaas/edusaas/vendor/laravel/framework/src/Illuminate/Pipeline/Pipeline.php(209): Illuminate\\Http\\Middleware\\HandleCors->handle()
#61 /home/yamojr/devyamo/edusaas/edusaas/vendor/laravel/framework/src/Illuminate/Http/Middleware/TrustProxies.php(58): Illuminate\\Pipeline\\Pipeline->{closure:{closure:Illuminate\\Pipeline\\Pipeline::carry():184}:185}()
#62 /home/yamojr/devyamo/edusaas/edusaas/vendor/laravel/framework/src/Illuminate/Pipeline/Pipeline.php(209): Illuminate\\Http\\Middleware\\TrustProxies->handle()
#63 /home/yamojr/devyamo/edusaas/edusaas/vendor/laravel/framework/src/Illuminate/Foundation/Http/Middleware/InvokeDeferredCallbacks.php(22): Illuminate\\Pipeline\\Pipeline->{closure:{closure:Illuminate\\Pipeline\\Pipeline::carry():184}:185}()
#64 /home/yamojr/devyamo/edusaas/edusaas/vendor/laravel/framework/src/Illuminate/Pipeline/Pipeline.php(209): Illuminate\\Foundation\\Http\\Middleware\\InvokeDeferredCallbacks->handle()
#65 /home/yamojr/devyamo/edusaas/edusaas/vendor/laravel/framework/src/Illuminate/Pipeline/Pipeline.php(127): Illuminate\\Pipeline\\Pipeline->{closure:{closure:Illuminate\\Pipeline\\Pipeline::carry():184}:185}()
#66 /home/yamojr/devyamo/edusaas/edusaas/vendor/laravel/framework/src/Illuminate/Foundation/Http/Kernel.php(176): Illuminate\\Pipeline\\Pipeline->then()
#67 /home/yamojr/devyamo/edusaas/edusaas/vendor/laravel/framework/src/Illuminate/Foundation/Http/Kernel.php(145): Illuminate\\Foundation\\Http\\Kernel->sendRequestThroughRouter()
#68 /home/yamojr/devyamo/edusaas/edusaas/vendor/laravel/framework/src/Illuminate/Foundation/Application.php(1220): Illuminate\\Foundation\\Http\\Kernel->handle()
#69 /home/yamojr/devyamo/edusaas/edusaas/public/index.php(19): Illuminate\\Foundation\\Application->handleRequest()
#70 /home/yamojr/devyamo/edusaas/edusaas/vendor/laravel/framework/src/Illuminate/Foundation/resources/server.php(23): require_once('...')
#71 {main}
"} 
[2026-05-14 06:54:00] local.ERROR: SQLSTATE[42S22]: Column not found: 1054 Unknown column 'status' in 'where clause' (Connection: mysql, SQL: select count(*) as aggregate from `lecturers` where `status` = active and `lecturers`.`deleted_at` is null and `lecturers`.`tenant_id` = 1) {"userId":2,"exception":"[object] (Illuminate\\Database\\QueryException(code: 42S22): SQLSTATE[42S22]: Column not found: 1054 Unknown column 'status' in 'where clause' (Connection: mysql, SQL: select count(*) as aggregate from `lecturers` where `status` = active and `lecturers`.`deleted_at` is null and `lecturers`.`tenant_id` = 1) at /home/yamojr/devyamo/edusaas/edusaas/vendor/laravel/framework/src/Illuminate/Database/Connection.php:825)
[stacktrace]
#0 /home/yamojr/devyamo/edusaas/edusaas/vendor/laravel/framework/src/Illuminate/Database/Connection.php(779): Illuminate\\Database\\Connection->runQueryCallback()
#1 /home/yamojr/devyamo/edusaas/edusaas/vendor/laravel/framework/src/Illuminate/Database/Connection.php(398): Illuminate\\Database\\Connection->run()
#2 /home/yamojr/devyamo/edusaas/edusaas/vendor/laravel/framework/src/Illuminate/Database/Query/Builder.php(3106): Illuminate\\Database\\Connection->select()
#3 /home/yamojr/devyamo/edusaas/edusaas/vendor/laravel/framework/src/Illuminate/Database/Query/Builder.php(3091): Illuminate\\Database\\Query\\Builder->runSelect()
#4 /home/yamojr/devyamo/edusaas/edusaas/vendor/laravel/framework/src/Illuminate/Database/Query/Builder.php(3676): Illuminate\\Database\\Query\\Builder->{closure:Illuminate\\Database\\Query\\Builder::get():3090}()
#5 /home/yamojr/devyamo/edusaas/edusaas/vendor/laravel/framework/src/Illuminate/Database/Query/Builder.php(3090): Illuminate\\Database\\Query\\Builder->onceWithColumns()
#6 /home/yamojr/devyamo/edusaas/edusaas/vendor/laravel/framework/src/Illuminate/Database/Query/Builder.php(3603): Illuminate\\Database\\Query\\Builder->get()
#7 /home/yamojr/devyamo/edusaas/edusaas/vendor/laravel/framework/src/Illuminate/Database/Query/Builder.php(3531): Illuminate\\Database\\Query\\Builder->aggregate()
#8 /home/yamojr/devyamo/edusaas/edusaas/vendor/laravel/framework/src/Illuminate/Database/Eloquent/Builder.php(2120): Illuminate\\Database\\Query\\Builder->count()
#9 /home/yamojr/devyamo/edusaas/edusaas/app/Http/Controllers/University/DashboardController.php(22): Illuminate\\Database\\Eloquent\\Builder->__call()
#10 /home/yamojr/devyamo/edusaas/edusaas/app/Http/Controllers/University/DashboardController.php(65): App\\Http\\Controllers\\University\\DashboardController->render()
#11 /home/yamojr/devyamo/edusaas/edusaas/vendor/laravel/framework/src/Illuminate/Routing/Controller.php(54): App\\Http\\Controllers\\University\\DashboardController->lecturer()
#12 /home/yamojr/devyamo/edusaas/edusaas/vendor/laravel/framework/src/Illuminate/Routing/ControllerDispatcher.php(44): Illuminate\\Routing\\Controller->callAction()
#13 /home/yamojr/devyamo/edusaas/edusaas/vendor/laravel/framework/src/Illuminate/Routing/Route.php(266): Illuminate\\Routing\\ControllerDispatcher->dispatch()
#14 /home/yamojr/devyamo/edusaas/edusaas/vendor/laravel/framework/src/Illuminate/Routing/Route.php(212): Illuminate\\Routing\\Route->runController()
#15 /home/yamojr/devyamo/edusaas/edusaas/vendor/laravel/framework/src/Illuminate/Routing/Router.php(808): Illuminate\\Routing\\Route->run()
#16 /home/yamojr/devyamo/edusaas/edusaas/vendor/laravel/framework/src/Illuminate/Pipeline/Pipeline.php(170): Illuminate\\Routing\\Router->{closure:Illuminate\\Routing\\Router::runRouteWithinStack():807}()
#17 /home/yamojr/devyamo/edusaas/edusaas/app/Http/Middleware/EnsureTenantAccess.php(26): Illuminate\\Pipeline\\Pipeline->{closure:Illuminate\\Pipeline\\Pipeline::prepareDestination():168}()
#18 /home/yamojr/devyamo/edusaas/edusaas/vendor/laravel/framework/src/Illuminate/Pipeline/Pipeline.php(209): App\\Http\\Middleware\\EnsureTenantAccess->handle()
#19 /home/yamojr/devyamo/edusaas/edusaas/vendor/spatie/laravel-permission/src/Middleware/RoleMiddleware.php(37): Illuminate\\Pipeline\\Pipeline->{closure:{closure:Illuminate\\Pipeline\\Pipeline::carry():184}:185}()
#20 /home/yamojr/devyamo/edusaas/edusaas/vendor/laravel/framework/src/Illuminate/Pipeline/Pipeline.php(209): Spatie\\Permission\\Middleware\\RoleMiddleware->handle()
#21 /home/yamojr/devyamo/edusaas/edusaas/app/Http/Middleware/IdentifyTenant.php(40): Illuminate\\Pipeline\\Pipeline->{closure:{closure:Illuminate\\Pipeline\\Pipeline::carry():184}:185}()
#22 /home/yamojr/devyamo/edusaas/edusaas/vendor/laravel/framework/src/Illuminate/Pipeline/Pipeline.php(209): App\\Http\\Middleware\\IdentifyTenant->handle()
#23 /home/yamojr/devyamo/edusaas/edusaas/vendor/inertiajs/inertia-laravel/src/Middleware.php(122): Illuminate\\Pipeline\\Pipeline->{closure:{closure:Illuminate\\Pipeline\\Pipeline::carry():184}:185}()
#24 /home/yamojr/devyamo/edusaas/edusaas/vendor/laravel/framework/src/Illuminate/Pipeline/Pipeline.php(209): Inertia\\Middleware->handle()
#25 /home/yamojr/devyamo/edusaas/edusaas/vendor/laravel/framework/src/Illuminate/Routing/Middleware/SubstituteBindings.php(51): Illuminate\\Pipeline\\Pipeline->{closure:{closure:Illuminate\\Pipeline\\Pipeline::carry():184}:185}()
#26 /home/yamojr/devyamo/edusaas/edusaas/vendor/laravel/framework/src/Illuminate/Pipeline/Pipeline.php(209): Illuminate\\Routing\\Middleware\\SubstituteBindings->handle()
#27 /home/yamojr/devyamo/edusaas/edusaas/vendor/laravel/framework/src/Illuminate/Auth/Middleware/Authenticate.php(64): Illuminate\\Pipeline\\Pipeline->{closure:{closure:Illuminate\\Pipeline\\Pipeline::carry():184}:185}()
#28 /home/yamojr/devyamo/edusaas/edusaas/vendor/laravel/framework/src/Illuminate/Pipeline/Pipeline.php(209): Illuminate\\Auth\\Middleware\\Authenticate->handle()
#29 /home/yamojr/devyamo/edusaas/edusaas/vendor/laravel/framework/src/Illuminate/Foundation/Http/Middleware/VerifyCsrfToken.php(88): Illuminate\\Pipeline\\Pipeline->{closure:{closure:Illuminate\\Pipeline\\Pipeline::carry():184}:185}()
#30 /home/yamojr/devyamo/edusaas/edusaas/vendor/laravel/framework/src/Illuminate/Pipeline/Pipeline.php(209): Illuminate\\Foundation\\Http\\Middleware\\VerifyCsrfToken->handle()
#31 /home/yamojr/devyamo/edusaas/edusaas/vendor/laravel/framework/src/Illuminate/View/Middleware/ShareErrorsFromSession.php(49): Illuminate\\Pipeline\\Pipeline->{closure:{closure:Illuminate\\Pipeline\\Pipeline::carry():184}:185}()
#32 /home/yamojr/devyamo/edusaas/edusaas/vendor/laravel/framework/src/Illuminate/Pipeline/Pipeline.php(209): Illuminate\\View\\Middleware\\ShareErrorsFromSession->handle()
#33 /home/yamojr/devyamo/edusaas/edusaas/vendor/laravel/framework/src/Illuminate/Session/Middleware/StartSession.php(121): Illuminate\\Pipeline\\Pipeline->{closure:{closure:Illuminate\\Pipeline\\Pipeline::carry():184}:185}()
#34 /home/yamojr/devyamo/edusaas/edusaas/vendor/laravel/framework/src/Illuminate/Session/Middleware/StartSession.php(64): Illuminate\\Session\\Middleware\\StartSession->handleStatefulRequest()
#35 /home/yamojr/devyamo/edusaas/edusaas/vendor/laravel/framework/src/Illuminate/Pipeline/Pipeline.php(209): Illuminate\\Session\\Middleware\\StartSession->handle()
#36 /home/yamojr/devyamo/edusaas/edusaas/vendor/laravel/framework/src/Illuminate/Cookie/Middleware/AddQueuedCookiesToResponse.php(37): Illuminate\\Pipeline\\Pipeline->{closure:{closure:Illuminate\\Pipeline\\Pipeline::carry():184}:185}()
#37 /home/yamojr/devyamo/edusaas/edusaas/vendor/laravel/framework/src/Illuminate/Pipeline/Pipeline.php(209): Illuminate\\Cookie\\Middleware\\AddQueuedCookiesToResponse->handle()
#38 /home/yamojr/devyamo/edusaas/edusaas/vendor/laravel/framework/src/Illuminate/Cookie/Middleware/EncryptCookies.php(75): Illuminate\\Pipeline\\Pipeline->{closure:{closure:Illuminate\\Pipeline\\Pipeline::carry():184}:185}()
#39 /home/yamojr/devyamo/edusaas/edusaas/vendor/laravel/framework/src/Illuminate/Pipeline/Pipeline.php(209): Illuminate\\Cookie\\Middleware\\EncryptCookies->handle()
#40 /home/yamojr/devyamo/edusaas/edusaas/vendor/laravel/framework/src/Illuminate/Pipeline/Pipeline.php(127): Illuminate\\Pipeline\\Pipeline->{closure:{closure:Illuminate\\Pipeline\\Pipeline::carry():184}:185}()
#41 /home/yamojr/devyamo/edusaas/edusaas/vendor/laravel/framework/src/Illuminate/Routing/Router.php(807): Illuminate\\Pipeline\\Pipeline->then()
#42 /home/yamojr/devyamo/edusaas/edusaas/vendor/laravel/framework/src/Illuminate/Routing/Router.php(786): Illuminate\\Routing\\Router->runRouteWithinStack()
#43 /home/yamojr/devyamo/edusaas/edusaas/vendor/laravel/framework/src/Illuminate/Routing/Router.php(750): Illuminate\\Routing\\Router->runRoute()
#44 /home/yamojr/devyamo/edusaas/edusaas/vendor/laravel/framework/src/Illuminate/Routing/Router.php(739): Illuminate\\Routing\\Router->dispatchToRoute()
#45 /home/yamojr/devyamo/edusaas/edusaas/vendor/laravel/framework/src/Illuminate/Foundation/Http/Kernel.php(201): Illuminate\\Routing\\Router->dispatch()
#46 /home/yamojr/devyamo/edusaas/edusaas/vendor/laravel/framework/src/Illuminate/Pipeline/Pipeline.php(170): Illuminate\\Foundation\\Http\\Kernel->{closure:Illuminate\\Foundation\\Http\\Kernel::dispatchToRouter():198}()
#47 /home/yamojr/devyamo/edusaas/edusaas/vendor/laravel/framework/src/Illuminate/Foundation/Http/Middleware/TransformsRequest.php(21): Illuminate\\Pipeline\\Pipeline->{closure:Illuminate\\Pipeline\\Pipeline::prepareDestination():168}()
#48 /home/yamojr/devyamo/edusaas/edusaas/vendor/laravel/framework/src/Illuminate/Foundation/Http/Middleware/ConvertEmptyStringsToNull.php(31): Illuminate\\Foundation\\Http\\Middleware\\TransformsRequest->handle()
#49 /home/yamojr/devyamo/edusaas/edusaas/vendor/laravel/framework/src/Illuminate/Pipeline/Pipeline.php(209): Illuminate\\Foundation\\Http\\Middleware\\ConvertEmptyStringsToNull->handle()
#50 /home/yamojr/devyamo/edusaas/edusaas/vendor/laravel/framework/src/Illuminate/Foundation/Http/Middleware/TransformsRequest.php(21): Illuminate\\Pipeline\\Pipeline->{closure:{closure:Illuminate\\Pipeline\\Pipeline::carry():184}:185}()
#51 /home/yamojr/devyamo/edusaas/edusaas/vendor/laravel/framework/src/Illuminate/Foundation/Http/Middleware/TrimStrings.php(51): Illuminate\\Foundation\\Http\\Middleware\\TransformsRequest->handle()
#52 /home/yamojr/devyamo/edusaas/edusaas/vendor/laravel/framework/src/Illuminate/Pipeline/Pipeline.php(209): Illuminate\\Foundation\\Http\\Middleware\\TrimStrings->handle()
#53 /home/yamojr/devyamo/edusaas/edusaas/vendor/laravel/framework/src/Illuminate/Http/Middleware/ValidatePostSize.php(27): Illuminate\\Pipeline\\Pipeline->{closure:{closure:Illuminate\\Pipeline\\Pipeline::carry():184}:185}()
#54 /home/yamojr/devyamo/edusaas/edusaas/vendor/laravel/framework/src/Illuminate/Pipeline/Pipeline.php(209): Illuminate\\Http\\Middleware\\ValidatePostSize->handle()
#55 /home/yamojr/devyamo/edusaas/edusaas/vendor/laravel/framework/src/Illuminate/Foundation/Http/Middleware/PreventRequestsDuringMaintenance.php(110): Illuminate\\Pipeline\\Pipeline->{closure:{closure:Illuminate\\Pipeline\\Pipeline::carry():184}:185}()
#56 /home/yamojr/devyamo/edusaas/edusaas/vendor/laravel/framework/src/Illuminate/Pipeline/Pipeline.php(209): Illuminate\\Foundation\\Http\\Middleware\\PreventRequestsDuringMaintenance->handle()
#57 /home/yamojr/devyamo/edusaas/edusaas/vendor/laravel/framework/src/Illuminate/Http/Middleware/HandleCors.php(49): Illuminate\\Pipeline\\Pipeline->{closure:{closure:Illuminate\\Pipeline\\Pipeline::carry():184}:185}()
#58 /home/yamojr/devyamo/edusaas/edusaas/vendor/laravel/framework/src/Illuminate/Pipeline/Pipeline.php(209): Illuminate\\Http\\Middleware\\HandleCors->handle()
#59 /home/yamojr/devyamo/edusaas/edusaas/vendor/laravel/framework/src/Illuminate/Http/Middleware/TrustProxies.php(58): Illuminate\\Pipeline\\Pipeline->{closure:{closure:Illuminate\\Pipeline\\Pipeline::carry():184}:185}()
#60 /home/yamojr/devyamo/edusaas/edusaas/vendor/laravel/framework/src/Illuminate/Pipeline/Pipeline.php(209): Illuminate\\Http\\Middleware\\TrustProxies->handle()
#61 /home/yamojr/devyamo/edusaas/edusaas/vendor/laravel/framework/src/Illuminate/Foundation/Http/Middleware/InvokeDeferredCallbacks.php(22): Illuminate\\Pipeline\\Pipeline->{closure:{closure:Illuminate\\Pipeline\\Pipeline::carry():184}:185}()
#62 /home/yamojr/devyamo/edusaas/edusaas/vendor/laravel/framework/src/Illuminate/Pipeline/Pipeline.php(209): Illuminate\\Foundation\\Http\\Middleware\\InvokeDeferredCallbacks->handle()
#63 /home/yamojr/devyamo/edusaas/edusaas/vendor/laravel/framework/src/Illuminate/Pipeline/Pipeline.php(127): Illuminate\\Pipeline\\Pipeline->{closure:{closure:Illuminate\\Pipeline\\Pipeline::carry():184}:185}()
#64 /home/yamojr/devyamo/edusaas/edusaas/vendor/laravel/framework/src/Illuminate/Foundation/Http/Kernel.php(176): Illuminate\\Pipeline\\Pipeline->then()
#65 /home/yamojr/devyamo/edusaas/edusaas/vendor/laravel/framework/src/Illuminate/Foundation/Http/Kernel.php(145): Illuminate\\Foundation\\Http\\Kernel->sendRequestThroughRouter()
#66 /home/yamojr/devyamo/edusaas/edusaas/vendor/laravel/framework/src/Illuminate/Foundation/Application.php(1220): Illuminate\\Foundation\\Http\\Kernel->handle()
#67 /home/yamojr/devyamo/edusaas/edusaas/public/index.php(19): Illuminate\\Foundation\\Application->handleRequest()
#68 /home/yamojr/devyamo/edusaas/edusaas/vendor/laravel/framework/src/Illuminate/Foundation/resources/server.php(23): require_once('...')
#69 {main}

[previous exception] [object] (PDOException(code: 42S22): SQLSTATE[42S22]: Column not found: 1054 Unknown column 'status' in 'where clause' at /home/yamojr/devyamo/edusaas/edusaas/vendor/laravel/framework/src/Illuminate/Database/Connection.php:407)
[stacktrace]
#0 /home/yamojr/devyamo/edusaas/edusaas/vendor/laravel/framework/src/Illuminate/Database/Connection.php(407): PDO->prepare()
#1 /home/yamojr/devyamo/edusaas/edusaas/vendor/laravel/framework/src/Illuminate/Database/Connection.php(812): Illuminate\\Database\\Connection->{closure:Illuminate\\Database\\Connection::select():398}()
#2 /home/yamojr/devyamo/edusaas/edusaas/vendor/laravel/framework/src/Illuminate/Database/Connection.php(779): Illuminate\\Database\\Connection->runQueryCallback()
#3 /home/yamojr/devyamo/edusaas/edusaas/vendor/laravel/framework/src/Illuminate/Database/Connection.php(398): Illuminate\\Database\\Connection->run()
#4 /home/yamojr/devyamo/edusaas/edusaas/vendor/laravel/framework/src/Illuminate/Database/Query/Builder.php(3106): Illuminate\\Database\\Connection->select()
#5 /home/yamojr/devyamo/edusaas/edusaas/vendor/laravel/framework/src/Illuminate/Database/Query/Builder.php(3091): Illuminate\\Database\\Query\\Builder->runSelect()
#6 /home/yamojr/devyamo/edusaas/edusaas/vendor/laravel/framework/src/Illuminate/Database/Query/Builder.php(3676): Illuminate\\Database\\Query\\Builder->{closure:Illuminate\\Database\\Query\\Builder::get():3090}()
#7 /home/yamojr/devyamo/edusaas/edusaas/vendor/laravel/framework/src/Illuminate/Database/Query/Builder.php(3090): Illuminate\\Database\\Query\\Builder->onceWithColumns()
#8 /home/yamojr/devyamo/edusaas/edusaas/vendor/laravel/framework/src/Illuminate/Database/Query/Builder.php(3603): Illuminate\\Database\\Query\\Builder->get()
#9 /home/yamojr/devyamo/edusaas/edusaas/vendor/laravel/framework/src/Illuminate/Database/Query/Builder.php(3531): Illuminate\\Database\\Query\\Builder->aggregate()
#10 /home/yamojr/devyamo/edusaas/edusaas/vendor/laravel/framework/src/Illuminate/Database/Eloquent/Builder.php(2120): Illuminate\\Database\\Query\\Builder->count()
#11 /home/yamojr/devyamo/edusaas/edusaas/app/Http/Controllers/University/DashboardController.php(22): Illuminate\\Database\\Eloquent\\Builder->__call()
#12 /home/yamojr/devyamo/edusaas/edusaas/app/Http/Controllers/University/DashboardController.php(65): App\\Http\\Controllers\\University\\DashboardController->render()
#13 /home/yamojr/devyamo/edusaas/edusaas/vendor/laravel/framework/src/Illuminate/Routing/Controller.php(54): App\\Http\\Controllers\\University\\DashboardController->lecturer()
#14 /home/yamojr/devyamo/edusaas/edusaas/vendor/laravel/framework/src/Illuminate/Routing/ControllerDispatcher.php(44): Illuminate\\Routing\\Controller->callAction()
#15 /home/yamojr/devyamo/edusaas/edusaas/vendor/laravel/framework/src/Illuminate/Routing/Route.php(266): Illuminate\\Routing\\ControllerDispatcher->dispatch()
#16 /home/yamojr/devyamo/edusaas/edusaas/vendor/laravel/framework/src/Illuminate/Routing/Route.php(212): Illuminate\\Routing\\Route->runController()
#17 /home/yamojr/devyamo/edusaas/edusaas/vendor/laravel/framework/src/Illuminate/Routing/Router.php(808): Illuminate\\Routing\\Route->run()
#18 /home/yamojr/devyamo/edusaas/edusaas/vendor/laravel/framework/src/Illuminate/Pipeline/Pipeline.php(170): Illuminate\\Routing\\Router->{closure:Illuminate\\Routing\\Router::runRouteWithinStack():807}()
#19 /home/yamojr/devyamo/edusaas/edusaas/app/Http/Middleware/EnsureTenantAccess.php(26): Illuminate\\Pipeline\\Pipeline->{closure:Illuminate\\Pipeline\\Pipeline::prepareDestination():168}()
#20 /home/yamojr/devyamo/edusaas/edusaas/vendor/laravel/framework/src/Illuminate/Pipeline/Pipeline.php(209): App\\Http\\Middleware\\EnsureTenantAccess->handle()
#21 /home/yamojr/devyamo/edusaas/edusaas/vendor/spatie/laravel-permission/src/Middleware/RoleMiddleware.php(37): Illuminate\\Pipeline\\Pipeline->{closure:{closure:Illuminate\\Pipeline\\Pipeline::carry():184}:185}()
#22 /home/yamojr/devyamo/edusaas/edusaas/vendor/laravel/framework/src/Illuminate/Pipeline/Pipeline.php(209): Spatie\\Permission\\Middleware\\RoleMiddleware->handle()
#23 /home/yamojr/devyamo/edusaas/edusaas/app/Http/Middleware/IdentifyTenant.php(40): Illuminate\\Pipeline\\Pipeline->{closure:{closure:Illuminate\\Pipeline\\Pipeline::carry():184}:185}()
#24 /home/yamojr/devyamo/edusaas/edusaas/vendor/laravel/framework/src/Illuminate/Pipeline/Pipeline.php(209): App\\Http\\Middleware\\IdentifyTenant->handle()
#25 /home/yamojr/devyamo/edusaas/edusaas/vendor/inertiajs/inertia-laravel/src/Middleware.php(122): Illuminate\\Pipeline\\Pipeline->{closure:{closure:Illuminate\\Pipeline\\Pipeline::carry():184}:185}()
#26 /home/yamojr/devyamo/edusaas/edusaas/vendor/laravel/framework/src/Illuminate/Pipeline/Pipeline.php(209): Inertia\\Middleware->handle()
#27 /home/yamojr/devyamo/edusaas/edusaas/vendor/laravel/framework/src/Illuminate/Routing/Middleware/SubstituteBindings.php(51): Illuminate\\Pipeline\\Pipeline->{closure:{closure:Illuminate\\Pipeline\\Pipeline::carry():184}:185}()
#28 /home/yamojr/devyamo/edusaas/edusaas/vendor/laravel/framework/src/Illuminate/Pipeline/Pipeline.php(209): Illuminate\\Routing\\Middleware\\SubstituteBindings->handle()
#29 /home/yamojr/devyamo/edusaas/edusaas/vendor/laravel/framework/src/Illuminate/Auth/Middleware/Authenticate.php(64): Illuminate\\Pipeline\\Pipeline->{closure:{closure:Illuminate\\Pipeline\\Pipeline::carry():184}:185}()
#30 /home/yamojr/devyamo/edusaas/edusaas/vendor/laravel/framework/src/Illuminate/Pipeline/Pipeline.php(209): Illuminate\\Auth\\Middleware\\Authenticate->handle()
#31 /home/yamojr/devyamo/edusaas/edusaas/vendor/laravel/framework/src/Illuminate/Foundation/Http/Middleware/VerifyCsrfToken.php(88): Illuminate\\Pipeline\\Pipeline->{closure:{closure:Illuminate\\Pipeline\\Pipeline::carry():184}:185}()
#32 /home/yamojr/devyamo/edusaas/edusaas/vendor/laravel/framework/src/Illuminate/Pipeline/Pipeline.php(209): Illuminate\\Foundation\\Http\\Middleware\\VerifyCsrfToken->handle()
#33 /home/yamojr/devyamo/edusaas/edusaas/vendor/laravel/framework/src/Illuminate/View/Middleware/ShareErrorsFromSession.php(49): Illuminate\\Pipeline\\Pipeline->{closure:{closure:Illuminate\\Pipeline\\Pipeline::carry():184}:185}()
#34 /home/yamojr/devyamo/edusaas/edusaas/vendor/laravel/framework/src/Illuminate/Pipeline/Pipeline.php(209): Illuminate\\View\\Middleware\\ShareErrorsFromSession->handle()
#35 /home/yamojr/devyamo/edusaas/edusaas/vendor/laravel/framework/src/Illuminate/Session/Middleware/StartSession.php(121): Illuminate\\Pipeline\\Pipeline->{closure:{closure:Illuminate\\Pipeline\\Pipeline::carry():184}:185}()
#36 /home/yamojr/devyamo/edusaas/edusaas/vendor/laravel/framework/src/Illuminate/Session/Middleware/StartSession.php(64): Illuminate\\Session\\Middleware\\StartSession->handleStatefulRequest()
#37 /home/yamojr/devyamo/edusaas/edusaas/vendor/laravel/framework/src/Illuminate/Pipeline/Pipeline.php(209): Illuminate\\Session\\Middleware\\StartSession->handle()
#38 /home/yamojr/devyamo/edusaas/edusaas/vendor/laravel/framework/src/Illuminate/Cookie/Middleware/AddQueuedCookiesToResponse.php(37): Illuminate\\Pipeline\\Pipeline->{closure:{closure:Illuminate\\Pipeline\\Pipeline::carry():184}:185}()
#39 /home/yamojr/devyamo/edusaas/edusaas/vendor/laravel/framework/src/Illuminate/Pipeline/Pipeline.php(209): Illuminate\\Cookie\\Middleware\\AddQueuedCookiesToResponse->handle()
#40 /home/yamojr/devyamo/edusaas/edusaas/vendor/laravel/framework/src/Illuminate/Cookie/Middleware/EncryptCookies.php(75): Illuminate\\Pipeline\\Pipeline->{closure:{closure:Illuminate\\Pipeline\\Pipeline::carry():184}:185}()
#41 /home/yamojr/devyamo/edusaas/edusaas/vendor/laravel/framework/src/Illuminate/Pipeline/Pipeline.php(209): Illuminate\\Cookie\\Middleware\\EncryptCookies->handle()
#42 /home/yamojr/devyamo/edusaas/edusaas/vendor/laravel/framework/src/Illuminate/Pipeline/Pipeline.php(127): Illuminate\\Pipeline\\Pipeline->{closure:{closure:Illuminate\\Pipeline\\Pipeline::carry():184}:185}()
#43 /home/yamojr/devyamo/edusaas/edusaas/vendor/laravel/framework/src/Illuminate/Routing/Router.php(807): Illuminate\\Pipeline\\Pipeline->then()
#44 /home/yamojr/devyamo/edusaas/edusaas/vendor/laravel/framework/src/Illuminate/Routing/Router.php(786): Illuminate\\Routing\\Router->runRouteWithinStack()
#45 /home/yamojr/devyamo/edusaas/edusaas/vendor/laravel/framework/src/Illuminate/Routing/Router.php(750): Illuminate\\Routing\\Router->runRoute()
#46 /home/yamojr/devyamo/edusaas/edusaas/vendor/laravel/framework/src/Illuminate/Routing/Router.php(739): Illuminate\\Routing\\Router->dispatchToRoute()
#47 /home/yamojr/devyamo/edusaas/edusaas/vendor/laravel/framework/src/Illuminate/Foundation/Http/Kernel.php(201): Illuminate\\Routing\\Router->dispatch()
#48 /home/yamojr/devyamo/edusaas/edusaas/vendor/laravel/framework/src/Illuminate/Pipeline/Pipeline.php(170): Illuminate\\Foundation\\Http\\Kernel->{closure:Illuminate\\Foundation\\Http\\Kernel::dispatchToRouter():198}()
#49 /home/yamojr/devyamo/edusaas/edusaas/vendor/laravel/framework/src/Illuminate/Foundation/Http/Middleware/TransformsRequest.php(21): Illuminate\\Pipeline\\Pipeline->{closure:Illuminate\\Pipeline\\Pipeline::prepareDestination():168}()
#50 /home/yamojr/devyamo/edusaas/edusaas/vendor/laravel/framework/src/Illuminate/Foundation/Http/Middleware/ConvertEmptyStringsToNull.php(31): Illuminate\\Foundation\\Http\\Middleware\\TransformsRequest->handle()
#51 /home/yamojr/devyamo/edusaas/edusaas/vendor/laravel/framework/src/Illuminate/Pipeline/Pipeline.php(209): Illuminate\\Foundation\\Http\\Middleware\\ConvertEmptyStringsToNull->handle()
#52 /home/yamojr/devyamo/edusaas/edusaas/vendor/laravel/framework/src/Illuminate/Foundation/Http/Middleware/TransformsRequest.php(21): Illuminate\\Pipeline\\Pipeline->{closure:{closure:Illuminate\\Pipeline\\Pipeline::carry():184}:185}()
#53 /home/yamojr/devyamo/edusaas/edusaas/vendor/laravel/framework/src/Illuminate/Foundation/Http/Middleware/TrimStrings.php(51): Illuminate\\Foundation\\Http\\Middleware\\TransformsRequest->handle()
#54 /home/yamojr/devyamo/edusaas/edusaas/vendor/laravel/framework/src/Illuminate/Pipeline/Pipeline.php(209): Illuminate\\Foundation\\Http\\Middleware\\TrimStrings->handle()
#55 /home/yamojr/devyamo/edusaas/edusaas/vendor/laravel/framework/src/Illuminate/Http/Middleware/ValidatePostSize.php(27): Illuminate\\Pipeline\\Pipeline->{closure:{closure:Illuminate\\Pipeline\\Pipeline::carry():184}:185}()
#56 /home/yamojr/devyamo/edusaas/edusaas/vendor/laravel/framework/src/Illuminate/Pipeline/Pipeline.php(209): Illuminate\\Http\\Middleware\\ValidatePostSize->handle()
#57 /home/yamojr/devyamo/edusaas/edusaas/vendor/laravel/framework/src/Illuminate/Foundation/Http/Middleware/PreventRequestsDuringMaintenance.php(110): Illuminate\\Pipeline\\Pipeline->{closure:{closure:Illuminate\\Pipeline\\Pipeline::carry():184}:185}()
#58 /home/yamojr/devyamo/edusaas/edusaas/vendor/laravel/framework/src/Illuminate/Pipeline/Pipeline.php(209): Illuminate\\Foundation\\Http\\Middleware\\PreventRequestsDuringMaintenance->handle()
#59 /home/yamojr/devyamo/edusaas/edusaas/vendor/laravel/framework/src/Illuminate/Http/Middleware/HandleCors.php(49): Illuminate\\Pipeline\\Pipeline->{closure:{closure:Illuminate\\Pipeline\\Pipeline::carry():184}:185}()
#60 /home/yamojr/devyamo/edusaas/edusaas/vendor/laravel/framework/src/Illuminate/Pipeline/Pipeline.php(209): Illuminate\\Http\\Middleware\\HandleCors->handle()
#61 /home/yamojr/devyamo/edusaas/edusaas/vendor/laravel/framework/src/Illuminate/Http/Middleware/TrustProxies.php(58): Illuminate\\Pipeline\\Pipeline->{closure:{closure:Illuminate\\Pipeline\\Pipeline::carry():184}:185}()
#62 /home/yamojr/devyamo/edusaas/edusaas/vendor/laravel/framework/src/Illuminate/Pipeline/Pipeline.php(209): Illuminate\\Http\\Middleware\\TrustProxies->handle()
#63 /home/yamojr/devyamo/edusaas/edusaas/vendor/laravel/framework/src/Illuminate/Foundation/Http/Middleware/InvokeDeferredCallbacks.php(22): Illuminate\\Pipeline\\Pipeline->{closure:{closure:Illuminate\\Pipeline\\Pipeline::carry():184}:185}()
#64 /home/yamojr/devyamo/edusaas/edusaas/vendor/laravel/framework/src/Illuminate/Pipeline/Pipeline.php(209): Illuminate\\Foundation\\Http\\Middleware\\InvokeDeferredCallbacks->handle()
#65 /home/yamojr/devyamo/edusaas/edusaas/vendor/laravel/framework/src/Illuminate/Pipeline/Pipeline.php(127): Illuminate\\Pipeline\\Pipeline->{closure:{closure:Illuminate\\Pipeline\\Pipeline::carry():184}:185}()
#66 /home/yamojr/devyamo/edusaas/edusaas/vendor/laravel/framework/src/Illuminate/Foundation/Http/Kernel.php(176): Illuminate\\Pipeline\\Pipeline->then()
#67 /home/yamojr/devyamo/edusaas/edusaas/vendor/laravel/framework/src/Illuminate/Foundation/Http/Kernel.php(145): Illuminate\\Foundation\\Http\\Kernel->sendRequestThroughRouter()
#68 /home/yamojr/devyamo/edusaas/edusaas/vendor/laravel/framework/src/Illuminate/Foundation/Application.php(1220): Illuminate\\Foundation\\Http\\Kernel->handle()
#69 /home/yamojr/devyamo/edusaas/edusaas/public/index.php(19): Illuminate\\Foundation\\Application->handleRequest()
#70 /home/yamojr/devyamo/edusaas/edusaas/vendor/laravel/framework/src/Illuminate/Foundation/resources/server.php(23): require_once('...')
#71 {main}
"} 
[2026-05-14 07:00:19] local.ERROR: SQLSTATE[42S22]: Column not found: 1054 Unknown column 'status' in 'where clause' (Connection: mysql, SQL: select count(*) as aggregate from `lecturers` where `status` = active and `lecturers`.`deleted_at` is null and `lecturers`.`tenant_id` = 1) {"userId":2,"exception":"[object] (Illuminate\\Database\\QueryException(code: 42S22): SQLSTATE[42S22]: Column not found: 1054 Unknown column 'status' in 'where clause' (Connection: mysql, SQL: select count(*) as aggregate from `lecturers` where `status` = active and `lecturers`.`deleted_at` is null and `lecturers`.`tenant_id` = 1) at /home/yamojr/devyamo/edusaas/edusaas/vendor/laravel/framework/src/Illuminate/Database/Connection.php:825)
[stacktrace]
#0 /home/yamojr/devyamo/edusaas/edusaas/vendor/laravel/framework/src/Illuminate/Database/Connection.php(779): Illuminate\\Database\\Connection->runQueryCallback()
#1 /home/yamojr/devyamo/edusaas/edusaas/vendor/laravel/framework/src/Illuminate/Database/Connection.php(398): Illuminate\\Database\\Connection->run()
#2 /home/yamojr/devyamo/edusaas/edusaas/vendor/laravel/framework/src/Illuminate/Database/Query/Builder.php(3106): Illuminate\\Database\\Connection->select()
#3 /home/yamojr/devyamo/edusaas/edusaas/vendor/laravel/framework/src/Illuminate/Database/Query/Builder.php(3091): Illuminate\\Database\\Query\\Builder->runSelect()
#4 /home/yamojr/devyamo/edusaas/edusaas/vendor/laravel/framework/src/Illuminate/Database/Query/Builder.php(3676): Illuminate\\Database\\Query\\Builder->{closure:Illuminate\\Database\\Query\\Builder::get():3090}()
#5 /home/yamojr/devyamo/edusaas/edusaas/vendor/laravel/framework/src/Illuminate/Database/Query/Builder.php(3090): Illuminate\\Database\\Query\\Builder->onceWithColumns()
#6 /home/yamojr/devyamo/edusaas/edusaas/vendor/laravel/framework/src/Illuminate/Database/Query/Builder.php(3603): Illuminate\\Database\\Query\\Builder->get()
#7 /home/yamojr/devyamo/edusaas/edusaas/vendor/laravel/framework/src/Illuminate/Database/Query/Builder.php(3531): Illuminate\\Database\\Query\\Builder->aggregate()
#8 /home/yamojr/devyamo/edusaas/edusaas/vendor/laravel/framework/src/Illuminate/Database/Eloquent/Builder.php(2120): Illuminate\\Database\\Query\\Builder->count()
#9 /home/yamojr/devyamo/edusaas/edusaas/app/Http/Controllers/University/DashboardController.php(22): Illuminate\\Database\\Eloquent\\Builder->__call()
#10 /home/yamojr/devyamo/edusaas/edusaas/app/Http/Controllers/University/DashboardController.php(65): App\\Http\\Controllers\\University\\DashboardController->render()
#11 /home/yamojr/devyamo/edusaas/edusaas/vendor/laravel/framework/src/Illuminate/Routing/Controller.php(54): App\\Http\\Controllers\\University\\DashboardController->lecturer()
#12 /home/yamojr/devyamo/edusaas/edusaas/vendor/laravel/framework/src/Illuminate/Routing/ControllerDispatcher.php(44): Illuminate\\Routing\\Controller->callAction()
#13 /home/yamojr/devyamo/edusaas/edusaas/vendor/laravel/framework/src/Illuminate/Routing/Route.php(266): Illuminate\\Routing\\ControllerDispatcher->dispatch()
#14 /home/yamojr/devyamo/edusaas/edusaas/vendor/laravel/framework/src/Illuminate/Routing/Route.php(212): Illuminate\\Routing\\Route->runController()
#15 /home/yamojr/devyamo/edusaas/edusaas/vendor/laravel/framework/src/Illuminate/Routing/Router.php(808): Illuminate\\Routing\\Route->run()
#16 /home/yamojr/devyamo/edusaas/edusaas/vendor/laravel/framework/src/Illuminate/Pipeline/Pipeline.php(170): Illuminate\\Routing\\Router->{closure:Illuminate\\Routing\\Router::runRouteWithinStack():807}()
#17 /home/yamojr/devyamo/edusaas/edusaas/app/Http/Middleware/EnsureTenantAccess.php(26): Illuminate\\Pipeline\\Pipeline->{closure:Illuminate\\Pipeline\\Pipeline::prepareDestination():168}()
#18 /home/yamojr/devyamo/edusaas/edusaas/vendor/laravel/framework/src/Illuminate/Pipeline/Pipeline.php(209): App\\Http\\Middleware\\EnsureTenantAccess->handle()
#19 /home/yamojr/devyamo/edusaas/edusaas/vendor/spatie/laravel-permission/src/Middleware/RoleMiddleware.php(37): Illuminate\\Pipeline\\Pipeline->{closure:{closure:Illuminate\\Pipeline\\Pipeline::carry():184}:185}()
#20 /home/yamojr/devyamo/edusaas/edusaas/vendor/laravel/framework/src/Illuminate/Pipeline/Pipeline.php(209): Spatie\\Permission\\Middleware\\RoleMiddleware->handle()
#21 /home/yamojr/devyamo/edusaas/edusaas/app/Http/Middleware/IdentifyTenant.php(40): Illuminate\\Pipeline\\Pipeline->{closure:{closure:Illuminate\\Pipeline\\Pipeline::carry():184}:185}()
#22 /home/yamojr/devyamo/edusaas/edusaas/vendor/laravel/framework/src/Illuminate/Pipeline/Pipeline.php(209): App\\Http\\Middleware\\IdentifyTenant->handle()
#23 /home/yamojr/devyamo/edusaas/edusaas/vendor/inertiajs/inertia-laravel/src/Middleware.php(122): Illuminate\\Pipeline\\Pipeline->{closure:{closure:Illuminate\\Pipeline\\Pipeline::carry():184}:185}()
#24 /home/yamojr/devyamo/edusaas/edusaas/vendor/laravel/framework/src/Illuminate/Pipeline/Pipeline.php(209): Inertia\\Middleware->handle()
#25 /home/yamojr/devyamo/edusaas/edusaas/vendor/laravel/framework/src/Illuminate/Routing/Middleware/SubstituteBindings.php(51): Illuminate\\Pipeline\\Pipeline->{closure:{closure:Illuminate\\Pipeline\\Pipeline::carry():184}:185}()
#26 /home/yamojr/devyamo/edusaas/edusaas/vendor/laravel/framework/src/Illuminate/Pipeline/Pipeline.php(209): Illuminate\\Routing\\Middleware\\SubstituteBindings->handle()
#27 /home/yamojr/devyamo/edusaas/edusaas/vendor/laravel/framework/src/Illuminate/Auth/Middleware/Authenticate.php(64): Illuminate\\Pipeline\\Pipeline->{closure:{closure:Illuminate\\Pipeline\\Pipeline::carry():184}:185}()
#28 /home/yamojr/devyamo/edusaas/edusaas/vendor/laravel/framework/src/Illuminate/Pipeline/Pipeline.php(209): Illuminate\\Auth\\Middleware\\Authenticate->handle()
#29 /home/yamojr/devyamo/edusaas/edusaas/vendor/laravel/framework/src/Illuminate/Foundation/Http/Middleware/VerifyCsrfToken.php(88): Illuminate\\Pipeline\\Pipeline->{closure:{closure:Illuminate\\Pipeline\\Pipeline::carry():184}:185}()
#30 /home/yamojr/devyamo/edusaas/edusaas/vendor/laravel/framework/src/Illuminate/Pipeline/Pipeline.php(209): Illuminate\\Foundation\\Http\\Middleware\\VerifyCsrfToken->handle()
#31 /home/yamojr/devyamo/edusaas/edusaas/vendor/laravel/framework/src/Illuminate/View/Middleware/ShareErrorsFromSession.php(49): Illuminate\\Pipeline\\Pipeline->{closure:{closure:Illuminate\\Pipeline\\Pipeline::carry():184}:185}()
#32 /home/yamojr/devyamo/edusaas/edusaas/vendor/laravel/framework/src/Illuminate/Pipeline/Pipeline.php(209): Illuminate\\View\\Middleware\\ShareErrorsFromSession->handle()
#33 /home/yamojr/devyamo/edusaas/edusaas/vendor/laravel/framework/src/Illuminate/Session/Middleware/StartSession.php(121): Illuminate\\Pipeline\\Pipeline->{closure:{closure:Illuminate\\Pipeline\\Pipeline::carry():184}:185}()
#34 /home/yamojr/devyamo/edusaas/edusaas/vendor/laravel/framework/src/Illuminate/Session/Middleware/StartSession.php(64): Illuminate\\Session\\Middleware\\StartSession->handleStatefulRequest()
#35 /home/yamojr/devyamo/edusaas/edusaas/vendor/laravel/framework/src/Illuminate/Pipeline/Pipeline.php(209): Illuminate\\Session\\Middleware\\StartSession->handle()
#36 /home/yamojr/devyamo/edusaas/edusaas/vendor/laravel/framework/src/Illuminate/Cookie/Middleware/AddQueuedCookiesToResponse.php(37): Illuminate\\Pipeline\\Pipeline->{closure:{closure:Illuminate\\Pipeline\\Pipeline::carry():184}:185}()
#37 /home/yamojr/devyamo/edusaas/edusaas/vendor/laravel/framework/src/Illuminate/Pipeline/Pipeline.php(209): Illuminate\\Cookie\\Middleware\\AddQueuedCookiesToResponse->handle()
#38 /home/yamojr/devyamo/edusaas/edusaas/vendor/laravel/framework/src/Illuminate/Cookie/Middleware/EncryptCookies.php(75): Illuminate\\Pipeline\\Pipeline->{closure:{closure:Illuminate\\Pipeline\\Pipeline::carry():184}:185}()
#39 /home/yamojr/devyamo/edusaas/edusaas/vendor/laravel/framework/src/Illuminate/Pipeline/Pipeline.php(209): Illuminate\\Cookie\\Middleware\\EncryptCookies->handle()
#40 /home/yamojr/devyamo/edusaas/edusaas/vendor/laravel/framework/src/Illuminate/Pipeline/Pipeline.php(127): Illuminate\\Pipeline\\Pipeline->{closure:{closure:Illuminate\\Pipeline\\Pipeline::carry():184}:185}()
#41 /home/yamojr/devyamo/edusaas/edusaas/vendor/laravel/framework/src/Illuminate/Routing/Router.php(807): Illuminate\\Pipeline\\Pipeline->then()
#42 /home/yamojr/devyamo/edusaas/edusaas/vendor/laravel/framework/src/Illuminate/Routing/Router.php(786): Illuminate\\Routing\\Router->runRouteWithinStack()
#43 /home/yamojr/devyamo/edusaas/edusaas/vendor/laravel/framework/src/Illuminate/Routing/Router.php(750): Illuminate\\Routing\\Router->runRoute()
#44 /home/yamojr/devyamo/edusaas/edusaas/vendor/laravel/framework/src/Illuminate/Routing/Router.php(739): Illuminate\\Routing\\Router->dispatchToRoute()
#45 /home/yamojr/devyamo/edusaas/edusaas/vendor/laravel/framework/src/Illuminate/Foundation/Http/Kernel.php(201): Illuminate\\Routing\\Router->dispatch()
#46 /home/yamojr/devyamo/edusaas/edusaas/vendor/laravel/framework/src/Illuminate/Pipeline/Pipeline.php(170): Illuminate\\Foundation\\Http\\Kernel->{closure:Illuminate\\Foundation\\Http\\Kernel::dispatchToRouter():198}()
#47 /home/yamojr/devyamo/edusaas/edusaas/vendor/laravel/framework/src/Illuminate/Foundation/Http/Middleware/TransformsRequest.php(21): Illuminate\\Pipeline\\Pipeline->{closure:Illuminate\\Pipeline\\Pipeline::prepareDestination():168}()
#48 /home/yamojr/devyamo/edusaas/edusaas/vendor/laravel/framework/src/Illuminate/Foundation/Http/Middleware/ConvertEmptyStringsToNull.php(31): Illuminate\\Foundation\\Http\\Middleware\\TransformsRequest->handle()
#49 /home/yamojr/devyamo/edusaas/edusaas/vendor/laravel/framework/src/Illuminate/Pipeline/Pipeline.php(209): Illuminate\\Foundation\\Http\\Middleware\\ConvertEmptyStringsToNull->handle()
#50 /home/yamojr/devyamo/edusaas/edusaas/vendor/laravel/framework/src/Illuminate/Foundation/Http/Middleware/TransformsRequest.php(21): Illuminate\\Pipeline\\Pipeline->{closure:{closure:Illuminate\\Pipeline\\Pipeline::carry():184}:185}()
#51 /home/yamojr/devyamo/edusaas/edusaas/vendor/laravel/framework/src/Illuminate/Foundation/Http/Middleware/TrimStrings.php(51): Illuminate\\Foundation\\Http\\Middleware\\TransformsRequest->handle()
#52 /home/yamojr/devyamo/edusaas/edusaas/vendor/laravel/framework/src/Illuminate/Pipeline/Pipeline.php(209): Illuminate\\Foundation\\Http\\Middleware\\TrimStrings->handle()
#53 /home/yamojr/devyamo/edusaas/edusaas/vendor/laravel/framework/src/Illuminate/Http/Middleware/ValidatePostSize.php(27): Illuminate\\Pipeline\\Pipeline->{closure:{closure:Illuminate\\Pipeline\\Pipeline::carry():184}:185}()
#54 /home/yamojr/devyamo/edusaas/edusaas/vendor/laravel/framework/src/Illuminate/Pipeline/Pipeline.php(209): Illuminate\\Http\\Middleware\\ValidatePostSize->handle()
#55 /home/yamojr/devyamo/edusaas/edusaas/vendor/laravel/framework/src/Illuminate/Foundation/Http/Middleware/PreventRequestsDuringMaintenance.php(110): Illuminate\\Pipeline\\Pipeline->{closure:{closure:Illuminate\\Pipeline\\Pipeline::carry():184}:185}()
#56 /home/yamojr/devyamo/edusaas/edusaas/vendor/laravel/framework/src/Illuminate/Pipeline/Pipeline.php(209): Illuminate\\Foundation\\Http\\Middleware\\PreventRequestsDuringMaintenance->handle()
#57 /home/yamojr/devyamo/edusaas/edusaas/vendor/laravel/framework/src/Illuminate/Http/Middleware/HandleCors.php(49): Illuminate\\Pipeline\\Pipeline->{closure:{closure:Illuminate\\Pipeline\\Pipeline::carry():184}:185}()
#58 /home/yamojr/devyamo/edusaas/edusaas/vendor/laravel/framework/src/Illuminate/Pipeline/Pipeline.php(209): Illuminate\\Http\\Middleware\\HandleCors->handle()
#59 /home/yamojr/devyamo/edusaas/edusaas/vendor/laravel/framework/src/Illuminate/Http/Middleware/TrustProxies.php(58): Illuminate\\Pipeline\\Pipeline->{closure:{closure:Illuminate\\Pipeline\\Pipeline::carry():184}:185}()
#60 /home/yamojr/devyamo/edusaas/edusaas/vendor/laravel/framework/src/Illuminate/Pipeline/Pipeline.php(209): Illuminate\\Http\\Middleware\\TrustProxies->handle()
#61 /home/yamojr/devyamo/edusaas/edusaas/vendor/laravel/framework/src/Illuminate/Foundation/Http/Middleware/InvokeDeferredCallbacks.php(22): Illuminate\\Pipeline\\Pipeline->{closure:{closure:Illuminate\\Pipeline\\Pipeline::carry():184}:185}()
#62 /home/yamojr/devyamo/edusaas/edusaas/vendor/laravel/framework/src/Illuminate/Pipeline/Pipeline.php(209): Illuminate\\Foundation\\Http\\Middleware\\InvokeDeferredCallbacks->handle()
#63 /home/yamojr/devyamo/edusaas/edusaas/vendor/laravel/framework/src/Illuminate/Pipeline/Pipeline.php(127): Illuminate\\Pipeline\\Pipeline->{closure:{closure:Illuminate\\Pipeline\\Pipeline::carry():184}:185}()
#64 /home/yamojr/devyamo/edusaas/edusaas/vendor/laravel/framework/src/Illuminate/Foundation/Http/Kernel.php(176): Illuminate\\Pipeline\\Pipeline->then()
#65 /home/yamojr/devyamo/edusaas/edusaas/vendor/laravel/framework/src/Illuminate/Foundation/Http/Kernel.php(145): Illuminate\\Foundation\\Http\\Kernel->sendRequestThroughRouter()
#66 /home/yamojr/devyamo/edusaas/edusaas/vendor/laravel/framework/src/Illuminate/Foundation/Application.php(1220): Illuminate\\Foundation\\Http\\Kernel->handle()
#67 /home/yamojr/devyamo/edusaas/edusaas/public/index.php(19): Illuminate\\Foundation\\Application->handleRequest()
#68 /home/yamojr/devyamo/edusaas/edusaas/vendor/laravel/framework/src/Illuminate/Foundation/resources/server.php(23): require_once('...')
#69 {main}

[previous exception] [object] (PDOException(code: 42S22): SQLSTATE[42S22]: Column not found: 1054 Unknown column 'status' in 'where clause' at /home/yamojr/devyamo/edusaas/edusaas/vendor/laravel/framework/src/Illuminate/Database/Connection.php:407)
[stacktrace]
#0 /home/yamojr/devyamo/edusaas/edusaas/vendor/laravel/framework/src/Illuminate/Database/Connection.php(407): PDO->prepare()
#1 /home/yamojr/devyamo/edusaas/edusaas/vendor/laravel/framework/src/Illuminate/Database/Connection.php(812): Illuminate\\Database\\Connection->{closure:Illuminate\\Database\\Connection::select():398}()
#2 /home/yamojr/devyamo/edusaas/edusaas/vendor/laravel/framework/src/Illuminate/Database/Connection.php(779): Illuminate\\Database\\Connection->runQueryCallback()
#3 /home/yamojr/devyamo/edusaas/edusaas/vendor/laravel/framework/src/Illuminate/Database/Connection.php(398): Illuminate\\Database\\Connection->run()
#4 /home/yamojr/devyamo/edusaas/edusaas/vendor/laravel/framework/src/Illuminate/Database/Query/Builder.php(3106): Illuminate\\Database\\Connection->select()
#5 /home/yamojr/devyamo/edusaas/edusaas/vendor/laravel/framework/src/Illuminate/Database/Query/Builder.php(3091): Illuminate\\Database\\Query\\Builder->runSelect()
#6 /home/yamojr/devyamo/edusaas/edusaas/vendor/laravel/framework/src/Illuminate/Database/Query/Builder.php(3676): Illuminate\\Database\\Query\\Builder->{closure:Illuminate\\Database\\Query\\Builder::get():3090}()
#7 /home/yamojr/devyamo/edusaas/edusaas/vendor/laravel/framework/src/Illuminate/Database/Query/Builder.php(3090): Illuminate\\Database\\Query\\Builder->onceWithColumns()
#8 /home/yamojr/devyamo/edusaas/edusaas/vendor/laravel/framework/src/Illuminate/Database/Query/Builder.php(3603): Illuminate\\Database\\Query\\Builder->get()
#9 /home/yamojr/devyamo/edusaas/edusaas/vendor/laravel/framework/src/Illuminate/Database/Query/Builder.php(3531): Illuminate\\Database\\Query\\Builder->aggregate()
#10 /home/yamojr/devyamo/edusaas/edusaas/vendor/laravel/framework/src/Illuminate/Database/Eloquent/Builder.php(2120): Illuminate\\Database\\Query\\Builder->count()
#11 /home/yamojr/devyamo/edusaas/edusaas/app/Http/Controllers/University/DashboardController.php(22): Illuminate\\Database\\Eloquent\\Builder->__call()
#12 /home/yamojr/devyamo/edusaas/edusaas/app/Http/Controllers/University/DashboardController.php(65): App\\Http\\Controllers\\University\\DashboardController->render()
#13 /home/yamojr/devyamo/edusaas/edusaas/vendor/laravel/framework/src/Illuminate/Routing/Controller.php(54): App\\Http\\Controllers\\University\\DashboardController->lecturer()
#14 /home/yamojr/devyamo/edusaas/edusaas/vendor/laravel/framework/src/Illuminate/Routing/ControllerDispatcher.php(44): Illuminate\\Routing\\Controller->callAction()
#15 /home/yamojr/devyamo/edusaas/edusaas/vendor/laravel/framework/src/Illuminate/Routing/Route.php(266): Illuminate\\Routing\\ControllerDispatcher->dispatch()
#16 /home/yamojr/devyamo/edusaas/edusaas/vendor/laravel/framework/src/Illuminate/Routing/Route.php(212): Illuminate\\Routing\\Route->runController()
#17 /home/yamojr/devyamo/edusaas/edusaas/vendor/laravel/framework/src/Illuminate/Routing/Router.php(808): Illuminate\\Routing\\Route->run()
#18 /home/yamojr/devyamo/edusaas/edusaas/vendor/laravel/framework/src/Illuminate/Pipeline/Pipeline.php(170): Illuminate\\Routing\\Router->{closure:Illuminate\\Routing\\Router::runRouteWithinStack():807}()
#19 /home/yamojr/devyamo/edusaas/edusaas/app/Http/Middleware/EnsureTenantAccess.php(26): Illuminate\\Pipeline\\Pipeline->{closure:Illuminate\\Pipeline\\Pipeline::prepareDestination():168}()
#20 /home/yamojr/devyamo/edusaas/edusaas/vendor/laravel/framework/src/Illuminate/Pipeline/Pipeline.php(209): App\\Http\\Middleware\\EnsureTenantAccess->handle()
#21 /home/yamojr/devyamo/edusaas/edusaas/vendor/spatie/laravel-permission/src/Middleware/RoleMiddleware.php(37): Illuminate\\Pipeline\\Pipeline->{closure:{closure:Illuminate\\Pipeline\\Pipeline::carry():184}:185}()
#22 /home/yamojr/devyamo/edusaas/edusaas/vendor/laravel/framework/src/Illuminate/Pipeline/Pipeline.php(209): Spatie\\Permission\\Middleware\\RoleMiddleware->handle()
#23 /home/yamojr/devyamo/edusaas/edusaas/app/Http/Middleware/IdentifyTenant.php(40): Illuminate\\Pipeline\\Pipeline->{closure:{closure:Illuminate\\Pipeline\\Pipeline::carry():184}:185}()
#24 /home/yamojr/devyamo/edusaas/edusaas/vendor/laravel/framework/src/Illuminate/Pipeline/Pipeline.php(209): App\\Http\\Middleware\\IdentifyTenant->handle()
#25 /home/yamojr/devyamo/edusaas/edusaas/vendor/inertiajs/inertia-laravel/src/Middleware.php(122): Illuminate\\Pipeline\\Pipeline->{closure:{closure:Illuminate\\Pipeline\\Pipeline::carry():184}:185}()
#26 /home/yamojr/devyamo/edusaas/edusaas/vendor/laravel/framework/src/Illuminate/Pipeline/Pipeline.php(209): Inertia\\Middleware->handle()
#27 /home/yamojr/devyamo/edusaas/edusaas/vendor/laravel/framework/src/Illuminate/Routing/Middleware/SubstituteBindings.php(51): Illuminate\\Pipeline\\Pipeline->{closure:{closure:Illuminate\\Pipeline\\Pipeline::carry():184}:185}()
#28 /home/yamojr/devyamo/edusaas/edusaas/vendor/laravel/framework/src/Illuminate/Pipeline/Pipeline.php(209): Illuminate\\Routing\\Middleware\\SubstituteBindings->handle()
#29 /home/yamojr/devyamo/edusaas/edusaas/vendor/laravel/framework/src/Illuminate/Auth/Middleware/Authenticate.php(64): Illuminate\\Pipeline\\Pipeline->{closure:{closure:Illuminate\\Pipeline\\Pipeline::carry():184}:185}()
#30 /home/yamojr/devyamo/edusaas/edusaas/vendor/laravel/framework/src/Illuminate/Pipeline/Pipeline.php(209): Illuminate\\Auth\\Middleware\\Authenticate->handle()
#31 /home/yamojr/devyamo/edusaas/edusaas/vendor/laravel/framework/src/Illuminate/Foundation/Http/Middleware/VerifyCsrfToken.php(88): Illuminate\\Pipeline\\Pipeline->{closure:{closure:Illuminate\\Pipeline\\Pipeline::carry():184}:185}()
#32 /home/yamojr/devyamo/edusaas/edusaas/vendor/laravel/framework/src/Illuminate/Pipeline/Pipeline.php(209): Illuminate\\Foundation\\Http\\Middleware\\VerifyCsrfToken->handle()
#33 /home/yamojr/devyamo/edusaas/edusaas/vendor/laravel/framework/src/Illuminate/View/Middleware/ShareErrorsFromSession.php(49): Illuminate\\Pipeline\\Pipeline->{closure:{closure:Illuminate\\Pipeline\\Pipeline::carry():184}:185}()
#34 /home/yamojr/devyamo/edusaas/edusaas/vendor/laravel/framework/src/Illuminate/Pipeline/Pipeline.php(209): Illuminate\\View\\Middleware\\ShareErrorsFromSession->handle()
#35 /home/yamojr/devyamo/edusaas/edusaas/vendor/laravel/framework/src/Illuminate/Session/Middleware/StartSession.php(121): Illuminate\\Pipeline\\Pipeline->{closure:{closure:Illuminate\\Pipeline\\Pipeline::carry():184}:185}()
#36 /home/yamojr/devyamo/edusaas/edusaas/vendor/laravel/framework/src/Illuminate/Session/Middleware/StartSession.php(64): Illuminate\\Session\\Middleware\\StartSession->handleStatefulRequest()
#37 /home/yamojr/devyamo/edusaas/edusaas/vendor/laravel/framework/src/Illuminate/Pipeline/Pipeline.php(209): Illuminate\\Session\\Middleware\\StartSession->handle()
#38 /home/yamojr/devyamo/edusaas/edusaas/vendor/laravel/framework/src/Illuminate/Cookie/Middleware/AddQueuedCookiesToResponse.php(37): Illuminate\\Pipeline\\Pipeline->{closure:{closure:Illuminate\\Pipeline\\Pipeline::carry():184}:185}()
#39 /home/yamojr/devyamo/edusaas/edusaas/vendor/laravel/framework/src/Illuminate/Pipeline/Pipeline.php(209): Illuminate\\Cookie\\Middleware\\AddQueuedCookiesToResponse->handle()
#40 /home/yamojr/devyamo/edusaas/edusaas/vendor/laravel/framework/src/Illuminate/Cookie/Middleware/EncryptCookies.php(75): Illuminate\\Pipeline\\Pipeline->{closure:{closure:Illuminate\\Pipeline\\Pipeline::carry():184}:185}()
#41 /home/yamojr/devyamo/edusaas/edusaas/vendor/laravel/framework/src/Illuminate/Pipeline/Pipeline.php(209): Illuminate\\Cookie\\Middleware\\EncryptCookies->handle()
#42 /home/yamojr/devyamo/edusaas/edusaas/vendor/laravel/framework/src/Illuminate/Pipeline/Pipeline.php(127): Illuminate\\Pipeline\\Pipeline->{closure:{closure:Illuminate\\Pipeline\\Pipeline::carry():184}:185}()
#43 /home/yamojr/devyamo/edusaas/edusaas/vendor/laravel/framework/src/Illuminate/Routing/Router.php(807): Illuminate\\Pipeline\\Pipeline->then()
#44 /home/yamojr/devyamo/edusaas/edusaas/vendor/laravel/framework/src/Illuminate/Routing/Router.php(786): Illuminate\\Routing\\Router->runRouteWithinStack()
#45 /home/yamojr/devyamo/edusaas/edusaas/vendor/laravel/framework/src/Illuminate/Routing/Router.php(750): Illuminate\\Routing\\Router->runRoute()
#46 /home/yamojr/devyamo/edusaas/edusaas/vendor/laravel/framework/src/Illuminate/Routing/Router.php(739): Illuminate\\Routing\\Router->dispatchToRoute()
#47 /home/yamojr/devyamo/edusaas/edusaas/vendor/laravel/framework/src/Illuminate/Foundation/Http/Kernel.php(201): Illuminate\\Routing\\Router->dispatch()
#48 /home/yamojr/devyamo/edusaas/edusaas/vendor/laravel/framework/src/Illuminate/Pipeline/Pipeline.php(170): Illuminate\\Foundation\\Http\\Kernel->{closure:Illuminate\\Foundation\\Http\\Kernel::dispatchToRouter():198}()
#49 /home/yamojr/devyamo/edusaas/edusaas/vendor/laravel/framework/src/Illuminate/Foundation/Http/Middleware/TransformsRequest.php(21): Illuminate\\Pipeline\\Pipeline->{closure:Illuminate\\Pipeline\\Pipeline::prepareDestination():168}()
#50 /home/yamojr/devyamo/edusaas/edusaas/vendor/laravel/framework/src/Illuminate/Foundation/Http/Middleware/ConvertEmptyStringsToNull.php(31): Illuminate\\Foundation\\Http\\Middleware\\TransformsRequest->handle()
#51 /home/yamojr/devyamo/edusaas/edusaas/vendor/laravel/framework/src/Illuminate/Pipeline/Pipeline.php(209): Illuminate\\Foundation\\Http\\Middleware\\ConvertEmptyStringsToNull->handle()
#52 /home/yamojr/devyamo/edusaas/edusaas/vendor/laravel/framework/src/Illuminate/Foundation/Http/Middleware/TransformsRequest.php(21): Illuminate\\Pipeline\\Pipeline->{closure:{closure:Illuminate\\Pipeline\\Pipeline::carry():184}:185}()
#53 /home/yamojr/devyamo/edusaas/edusaas/vendor/laravel/framework/src/Illuminate/Foundation/Http/Middleware/TrimStrings.php(51): Illuminate\\Foundation\\Http\\Middleware\\TransformsRequest->handle()
#54 /home/yamojr/devyamo/edusaas/edusaas/vendor/laravel/framework/src/Illuminate/Pipeline/Pipeline.php(209): Illuminate\\Foundation\\Http\\Middleware\\TrimStrings->handle()
#55 /home/yamojr/devyamo/edusaas/edusaas/vendor/laravel/framework/src/Illuminate/Http/Middleware/ValidatePostSize.php(27): Illuminate\\Pipeline\\Pipeline->{closure:{closure:Illuminate\\Pipeline\\Pipeline::carry():184}:185}()
#56 /home/yamojr/devyamo/edusaas/edusaas/vendor/laravel/framework/src/Illuminate/Pipeline/Pipeline.php(209): Illuminate\\Http\\Middleware\\ValidatePostSize->handle()
#57 /home/yamojr/devyamo/edusaas/edusaas/vendor/laravel/framework/src/Illuminate/Foundation/Http/Middleware/PreventRequestsDuringMaintenance.php(110): Illuminate\\Pipeline\\Pipeline->{closure:{closure:Illuminate\\Pipeline\\Pipeline::carry():184}:185}()
#58 /home/yamojr/devyamo/edusaas/edusaas/vendor/laravel/framework/src/Illuminate/Pipeline/Pipeline.php(209): Illuminate\\Foundation\\Http\\Middleware\\PreventRequestsDuringMaintenance->handle()
#59 /home/yamojr/devyamo/edusaas/edusaas/vendor/laravel/framework/src/Illuminate/Http/Middleware/HandleCors.php(49): Illuminate\\Pipeline\\Pipeline->{closure:{closure:Illuminate\\Pipeline\\Pipeline::carry():184}:185}()
#60 /home/yamojr/devyamo/edusaas/edusaas/vendor/laravel/framework/src/Illuminate/Pipeline/Pipeline.php(209): Illuminate\\Http\\Middleware\\HandleCors->handle()
#61 /home/yamojr/devyamo/edusaas/edusaas/vendor/laravel/framework/src/Illuminate/Http/Middleware/TrustProxies.php(58): Illuminate\\Pipeline\\Pipeline->{closure:{closure:Illuminate\\Pipeline\\Pipeline::carry():184}:185}()
#62 /home/yamojr/devyamo/edusaas/edusaas/vendor/laravel/framework/src/Illuminate/Pipeline/Pipeline.php(209): Illuminate\\Http\\Middleware\\TrustProxies->handle()
#63 /home/yamojr/devyamo/edusaas/edusaas/vendor/laravel/framework/src/Illuminate/Foundation/Http/Middleware/InvokeDeferredCallbacks.php(22): Illuminate\\Pipeline\\Pipeline->{closure:{closure:Illuminate\\Pipeline\\Pipeline::carry():184}:185}()
#64 /home/yamojr/devyamo/edusaas/edusaas/vendor/laravel/framework/src/Illuminate/Pipeline/Pipeline.php(209): Illuminate\\Foundation\\Http\\Middleware\\InvokeDeferredCallbacks->handle()
#65 /home/yamojr/devyamo/edusaas/edusaas/vendor/laravel/framework/src/Illuminate/Pipeline/Pipeline.php(127): Illuminate\\Pipeline\\Pipeline->{closure:{closure:Illuminate\\Pipeline\\Pipeline::carry():184}:185}()
#66 /home/yamojr/devyamo/edusaas/edusaas/vendor/laravel/framework/src/Illuminate/Foundation/Http/Kernel.php(176): Illuminate\\Pipeline\\Pipeline->then()
#67 /home/yamojr/devyamo/edusaas/edusaas/vendor/laravel/framework/src/Illuminate/Foundation/Http/Kernel.php(145): Illuminate\\Foundation\\Http\\Kernel->sendRequestThroughRouter()
#68 /home/yamojr/devyamo/edusaas/edusaas/vendor/laravel/framework/src/Illuminate/Foundation/Application.php(1220): Illuminate\\Foundation\\Http\\Kernel->handle()
#69 /home/yamojr/devyamo/edusaas/edusaas/public/index.php(19): Illuminate\\Foundation\\Application->handleRequest()
#70 /home/yamojr/devyamo/edusaas/edusaas/vendor/laravel/framework/src/Illuminate/Foundation/resources/server.php(23): require_once('...')
#71 {main}
"} 
[2026-05-14 07:20:03] local.ERROR: Target class [App\Http\Controllers\Lecturer\CourseController] does not exist. {"userId":2,"exception":"[object] (Illuminate\\Contracts\\Container\\BindingResolutionException(code: 0): Target class [App\\Http\\Controllers\\Lecturer\\CourseController] does not exist. at /home/yamojr/devyamo/edusaas/edusaas/vendor/laravel/framework/src/Illuminate/Container/Container.php:961)
[stacktrace]
#0 /home/yamojr/devyamo/edusaas/edusaas/vendor/laravel/framework/src/Illuminate/Container/Container.php(832): Illuminate\\Container\\Container->build()
#1 /home/yamojr/devyamo/edusaas/edusaas/vendor/laravel/framework/src/Illuminate/Foundation/Application.php(1078): Illuminate\\Container\\Container->resolve()
#2 /home/yamojr/devyamo/edusaas/edusaas/vendor/laravel/framework/src/Illuminate/Container/Container.php(763): Illuminate\\Foundation\\Application->resolve()
#3 /home/yamojr/devyamo/edusaas/edusaas/vendor/laravel/framework/src/Illuminate/Foundation/Application.php(1058): Illuminate\\Container\\Container->make()
#4 /home/yamojr/devyamo/edusaas/edusaas/vendor/laravel/framework/src/Illuminate/Routing/Route.php(285): Illuminate\\Foundation\\Application->make()
#5 /home/yamojr/devyamo/edusaas/edusaas/vendor/laravel/framework/src/Illuminate/Routing/Route.php(267): Illuminate\\Routing\\Route->getController()
#6 /home/yamojr/devyamo/edusaas/edusaas/vendor/laravel/framework/src/Illuminate/Routing/Route.php(212): Illuminate\\Routing\\Route->runController()
#7 /home/yamojr/devyamo/edusaas/edusaas/vendor/laravel/framework/src/Illuminate/Routing/Router.php(808): Illuminate\\Routing\\Route->run()
#8 /home/yamojr/devyamo/edusaas/edusaas/vendor/laravel/framework/src/Illuminate/Pipeline/Pipeline.php(170): Illuminate\\Routing\\Router->{closure:Illuminate\\Routing\\Router::runRouteWithinStack():807}()
#9 /home/yamojr/devyamo/edusaas/edusaas/app/Http/Middleware/EnsureTenantAccess.php(26): Illuminate\\Pipeline\\Pipeline->{closure:Illuminate\\Pipeline\\Pipeline::prepareDestination():168}()
#10 /home/yamojr/devyamo/edusaas/edusaas/vendor/laravel/framework/src/Illuminate/Pipeline/Pipeline.php(209): App\\Http\\Middleware\\EnsureTenantAccess->handle()
#11 /home/yamojr/devyamo/edusaas/edusaas/vendor/spatie/laravel-permission/src/Middleware/RoleMiddleware.php(37): Illuminate\\Pipeline\\Pipeline->{closure:{closure:Illuminate\\Pipeline\\Pipeline::carry():184}:185}()
#12 /home/yamojr/devyamo/edusaas/edusaas/vendor/laravel/framework/src/Illuminate/Pipeline/Pipeline.php(209): Spatie\\Permission\\Middleware\\RoleMiddleware->handle()
#13 /home/yamojr/devyamo/edusaas/edusaas/app/Http/Middleware/IdentifyTenant.php(40): Illuminate\\Pipeline\\Pipeline->{closure:{closure:Illuminate\\Pipeline\\Pipeline::carry():184}:185}()
#14 /home/yamojr/devyamo/edusaas/edusaas/vendor/laravel/framework/src/Illuminate/Pipeline/Pipeline.php(209): App\\Http\\Middleware\\IdentifyTenant->handle()
#15 /home/yamojr/devyamo/edusaas/edusaas/vendor/inertiajs/inertia-laravel/src/Middleware.php(122): Illuminate\\Pipeline\\Pipeline->{closure:{closure:Illuminate\\Pipeline\\Pipeline::carry():184}:185}()
#16 /home/yamojr/devyamo/edusaas/edusaas/vendor/laravel/framework/src/Illuminate/Pipeline/Pipeline.php(209): Inertia\\Middleware->handle()
#17 /home/yamojr/devyamo/edusaas/edusaas/vendor/laravel/framework/src/Illuminate/Routing/Middleware/SubstituteBindings.php(51): Illuminate\\Pipeline\\Pipeline->{closure:{closure:Illuminate\\Pipeline\\Pipeline::carry():184}:185}()
#18 /home/yamojr/devyamo/edusaas/edusaas/vendor/laravel/framework/src/Illuminate/Pipeline/Pipeline.php(209): Illuminate\\Routing\\Middleware\\SubstituteBindings->handle()
#19 /home/yamojr/devyamo/edusaas/edusaas/vendor/laravel/framework/src/Illuminate/Auth/Middleware/Authenticate.php(64): Illuminate\\Pipeline\\Pipeline->{closure:{closure:Illuminate\\Pipeline\\Pipeline::carry():184}:185}()
#20 /home/yamojr/devyamo/edusaas/edusaas/vendor/laravel/framework/src/Illuminate/Pipeline/Pipeline.php(209): Illuminate\\Auth\\Middleware\\Authenticate->handle()
#21 /home/yamojr/devyamo/edusaas/edusaas/vendor/laravel/framework/src/Illuminate/Foundation/Http/Middleware/VerifyCsrfToken.php(88): Illuminate\\Pipeline\\Pipeline->{closure:{closure:Illuminate\\Pipeline\\Pipeline::carry():184}:185}()
#22 /home/yamojr/devyamo/edusaas/edusaas/vendor/laravel/framework/src/Illuminate/Pipeline/Pipeline.php(209): Illuminate\\Foundation\\Http\\Middleware\\VerifyCsrfToken->handle()
#23 /home/yamojr/devyamo/edusaas/edusaas/vendor/laravel/framework/src/Illuminate/View/Middleware/ShareErrorsFromSession.php(49): Illuminate\\Pipeline\\Pipeline->{closure:{closure:Illuminate\\Pipeline\\Pipeline::carry():184}:185}()
#24 /home/yamojr/devyamo/edusaas/edusaas/vendor/laravel/framework/src/Illuminate/Pipeline/Pipeline.php(209): Illuminate\\View\\Middleware\\ShareErrorsFromSession->handle()
#25 /home/yamojr/devyamo/edusaas/edusaas/vendor/laravel/framework/src/Illuminate/Session/Middleware/StartSession.php(121): Illuminate\\Pipeline\\Pipeline->{closure:{closure:Illuminate\\Pipeline\\Pipeline::carry():184}:185}()
#26 /home/yamojr/devyamo/edusaas/edusaas/vendor/laravel/framework/src/Illuminate/Session/Middleware/StartSession.php(64): Illuminate\\Session\\Middleware\\StartSession->handleStatefulRequest()
#27 /home/yamojr/devyamo/edusaas/edusaas/vendor/laravel/framework/src/Illuminate/Pipeline/Pipeline.php(209): Illuminate\\Session\\Middleware\\StartSession->handle()
#28 /home/yamojr/devyamo/edusaas/edusaas/vendor/laravel/framework/src/Illuminate/Cookie/Middleware/AddQueuedCookiesToResponse.php(37): Illuminate\\Pipeline\\Pipeline->{closure:{closure:Illuminate\\Pipeline\\Pipeline::carry():184}:185}()
#29 /home/yamojr/devyamo/edusaas/edusaas/vendor/laravel/framework/src/Illuminate/Pipeline/Pipeline.php(209): Illuminate\\Cookie\\Middleware\\AddQueuedCookiesToResponse->handle()
#30 /home/yamojr/devyamo/edusaas/edusaas/vendor/laravel/framework/src/Illuminate/Cookie/Middleware/EncryptCookies.php(75): Illuminate\\Pipeline\\Pipeline->{closure:{closure:Illuminate\\Pipeline\\Pipeline::carry():184}:185}()
#31 /home/yamojr/devyamo/edusaas/edusaas/vendor/laravel/framework/src/Illuminate/Pipeline/Pipeline.php(209): Illuminate\\Cookie\\Middleware\\EncryptCookies->handle()
#32 /home/yamojr/devyamo/edusaas/edusaas/vendor/laravel/framework/src/Illuminate/Pipeline/Pipeline.php(127): Illuminate\\Pipeline\\Pipeline->{closure:{closure:Illuminate\\Pipeline\\Pipeline::carry():184}:185}()
#33 /home/yamojr/devyamo/edusaas/edusaas/vendor/laravel/framework/src/Illuminate/Routing/Router.php(807): Illuminate\\Pipeline\\Pipeline->then()
#34 /home/yamojr/devyamo/edusaas/edusaas/vendor/laravel/framework/src/Illuminate/Routing/Router.php(786): Illuminate\\Routing\\Router->runRouteWithinStack()
#35 /home/yamojr/devyamo/edusaas/edusaas/vendor/laravel/framework/src/Illuminate/Routing/Router.php(750): Illuminate\\Routing\\Router->runRoute()
#36 /home/yamojr/devyamo/edusaas/edusaas/vendor/laravel/framework/src/Illuminate/Routing/Router.php(739): Illuminate\\Routing\\Router->dispatchToRoute()
#37 /home/yamojr/devyamo/edusaas/edusaas/vendor/laravel/framework/src/Illuminate/Foundation/Http/Kernel.php(201): Illuminate\\Routing\\Router->dispatch()
#38 /home/yamojr/devyamo/edusaas/edusaas/vendor/laravel/framework/src/Illuminate/Pipeline/Pipeline.php(170): Illuminate\\Foundation\\Http\\Kernel->{closure:Illuminate\\Foundation\\Http\\Kernel::dispatchToRouter():198}()
#39 /home/yamojr/devyamo/edusaas/edusaas/vendor/laravel/framework/src/Illuminate/Foundation/Http/Middleware/TransformsRequest.php(21): Illuminate\\Pipeline\\Pipeline->{closure:Illuminate\\Pipeline\\Pipeline::prepareDestination():168}()
#40 /home/yamojr/devyamo/edusaas/edusaas/vendor/laravel/framework/src/Illuminate/Foundation/Http/Middleware/ConvertEmptyStringsToNull.php(31): Illuminate\\Foundation\\Http\\Middleware\\TransformsRequest->handle()
#41 /home/yamojr/devyamo/edusaas/edusaas/vendor/laravel/framework/src/Illuminate/Pipeline/Pipeline.php(209): Illuminate\\Foundation\\Http\\Middleware\\ConvertEmptyStringsToNull->handle()
#42 /home/yamojr/devyamo/edusaas/edusaas/vendor/laravel/framework/src/Illuminate/Foundation/Http/Middleware/TransformsRequest.php(21): Illuminate\\Pipeline\\Pipeline->{closure:{closure:Illuminate\\Pipeline\\Pipeline::carry():184}:185}()
#43 /home/yamojr/devyamo/edusaas/edusaas/vendor/laravel/framework/src/Illuminate/Foundation/Http/Middleware/TrimStrings.php(51): Illuminate\\Foundation\\Http\\Middleware\\TransformsRequest->handle()
#44 /home/yamojr/devyamo/edusaas/edusaas/vendor/laravel/framework/src/Illuminate/Pipeline/Pipeline.php(209): Illuminate\\Foundation\\Http\\Middleware\\TrimStrings->handle()
#45 /home/yamojr/devyamo/edusaas/edusaas/vendor/laravel/framework/src/Illuminate/Http/Middleware/ValidatePostSize.php(27): Illuminate\\Pipeline\\Pipeline->{closure:{closure:Illuminate\\Pipeline\\Pipeline::carry():184}:185}()
#46 /home/yamojr/devyamo/edusaas/edusaas/vendor/laravel/framework/src/Illuminate/Pipeline/Pipeline.php(209): Illuminate\\Http\\Middleware\\ValidatePostSize->handle()
#47 /home/yamojr/devyamo/edusaas/edusaas/vendor/laravel/framework/src/Illuminate/Foundation/Http/Middleware/PreventRequestsDuringMaintenance.php(110): Illuminate\\Pipeline\\Pipeline->{closure:{closure:Illuminate\\Pipeline\\Pipeline::carry():184}:185}()
#48 /home/yamojr/devyamo/edusaas/edusaas/vendor/laravel/framework/src/Illuminate/Pipeline/Pipeline.php(209): Illuminate\\Foundation\\Http\\Middleware\\PreventRequestsDuringMaintenance->handle()
#49 /home/yamojr/devyamo/edusaas/edusaas/vendor/laravel/framework/src/Illuminate/Http/Middleware/HandleCors.php(49): Illuminate\\Pipeline\\Pipeline->{closure:{closure:Illuminate\\Pipeline\\Pipeline::carry():184}:185}()
#50 /home/yamojr/devyamo/edusaas/edusaas/vendor/laravel/framework/src/Illuminate/Pipeline/Pipeline.php(209): Illuminate\\Http\\Middleware\\HandleCors->handle()
#51 /home/yamojr/devyamo/edusaas/edusaas/vendor/laravel/framework/src/Illuminate/Http/Middleware/TrustProxies.php(58): Illuminate\\Pipeline\\Pipeline->{closure:{closure:Illuminate\\Pipeline\\Pipeline::carry():184}:185}()
#52 /home/yamojr/devyamo/edusaas/edusaas/vendor/laravel/framework/src/Illuminate/Pipeline/Pipeline.php(209): Illuminate\\Http\\Middleware\\TrustProxies->handle()
#53 /home/yamojr/devyamo/edusaas/edusaas/vendor/laravel/framework/src/Illuminate/Foundation/Http/Middleware/InvokeDeferredCallbacks.php(22): Illuminate\\Pipeline\\Pipeline->{closure:{closure:Illuminate\\Pipeline\\Pipeline::carry():184}:185}()
#54 /home/yamojr/devyamo/edusaas/edusaas/vendor/laravel/framework/src/Illuminate/Pipeline/Pipeline.php(209): Illuminate\\Foundation\\Http\\Middleware\\InvokeDeferredCallbacks->handle()
#55 /home/yamojr/devyamo/edusaas/edusaas/vendor/laravel/framework/src/Illuminate/Pipeline/Pipeline.php(127): Illuminate\\Pipeline\\Pipeline->{closure:{closure:Illuminate\\Pipeline\\Pipeline::carry():184}:185}()
#56 /home/yamojr/devyamo/edusaas/edusaas/vendor/laravel/framework/src/Illuminate/Foundation/Http/Kernel.php(176): Illuminate\\Pipeline\\Pipeline->then()
#57 /home/yamojr/devyamo/edusaas/edusaas/vendor/laravel/framework/src/Illuminate/Foundation/Http/Kernel.php(145): Illuminate\\Foundation\\Http\\Kernel->sendRequestThroughRouter()
#58 /home/yamojr/devyamo/edusaas/edusaas/vendor/laravel/framework/src/Illuminate/Foundation/Application.php(1220): Illuminate\\Foundation\\Http\\Kernel->handle()
#59 /home/yamojr/devyamo/edusaas/edusaas/public/index.php(19): Illuminate\\Foundation\\Application->handleRequest()
#60 /home/yamojr/devyamo/edusaas/edusaas/vendor/laravel/framework/src/Illuminate/Foundation/resources/server.php(23): require_once('...')
#61 {main}

[previous exception] [object] (ReflectionException(code: -1): Class \"App\\Http\\Controllers\\Lecturer\\CourseController\" does not exist at /home/yamojr/devyamo/edusaas/edusaas/vendor/laravel/framework/src/Illuminate/Container/Container.php:959)
[stacktrace]
#0 /home/yamojr/devyamo/edusaas/edusaas/vendor/laravel/framework/src/Illuminate/Container/Container.php(959): ReflectionClass->__construct()
#1 /home/yamojr/devyamo/edusaas/edusaas/vendor/laravel/framework/src/Illuminate/Container/Container.php(832): Illuminate\\Container\\Container->build()
#2 /home/yamojr/devyamo/edusaas/edusaas/vendor/laravel/framework/src/Illuminate/Foundation/Application.php(1078): Illuminate\\Container\\Container->resolve()
#3 /home/yamojr/devyamo/edusaas/edusaas/vendor/laravel/framework/src/Illuminate/Container/Container.php(763): Illuminate\\Foundation\\Application->resolve()
#4 /home/yamojr/devyamo/edusaas/edusaas/vendor/laravel/framework/src/Illuminate/Foundation/Application.php(1058): Illuminate\\Container\\Container->make()
#5 /home/yamojr/devyamo/edusaas/edusaas/vendor/laravel/framework/src/Illuminate/Routing/Route.php(285): Illuminate\\Foundation\\Application->make()
#6 /home/yamojr/devyamo/edusaas/edusaas/vendor/laravel/framework/src/Illuminate/Routing/Route.php(267): Illuminate\\Routing\\Route->getController()
#7 /home/yamojr/devyamo/edusaas/edusaas/vendor/laravel/framework/src/Illuminate/Routing/Route.php(212): Illuminate\\Routing\\Route->runController()
#8 /home/yamojr/devyamo/edusaas/edusaas/vendor/laravel/framework/src/Illuminate/Routing/Router.php(808): Illuminate\\Routing\\Route->run()
#9 /home/yamojr/devyamo/edusaas/edusaas/vendor/laravel/framework/src/Illuminate/Pipeline/Pipeline.php(170): Illuminate\\Routing\\Router->{closure:Illuminate\\Routing\\Router::runRouteWithinStack():807}()
#10 /home/yamojr/devyamo/edusaas/edusaas/app/Http/Middleware/EnsureTenantAccess.php(26): Illuminate\\Pipeline\\Pipeline->{closure:Illuminate\\Pipeline\\Pipeline::prepareDestination():168}()
#11 /home/yamojr/devyamo/edusaas/edusaas/vendor/laravel/framework/src/Illuminate/Pipeline/Pipeline.php(209): App\\Http\\Middleware\\EnsureTenantAccess->handle()
#12 /home/yamojr/devyamo/edusaas/edusaas/vendor/spatie/laravel-permission/src/Middleware/RoleMiddleware.php(37): Illuminate\\Pipeline\\Pipeline->{closure:{closure:Illuminate\\Pipeline\\Pipeline::carry():184}:185}()
#13 /home/yamojr/devyamo/edusaas/edusaas/vendor/laravel/framework/src/Illuminate/Pipeline/Pipeline.php(209): Spatie\\Permission\\Middleware\\RoleMiddleware->handle()
#14 /home/yamojr/devyamo/edusaas/edusaas/app/Http/Middleware/IdentifyTenant.php(40): Illuminate\\Pipeline\\Pipeline->{closure:{closure:Illuminate\\Pipeline\\Pipeline::carry():184}:185}()
#15 /home/yamojr/devyamo/edusaas/edusaas/vendor/laravel/framework/src/Illuminate/Pipeline/Pipeline.php(209): App\\Http\\Middleware\\IdentifyTenant->handle()
#16 /home/yamojr/devyamo/edusaas/edusaas/vendor/inertiajs/inertia-laravel/src/Middleware.php(122): Illuminate\\Pipeline\\Pipeline->{closure:{closure:Illuminate\\Pipeline\\Pipeline::carry():184}:185}()
#17 /home/yamojr/devyamo/edusaas/edusaas/vendor/laravel/framework/src/Illuminate/Pipeline/Pipeline.php(209): Inertia\\Middleware->handle()
#18 /home/yamojr/devyamo/edusaas/edusaas/vendor/laravel/framework/src/Illuminate/Routing/Middleware/SubstituteBindings.php(51): Illuminate\\Pipeline\\Pipeline->{closure:{closure:Illuminate\\Pipeline\\Pipeline::carry():184}:185}()
#19 /home/yamojr/devyamo/edusaas/edusaas/vendor/laravel/framework/src/Illuminate/Pipeline/Pipeline.php(209): Illuminate\\Routing\\Middleware\\SubstituteBindings->handle()
#20 /home/yamojr/devyamo/edusaas/edusaas/vendor/laravel/framework/src/Illuminate/Auth/Middleware/Authenticate.php(64): Illuminate\\Pipeline\\Pipeline->{closure:{closure:Illuminate\\Pipeline\\Pipeline::carry():184}:185}()
#21 /home/yamojr/devyamo/edusaas/edusaas/vendor/laravel/framework/src/Illuminate/Pipeline/Pipeline.php(209): Illuminate\\Auth\\Middleware\\Authenticate->handle()
#22 /home/yamojr/devyamo/edusaas/edusaas/vendor/laravel/framework/src/Illuminate/Foundation/Http/Middleware/VerifyCsrfToken.php(88): Illuminate\\Pipeline\\Pipeline->{closure:{closure:Illuminate\\Pipeline\\Pipeline::carry():184}:185}()
#23 /home/yamojr/devyamo/edusaas/edusaas/vendor/laravel/framework/src/Illuminate/Pipeline/Pipeline.php(209): Illuminate\\Foundation\\Http\\Middleware\\VerifyCsrfToken->handle()
#24 /home/yamojr/devyamo/edusaas/edusaas/vendor/laravel/framework/src/Illuminate/View/Middleware/ShareErrorsFromSession.php(49): Illuminate\\Pipeline\\Pipeline->{closure:{closure:Illuminate\\Pipeline\\Pipeline::carry():184}:185}()
#25 /home/yamojr/devyamo/edusaas/edusaas/vendor/laravel/framework/src/Illuminate/Pipeline/Pipeline.php(209): Illuminate\\View\\Middleware\\ShareErrorsFromSession->handle()
#26 /home/yamojr/devyamo/edusaas/edusaas/vendor/laravel/framework/src/Illuminate/Session/Middleware/StartSession.php(121): Illuminate\\Pipeline\\Pipeline->{closure:{closure:Illuminate\\Pipeline\\Pipeline::carry():184}:185}()
#27 /home/yamojr/devyamo/edusaas/edusaas/vendor/laravel/framework/src/Illuminate/Session/Middleware/StartSession.php(64): Illuminate\\Session\\Middleware\\StartSession->handleStatefulRequest()
#28 /home/yamojr/devyamo/edusaas/edusaas/vendor/laravel/framework/src/Illuminate/Pipeline/Pipeline.php(209): Illuminate\\Session\\Middleware\\StartSession->handle()
#29 /home/yamojr/devyamo/edusaas/edusaas/vendor/laravel/framework/src/Illuminate/Cookie/Middleware/AddQueuedCookiesToResponse.php(37): Illuminate\\Pipeline\\Pipeline->{closure:{closure:Illuminate\\Pipeline\\Pipeline::carry():184}:185}()
#30 /home/yamojr/devyamo/edusaas/edusaas/vendor/laravel/framework/src/Illuminate/Pipeline/Pipeline.php(209): Illuminate\\Cookie\\Middleware\\AddQueuedCookiesToResponse->handle()
#31 /home/yamojr/devyamo/edusaas/edusaas/vendor/laravel/framework/src/Illuminate/Cookie/Middleware/EncryptCookies.php(75): Illuminate\\Pipeline\\Pipeline->{closure:{closure:Illuminate\\Pipeline\\Pipeline::carry():184}:185}()
#32 /home/yamojr/devyamo/edusaas/edusaas/vendor/laravel/framework/src/Illuminate/Pipeline/Pipeline.php(209): Illuminate\\Cookie\\Middleware\\EncryptCookies->handle()
#33 /home/yamojr/devyamo/edusaas/edusaas/vendor/laravel/framework/src/Illuminate/Pipeline/Pipeline.php(127): Illuminate\\Pipeline\\Pipeline->{closure:{closure:Illuminate\\Pipeline\\Pipeline::carry():184}:185}()
#34 /home/yamojr/devyamo/edusaas/edusaas/vendor/laravel/framework/src/Illuminate/Routing/Router.php(807): Illuminate\\Pipeline\\Pipeline->then()
#35 /home/yamojr/devyamo/edusaas/edusaas/vendor/laravel/framework/src/Illuminate/Routing/Router.php(786): Illuminate\\Routing\\Router->runRouteWithinStack()
#36 /home/yamojr/devyamo/edusaas/edusaas/vendor/laravel/framework/src/Illuminate/Routing/Router.php(750): Illuminate\\Routing\\Router->runRoute()
#37 /home/yamojr/devyamo/edusaas/edusaas/vendor/laravel/framework/src/Illuminate/Routing/Router.php(739): Illuminate\\Routing\\Router->dispatchToRoute()
#38 /home/yamojr/devyamo/edusaas/edusaas/vendor/laravel/framework/src/Illuminate/Foundation/Http/Kernel.php(201): Illuminate\\Routing\\Router->dispatch()
#39 /home/yamojr/devyamo/edusaas/edusaas/vendor/laravel/framework/src/Illuminate/Pipeline/Pipeline.php(170): Illuminate\\Foundation\\Http\\Kernel->{closure:Illuminate\\Foundation\\Http\\Kernel::dispatchToRouter():198}()
#40 /home/yamojr/devyamo/edusaas/edusaas/vendor/laravel/framework/src/Illuminate/Foundation/Http/Middleware/TransformsRequest.php(21): Illuminate\\Pipeline\\Pipeline->{closure:Illuminate\\Pipeline\\Pipeline::prepareDestination():168}()
#41 /home/yamojr/devyamo/edusaas/edusaas/vendor/laravel/framework/src/Illuminate/Foundation/Http/Middleware/ConvertEmptyStringsToNull.php(31): Illuminate\\Foundation\\Http\\Middleware\\TransformsRequest->handle()
#42 /home/yamojr/devyamo/edusaas/edusaas/vendor/laravel/framework/src/Illuminate/Pipeline/Pipeline.php(209): Illuminate\\Foundation\\Http\\Middleware\\ConvertEmptyStringsToNull->handle()
#43 /home/yamojr/devyamo/edusaas/edusaas/vendor/laravel/framework/src/Illuminate/Foundation/Http/Middleware/TransformsRequest.php(21): Illuminate\\Pipeline\\Pipeline->{closure:{closure:Illuminate\\Pipeline\\Pipeline::carry():184}:185}()
#44 /home/yamojr/devyamo/edusaas/edusaas/vendor/laravel/framework/src/Illuminate/Foundation/Http/Middleware/TrimStrings.php(51): Illuminate\\Foundation\\Http\\Middleware\\TransformsRequest->handle()
#45 /home/yamojr/devyamo/edusaas/edusaas/vendor/laravel/framework/src/Illuminate/Pipeline/Pipeline.php(209): Illuminate\\Foundation\\Http\\Middleware\\TrimStrings->handle()
#46 /home/yamojr/devyamo/edusaas/edusaas/vendor/laravel/framework/src/Illuminate/Http/Middleware/ValidatePostSize.php(27): Illuminate\\Pipeline\\Pipeline->{closure:{closure:Illuminate\\Pipeline\\Pipeline::carry():184}:185}()
#47 /home/yamojr/devyamo/edusaas/edusaas/vendor/laravel/framework/src/Illuminate/Pipeline/Pipeline.php(209): Illuminate\\Http\\Middleware\\ValidatePostSize->handle()
#48 /home/yamojr/devyamo/edusaas/edusaas/vendor/laravel/framework/src/Illuminate/Foundation/Http/Middleware/PreventRequestsDuringMaintenance.php(110): Illuminate\\Pipeline\\Pipeline->{closure:{closure:Illuminate\\Pipeline\\Pipeline::carry():184}:185}()
#49 /home/yamojr/devyamo/edusaas/edusaas/vendor/laravel/framework/src/Illuminate/Pipeline/Pipeline.php(209): Illuminate\\Foundation\\Http\\Middleware\\PreventRequestsDuringMaintenance->handle()
#50 /home/yamojr/devyamo/edusaas/edusaas/vendor/laravel/framework/src/Illuminate/Http/Middleware/HandleCors.php(49): Illuminate\\Pipeline\\Pipeline->{closure:{closure:Illuminate\\Pipeline\\Pipeline::carry():184}:185}()
#51 /home/yamojr/devyamo/edusaas/edusaas/vendor/laravel/framework/src/Illuminate/Pipeline/Pipeline.php(209): Illuminate\\Http\\Middleware\\HandleCors->handle()
#52 /home/yamojr/devyamo/edusaas/edusaas/vendor/laravel/framework/src/Illuminate/Http/Middleware/TrustProxies.php(58): Illuminate\\Pipeline\\Pipeline->{closure:{closure:Illuminate\\Pipeline\\Pipeline::carry():184}:185}()
#53 /home/yamojr/devyamo/edusaas/edusaas/vendor/laravel/framework/src/Illuminate/Pipeline/Pipeline.php(209): Illuminate\\Http\\Middleware\\TrustProxies->handle()
#54 /home/yamojr/devyamo/edusaas/edusaas/vendor/laravel/framework/src/Illuminate/Foundation/Http/Middleware/InvokeDeferredCallbacks.php(22): Illuminate\\Pipeline\\Pipeline->{closure:{closure:Illuminate\\Pipeline\\Pipeline::carry():184}:185}()
#55 /home/yamojr/devyamo/edusaas/edusaas/vendor/laravel/framework/src/Illuminate/Pipeline/Pipeline.php(209): Illuminate\\Foundation\\Http\\Middleware\\InvokeDeferredCallbacks->handle()
#56 /home/yamojr/devyamo/edusaas/edusaas/vendor/laravel/framework/src/Illuminate/Pipeline/Pipeline.php(127): Illuminate\\Pipeline\\Pipeline->{closure:{closure:Illuminate\\Pipeline\\Pipeline::carry():184}:185}()
#57 /home/yamojr/devyamo/edusaas/edusaas/vendor/laravel/framework/src/Illuminate/Foundation/Http/Kernel.php(176): Illuminate\\Pipeline\\Pipeline->then()
#58 /home/yamojr/devyamo/edusaas/edusaas/vendor/laravel/framework/src/Illuminate/Foundation/Http/Kernel.php(145): Illuminate\\Foundation\\Http\\Kernel->sendRequestThroughRouter()
#59 /home/yamojr/devyamo/edusaas/edusaas/vendor/laravel/framework/src/Illuminate/Foundation/Application.php(1220): Illuminate\\Foundation\\Http\\Kernel->handle()
#60 /home/yamojr/devyamo/edusaas/edusaas/public/index.php(19): Illuminate\\Foundation\\Application->handleRequest()
#61 /home/yamojr/devyamo/edusaas/edusaas/vendor/laravel/framework/src/Illuminate/Foundation/resources/server.php(23): require_once('...')
#62 {main}
"} 
[2026-05-14 07:20:37] local.ERROR: Target class [App\Http\Controllers\Lecturer\ExamController] does not exist. {"userId":2,"exception":"[object] (Illuminate\\Contracts\\Container\\BindingResolutionException(code: 0): Target class [App\\Http\\Controllers\\Lecturer\\ExamController] does not exist. at /home/yamojr/devyamo/edusaas/edusaas/vendor/laravel/framework/src/Illuminate/Container/Container.php:961)
[stacktrace]
#0 /home/yamojr/devyamo/edusaas/edusaas/vendor/laravel/framework/src/Illuminate/Container/Container.php(832): Illuminate\\Container\\Container->build()
#1 /home/yamojr/devyamo/edusaas/edusaas/vendor/laravel/framework/src/Illuminate/Foundation/Application.php(1078): Illuminate\\Container\\Container->resolve()
#2 /home/yamojr/devyamo/edusaas/edusaas/vendor/laravel/framework/src/Illuminate/Container/Container.php(763): Illuminate\\Foundation\\Application->resolve()
#3 /home/yamojr/devyamo/edusaas/edusaas/vendor/laravel/framework/src/Illuminate/Foundation/Application.php(1058): Illuminate\\Container\\Container->make()
#4 /home/yamojr/devyamo/edusaas/edusaas/vendor/laravel/framework/src/Illuminate/Routing/Route.php(285): Illuminate\\Foundation\\Application->make()
#5 /home/yamojr/devyamo/edusaas/edusaas/vendor/laravel/framework/src/Illuminate/Routing/Route.php(267): Illuminate\\Routing\\Route->getController()
#6 /home/yamojr/devyamo/edusaas/edusaas/vendor/laravel/framework/src/Illuminate/Routing/Route.php(212): Illuminate\\Routing\\Route->runController()
#7 /home/yamojr/devyamo/edusaas/edusaas/vendor/laravel/framework/src/Illuminate/Routing/Router.php(808): Illuminate\\Routing\\Route->run()
#8 /home/yamojr/devyamo/edusaas/edusaas/vendor/laravel/framework/src/Illuminate/Pipeline/Pipeline.php(170): Illuminate\\Routing\\Router->{closure:Illuminate\\Routing\\Router::runRouteWithinStack():807}()
#9 /home/yamojr/devyamo/edusaas/edusaas/app/Http/Middleware/EnsureTenantAccess.php(26): Illuminate\\Pipeline\\Pipeline->{closure:Illuminate\\Pipeline\\Pipeline::prepareDestination():168}()
#10 /home/yamojr/devyamo/edusaas/edusaas/vendor/laravel/framework/src/Illuminate/Pipeline/Pipeline.php(209): App\\Http\\Middleware\\EnsureTenantAccess->handle()
#11 /home/yamojr/devyamo/edusaas/edusaas/vendor/spatie/laravel-permission/src/Middleware/RoleMiddleware.php(37): Illuminate\\Pipeline\\Pipeline->{closure:{closure:Illuminate\\Pipeline\\Pipeline::carry():184}:185}()
#12 /home/yamojr/devyamo/edusaas/edusaas/vendor/laravel/framework/src/Illuminate/Pipeline/Pipeline.php(209): Spatie\\Permission\\Middleware\\RoleMiddleware->handle()
#13 /home/yamojr/devyamo/edusaas/edusaas/app/Http/Middleware/IdentifyTenant.php(40): Illuminate\\Pipeline\\Pipeline->{closure:{closure:Illuminate\\Pipeline\\Pipeline::carry():184}:185}()
#14 /home/yamojr/devyamo/edusaas/edusaas/vendor/laravel/framework/src/Illuminate/Pipeline/Pipeline.php(209): App\\Http\\Middleware\\IdentifyTenant->handle()
#15 /home/yamojr/devyamo/edusaas/edusaas/vendor/inertiajs/inertia-laravel/src/Middleware.php(122): Illuminate\\Pipeline\\Pipeline->{closure:{closure:Illuminate\\Pipeline\\Pipeline::carry():184}:185}()
#16 /home/yamojr/devyamo/edusaas/edusaas/vendor/laravel/framework/src/Illuminate/Pipeline/Pipeline.php(209): Inertia\\Middleware->handle()
#17 /home/yamojr/devyamo/edusaas/edusaas/vendor/laravel/framework/src/Illuminate/Routing/Middleware/SubstituteBindings.php(51): Illuminate\\Pipeline\\Pipeline->{closure:{closure:Illuminate\\Pipeline\\Pipeline::carry():184}:185}()
#18 /home/yamojr/devyamo/edusaas/edusaas/vendor/laravel/framework/src/Illuminate/Pipeline/Pipeline.php(209): Illuminate\\Routing\\Middleware\\SubstituteBindings->handle()
#19 /home/yamojr/devyamo/edusaas/edusaas/vendor/laravel/framework/src/Illuminate/Auth/Middleware/Authenticate.php(64): Illuminate\\Pipeline\\Pipeline->{closure:{closure:Illuminate\\Pipeline\\Pipeline::carry():184}:185}()
#20 /home/yamojr/devyamo/edusaas/edusaas/vendor/laravel/framework/src/Illuminate/Pipeline/Pipeline.php(209): Illuminate\\Auth\\Middleware\\Authenticate->handle()
#21 /home/yamojr/devyamo/edusaas/edusaas/vendor/laravel/framework/src/Illuminate/Foundation/Http/Middleware/VerifyCsrfToken.php(88): Illuminate\\Pipeline\\Pipeline->{closure:{closure:Illuminate\\Pipeline\\Pipeline::carry():184}:185}()
#22 /home/yamojr/devyamo/edusaas/edusaas/vendor/laravel/framework/src/Illuminate/Pipeline/Pipeline.php(209): Illuminate\\Foundation\\Http\\Middleware\\VerifyCsrfToken->handle()
#23 /home/yamojr/devyamo/edusaas/edusaas/vendor/laravel/framework/src/Illuminate/View/Middleware/ShareErrorsFromSession.php(49): Illuminate\\Pipeline\\Pipeline->{closure:{closure:Illuminate\\Pipeline\\Pipeline::carry():184}:185}()
#24 /home/yamojr/devyamo/edusaas/edusaas/vendor/laravel/framework/src/Illuminate/Pipeline/Pipeline.php(209): Illuminate\\View\\Middleware\\ShareErrorsFromSession->handle()
#25 /home/yamojr/devyamo/edusaas/edusaas/vendor/laravel/framework/src/Illuminate/Session/Middleware/StartSession.php(121): Illuminate\\Pipeline\\Pipeline->{closure:{closure:Illuminate\\Pipeline\\Pipeline::carry():184}:185}()
#26 /home/yamojr/devyamo/edusaas/edusaas/vendor/laravel/framework/src/Illuminate/Session/Middleware/StartSession.php(64): Illuminate\\Session\\Middleware\\StartSession->handleStatefulRequest()
#27 /home/yamojr/devyamo/edusaas/edusaas/vendor/laravel/framework/src/Illuminate/Pipeline/Pipeline.php(209): Illuminate\\Session\\Middleware\\StartSession->handle()
#28 /home/yamojr/devyamo/edusaas/edusaas/vendor/laravel/framework/src/Illuminate/Cookie/Middleware/AddQueuedCookiesToResponse.php(37): Illuminate\\Pipeline\\Pipeline->{closure:{closure:Illuminate\\Pipeline\\Pipeline::carry():184}:185}()
#29 /home/yamojr/devyamo/edusaas/edusaas/vendor/laravel/framework/src/Illuminate/Pipeline/Pipeline.php(209): Illuminate\\Cookie\\Middleware\\AddQueuedCookiesToResponse->handle()
#30 /home/yamojr/devyamo/edusaas/edusaas/vendor/laravel/framework/src/Illuminate/Cookie/Middleware/EncryptCookies.php(75): Illuminate\\Pipeline\\Pipeline->{closure:{closure:Illuminate\\Pipeline\\Pipeline::carry():184}:185}()
#31 /home/yamojr/devyamo/edusaas/edusaas/vendor/laravel/framework/src/Illuminate/Pipeline/Pipeline.php(209): Illuminate\\Cookie\\Middleware\\EncryptCookies->handle()
#32 /home/yamojr/devyamo/edusaas/edusaas/vendor/laravel/framework/src/Illuminate/Pipeline/Pipeline.php(127): Illuminate\\Pipeline\\Pipeline->{closure:{closure:Illuminate\\Pipeline\\Pipeline::carry():184}:185}()
#33 /home/yamojr/devyamo/edusaas/edusaas/vendor/laravel/framework/src/Illuminate/Routing/Router.php(807): Illuminate\\Pipeline\\Pipeline->then()
#34 /home/yamojr/devyamo/edusaas/edusaas/vendor/laravel/framework/src/Illuminate/Routing/Router.php(786): Illuminate\\Routing\\Router->runRouteWithinStack()
#35 /home/yamojr/devyamo/edusaas/edusaas/vendor/laravel/framework/src/Illuminate/Routing/Router.php(750): Illuminate\\Routing\\Router->runRoute()
#36 /home/yamojr/devyamo/edusaas/edusaas/vendor/laravel/framework/src/Illuminate/Routing/Router.php(739): Illuminate\\Routing\\Router->dispatchToRoute()
#37 /home/yamojr/devyamo/edusaas/edusaas/vendor/laravel/framework/src/Illuminate/Foundation/Http/Kernel.php(201): Illuminate\\Routing\\Router->dispatch()
#38 /home/yamojr/devyamo/edusaas/edusaas/vendor/laravel/framework/src/Illuminate/Pipeline/Pipeline.php(170): Illuminate\\Foundation\\Http\\Kernel->{closure:Illuminate\\Foundation\\Http\\Kernel::dispatchToRouter():198}()
#39 /home/yamojr/devyamo/edusaas/edusaas/vendor/laravel/framework/src/Illuminate/Foundation/Http/Middleware/TransformsRequest.php(21): Illuminate\\Pipeline\\Pipeline->{closure:Illuminate\\Pipeline\\Pipeline::prepareDestination():168}()
#40 /home/yamojr/devyamo/edusaas/edusaas/vendor/laravel/framework/src/Illuminate/Foundation/Http/Middleware/ConvertEmptyStringsToNull.php(31): Illuminate\\Foundation\\Http\\Middleware\\TransformsRequest->handle()
#41 /home/yamojr/devyamo/edusaas/edusaas/vendor/laravel/framework/src/Illuminate/Pipeline/Pipeline.php(209): Illuminate\\Foundation\\Http\\Middleware\\ConvertEmptyStringsToNull->handle()
#42 /home/yamojr/devyamo/edusaas/edusaas/vendor/laravel/framework/src/Illuminate/Foundation/Http/Middleware/TransformsRequest.php(21): Illuminate\\Pipeline\\Pipeline->{closure:{closure:Illuminate\\Pipeline\\Pipeline::carry():184}:185}()
#43 /home/yamojr/devyamo/edusaas/edusaas/vendor/laravel/framework/src/Illuminate/Foundation/Http/Middleware/TrimStrings.php(51): Illuminate\\Foundation\\Http\\Middleware\\TransformsRequest->handle()
#44 /home/yamojr/devyamo/edusaas/edusaas/vendor/laravel/framework/src/Illuminate/Pipeline/Pipeline.php(209): Illuminate\\Foundation\\Http\\Middleware\\TrimStrings->handle()
#45 /home/yamojr/devyamo/edusaas/edusaas/vendor/laravel/framework/src/Illuminate/Http/Middleware/ValidatePostSize.php(27): Illuminate\\Pipeline\\Pipeline->{closure:{closure:Illuminate\\Pipeline\\Pipeline::carry():184}:185}()
#46 /home/yamojr/devyamo/edusaas/edusaas/vendor/laravel/framework/src/Illuminate/Pipeline/Pipeline.php(209): Illuminate\\Http\\Middleware\\ValidatePostSize->handle()
#47 /home/yamojr/devyamo/edusaas/edusaas/vendor/laravel/framework/src/Illuminate/Foundation/Http/Middleware/PreventRequestsDuringMaintenance.php(110): Illuminate\\Pipeline\\Pipeline->{closure:{closure:Illuminate\\Pipeline\\Pipeline::carry():184}:185}()
#48 /home/yamojr/devyamo/edusaas/edusaas/vendor/laravel/framework/src/Illuminate/Pipeline/Pipeline.php(209): Illuminate\\Foundation\\Http\\Middleware\\PreventRequestsDuringMaintenance->handle()
#49 /home/yamojr/devyamo/edusaas/edusaas/vendor/laravel/framework/src/Illuminate/Http/Middleware/HandleCors.php(49): Illuminate\\Pipeline\\Pipeline->{closure:{closure:Illuminate\\Pipeline\\Pipeline::carry():184}:185}()
#50 /home/yamojr/devyamo/edusaas/edusaas/vendor/laravel/framework/src/Illuminate/Pipeline/Pipeline.php(209): Illuminate\\Http\\Middleware\\HandleCors->handle()
#51 /home/yamojr/devyamo/edusaas/edusaas/vendor/laravel/framework/src/Illuminate/Http/Middleware/TrustProxies.php(58): Illuminate\\Pipeline\\Pipeline->{closure:{closure:Illuminate\\Pipeline\\Pipeline::carry():184}:185}()
#52 /home/yamojr/devyamo/edusaas/edusaas/vendor/laravel/framework/src/Illuminate/Pipeline/Pipeline.php(209): Illuminate\\Http\\Middleware\\TrustProxies->handle()
#53 /home/yamojr/devyamo/edusaas/edusaas/vendor/laravel/framework/src/Illuminate/Foundation/Http/Middleware/InvokeDeferredCallbacks.php(22): Illuminate\\Pipeline\\Pipeline->{closure:{closure:Illuminate\\Pipeline\\Pipeline::carry():184}:185}()
#54 /home/yamojr/devyamo/edusaas/edusaas/vendor/laravel/framework/src/Illuminate/Pipeline/Pipeline.php(209): Illuminate\\Foundation\\Http\\Middleware\\InvokeDeferredCallbacks->handle()
#55 /home/yamojr/devyamo/edusaas/edusaas/vendor/laravel/framework/src/Illuminate/Pipeline/Pipeline.php(127): Illuminate\\Pipeline\\Pipeline->{closure:{closure:Illuminate\\Pipeline\\Pipeline::carry():184}:185}()
#56 /home/yamojr/devyamo/edusaas/edusaas/vendor/laravel/framework/src/Illuminate/Foundation/Http/Kernel.php(176): Illuminate\\Pipeline\\Pipeline->then()
#57 /home/yamojr/devyamo/edusaas/edusaas/vendor/laravel/framework/src/Illuminate/Foundation/Http/Kernel.php(145): Illuminate\\Foundation\\Http\\Kernel->sendRequestThroughRouter()
#58 /home/yamojr/devyamo/edusaas/edusaas/vendor/laravel/framework/src/Illuminate/Foundation/Application.php(1220): Illuminate\\Foundation\\Http\\Kernel->handle()
#59 /home/yamojr/devyamo/edusaas/edusaas/public/index.php(19): Illuminate\\Foundation\\Application->handleRequest()
#60 /home/yamojr/devyamo/edusaas/edusaas/vendor/laravel/framework/src/Illuminate/Foundation/resources/server.php(23): require_once('...')
#61 {main}

[previous exception] [object] (ReflectionException(code: -1): Class \"App\\Http\\Controllers\\Lecturer\\ExamController\" does not exist at /home/yamojr/devyamo/edusaas/edusaas/vendor/laravel/framework/src/Illuminate/Container/Container.php:959)
[stacktrace]
#0 /home/yamojr/devyamo/edusaas/edusaas/vendor/laravel/framework/src/Illuminate/Container/Container.php(959): ReflectionClass->__construct()
#1 /home/yamojr/devyamo/edusaas/edusaas/vendor/laravel/framework/src/Illuminate/Container/Container.php(832): Illuminate\\Container\\Container->build()
#2 /home/yamojr/devyamo/edusaas/edusaas/vendor/laravel/framework/src/Illuminate/Foundation/Application.php(1078): Illuminate\\Container\\Container->resolve()
#3 /home/yamojr/devyamo/edusaas/edusaas/vendor/laravel/framework/src/Illuminate/Container/Container.php(763): Illuminate\\Foundation\\Application->resolve()
#4 /home/yamojr/devyamo/edusaas/edusaas/vendor/laravel/framework/src/Illuminate/Foundation/Application.php(1058): Illuminate\\Container\\Container->make()
#5 /home/yamojr/devyamo/edusaas/edusaas/vendor/laravel/framework/src/Illuminate/Routing/Route.php(285): Illuminate\\Foundation\\Application->make()
#6 /home/yamojr/devyamo/edusaas/edusaas/vendor/laravel/framework/src/Illuminate/Routing/Route.php(267): Illuminate\\Routing\\Route->getController()
#7 /home/yamojr/devyamo/edusaas/edusaas/vendor/laravel/framework/src/Illuminate/Routing/Route.php(212): Illuminate\\Routing\\Route->runController()
#8 /home/yamojr/devyamo/edusaas/edusaas/vendor/laravel/framework/src/Illuminate/Routing/Router.php(808): Illuminate\\Routing\\Route->run()
#9 /home/yamojr/devyamo/edusaas/edusaas/vendor/laravel/framework/src/Illuminate/Pipeline/Pipeline.php(170): Illuminate\\Routing\\Router->{closure:Illuminate\\Routing\\Router::runRouteWithinStack():807}()
#10 /home/yamojr/devyamo/edusaas/edusaas/app/Http/Middleware/EnsureTenantAccess.php(26): Illuminate\\Pipeline\\Pipeline->{closure:Illuminate\\Pipeline\\Pipeline::prepareDestination():168}()
#11 /home/yamojr/devyamo/edusaas/edusaas/vendor/laravel/framework/src/Illuminate/Pipeline/Pipeline.php(209): App\\Http\\Middleware\\EnsureTenantAccess->handle()
#12 /home/yamojr/devyamo/edusaas/edusaas/vendor/spatie/laravel-permission/src/Middleware/RoleMiddleware.php(37): Illuminate\\Pipeline\\Pipeline->{closure:{closure:Illuminate\\Pipeline\\Pipeline::carry():184}:185}()
#13 /home/yamojr/devyamo/edusaas/edusaas/vendor/laravel/framework/src/Illuminate/Pipeline/Pipeline.php(209): Spatie\\Permission\\Middleware\\RoleMiddleware->handle()
#14 /home/yamojr/devyamo/edusaas/edusaas/app/Http/Middleware/IdentifyTenant.php(40): Illuminate\\Pipeline\\Pipeline->{closure:{closure:Illuminate\\Pipeline\\Pipeline::carry():184}:185}()
#15 /home/yamojr/devyamo/edusaas/edusaas/vendor/laravel/framework/src/Illuminate/Pipeline/Pipeline.php(209): App\\Http\\Middleware\\IdentifyTenant->handle()
#16 /home/yamojr/devyamo/edusaas/edusaas/vendor/inertiajs/inertia-laravel/src/Middleware.php(122): Illuminate\\Pipeline\\Pipeline->{closure:{closure:Illuminate\\Pipeline\\Pipeline::carry():184}:185}()
#17 /home/yamojr/devyamo/edusaas/edusaas/vendor/laravel/framework/src/Illuminate/Pipeline/Pipeline.php(209): Inertia\\Middleware->handle()
#18 /home/yamojr/devyamo/edusaas/edusaas/vendor/laravel/framework/src/Illuminate/Routing/Middleware/SubstituteBindings.php(51): Illuminate\\Pipeline\\Pipeline->{closure:{closure:Illuminate\\Pipeline\\Pipeline::carry():184}:185}()
#19 /home/yamojr/devyamo/edusaas/edusaas/vendor/laravel/framework/src/Illuminate/Pipeline/Pipeline.php(209): Illuminate\\Routing\\Middleware\\SubstituteBindings->handle()
#20 /home/yamojr/devyamo/edusaas/edusaas/vendor/laravel/framework/src/Illuminate/Auth/Middleware/Authenticate.php(64): Illuminate\\Pipeline\\Pipeline->{closure:{closure:Illuminate\\Pipeline\\Pipeline::carry():184}:185}()
#21 /home/yamojr/devyamo/edusaas/edusaas/vendor/laravel/framework/src/Illuminate/Pipeline/Pipeline.php(209): Illuminate\\Auth\\Middleware\\Authenticate->handle()
#22 /home/yamojr/devyamo/edusaas/edusaas/vendor/laravel/framework/src/Illuminate/Foundation/Http/Middleware/VerifyCsrfToken.php(88): Illuminate\\Pipeline\\Pipeline->{closure:{closure:Illuminate\\Pipeline\\Pipeline::carry():184}:185}()
#23 /home/yamojr/devyamo/edusaas/edusaas/vendor/laravel/framework/src/Illuminate/Pipeline/Pipeline.php(209): Illuminate\\Foundation\\Http\\Middleware\\VerifyCsrfToken->handle()
#24 /home/yamojr/devyamo/edusaas/edusaas/vendor/laravel/framework/src/Illuminate/View/Middleware/ShareErrorsFromSession.php(49): Illuminate\\Pipeline\\Pipeline->{closure:{closure:Illuminate\\Pipeline\\Pipeline::carry():184}:185}()
#25 /home/yamojr/devyamo/edusaas/edusaas/vendor/laravel/framework/src/Illuminate/Pipeline/Pipeline.php(209): Illuminate\\View\\Middleware\\ShareErrorsFromSession->handle()
#26 /home/yamojr/devyamo/edusaas/edusaas/vendor/laravel/framework/src/Illuminate/Session/Middleware/StartSession.php(121): Illuminate\\Pipeline\\Pipeline->{closure:{closure:Illuminate\\Pipeline\\Pipeline::carry():184}:185}()
#27 /home/yamojr/devyamo/edusaas/edusaas/vendor/laravel/framework/src/Illuminate/Session/Middleware/StartSession.php(64): Illuminate\\Session\\Middleware\\StartSession->handleStatefulRequest()
#28 /home/yamojr/devyamo/edusaas/edusaas/vendor/laravel/framework/src/Illuminate/Pipeline/Pipeline.php(209): Illuminate\\Session\\Middleware\\StartSession->handle()
#29 /home/yamojr/devyamo/edusaas/edusaas/vendor/laravel/framework/src/Illuminate/Cookie/Middleware/AddQueuedCookiesToResponse.php(37): Illuminate\\Pipeline\\Pipeline->{closure:{closure:Illuminate\\Pipeline\\Pipeline::carry():184}:185}()
#30 /home/yamojr/devyamo/edusaas/edusaas/vendor/laravel/framework/src/Illuminate/Pipeline/Pipeline.php(209): Illuminate\\Cookie\\Middleware\\AddQueuedCookiesToResponse->handle()
#31 /home/yamojr/devyamo/edusaas/edusaas/vendor/laravel/framework/src/Illuminate/Cookie/Middleware/EncryptCookies.php(75): Illuminate\\Pipeline\\Pipeline->{closure:{closure:Illuminate\\Pipeline\\Pipeline::carry():184}:185}()
#32 /home/yamojr/devyamo/edusaas/edusaas/vendor/laravel/framework/src/Illuminate/Pipeline/Pipeline.php(209): Illuminate\\Cookie\\Middleware\\EncryptCookies->handle()
#33 /home/yamojr/devyamo/edusaas/edusaas/vendor/laravel/framework/src/Illuminate/Pipeline/Pipeline.php(127): Illuminate\\Pipeline\\Pipeline->{closure:{closure:Illuminate\\Pipeline\\Pipeline::carry():184}:185}()
#34 /home/yamojr/devyamo/edusaas/edusaas/vendor/laravel/framework/src/Illuminate/Routing/Router.php(807): Illuminate\\Pipeline\\Pipeline->then()
#35 /home/yamojr/devyamo/edusaas/edusaas/vendor/laravel/framework/src/Illuminate/Routing/Router.php(786): Illuminate\\Routing\\Router->runRouteWithinStack()
#36 /home/yamojr/devyamo/edusaas/edusaas/vendor/laravel/framework/src/Illuminate/Routing/Router.php(750): Illuminate\\Routing\\Router->runRoute()
#37 /home/yamojr/devyamo/edusaas/edusaas/vendor/laravel/framework/src/Illuminate/Routing/Router.php(739): Illuminate\\Routing\\Router->dispatchToRoute()
#38 /home/yamojr/devyamo/edusaas/edusaas/vendor/laravel/framework/src/Illuminate/Foundation/Http/Kernel.php(201): Illuminate\\Routing\\Router->dispatch()
#39 /home/yamojr/devyamo/edusaas/edusaas/vendor/laravel/framework/src/Illuminate/Pipeline/Pipeline.php(170): Illuminate\\Foundation\\Http\\Kernel->{closure:Illuminate\\Foundation\\Http\\Kernel::dispatchToRouter():198}()
#40 /home/yamojr/devyamo/edusaas/edusaas/vendor/laravel/framework/src/Illuminate/Foundation/Http/Middleware/TransformsRequest.php(21): Illuminate\\Pipeline\\Pipeline->{closure:Illuminate\\Pipeline\\Pipeline::prepareDestination():168}()
#41 /home/yamojr/devyamo/edusaas/edusaas/vendor/laravel/framework/src/Illuminate/Foundation/Http/Middleware/ConvertEmptyStringsToNull.php(31): Illuminate\\Foundation\\Http\\Middleware\\TransformsRequest->handle()
#42 /home/yamojr/devyamo/edusaas/edusaas/vendor/laravel/framework/src/Illuminate/Pipeline/Pipeline.php(209): Illuminate\\Foundation\\Http\\Middleware\\ConvertEmptyStringsToNull->handle()
#43 /home/yamojr/devyamo/edusaas/edusaas/vendor/laravel/framework/src/Illuminate/Foundation/Http/Middleware/TransformsRequest.php(21): Illuminate\\Pipeline\\Pipeline->{closure:{closure:Illuminate\\Pipeline\\Pipeline::carry():184}:185}()
#44 /home/yamojr/devyamo/edusaas/edusaas/vendor/laravel/framework/src/Illuminate/Foundation/Http/Middleware/TrimStrings.php(51): Illuminate\\Foundation\\Http\\Middleware\\TransformsRequest->handle()
#45 /home/yamojr/devyamo/edusaas/edusaas/vendor/laravel/framework/src/Illuminate/Pipeline/Pipeline.php(209): Illuminate\\Foundation\\Http\\Middleware\\TrimStrings->handle()
#46 /home/yamojr/devyamo/edusaas/edusaas/vendor/laravel/framework/src/Illuminate/Http/Middleware/ValidatePostSize.php(27): Illuminate\\Pipeline\\Pipeline->{closure:{closure:Illuminate\\Pipeline\\Pipeline::carry():184}:185}()
#47 /home/yamojr/devyamo/edusaas/edusaas/vendor/laravel/framework/src/Illuminate/Pipeline/Pipeline.php(209): Illuminate\\Http\\Middleware\\ValidatePostSize->handle()
#48 /home/yamojr/devyamo/edusaas/edusaas/vendor/laravel/framework/src/Illuminate/Foundation/Http/Middleware/PreventRequestsDuringMaintenance.php(110): Illuminate\\Pipeline\\Pipeline->{closure:{closure:Illuminate\\Pipeline\\Pipeline::carry():184}:185}()
#49 /home/yamojr/devyamo/edusaas/edusaas/vendor/laravel/framework/src/Illuminate/Pipeline/Pipeline.php(209): Illuminate\\Foundation\\Http\\Middleware\\PreventRequestsDuringMaintenance->handle()
#50 /home/yamojr/devyamo/edusaas/edusaas/vendor/laravel/framework/src/Illuminate/Http/Middleware/HandleCors.php(49): Illuminate\\Pipeline\\Pipeline->{closure:{closure:Illuminate\\Pipeline\\Pipeline::carry():184}:185}()
#51 /home/yamojr/devyamo/edusaas/edusaas/vendor/laravel/framework/src/Illuminate/Pipeline/Pipeline.php(209): Illuminate\\Http\\Middleware\\HandleCors->handle()
#52 /home/yamojr/devyamo/edusaas/edusaas/vendor/laravel/framework/src/Illuminate/Http/Middleware/TrustProxies.php(58): Illuminate\\Pipeline\\Pipeline->{closure:{closure:Illuminate\\Pipeline\\Pipeline::carry():184}:185}()
#53 /home/yamojr/devyamo/edusaas/edusaas/vendor/laravel/framework/src/Illuminate/Pipeline/Pipeline.php(209): Illuminate\\Http\\Middleware\\TrustProxies->handle()
#54 /home/yamojr/devyamo/edusaas/edusaas/vendor/laravel/framework/src/Illuminate/Foundation/Http/Middleware/InvokeDeferredCallbacks.php(22): Illuminate\\Pipeline\\Pipeline->{closure:{closure:Illuminate\\Pipeline\\Pipeline::carry():184}:185}()
#55 /home/yamojr/devyamo/edusaas/edusaas/vendor/laravel/framework/src/Illuminate/Pipeline/Pipeline.php(209): Illuminate\\Foundation\\Http\\Middleware\\InvokeDeferredCallbacks->handle()
#56 /home/yamojr/devyamo/edusaas/edusaas/vendor/laravel/framework/src/Illuminate/Pipeline/Pipeline.php(127): Illuminate\\Pipeline\\Pipeline->{closure:{closure:Illuminate\\Pipeline\\Pipeline::carry():184}:185}()
#57 /home/yamojr/devyamo/edusaas/edusaas/vendor/laravel/framework/src/Illuminate/Foundation/Http/Kernel.php(176): Illuminate\\Pipeline\\Pipeline->then()
#58 /home/yamojr/devyamo/edusaas/edusaas/vendor/laravel/framework/src/Illuminate/Foundation/Http/Kernel.php(145): Illuminate\\Foundation\\Http\\Kernel->sendRequestThroughRouter()
#59 /home/yamojr/devyamo/edusaas/edusaas/vendor/laravel/framework/src/Illuminate/Foundation/Application.php(1220): Illuminate\\Foundation\\Http\\Kernel->handle()
#60 /home/yamojr/devyamo/edusaas/edusaas/public/index.php(19): Illuminate\\Foundation\\Application->handleRequest()
#61 /home/yamojr/devyamo/edusaas/edusaas/vendor/laravel/framework/src/Illuminate/Foundation/resources/server.php(23): require_once('...')
#62 {main}
"} 
[2026-05-14 07:48:41] local.ERROR: Class "Database\Seeders\CourseRegistration" not found {"exception":"[object] (Error(code: 0): Class \"Database\\Seeders\\CourseRegistration\" not found at /home/yamojr/devyamo/edusaas/edusaas/database/seeders/SchoolSeeder.php:150)
[stacktrace]
#0 /home/yamojr/devyamo/edusaas/edusaas/vendor/laravel/framework/src/Illuminate/Container/BoundMethod.php(36): Database\\Seeders\\SchoolSeeder->run()
#1 /home/yamojr/devyamo/edusaas/edusaas/vendor/laravel/framework/src/Illuminate/Container/Util.php(43): Illuminate\\Container\\BoundMethod::{closure:Illuminate\\Container\\BoundMethod::call():35}()
#2 /home/yamojr/devyamo/edusaas/edusaas/vendor/laravel/framework/src/Illuminate/Container/BoundMethod.php(95): Illuminate\\Container\\Util::unwrapIfClosure()
#3 /home/yamojr/devyamo/edusaas/edusaas/vendor/laravel/framework/src/Illuminate/Container/BoundMethod.php(35): Illuminate\\Container\\BoundMethod::callBoundMethod()
#4 /home/yamojr/devyamo/edusaas/edusaas/vendor/laravel/framework/src/Illuminate/Container/Container.php(696): Illuminate\\Container\\BoundMethod::call()
#5 /home/yamojr/devyamo/edusaas/edusaas/vendor/laravel/framework/src/Illuminate/Database/Seeder.php(188): Illuminate\\Container\\Container->call()
#6 /home/yamojr/devyamo/edusaas/edusaas/vendor/laravel/framework/src/Illuminate/Database/Seeder.php(197): Illuminate\\Database\\Seeder->{closure:Illuminate\\Database\\Seeder::__invoke():187}()
#7 /home/yamojr/devyamo/edusaas/edusaas/vendor/laravel/framework/src/Illuminate/Database/Seeder.php(61): Illuminate\\Database\\Seeder->__invoke()
#8 /home/yamojr/devyamo/edusaas/edusaas/database/seeders/DatabaseSeeder.php(14): Illuminate\\Database\\Seeder->call()
#9 /home/yamojr/devyamo/edusaas/edusaas/vendor/laravel/framework/src/Illuminate/Container/BoundMethod.php(36): Database\\Seeders\\DatabaseSeeder->run()
#10 /home/yamojr/devyamo/edusaas/edusaas/vendor/laravel/framework/src/Illuminate/Container/Util.php(43): Illuminate\\Container\\BoundMethod::{closure:Illuminate\\Container\\BoundMethod::call():35}()
#11 /home/yamojr/devyamo/edusaas/edusaas/vendor/laravel/framework/src/Illuminate/Container/BoundMethod.php(95): Illuminate\\Container\\Util::unwrapIfClosure()
#12 /home/yamojr/devyamo/edusaas/edusaas/vendor/laravel/framework/src/Illuminate/Container/BoundMethod.php(35): Illuminate\\Container\\BoundMethod::callBoundMethod()
#13 /home/yamojr/devyamo/edusaas/edusaas/vendor/laravel/framework/src/Illuminate/Container/Container.php(696): Illuminate\\Container\\BoundMethod::call()
#14 /home/yamojr/devyamo/edusaas/edusaas/vendor/laravel/framework/src/Illuminate/Database/Seeder.php(188): Illuminate\\Container\\Container->call()
#15 /home/yamojr/devyamo/edusaas/edusaas/vendor/laravel/framework/src/Illuminate/Database/Seeder.php(197): Illuminate\\Database\\Seeder->{closure:Illuminate\\Database\\Seeder::__invoke():187}()
#16 /home/yamojr/devyamo/edusaas/edusaas/vendor/laravel/framework/src/Illuminate/Database/Console/Seeds/SeedCommand.php(70): Illuminate\\Database\\Seeder->__invoke()
#17 /home/yamojr/devyamo/edusaas/edusaas/vendor/laravel/framework/src/Illuminate/Database/Eloquent/Concerns/GuardsAttributes.php(155): Illuminate\\Database\\Console\\Seeds\\SeedCommand->{closure:Illuminate\\Database\\Console\\Seeds\\SeedCommand::handle():69}()
#18 /home/yamojr/devyamo/edusaas/edusaas/vendor/laravel/framework/src/Illuminate/Database/Console/Seeds/SeedCommand.php(69): Illuminate\\Database\\Eloquent\\Model::unguarded()
#19 /home/yamojr/devyamo/edusaas/edusaas/vendor/laravel/framework/src/Illuminate/Container/BoundMethod.php(36): Illuminate\\Database\\Console\\Seeds\\SeedCommand->handle()
#20 /home/yamojr/devyamo/edusaas/edusaas/vendor/laravel/framework/src/Illuminate/Container/Util.php(43): Illuminate\\Container\\BoundMethod::{closure:Illuminate\\Container\\BoundMethod::call():35}()
#21 /home/yamojr/devyamo/edusaas/edusaas/vendor/laravel/framework/src/Illuminate/Container/BoundMethod.php(95): Illuminate\\Container\\Util::unwrapIfClosure()
#22 /home/yamojr/devyamo/edusaas/edusaas/vendor/laravel/framework/src/Illuminate/Container/BoundMethod.php(35): Illuminate\\Container\\BoundMethod::callBoundMethod()
#23 /home/yamojr/devyamo/edusaas/edusaas/vendor/laravel/framework/src/Illuminate/Container/Container.php(696): Illuminate\\Container\\BoundMethod::call()
#24 /home/yamojr/devyamo/edusaas/edusaas/vendor/laravel/framework/src/Illuminate/Console/Command.php(213): Illuminate\\Container\\Container->call()
#25 /home/yamojr/devyamo/edusaas/edusaas/vendor/symfony/console/Command/Command.php(341): Illuminate\\Console\\Command->execute()
#26 /home/yamojr/devyamo/edusaas/edusaas/vendor/laravel/framework/src/Illuminate/Console/Command.php(182): Symfony\\Component\\Console\\Command\\Command->run()
#27 /home/yamojr/devyamo/edusaas/edusaas/vendor/laravel/framework/src/Illuminate/Console/Concerns/CallsCommands.php(68): Illuminate\\Console\\Command->run()
#28 /home/yamojr/devyamo/edusaas/edusaas/vendor/laravel/framework/src/Illuminate/Console/Concerns/CallsCommands.php(29): Illuminate\\Console\\Command->runCommand()
#29 /home/yamojr/devyamo/edusaas/edusaas/vendor/laravel/framework/src/Illuminate/Database/Console/Migrations/FreshCommand.php(122): Illuminate\\Console\\Command->call()
#30 /home/yamojr/devyamo/edusaas/edusaas/vendor/laravel/framework/src/Illuminate/Database/Console/Migrations/FreshCommand.php(98): Illuminate\\Database\\Console\\Migrations\\FreshCommand->runSeeder()
#31 /home/yamojr/devyamo/edusaas/edusaas/vendor/laravel/framework/src/Illuminate/Container/BoundMethod.php(36): Illuminate\\Database\\Console\\Migrations\\FreshCommand->handle()
#32 /home/yamojr/devyamo/edusaas/edusaas/vendor/laravel/framework/src/Illuminate/Container/Util.php(43): Illuminate\\Container\\BoundMethod::{closure:Illuminate\\Container\\BoundMethod::call():35}()
#33 /home/yamojr/devyamo/edusaas/edusaas/vendor/laravel/framework/src/Illuminate/Container/BoundMethod.php(95): Illuminate\\Container\\Util::unwrapIfClosure()
#34 /home/yamojr/devyamo/edusaas/edusaas/vendor/laravel/framework/src/Illuminate/Container/BoundMethod.php(35): Illuminate\\Container\\BoundMethod::callBoundMethod()
#35 /home/yamojr/devyamo/edusaas/edusaas/vendor/laravel/framework/src/Illuminate/Container/Container.php(696): Illuminate\\Container\\BoundMethod::call()
#36 /home/yamojr/devyamo/edusaas/edusaas/vendor/laravel/framework/src/Illuminate/Console/Command.php(213): Illuminate\\Container\\Container->call()
#37 /home/yamojr/devyamo/edusaas/edusaas/vendor/symfony/console/Command/Command.php(341): Illuminate\\Console\\Command->execute()
#38 /home/yamojr/devyamo/edusaas/edusaas/vendor/laravel/framework/src/Illuminate/Console/Command.php(182): Symfony\\Component\\Console\\Command\\Command->run()
#39 /home/yamojr/devyamo/edusaas/edusaas/vendor/symfony/console/Application.php(1117): Illuminate\\Console\\Command->run()
#40 /home/yamojr/devyamo/edusaas/edusaas/vendor/symfony/console/Application.php(356): Symfony\\Component\\Console\\Application->doRunCommand()
#41 /home/yamojr/devyamo/edusaas/edusaas/vendor/symfony/console/Application.php(195): Symfony\\Component\\Console\\Application->doRun()
#42 /home/yamojr/devyamo/edusaas/edusaas/vendor/laravel/framework/src/Illuminate/Foundation/Console/Kernel.php(198): Symfony\\Component\\Console\\Application->run()
#43 /home/yamojr/devyamo/edusaas/edusaas/vendor/laravel/framework/src/Illuminate/Foundation/Application.php(1235): Illuminate\\Foundation\\Console\\Kernel->handle()
#44 /home/yamojr/devyamo/edusaas/edusaas/artisan(12): Illuminate\\Foundation\\Application->handleCommand()
#45 {main}
"} 
[2026-05-14 09:24:09] local.ERROR: SQLSTATE[01000]: Warning: 1265 Data truncated for column 'fee_type' at row 1 (Connection: mysql, SQL: insert into `fees` (`tenant_id`, `academic_session_id`, `department_id`, `level`, `name`, `amount`, `fee_type`, `updated_at`, `created_at`) values (1, 1, 1, 100, CSC Lab & Computing Fee, 35000, departmental, 2026-05-14 09:24:09, 2026-05-14 09:24:09)) {"exception":"[object] (Illuminate\\Database\\QueryException(code: 01000): SQLSTATE[01000]: Warning: 1265 Data truncated for column 'fee_type' at row 1 (Connection: mysql, SQL: insert into `fees` (`tenant_id`, `academic_session_id`, `department_id`, `level`, `name`, `amount`, `fee_type`, `updated_at`, `created_at`) values (1, 1, 1, 100, CSC Lab & Computing Fee, 35000, departmental, 2026-05-14 09:24:09, 2026-05-14 09:24:09)) at /home/yamojr/devyamo/edusaas/edusaas/vendor/laravel/framework/src/Illuminate/Database/Connection.php:825)
[stacktrace]
#0 /home/yamojr/devyamo/edusaas/edusaas/vendor/laravel/framework/src/Illuminate/Database/Connection.php(779): Illuminate\\Database\\Connection->runQueryCallback()
#1 /home/yamojr/devyamo/edusaas/edusaas/vendor/laravel/framework/src/Illuminate/Database/MySqlConnection.php(42): Illuminate\\Database\\Connection->run()
#2 /home/yamojr/devyamo/edusaas/edusaas/vendor/laravel/framework/src/Illuminate/Database/Query/Processors/MySqlProcessor.php(35): Illuminate\\Database\\MySqlConnection->insert()
#3 /home/yamojr/devyamo/edusaas/edusaas/vendor/laravel/framework/src/Illuminate/Database/Query/Builder.php(3766): Illuminate\\Database\\Query\\Processors\\MySqlProcessor->processInsertGetId()
#4 /home/yamojr/devyamo/edusaas/edusaas/vendor/laravel/framework/src/Illuminate/Database/Eloquent/Builder.php(2120): Illuminate\\Database\\Query\\Builder->insertGetId()
#5 /home/yamojr/devyamo/edusaas/edusaas/vendor/laravel/framework/src/Illuminate/Database/Eloquent/Model.php(1359): Illuminate\\Database\\Eloquent\\Builder->__call()
#6 /home/yamojr/devyamo/edusaas/edusaas/vendor/laravel/framework/src/Illuminate/Database/Eloquent/Model.php(1324): Illuminate\\Database\\Eloquent\\Model->insertAndSetId()
#7 /home/yamojr/devyamo/edusaas/edusaas/vendor/laravel/framework/src/Illuminate/Database/Eloquent/Model.php(1163): Illuminate\\Database\\Eloquent\\Model->performInsert()
#8 /home/yamojr/devyamo/edusaas/edusaas/vendor/laravel/framework/src/Illuminate/Database/Eloquent/Builder.php(1128): Illuminate\\Database\\Eloquent\\Model->save()
#9 /home/yamojr/devyamo/edusaas/edusaas/vendor/laravel/framework/src/Illuminate/Support/helpers.php(399): Illuminate\\Database\\Eloquent\\Builder->{closure:Illuminate\\Database\\Eloquent\\Builder::create():1127}()
#10 /home/yamojr/devyamo/edusaas/edusaas/vendor/laravel/framework/src/Illuminate/Database/Eloquent/Builder.php(1127): tap()
#11 /home/yamojr/devyamo/edusaas/edusaas/vendor/laravel/framework/src/Illuminate/Support/Traits/ForwardsCalls.php(23): Illuminate\\Database\\Eloquent\\Builder->create()
#12 /home/yamojr/devyamo/edusaas/edusaas/vendor/laravel/framework/src/Illuminate/Database/Eloquent/Model.php(2372): Illuminate\\Database\\Eloquent\\Model->forwardCallTo()
#13 /home/yamojr/devyamo/edusaas/edusaas/vendor/laravel/framework/src/Illuminate/Database/Eloquent/Model.php(2384): Illuminate\\Database\\Eloquent\\Model->__call()
#14 /home/yamojr/devyamo/edusaas/edusaas/database/seeders/SchoolSeeder.php(220): Illuminate\\Database\\Eloquent\\Model::__callStatic()
#15 /home/yamojr/devyamo/edusaas/edusaas/vendor/laravel/framework/src/Illuminate/Container/BoundMethod.php(36): Database\\Seeders\\SchoolSeeder->run()
#16 /home/yamojr/devyamo/edusaas/edusaas/vendor/laravel/framework/src/Illuminate/Container/Util.php(43): Illuminate\\Container\\BoundMethod::{closure:Illuminate\\Container\\BoundMethod::call():35}()
#17 /home/yamojr/devyamo/edusaas/edusaas/vendor/laravel/framework/src/Illuminate/Container/BoundMethod.php(95): Illuminate\\Container\\Util::unwrapIfClosure()
#18 /home/yamojr/devyamo/edusaas/edusaas/vendor/laravel/framework/src/Illuminate/Container/BoundMethod.php(35): Illuminate\\Container\\BoundMethod::callBoundMethod()
#19 /home/yamojr/devyamo/edusaas/edusaas/vendor/laravel/framework/src/Illuminate/Container/Container.php(696): Illuminate\\Container\\BoundMethod::call()
#20 /home/yamojr/devyamo/edusaas/edusaas/vendor/laravel/framework/src/Illuminate/Database/Seeder.php(188): Illuminate\\Container\\Container->call()
#21 /home/yamojr/devyamo/edusaas/edusaas/vendor/laravel/framework/src/Illuminate/Database/Seeder.php(197): Illuminate\\Database\\Seeder->{closure:Illuminate\\Database\\Seeder::__invoke():187}()
#22 /home/yamojr/devyamo/edusaas/edusaas/vendor/laravel/framework/src/Illuminate/Database/Seeder.php(61): Illuminate\\Database\\Seeder->__invoke()
#23 /home/yamojr/devyamo/edusaas/edusaas/database/seeders/DatabaseSeeder.php(14): Illuminate\\Database\\Seeder->call()
#24 /home/yamojr/devyamo/edusaas/edusaas/vendor/laravel/framework/src/Illuminate/Container/BoundMethod.php(36): Database\\Seeders\\DatabaseSeeder->run()
#25 /home/yamojr/devyamo/edusaas/edusaas/vendor/laravel/framework/src/Illuminate/Container/Util.php(43): Illuminate\\Container\\BoundMethod::{closure:Illuminate\\Container\\BoundMethod::call():35}()
#26 /home/yamojr/devyamo/edusaas/edusaas/vendor/laravel/framework/src/Illuminate/Container/BoundMethod.php(95): Illuminate\\Container\\Util::unwrapIfClosure()
#27 /home/yamojr/devyamo/edusaas/edusaas/vendor/laravel/framework/src/Illuminate/Container/BoundMethod.php(35): Illuminate\\Container\\BoundMethod::callBoundMethod()
#28 /home/yamojr/devyamo/edusaas/edusaas/vendor/laravel/framework/src/Illuminate/Container/Container.php(696): Illuminate\\Container\\BoundMethod::call()
#29 /home/yamojr/devyamo/edusaas/edusaas/vendor/laravel/framework/src/Illuminate/Database/Seeder.php(188): Illuminate\\Container\\Container->call()
#30 /home/yamojr/devyamo/edusaas/edusaas/vendor/laravel/framework/src/Illuminate/Database/Seeder.php(197): Illuminate\\Database\\Seeder->{closure:Illuminate\\Database\\Seeder::__invoke():187}()
#31 /home/yamojr/devyamo/edusaas/edusaas/vendor/laravel/framework/src/Illuminate/Database/Console/Seeds/SeedCommand.php(70): Illuminate\\Database\\Seeder->__invoke()
#32 /home/yamojr/devyamo/edusaas/edusaas/vendor/laravel/framework/src/Illuminate/Database/Eloquent/Concerns/GuardsAttributes.php(155): Illuminate\\Database\\Console\\Seeds\\SeedCommand->{closure:Illuminate\\Database\\Console\\Seeds\\SeedCommand::handle():69}()
#33 /home/yamojr/devyamo/edusaas/edusaas/vendor/laravel/framework/src/Illuminate/Database/Console/Seeds/SeedCommand.php(69): Illuminate\\Database\\Eloquent\\Model::unguarded()
#34 /home/yamojr/devyamo/edusaas/edusaas/vendor/laravel/framework/src/Illuminate/Container/BoundMethod.php(36): Illuminate\\Database\\Console\\Seeds\\SeedCommand->handle()
#35 /home/yamojr/devyamo/edusaas/edusaas/vendor/laravel/framework/src/Illuminate/Container/Util.php(43): Illuminate\\Container\\BoundMethod::{closure:Illuminate\\Container\\BoundMethod::call():35}()
#36 /home/yamojr/devyamo/edusaas/edusaas/vendor/laravel/framework/src/Illuminate/Container/BoundMethod.php(95): Illuminate\\Container\\Util::unwrapIfClosure()
#37 /home/yamojr/devyamo/edusaas/edusaas/vendor/laravel/framework/src/Illuminate/Container/BoundMethod.php(35): Illuminate\\Container\\BoundMethod::callBoundMethod()
#38 /home/yamojr/devyamo/edusaas/edusaas/vendor/laravel/framework/src/Illuminate/Container/Container.php(696): Illuminate\\Container\\BoundMethod::call()
#39 /home/yamojr/devyamo/edusaas/edusaas/vendor/laravel/framework/src/Illuminate/Console/Command.php(213): Illuminate\\Container\\Container->call()
#40 /home/yamojr/devyamo/edusaas/edusaas/vendor/symfony/console/Command/Command.php(341): Illuminate\\Console\\Command->execute()
#41 /home/yamojr/devyamo/edusaas/edusaas/vendor/laravel/framework/src/Illuminate/Console/Command.php(182): Symfony\\Component\\Console\\Command\\Command->run()
#42 /home/yamojr/devyamo/edusaas/edusaas/vendor/laravel/framework/src/Illuminate/Console/Concerns/CallsCommands.php(68): Illuminate\\Console\\Command->run()
#43 /home/yamojr/devyamo/edusaas/edusaas/vendor/laravel/framework/src/Illuminate/Console/Concerns/CallsCommands.php(29): Illuminate\\Console\\Command->runCommand()
#44 /home/yamojr/devyamo/edusaas/edusaas/vendor/laravel/framework/src/Illuminate/Database/Console/Migrations/FreshCommand.php(122): Illuminate\\Console\\Command->call()
#45 /home/yamojr/devyamo/edusaas/edusaas/vendor/laravel/framework/src/Illuminate/Database/Console/Migrations/FreshCommand.php(98): Illuminate\\Database\\Console\\Migrations\\FreshCommand->runSeeder()
#46 /home/yamojr/devyamo/edusaas/edusaas/vendor/laravel/framework/src/Illuminate/Container/BoundMethod.php(36): Illuminate\\Database\\Console\\Migrations\\FreshCommand->handle()
#47 /home/yamojr/devyamo/edusaas/edusaas/vendor/laravel/framework/src/Illuminate/Container/Util.php(43): Illuminate\\Container\\BoundMethod::{closure:Illuminate\\Container\\BoundMethod::call():35}()
#48 /home/yamojr/devyamo/edusaas/edusaas/vendor/laravel/framework/src/Illuminate/Container/BoundMethod.php(95): Illuminate\\Container\\Util::unwrapIfClosure()
#49 /home/yamojr/devyamo/edusaas/edusaas/vendor/laravel/framework/src/Illuminate/Container/BoundMethod.php(35): Illuminate\\Container\\BoundMethod::callBoundMethod()
#50 /home/yamojr/devyamo/edusaas/edusaas/vendor/laravel/framework/src/Illuminate/Container/Container.php(696): Illuminate\\Container\\BoundMethod::call()
#51 /home/yamojr/devyamo/edusaas/edusaas/vendor/laravel/framework/src/Illuminate/Console/Command.php(213): Illuminate\\Container\\Container->call()
#52 /home/yamojr/devyamo/edusaas/edusaas/vendor/symfony/console/Command/Command.php(341): Illuminate\\Console\\Command->execute()
#53 /home/yamojr/devyamo/edusaas/edusaas/vendor/laravel/framework/src/Illuminate/Console/Command.php(182): Symfony\\Component\\Console\\Command\\Command->run()
#54 /home/yamojr/devyamo/edusaas/edusaas/vendor/symfony/console/Application.php(1117): Illuminate\\Console\\Command->run()
#55 /home/yamojr/devyamo/edusaas/edusaas/vendor/symfony/console/Application.php(356): Symfony\\Component\\Console\\Application->doRunCommand()
#56 /home/yamojr/devyamo/edusaas/edusaas/vendor/symfony/console/Application.php(195): Symfony\\Component\\Console\\Application->doRun()
#57 /home/yamojr/devyamo/edusaas/edusaas/vendor/laravel/framework/src/Illuminate/Foundation/Console/Kernel.php(198): Symfony\\Component\\Console\\Application->run()
#58 /home/yamojr/devyamo/edusaas/edusaas/vendor/laravel/framework/src/Illuminate/Foundation/Application.php(1235): Illuminate\\Foundation\\Console\\Kernel->handle()
#59 /home/yamojr/devyamo/edusaas/edusaas/artisan(12): Illuminate\\Foundation\\Application->handleCommand()
#60 {main}

[previous exception] [object] (PDOException(code: 01000): SQLSTATE[01000]: Warning: 1265 Data truncated for column 'fee_type' at row 1 at /home/yamojr/devyamo/edusaas/edusaas/vendor/laravel/framework/src/Illuminate/Database/MySqlConnection.php:53)
[stacktrace]
#0 /home/yamojr/devyamo/edusaas/edusaas/vendor/laravel/framework/src/Illuminate/Database/MySqlConnection.php(53): PDOStatement->execute()
#1 /home/yamojr/devyamo/edusaas/edusaas/vendor/laravel/framework/src/Illuminate/Database/Connection.php(812): Illuminate\\Database\\MySqlConnection->{closure:Illuminate\\Database\\MySqlConnection::insert():42}()
#2 /home/yamojr/devyamo/edusaas/edusaas/vendor/laravel/framework/src/Illuminate/Database/Connection.php(779): Illuminate\\Database\\Connection->runQueryCallback()
#3 /home/yamojr/devyamo/edusaas/edusaas/vendor/laravel/framework/src/Illuminate/Database/MySqlConnection.php(42): Illuminate\\Database\\Connection->run()
#4 /home/yamojr/devyamo/edusaas/edusaas/vendor/laravel/framework/src/Illuminate/Database/Query/Processors/MySqlProcessor.php(35): Illuminate\\Database\\MySqlConnection->insert()
#5 /home/yamojr/devyamo/edusaas/edusaas/vendor/laravel/framework/src/Illuminate/Database/Query/Builder.php(3766): Illuminate\\Database\\Query\\Processors\\MySqlProcessor->processInsertGetId()
#6 /home/yamojr/devyamo/edusaas/edusaas/vendor/laravel/framework/src/Illuminate/Database/Eloquent/Builder.php(2120): Illuminate\\Database\\Query\\Builder->insertGetId()
#7 /home/yamojr/devyamo/edusaas/edusaas/vendor/laravel/framework/src/Illuminate/Database/Eloquent/Model.php(1359): Illuminate\\Database\\Eloquent\\Builder->__call()
#8 /home/yamojr/devyamo/edusaas/edusaas/vendor/laravel/framework/src/Illuminate/Database/Eloquent/Model.php(1324): Illuminate\\Database\\Eloquent\\Model->insertAndSetId()
#9 /home/yamojr/devyamo/edusaas/edusaas/vendor/laravel/framework/src/Illuminate/Database/Eloquent/Model.php(1163): Illuminate\\Database\\Eloquent\\Model->performInsert()
#10 /home/yamojr/devyamo/edusaas/edusaas/vendor/laravel/framework/src/Illuminate/Database/Eloquent/Builder.php(1128): Illuminate\\Database\\Eloquent\\Model->save()
#11 /home/yamojr/devyamo/edusaas/edusaas/vendor/laravel/framework/src/Illuminate/Support/helpers.php(399): Illuminate\\Database\\Eloquent\\Builder->{closure:Illuminate\\Database\\Eloquent\\Builder::create():1127}()
#12 /home/yamojr/devyamo/edusaas/edusaas/vendor/laravel/framework/src/Illuminate/Database/Eloquent/Builder.php(1127): tap()
#13 /home/yamojr/devyamo/edusaas/edusaas/vendor/laravel/framework/src/Illuminate/Support/Traits/ForwardsCalls.php(23): Illuminate\\Database\\Eloquent\\Builder->create()
#14 /home/yamojr/devyamo/edusaas/edusaas/vendor/laravel/framework/src/Illuminate/Database/Eloquent/Model.php(2372): Illuminate\\Database\\Eloquent\\Model->forwardCallTo()
#15 /home/yamojr/devyamo/edusaas/edusaas/vendor/laravel/framework/src/Illuminate/Database/Eloquent/Model.php(2384): Illuminate\\Database\\Eloquent\\Model->__call()
#16 /home/yamojr/devyamo/edusaas/edusaas/database/seeders/SchoolSeeder.php(220): Illuminate\\Database\\Eloquent\\Model::__callStatic()
#17 /home/yamojr/devyamo/edusaas/edusaas/vendor/laravel/framework/src/Illuminate/Container/BoundMethod.php(36): Database\\Seeders\\SchoolSeeder->run()
#18 /home/yamojr/devyamo/edusaas/edusaas/vendor/laravel/framework/src/Illuminate/Container/Util.php(43): Illuminate\\Container\\BoundMethod::{closure:Illuminate\\Container\\BoundMethod::call():35}()
#19 /home/yamojr/devyamo/edusaas/edusaas/vendor/laravel/framework/src/Illuminate/Container/BoundMethod.php(95): Illuminate\\Container\\Util::unwrapIfClosure()
#20 /home/yamojr/devyamo/edusaas/edusaas/vendor/laravel/framework/src/Illuminate/Container/BoundMethod.php(35): Illuminate\\Container\\BoundMethod::callBoundMethod()
#21 /home/yamojr/devyamo/edusaas/edusaas/vendor/laravel/framework/src/Illuminate/Container/Container.php(696): Illuminate\\Container\\BoundMethod::call()
#22 /home/yamojr/devyamo/edusaas/edusaas/vendor/laravel/framework/src/Illuminate/Database/Seeder.php(188): Illuminate\\Container\\Container->call()
#23 /home/yamojr/devyamo/edusaas/edusaas/vendor/laravel/framework/src/Illuminate/Database/Seeder.php(197): Illuminate\\Database\\Seeder->{closure:Illuminate\\Database\\Seeder::__invoke():187}()
#24 /home/yamojr/devyamo/edusaas/edusaas/vendor/laravel/framework/src/Illuminate/Database/Seeder.php(61): Illuminate\\Database\\Seeder->__invoke()
#25 /home/yamojr/devyamo/edusaas/edusaas/database/seeders/DatabaseSeeder.php(14): Illuminate\\Database\\Seeder->call()
#26 /home/yamojr/devyamo/edusaas/edusaas/vendor/laravel/framework/src/Illuminate/Container/BoundMethod.php(36): Database\\Seeders\\DatabaseSeeder->run()
#27 /home/yamojr/devyamo/edusaas/edusaas/vendor/laravel/framework/src/Illuminate/Container/Util.php(43): Illuminate\\Container\\BoundMethod::{closure:Illuminate\\Container\\BoundMethod::call():35}()
#28 /home/yamojr/devyamo/edusaas/edusaas/vendor/laravel/framework/src/Illuminate/Container/BoundMethod.php(95): Illuminate\\Container\\Util::unwrapIfClosure()
#29 /home/yamojr/devyamo/edusaas/edusaas/vendor/laravel/framework/src/Illuminate/Container/BoundMethod.php(35): Illuminate\\Container\\BoundMethod::callBoundMethod()
#30 /home/yamojr/devyamo/edusaas/edusaas/vendor/laravel/framework/src/Illuminate/Container/Container.php(696): Illuminate\\Container\\BoundMethod::call()
#31 /home/yamojr/devyamo/edusaas/edusaas/vendor/laravel/framework/src/Illuminate/Database/Seeder.php(188): Illuminate\\Container\\Container->call()
#32 /home/yamojr/devyamo/edusaas/edusaas/vendor/laravel/framework/src/Illuminate/Database/Seeder.php(197): Illuminate\\Database\\Seeder->{closure:Illuminate\\Database\\Seeder::__invoke():187}()
#33 /home/yamojr/devyamo/edusaas/edusaas/vendor/laravel/framework/src/Illuminate/Database/Console/Seeds/SeedCommand.php(70): Illuminate\\Database\\Seeder->__invoke()
#34 /home/yamojr/devyamo/edusaas/edusaas/vendor/laravel/framework/src/Illuminate/Database/Eloquent/Concerns/GuardsAttributes.php(155): Illuminate\\Database\\Console\\Seeds\\SeedCommand->{closure:Illuminate\\Database\\Console\\Seeds\\SeedCommand::handle():69}()
#35 /home/yamojr/devyamo/edusaas/edusaas/vendor/laravel/framework/src/Illuminate/Database/Console/Seeds/SeedCommand.php(69): Illuminate\\Database\\Eloquent\\Model::unguarded()
#36 /home/yamojr/devyamo/edusaas/edusaas/vendor/laravel/framework/src/Illuminate/Container/BoundMethod.php(36): Illuminate\\Database\\Console\\Seeds\\SeedCommand->handle()
#37 /home/yamojr/devyamo/edusaas/edusaas/vendor/laravel/framework/src/Illuminate/Container/Util.php(43): Illuminate\\Container\\BoundMethod::{closure:Illuminate\\Container\\BoundMethod::call():35}()
#38 /home/yamojr/devyamo/edusaas/edusaas/vendor/laravel/framework/src/Illuminate/Container/BoundMethod.php(95): Illuminate\\Container\\Util::unwrapIfClosure()
#39 /home/yamojr/devyamo/edusaas/edusaas/vendor/laravel/framework/src/Illuminate/Container/BoundMethod.php(35): Illuminate\\Container\\BoundMethod::callBoundMethod()
#40 /home/yamojr/devyamo/edusaas/edusaas/vendor/laravel/framework/src/Illuminate/Container/Container.php(696): Illuminate\\Container\\BoundMethod::call()
#41 /home/yamojr/devyamo/edusaas/edusaas/vendor/laravel/framework/src/Illuminate/Console/Command.php(213): Illuminate\\Container\\Container->call()
#42 /home/yamojr/devyamo/edusaas/edusaas/vendor/symfony/console/Command/Command.php(341): Illuminate\\Console\\Command->execute()
#43 /home/yamojr/devyamo/edusaas/edusaas/vendor/laravel/framework/src/Illuminate/Console/Command.php(182): Symfony\\Component\\Console\\Command\\Command->run()
#44 /home/yamojr/devyamo/edusaas/edusaas/vendor/laravel/framework/src/Illuminate/Console/Concerns/CallsCommands.php(68): Illuminate\\Console\\Command->run()
#45 /home/yamojr/devyamo/edusaas/edusaas/vendor/laravel/framework/src/Illuminate/Console/Concerns/CallsCommands.php(29): Illuminate\\Console\\Command->runCommand()
#46 /home/yamojr/devyamo/edusaas/edusaas/vendor/laravel/framework/src/Illuminate/Database/Console/Migrations/FreshCommand.php(122): Illuminate\\Console\\Command->call()
#47 /home/yamojr/devyamo/edusaas/edusaas/vendor/laravel/framework/src/Illuminate/Database/Console/Migrations/FreshCommand.php(98): Illuminate\\Database\\Console\\Migrations\\FreshCommand->runSeeder()
#48 /home/yamojr/devyamo/edusaas/edusaas/vendor/laravel/framework/src/Illuminate/Container/BoundMethod.php(36): Illuminate\\Database\\Console\\Migrations\\FreshCommand->handle()
#49 /home/yamojr/devyamo/edusaas/edusaas/vendor/laravel/framework/src/Illuminate/Container/Util.php(43): Illuminate\\Container\\BoundMethod::{closure:Illuminate\\Container\\BoundMethod::call():35}()
#50 /home/yamojr/devyamo/edusaas/edusaas/vendor/laravel/framework/src/Illuminate/Container/BoundMethod.php(95): Illuminate\\Container\\Util::unwrapIfClosure()
#51 /home/yamojr/devyamo/edusaas/edusaas/vendor/laravel/framework/src/Illuminate/Container/BoundMethod.php(35): Illuminate\\Container\\BoundMethod::callBoundMethod()
#52 /home/yamojr/devyamo/edusaas/edusaas/vendor/laravel/framework/src/Illuminate/Container/Container.php(696): Illuminate\\Container\\BoundMethod::call()
#53 /home/yamojr/devyamo/edusaas/edusaas/vendor/laravel/framework/src/Illuminate/Console/Command.php(213): Illuminate\\Container\\Container->call()
#54 /home/yamojr/devyamo/edusaas/edusaas/vendor/symfony/console/Command/Command.php(341): Illuminate\\Console\\Command->execute()
#55 /home/yamojr/devyamo/edusaas/edusaas/vendor/laravel/framework/src/Illuminate/Console/Command.php(182): Symfony\\Component\\Console\\Command\\Command->run()
#56 /home/yamojr/devyamo/edusaas/edusaas/vendor/symfony/console/Application.php(1117): Illuminate\\Console\\Command->run()
#57 /home/yamojr/devyamo/edusaas/edusaas/vendor/symfony/console/Application.php(356): Symfony\\Component\\Console\\Application->doRunCommand()
#58 /home/yamojr/devyamo/edusaas/edusaas/vendor/symfony/console/Application.php(195): Symfony\\Component\\Console\\Application->doRun()
#59 /home/yamojr/devyamo/edusaas/edusaas/vendor/laravel/framework/src/Illuminate/Foundation/Console/Kernel.php(198): Symfony\\Component\\Console\\Application->run()
#60 /home/yamojr/devyamo/edusaas/edusaas/vendor/laravel/framework/src/Illuminate/Foundation/Application.php(1235): Illuminate\\Foundation\\Console\\Kernel->handle()
#61 /home/yamojr/devyamo/edusaas/edusaas/artisan(12): Illuminate\\Foundation\\Application->handleCommand()
#62 {main}
"} 
[2026-05-14 09:27:02] local.ERROR: SQLSTATE[42S22]: Column not found: 1054 Unknown column 'student_id' in 'field list' (Connection: mysql, SQL: insert into `payments` (`tenant_id`, `student_id`, `fee_id`, `reference`, `amount`, `method`, `status`, `updated_at`, `created_at`) values (1, 1, 1, TEST_PAY_IvndDhDXuN, 150000, card, successful, 2026-05-14 09:27:02, 2026-05-14 09:27:02)) {"exception":"[object] (Illuminate\\Database\\QueryException(code: 42S22): SQLSTATE[42S22]: Column not found: 1054 Unknown column 'student_id' in 'field list' (Connection: mysql, SQL: insert into `payments` (`tenant_id`, `student_id`, `fee_id`, `reference`, `amount`, `method`, `status`, `updated_at`, `created_at`) values (1, 1, 1, TEST_PAY_IvndDhDXuN, 150000, card, successful, 2026-05-14 09:27:02, 2026-05-14 09:27:02)) at /home/yamojr/devyamo/edusaas/edusaas/vendor/laravel/framework/src/Illuminate/Database/Connection.php:825)
[stacktrace]
#0 /home/yamojr/devyamo/edusaas/edusaas/vendor/laravel/framework/src/Illuminate/Database/Connection.php(779): Illuminate\\Database\\Connection->runQueryCallback()
#1 /home/yamojr/devyamo/edusaas/edusaas/vendor/laravel/framework/src/Illuminate/Database/MySqlConnection.php(42): Illuminate\\Database\\Connection->run()
#2 /home/yamojr/devyamo/edusaas/edusaas/vendor/laravel/framework/src/Illuminate/Database/Query/Processors/MySqlProcessor.php(35): Illuminate\\Database\\MySqlConnection->insert()
#3 /home/yamojr/devyamo/edusaas/edusaas/vendor/laravel/framework/src/Illuminate/Database/Query/Builder.php(3766): Illuminate\\Database\\Query\\Processors\\MySqlProcessor->processInsertGetId()
#4 /home/yamojr/devyamo/edusaas/edusaas/vendor/laravel/framework/src/Illuminate/Database/Eloquent/Builder.php(2120): Illuminate\\Database\\Query\\Builder->insertGetId()
#5 /home/yamojr/devyamo/edusaas/edusaas/vendor/laravel/framework/src/Illuminate/Database/Eloquent/Model.php(1359): Illuminate\\Database\\Eloquent\\Builder->__call()
#6 /home/yamojr/devyamo/edusaas/edusaas/vendor/laravel/framework/src/Illuminate/Database/Eloquent/Model.php(1324): Illuminate\\Database\\Eloquent\\Model->insertAndSetId()
#7 /home/yamojr/devyamo/edusaas/edusaas/vendor/laravel/framework/src/Illuminate/Database/Eloquent/Model.php(1163): Illuminate\\Database\\Eloquent\\Model->performInsert()
#8 /home/yamojr/devyamo/edusaas/edusaas/vendor/laravel/framework/src/Illuminate/Database/Eloquent/Builder.php(1128): Illuminate\\Database\\Eloquent\\Model->save()
#9 /home/yamojr/devyamo/edusaas/edusaas/vendor/laravel/framework/src/Illuminate/Support/helpers.php(399): Illuminate\\Database\\Eloquent\\Builder->{closure:Illuminate\\Database\\Eloquent\\Builder::create():1127}()
#10 /home/yamojr/devyamo/edusaas/edusaas/vendor/laravel/framework/src/Illuminate/Database/Eloquent/Builder.php(1127): tap()
#11 /home/yamojr/devyamo/edusaas/edusaas/vendor/laravel/framework/src/Illuminate/Support/Traits/ForwardsCalls.php(23): Illuminate\\Database\\Eloquent\\Builder->create()
#12 /home/yamojr/devyamo/edusaas/edusaas/vendor/laravel/framework/src/Illuminate/Database/Eloquent/Model.php(2372): Illuminate\\Database\\Eloquent\\Model->forwardCallTo()
#13 /home/yamojr/devyamo/edusaas/edusaas/vendor/laravel/framework/src/Illuminate/Database/Eloquent/Model.php(2384): Illuminate\\Database\\Eloquent\\Model->__call()
#14 /home/yamojr/devyamo/edusaas/edusaas/database/seeders/SchoolSeeder.php(221): Illuminate\\Database\\Eloquent\\Model::__callStatic()
#15 /home/yamojr/devyamo/edusaas/edusaas/vendor/laravel/framework/src/Illuminate/Container/BoundMethod.php(36): Database\\Seeders\\SchoolSeeder->run()
#16 /home/yamojr/devyamo/edusaas/edusaas/vendor/laravel/framework/src/Illuminate/Container/Util.php(43): Illuminate\\Container\\BoundMethod::{closure:Illuminate\\Container\\BoundMethod::call():35}()
#17 /home/yamojr/devyamo/edusaas/edusaas/vendor/laravel/framework/src/Illuminate/Container/BoundMethod.php(95): Illuminate\\Container\\Util::unwrapIfClosure()
#18 /home/yamojr/devyamo/edusaas/edusaas/vendor/laravel/framework/src/Illuminate/Container/BoundMethod.php(35): Illuminate\\Container\\BoundMethod::callBoundMethod()
#19 /home/yamojr/devyamo/edusaas/edusaas/vendor/laravel/framework/src/Illuminate/Container/Container.php(696): Illuminate\\Container\\BoundMethod::call()
#20 /home/yamojr/devyamo/edusaas/edusaas/vendor/laravel/framework/src/Illuminate/Database/Seeder.php(188): Illuminate\\Container\\Container->call()
#21 /home/yamojr/devyamo/edusaas/edusaas/vendor/laravel/framework/src/Illuminate/Database/Seeder.php(197): Illuminate\\Database\\Seeder->{closure:Illuminate\\Database\\Seeder::__invoke():187}()
#22 /home/yamojr/devyamo/edusaas/edusaas/vendor/laravel/framework/src/Illuminate/Database/Seeder.php(61): Illuminate\\Database\\Seeder->__invoke()
#23 /home/yamojr/devyamo/edusaas/edusaas/database/seeders/DatabaseSeeder.php(14): Illuminate\\Database\\Seeder->call()
#24 /home/yamojr/devyamo/edusaas/edusaas/vendor/laravel/framework/src/Illuminate/Container/BoundMethod.php(36): Database\\Seeders\\DatabaseSeeder->run()
#25 /home/yamojr/devyamo/edusaas/edusaas/vendor/laravel/framework/src/Illuminate/Container/Util.php(43): Illuminate\\Container\\BoundMethod::{closure:Illuminate\\Container\\BoundMethod::call():35}()
#26 /home/yamojr/devyamo/edusaas/edusaas/vendor/laravel/framework/src/Illuminate/Container/BoundMethod.php(95): Illuminate\\Container\\Util::unwrapIfClosure()
#27 /home/yamojr/devyamo/edusaas/edusaas/vendor/laravel/framework/src/Illuminate/Container/BoundMethod.php(35): Illuminate\\Container\\BoundMethod::callBoundMethod()
#28 /home/yamojr/devyamo/edusaas/edusaas/vendor/laravel/framework/src/Illuminate/Container/Container.php(696): Illuminate\\Container\\BoundMethod::call()
#29 /home/yamojr/devyamo/edusaas/edusaas/vendor/laravel/framework/src/Illuminate/Database/Seeder.php(188): Illuminate\\Container\\Container->call()
#30 /home/yamojr/devyamo/edusaas/edusaas/vendor/laravel/framework/src/Illuminate/Database/Seeder.php(197): Illuminate\\Database\\Seeder->{closure:Illuminate\\Database\\Seeder::__invoke():187}()
#31 /home/yamojr/devyamo/edusaas/edusaas/vendor/laravel/framework/src/Illuminate/Database/Console/Seeds/SeedCommand.php(70): Illuminate\\Database\\Seeder->__invoke()
#32 /home/yamojr/devyamo/edusaas/edusaas/vendor/laravel/framework/src/Illuminate/Database/Eloquent/Concerns/GuardsAttributes.php(155): Illuminate\\Database\\Console\\Seeds\\SeedCommand->{closure:Illuminate\\Database\\Console\\Seeds\\SeedCommand::handle():69}()
#33 /home/yamojr/devyamo/edusaas/edusaas/vendor/laravel/framework/src/Illuminate/Database/Console/Seeds/SeedCommand.php(69): Illuminate\\Database\\Eloquent\\Model::unguarded()
#34 /home/yamojr/devyamo/edusaas/edusaas/vendor/laravel/framework/src/Illuminate/Container/BoundMethod.php(36): Illuminate\\Database\\Console\\Seeds\\SeedCommand->handle()
#35 /home/yamojr/devyamo/edusaas/edusaas/vendor/laravel/framework/src/Illuminate/Container/Util.php(43): Illuminate\\Container\\BoundMethod::{closure:Illuminate\\Container\\BoundMethod::call():35}()
#36 /home/yamojr/devyamo/edusaas/edusaas/vendor/laravel/framework/src/Illuminate/Container/BoundMethod.php(95): Illuminate\\Container\\Util::unwrapIfClosure()
#37 /home/yamojr/devyamo/edusaas/edusaas/vendor/laravel/framework/src/Illuminate/Container/BoundMethod.php(35): Illuminate\\Container\\BoundMethod::callBoundMethod()
#38 /home/yamojr/devyamo/edusaas/edusaas/vendor/laravel/framework/src/Illuminate/Container/Container.php(696): Illuminate\\Container\\BoundMethod::call()
#39 /home/yamojr/devyamo/edusaas/edusaas/vendor/laravel/framework/src/Illuminate/Console/Command.php(213): Illuminate\\Container\\Container->call()
#40 /home/yamojr/devyamo/edusaas/edusaas/vendor/symfony/console/Command/Command.php(341): Illuminate\\Console\\Command->execute()
#41 /home/yamojr/devyamo/edusaas/edusaas/vendor/laravel/framework/src/Illuminate/Console/Command.php(182): Symfony\\Component\\Console\\Command\\Command->run()
#42 /home/yamojr/devyamo/edusaas/edusaas/vendor/laravel/framework/src/Illuminate/Console/Concerns/CallsCommands.php(68): Illuminate\\Console\\Command->run()
#43 /home/yamojr/devyamo/edusaas/edusaas/vendor/laravel/framework/src/Illuminate/Console/Concerns/CallsCommands.php(29): Illuminate\\Console\\Command->runCommand()
#44 /home/yamojr/devyamo/edusaas/edusaas/vendor/laravel/framework/src/Illuminate/Database/Console/Migrations/FreshCommand.php(122): Illuminate\\Console\\Command->call()
#45 /home/yamojr/devyamo/edusaas/edusaas/vendor/laravel/framework/src/Illuminate/Database/Console/Migrations/FreshCommand.php(98): Illuminate\\Database\\Console\\Migrations\\FreshCommand->runSeeder()
#46 /home/yamojr/devyamo/edusaas/edusaas/vendor/laravel/framework/src/Illuminate/Container/BoundMethod.php(36): Illuminate\\Database\\Console\\Migrations\\FreshCommand->handle()
#47 /home/yamojr/devyamo/edusaas/edusaas/vendor/laravel/framework/src/Illuminate/Container/Util.php(43): Illuminate\\Container\\BoundMethod::{closure:Illuminate\\Container\\BoundMethod::call():35}()
#48 /home/yamojr/devyamo/edusaas/edusaas/vendor/laravel/framework/src/Illuminate/Container/BoundMethod.php(95): Illuminate\\Container\\Util::unwrapIfClosure()
#49 /home/yamojr/devyamo/edusaas/edusaas/vendor/laravel/framework/src/Illuminate/Container/BoundMethod.php(35): Illuminate\\Container\\BoundMethod::callBoundMethod()
#50 /home/yamojr/devyamo/edusaas/edusaas/vendor/laravel/framework/src/Illuminate/Container/Container.php(696): Illuminate\\Container\\BoundMethod::call()
#51 /home/yamojr/devyamo/edusaas/edusaas/vendor/laravel/framework/src/Illuminate/Console/Command.php(213): Illuminate\\Container\\Container->call()
#52 /home/yamojr/devyamo/edusaas/edusaas/vendor/symfony/console/Command/Command.php(341): Illuminate\\Console\\Command->execute()
#53 /home/yamojr/devyamo/edusaas/edusaas/vendor/laravel/framework/src/Illuminate/Console/Command.php(182): Symfony\\Component\\Console\\Command\\Command->run()
#54 /home/yamojr/devyamo/edusaas/edusaas/vendor/symfony/console/Application.php(1117): Illuminate\\Console\\Command->run()
#55 /home/yamojr/devyamo/edusaas/edusaas/vendor/symfony/console/Application.php(356): Symfony\\Component\\Console\\Application->doRunCommand()
#56 /home/yamojr/devyamo/edusaas/edusaas/vendor/symfony/console/Application.php(195): Symfony\\Component\\Console\\Application->doRun()
#57 /home/yamojr/devyamo/edusaas/edusaas/vendor/laravel/framework/src/Illuminate/Foundation/Console/Kernel.php(198): Symfony\\Component\\Console\\Application->run()
#58 /home/yamojr/devyamo/edusaas/edusaas/vendor/laravel/framework/src/Illuminate/Foundation/Application.php(1235): Illuminate\\Foundation\\Console\\Kernel->handle()
#59 /home/yamojr/devyamo/edusaas/edusaas/artisan(12): Illuminate\\Foundation\\Application->handleCommand()
#60 {main}

[previous exception] [object] (PDOException(code: 42S22): SQLSTATE[42S22]: Column not found: 1054 Unknown column 'student_id' in 'field list' at /home/yamojr/devyamo/edusaas/edusaas/vendor/laravel/framework/src/Illuminate/Database/MySqlConnection.php:47)
[stacktrace]
#0 /home/yamojr/devyamo/edusaas/edusaas/vendor/laravel/framework/src/Illuminate/Database/MySqlConnection.php(47): PDO->prepare()
#1 /home/yamojr/devyamo/edusaas/edusaas/vendor/laravel/framework/src/Illuminate/Database/Connection.php(812): Illuminate\\Database\\MySqlConnection->{closure:Illuminate\\Database\\MySqlConnection::insert():42}()
#2 /home/yamojr/devyamo/edusaas/edusaas/vendor/laravel/framework/src/Illuminate/Database/Connection.php(779): Illuminate\\Database\\Connection->runQueryCallback()
#3 /home/yamojr/devyamo/edusaas/edusaas/vendor/laravel/framework/src/Illuminate/Database/MySqlConnection.php(42): Illuminate\\Database\\Connection->run()
#4 /home/yamojr/devyamo/edusaas/edusaas/vendor/laravel/framework/src/Illuminate/Database/Query/Processors/MySqlProcessor.php(35): Illuminate\\Database\\MySqlConnection->insert()
#5 /home/yamojr/devyamo/edusaas/edusaas/vendor/laravel/framework/src/Illuminate/Database/Query/Builder.php(3766): Illuminate\\Database\\Query\\Processors\\MySqlProcessor->processInsertGetId()
#6 /home/yamojr/devyamo/edusaas/edusaas/vendor/laravel/framework/src/Illuminate/Database/Eloquent/Builder.php(2120): Illuminate\\Database\\Query\\Builder->insertGetId()
#7 /home/yamojr/devyamo/edusaas/edusaas/vendor/laravel/framework/src/Illuminate/Database/Eloquent/Model.php(1359): Illuminate\\Database\\Eloquent\\Builder->__call()
#8 /home/yamojr/devyamo/edusaas/edusaas/vendor/laravel/framework/src/Illuminate/Database/Eloquent/Model.php(1324): Illuminate\\Database\\Eloquent\\Model->insertAndSetId()
#9 /home/yamojr/devyamo/edusaas/edusaas/vendor/laravel/framework/src/Illuminate/Database/Eloquent/Model.php(1163): Illuminate\\Database\\Eloquent\\Model->performInsert()
#10 /home/yamojr/devyamo/edusaas/edusaas/vendor/laravel/framework/src/Illuminate/Database/Eloquent/Builder.php(1128): Illuminate\\Database\\Eloquent\\Model->save()
#11 /home/yamojr/devyamo/edusaas/edusaas/vendor/laravel/framework/src/Illuminate/Support/helpers.php(399): Illuminate\\Database\\Eloquent\\Builder->{closure:Illuminate\\Database\\Eloquent\\Builder::create():1127}()
#12 /home/yamojr/devyamo/edusaas/edusaas/vendor/laravel/framework/src/Illuminate/Database/Eloquent/Builder.php(1127): tap()
#13 /home/yamojr/devyamo/edusaas/edusaas/vendor/laravel/framework/src/Illuminate/Support/Traits/ForwardsCalls.php(23): Illuminate\\Database\\Eloquent\\Builder->create()
#14 /home/yamojr/devyamo/edusaas/edusaas/vendor/laravel/framework/src/Illuminate/Database/Eloquent/Model.php(2372): Illuminate\\Database\\Eloquent\\Model->forwardCallTo()
#15 /home/yamojr/devyamo/edusaas/edusaas/vendor/laravel/framework/src/Illuminate/Database/Eloquent/Model.php(2384): Illuminate\\Database\\Eloquent\\Model->__call()
#16 /home/yamojr/devyamo/edusaas/edusaas/database/seeders/SchoolSeeder.php(221): Illuminate\\Database\\Eloquent\\Model::__callStatic()
#17 /home/yamojr/devyamo/edusaas/edusaas/vendor/laravel/framework/src/Illuminate/Container/BoundMethod.php(36): Database\\Seeders\\SchoolSeeder->run()
#18 /home/yamojr/devyamo/edusaas/edusaas/vendor/laravel/framework/src/Illuminate/Container/Util.php(43): Illuminate\\Container\\BoundMethod::{closure:Illuminate\\Container\\BoundMethod::call():35}()
#19 /home/yamojr/devyamo/edusaas/edusaas/vendor/laravel/framework/src/Illuminate/Container/BoundMethod.php(95): Illuminate\\Container\\Util::unwrapIfClosure()
#20 /home/yamojr/devyamo/edusaas/edusaas/vendor/laravel/framework/src/Illuminate/Container/BoundMethod.php(35): Illuminate\\Container\\BoundMethod::callBoundMethod()
#21 /home/yamojr/devyamo/edusaas/edusaas/vendor/laravel/framework/src/Illuminate/Container/Container.php(696): Illuminate\\Container\\BoundMethod::call()
#22 /home/yamojr/devyamo/edusaas/edusaas/vendor/laravel/framework/src/Illuminate/Database/Seeder.php(188): Illuminate\\Container\\Container->call()
#23 /home/yamojr/devyamo/edusaas/edusaas/vendor/laravel/framework/src/Illuminate/Database/Seeder.php(197): Illuminate\\Database\\Seeder->{closure:Illuminate\\Database\\Seeder::__invoke():187}()
#24 /home/yamojr/devyamo/edusaas/edusaas/vendor/laravel/framework/src/Illuminate/Database/Seeder.php(61): Illuminate\\Database\\Seeder->__invoke()
#25 /home/yamojr/devyamo/edusaas/edusaas/database/seeders/DatabaseSeeder.php(14): Illuminate\\Database\\Seeder->call()
#26 /home/yamojr/devyamo/edusaas/edusaas/vendor/laravel/framework/src/Illuminate/Container/BoundMethod.php(36): Database\\Seeders\\DatabaseSeeder->run()
#27 /home/yamojr/devyamo/edusaas/edusaas/vendor/laravel/framework/src/Illuminate/Container/Util.php(43): Illuminate\\Container\\BoundMethod::{closure:Illuminate\\Container\\BoundMethod::call():35}()
#28 /home/yamojr/devyamo/edusaas/edusaas/vendor/laravel/framework/src/Illuminate/Container/BoundMethod.php(95): Illuminate\\Container\\Util::unwrapIfClosure()
#29 /home/yamojr/devyamo/edusaas/edusaas/vendor/laravel/framework/src/Illuminate/Container/BoundMethod.php(35): Illuminate\\Container\\BoundMethod::callBoundMethod()
#30 /home/yamojr/devyamo/edusaas/edusaas/vendor/laravel/framework/src/Illuminate/Container/Container.php(696): Illuminate\\Container\\BoundMethod::call()
#31 /home/yamojr/devyamo/edusaas/edusaas/vendor/laravel/framework/src/Illuminate/Database/Seeder.php(188): Illuminate\\Container\\Container->call()
#32 /home/yamojr/devyamo/edusaas/edusaas/vendor/laravel/framework/src/Illuminate/Database/Seeder.php(197): Illuminate\\Database\\Seeder->{closure:Illuminate\\Database\\Seeder::__invoke():187}()
#33 /home/yamojr/devyamo/edusaas/edusaas/vendor/laravel/framework/src/Illuminate/Database/Console/Seeds/SeedCommand.php(70): Illuminate\\Database\\Seeder->__invoke()
#34 /home/yamojr/devyamo/edusaas/edusaas/vendor/laravel/framework/src/Illuminate/Database/Eloquent/Concerns/GuardsAttributes.php(155): Illuminate\\Database\\Console\\Seeds\\SeedCommand->{closure:Illuminate\\Database\\Console\\Seeds\\SeedCommand::handle():69}()
#35 /home/yamojr/devyamo/edusaas/edusaas/vendor/laravel/framework/src/Illuminate/Database/Console/Seeds/SeedCommand.php(69): Illuminate\\Database\\Eloquent\\Model::unguarded()
#36 /home/yamojr/devyamo/edusaas/edusaas/vendor/laravel/framework/src/Illuminate/Container/BoundMethod.php(36): Illuminate\\Database\\Console\\Seeds\\SeedCommand->handle()
#37 /home/yamojr/devyamo/edusaas/edusaas/vendor/laravel/framework/src/Illuminate/Container/Util.php(43): Illuminate\\Container\\BoundMethod::{closure:Illuminate\\Container\\BoundMethod::call():35}()
#38 /home/yamojr/devyamo/edusaas/edusaas/vendor/laravel/framework/src/Illuminate/Container/BoundMethod.php(95): Illuminate\\Container\\Util::unwrapIfClosure()
#39 /home/yamojr/devyamo/edusaas/edusaas/vendor/laravel/framework/src/Illuminate/Container/BoundMethod.php(35): Illuminate\\Container\\BoundMethod::callBoundMethod()
#40 /home/yamojr/devyamo/edusaas/edusaas/vendor/laravel/framework/src/Illuminate/Container/Container.php(696): Illuminate\\Container\\BoundMethod::call()
#41 /home/yamojr/devyamo/edusaas/edusaas/vendor/laravel/framework/src/Illuminate/Console/Command.php(213): Illuminate\\Container\\Container->call()
#42 /home/yamojr/devyamo/edusaas/edusaas/vendor/symfony/console/Command/Command.php(341): Illuminate\\Console\\Command->execute()
#43 /home/yamojr/devyamo/edusaas/edusaas/vendor/laravel/framework/src/Illuminate/Console/Command.php(182): Symfony\\Component\\Console\\Command\\Command->run()
#44 /home/yamojr/devyamo/edusaas/edusaas/vendor/laravel/framework/src/Illuminate/Console/Concerns/CallsCommands.php(68): Illuminate\\Console\\Command->run()
#45 /home/yamojr/devyamo/edusaas/edusaas/vendor/laravel/framework/src/Illuminate/Console/Concerns/CallsCommands.php(29): Illuminate\\Console\\Command->runCommand()
#46 /home/yamojr/devyamo/edusaas/edusaas/vendor/laravel/framework/src/Illuminate/Database/Console/Migrations/FreshCommand.php(122): Illuminate\\Console\\Command->call()
#47 /home/yamojr/devyamo/edusaas/edusaas/vendor/laravel/framework/src/Illuminate/Database/Console/Migrations/FreshCommand.php(98): Illuminate\\Database\\Console\\Migrations\\FreshCommand->runSeeder()
#48 /home/yamojr/devyamo/edusaas/edusaas/vendor/laravel/framework/src/Illuminate/Container/BoundMethod.php(36): Illuminate\\Database\\Console\\Migrations\\FreshCommand->handle()
#49 /home/yamojr/devyamo/edusaas/edusaas/vendor/laravel/framework/src/Illuminate/Container/Util.php(43): Illuminate\\Container\\BoundMethod::{closure:Illuminate\\Container\\BoundMethod::call():35}()
#50 /home/yamojr/devyamo/edusaas/edusaas/vendor/laravel/framework/src/Illuminate/Container/BoundMethod.php(95): Illuminate\\Container\\Util::unwrapIfClosure()
#51 /home/yamojr/devyamo/edusaas/edusaas/vendor/laravel/framework/src/Illuminate/Container/BoundMethod.php(35): Illuminate\\Container\\BoundMethod::callBoundMethod()
#52 /home/yamojr/devyamo/edusaas/edusaas/vendor/laravel/framework/src/Illuminate/Container/Container.php(696): Illuminate\\Container\\BoundMethod::call()
#53 /home/yamojr/devyamo/edusaas/edusaas/vendor/laravel/framework/src/Illuminate/Console/Command.php(213): Illuminate\\Container\\Container->call()
#54 /home/yamojr/devyamo/edusaas/edusaas/vendor/symfony/console/Command/Command.php(341): Illuminate\\Console\\Command->execute()
#55 /home/yamojr/devyamo/edusaas/edusaas/vendor/laravel/framework/src/Illuminate/Console/Command.php(182): Symfony\\Component\\Console\\Command\\Command->run()
#56 /home/yamojr/devyamo/edusaas/edusaas/vendor/symfony/console/Application.php(1117): Illuminate\\Console\\Command->run()
#57 /home/yamojr/devyamo/edusaas/edusaas/vendor/symfony/console/Application.php(356): Symfony\\Component\\Console\\Application->doRunCommand()
#58 /home/yamojr/devyamo/edusaas/edusaas/vendor/symfony/console/Application.php(195): Symfony\\Component\\Console\\Application->doRun()
#59 /home/yamojr/devyamo/edusaas/edusaas/vendor/laravel/framework/src/Illuminate/Foundation/Console/Kernel.php(198): Symfony\\Component\\Console\\Application->run()
#60 /home/yamojr/devyamo/edusaas/edusaas/vendor/laravel/framework/src/Illuminate/Foundation/Application.php(1235): Illuminate\\Foundation\\Console\\Kernel->handle()
#61 /home/yamojr/devyamo/edusaas/edusaas/artisan(12): Illuminate\\Foundation\\Application->handleCommand()
#62 {main}
"} 
[2026-05-14 09:28:56] local.ERROR: SQLSTATE[01000]: Warning: 1265 Data truncated for column 'fee_type' at row 1 (Connection: mysql, SQL: insert into `fees` (`tenant_id`, `academic_session_id`, `department_id`, `level`, `name`, `amount`, `fee_type`, `updated_at`, `created_at`) values (1, 1, 1, 100, CSC Lab & Computing Fee, 35000, departmental, 2026-05-14 09:28:56, 2026-05-14 09:28:56)) {"exception":"[object] (Illuminate\\Database\\QueryException(code: 01000): SQLSTATE[01000]: Warning: 1265 Data truncated for column 'fee_type' at row 1 (Connection: mysql, SQL: insert into `fees` (`tenant_id`, `academic_session_id`, `department_id`, `level`, `name`, `amount`, `fee_type`, `updated_at`, `created_at`) values (1, 1, 1, 100, CSC Lab & Computing Fee, 35000, departmental, 2026-05-14 09:28:56, 2026-05-14 09:28:56)) at /home/yamojr/devyamo/edusaas/edusaas/vendor/laravel/framework/src/Illuminate/Database/Connection.php:825)
[stacktrace]
#0 /home/yamojr/devyamo/edusaas/edusaas/vendor/laravel/framework/src/Illuminate/Database/Connection.php(779): Illuminate\\Database\\Connection->runQueryCallback()
#1 /home/yamojr/devyamo/edusaas/edusaas/vendor/laravel/framework/src/Illuminate/Database/MySqlConnection.php(42): Illuminate\\Database\\Connection->run()
#2 /home/yamojr/devyamo/edusaas/edusaas/vendor/laravel/framework/src/Illuminate/Database/Query/Processors/MySqlProcessor.php(35): Illuminate\\Database\\MySqlConnection->insert()
#3 /home/yamojr/devyamo/edusaas/edusaas/vendor/laravel/framework/src/Illuminate/Database/Query/Builder.php(3766): Illuminate\\Database\\Query\\Processors\\MySqlProcessor->processInsertGetId()
#4 /home/yamojr/devyamo/edusaas/edusaas/vendor/laravel/framework/src/Illuminate/Database/Eloquent/Builder.php(2120): Illuminate\\Database\\Query\\Builder->insertGetId()
#5 /home/yamojr/devyamo/edusaas/edusaas/vendor/laravel/framework/src/Illuminate/Database/Eloquent/Model.php(1359): Illuminate\\Database\\Eloquent\\Builder->__call()
#6 /home/yamojr/devyamo/edusaas/edusaas/vendor/laravel/framework/src/Illuminate/Database/Eloquent/Model.php(1324): Illuminate\\Database\\Eloquent\\Model->insertAndSetId()
#7 /home/yamojr/devyamo/edusaas/edusaas/vendor/laravel/framework/src/Illuminate/Database/Eloquent/Model.php(1163): Illuminate\\Database\\Eloquent\\Model->performInsert()
#8 /home/yamojr/devyamo/edusaas/edusaas/vendor/laravel/framework/src/Illuminate/Database/Eloquent/Builder.php(1128): Illuminate\\Database\\Eloquent\\Model->save()
#9 /home/yamojr/devyamo/edusaas/edusaas/vendor/laravel/framework/src/Illuminate/Support/helpers.php(399): Illuminate\\Database\\Eloquent\\Builder->{closure:Illuminate\\Database\\Eloquent\\Builder::create():1127}()
#10 /home/yamojr/devyamo/edusaas/edusaas/vendor/laravel/framework/src/Illuminate/Database/Eloquent/Builder.php(1127): tap()
#11 /home/yamojr/devyamo/edusaas/edusaas/vendor/laravel/framework/src/Illuminate/Support/Traits/ForwardsCalls.php(23): Illuminate\\Database\\Eloquent\\Builder->create()
#12 /home/yamojr/devyamo/edusaas/edusaas/vendor/laravel/framework/src/Illuminate/Database/Eloquent/Model.php(2372): Illuminate\\Database\\Eloquent\\Model->forwardCallTo()
#13 /home/yamojr/devyamo/edusaas/edusaas/vendor/laravel/framework/src/Illuminate/Database/Eloquent/Model.php(2384): Illuminate\\Database\\Eloquent\\Model->__call()
#14 /home/yamojr/devyamo/edusaas/edusaas/database/seeders/SchoolSeeder.php(230): Illuminate\\Database\\Eloquent\\Model::__callStatic()
#15 /home/yamojr/devyamo/edusaas/edusaas/vendor/laravel/framework/src/Illuminate/Container/BoundMethod.php(36): Database\\Seeders\\SchoolSeeder->run()
#16 /home/yamojr/devyamo/edusaas/edusaas/vendor/laravel/framework/src/Illuminate/Container/Util.php(43): Illuminate\\Container\\BoundMethod::{closure:Illuminate\\Container\\BoundMethod::call():35}()
#17 /home/yamojr/devyamo/edusaas/edusaas/vendor/laravel/framework/src/Illuminate/Container/BoundMethod.php(95): Illuminate\\Container\\Util::unwrapIfClosure()
#18 /home/yamojr/devyamo/edusaas/edusaas/vendor/laravel/framework/src/Illuminate/Container/BoundMethod.php(35): Illuminate\\Container\\BoundMethod::callBoundMethod()
#19 /home/yamojr/devyamo/edusaas/edusaas/vendor/laravel/framework/src/Illuminate/Container/Container.php(696): Illuminate\\Container\\BoundMethod::call()
#20 /home/yamojr/devyamo/edusaas/edusaas/vendor/laravel/framework/src/Illuminate/Database/Seeder.php(188): Illuminate\\Container\\Container->call()
#21 /home/yamojr/devyamo/edusaas/edusaas/vendor/laravel/framework/src/Illuminate/Database/Seeder.php(197): Illuminate\\Database\\Seeder->{closure:Illuminate\\Database\\Seeder::__invoke():187}()
#22 /home/yamojr/devyamo/edusaas/edusaas/vendor/laravel/framework/src/Illuminate/Database/Seeder.php(61): Illuminate\\Database\\Seeder->__invoke()
#23 /home/yamojr/devyamo/edusaas/edusaas/database/seeders/DatabaseSeeder.php(14): Illuminate\\Database\\Seeder->call()
#24 /home/yamojr/devyamo/edusaas/edusaas/vendor/laravel/framework/src/Illuminate/Container/BoundMethod.php(36): Database\\Seeders\\DatabaseSeeder->run()
#25 /home/yamojr/devyamo/edusaas/edusaas/vendor/laravel/framework/src/Illuminate/Container/Util.php(43): Illuminate\\Container\\BoundMethod::{closure:Illuminate\\Container\\BoundMethod::call():35}()
#26 /home/yamojr/devyamo/edusaas/edusaas/vendor/laravel/framework/src/Illuminate/Container/BoundMethod.php(95): Illuminate\\Container\\Util::unwrapIfClosure()
#27 /home/yamojr/devyamo/edusaas/edusaas/vendor/laravel/framework/src/Illuminate/Container/BoundMethod.php(35): Illuminate\\Container\\BoundMethod::callBoundMethod()
#28 /home/yamojr/devyamo/edusaas/edusaas/vendor/laravel/framework/src/Illuminate/Container/Container.php(696): Illuminate\\Container\\BoundMethod::call()
#29 /home/yamojr/devyamo/edusaas/edusaas/vendor/laravel/framework/src/Illuminate/Database/Seeder.php(188): Illuminate\\Container\\Container->call()
#30 /home/yamojr/devyamo/edusaas/edusaas/vendor/laravel/framework/src/Illuminate/Database/Seeder.php(197): Illuminate\\Database\\Seeder->{closure:Illuminate\\Database\\Seeder::__invoke():187}()
#31 /home/yamojr/devyamo/edusaas/edusaas/vendor/laravel/framework/src/Illuminate/Database/Console/Seeds/SeedCommand.php(70): Illuminate\\Database\\Seeder->__invoke()
#32 /home/yamojr/devyamo/edusaas/edusaas/vendor/laravel/framework/src/Illuminate/Database/Eloquent/Concerns/GuardsAttributes.php(155): Illuminate\\Database\\Console\\Seeds\\SeedCommand->{closure:Illuminate\\Database\\Console\\Seeds\\SeedCommand::handle():69}()
#33 /home/yamojr/devyamo/edusaas/edusaas/vendor/laravel/framework/src/Illuminate/Database/Console/Seeds/SeedCommand.php(69): Illuminate\\Database\\Eloquent\\Model::unguarded()
#34 /home/yamojr/devyamo/edusaas/edusaas/vendor/laravel/framework/src/Illuminate/Container/BoundMethod.php(36): Illuminate\\Database\\Console\\Seeds\\SeedCommand->handle()
#35 /home/yamojr/devyamo/edusaas/edusaas/vendor/laravel/framework/src/Illuminate/Container/Util.php(43): Illuminate\\Container\\BoundMethod::{closure:Illuminate\\Container\\BoundMethod::call():35}()
#36 /home/yamojr/devyamo/edusaas/edusaas/vendor/laravel/framework/src/Illuminate/Container/BoundMethod.php(95): Illuminate\\Container\\Util::unwrapIfClosure()
#37 /home/yamojr/devyamo/edusaas/edusaas/vendor/laravel/framework/src/Illuminate/Container/BoundMethod.php(35): Illuminate\\Container\\BoundMethod::callBoundMethod()
#38 /home/yamojr/devyamo/edusaas/edusaas/vendor/laravel/framework/src/Illuminate/Container/Container.php(696): Illuminate\\Container\\BoundMethod::call()
#39 /home/yamojr/devyamo/edusaas/edusaas/vendor/laravel/framework/src/Illuminate/Console/Command.php(213): Illuminate\\Container\\Container->call()
#40 /home/yamojr/devyamo/edusaas/edusaas/vendor/symfony/console/Command/Command.php(341): Illuminate\\Console\\Command->execute()
#41 /home/yamojr/devyamo/edusaas/edusaas/vendor/laravel/framework/src/Illuminate/Console/Command.php(182): Symfony\\Component\\Console\\Command\\Command->run()
#42 /home/yamojr/devyamo/edusaas/edusaas/vendor/laravel/framework/src/Illuminate/Console/Concerns/CallsCommands.php(68): Illuminate\\Console\\Command->run()
#43 /home/yamojr/devyamo/edusaas/edusaas/vendor/laravel/framework/src/Illuminate/Console/Concerns/CallsCommands.php(29): Illuminate\\Console\\Command->runCommand()
#44 /home/yamojr/devyamo/edusaas/edusaas/vendor/laravel/framework/src/Illuminate/Database/Console/Migrations/FreshCommand.php(122): Illuminate\\Console\\Command->call()
#45 /home/yamojr/devyamo/edusaas/edusaas/vendor/laravel/framework/src/Illuminate/Database/Console/Migrations/FreshCommand.php(98): Illuminate\\Database\\Console\\Migrations\\FreshCommand->runSeeder()
#46 /home/yamojr/devyamo/edusaas/edusaas/vendor/laravel/framework/src/Illuminate/Container/BoundMethod.php(36): Illuminate\\Database\\Console\\Migrations\\FreshCommand->handle()
#47 /home/yamojr/devyamo/edusaas/edusaas/vendor/laravel/framework/src/Illuminate/Container/Util.php(43): Illuminate\\Container\\BoundMethod::{closure:Illuminate\\Container\\BoundMethod::call():35}()
#48 /home/yamojr/devyamo/edusaas/edusaas/vendor/laravel/framework/src/Illuminate/Container/BoundMethod.php(95): Illuminate\\Container\\Util::unwrapIfClosure()
#49 /home/yamojr/devyamo/edusaas/edusaas/vendor/laravel/framework/src/Illuminate/Container/BoundMethod.php(35): Illuminate\\Container\\BoundMethod::callBoundMethod()
#50 /home/yamojr/devyamo/edusaas/edusaas/vendor/laravel/framework/src/Illuminate/Container/Container.php(696): Illuminate\\Container\\BoundMethod::call()
#51 /home/yamojr/devyamo/edusaas/edusaas/vendor/laravel/framework/src/Illuminate/Console/Command.php(213): Illuminate\\Container\\Container->call()
#52 /home/yamojr/devyamo/edusaas/edusaas/vendor/symfony/console/Command/Command.php(341): Illuminate\\Console\\Command->execute()
#53 /home/yamojr/devyamo/edusaas/edusaas/vendor/laravel/framework/src/Illuminate/Console/Command.php(182): Symfony\\Component\\Console\\Command\\Command->run()
#54 /home/yamojr/devyamo/edusaas/edusaas/vendor/symfony/console/Application.php(1117): Illuminate\\Console\\Command->run()
#55 /home/yamojr/devyamo/edusaas/edusaas/vendor/symfony/console/Application.php(356): Symfony\\Component\\Console\\Application->doRunCommand()
#56 /home/yamojr/devyamo/edusaas/edusaas/vendor/symfony/console/Application.php(195): Symfony\\Component\\Console\\Application->doRun()
#57 /home/yamojr/devyamo/edusaas/edusaas/vendor/laravel/framework/src/Illuminate/Foundation/Console/Kernel.php(198): Symfony\\Component\\Console\\Application->run()
#58 /home/yamojr/devyamo/edusaas/edusaas/vendor/laravel/framework/src/Illuminate/Foundation/Application.php(1235): Illuminate\\Foundation\\Console\\Kernel->handle()
#59 /home/yamojr/devyamo/edusaas/edusaas/artisan(12): Illuminate\\Foundation\\Application->handleCommand()
#60 {main}

[previous exception] [object] (PDOException(code: 01000): SQLSTATE[01000]: Warning: 1265 Data truncated for column 'fee_type' at row 1 at /home/yamojr/devyamo/edusaas/edusaas/vendor/laravel/framework/src/Illuminate/Database/MySqlConnection.php:53)
[stacktrace]
#0 /home/yamojr/devyamo/edusaas/edusaas/vendor/laravel/framework/src/Illuminate/Database/MySqlConnection.php(53): PDOStatement->execute()
#1 /home/yamojr/devyamo/edusaas/edusaas/vendor/laravel/framework/src/Illuminate/Database/Connection.php(812): Illuminate\\Database\\MySqlConnection->{closure:Illuminate\\Database\\MySqlConnection::insert():42}()
#2 /home/yamojr/devyamo/edusaas/edusaas/vendor/laravel/framework/src/Illuminate/Database/Connection.php(779): Illuminate\\Database\\Connection->runQueryCallback()
#3 /home/yamojr/devyamo/edusaas/edusaas/vendor/laravel/framework/src/Illuminate/Database/MySqlConnection.php(42): Illuminate\\Database\\Connection->run()
#4 /home/yamojr/devyamo/edusaas/edusaas/vendor/laravel/framework/src/Illuminate/Database/Query/Processors/MySqlProcessor.php(35): Illuminate\\Database\\MySqlConnection->insert()
#5 /home/yamojr/devyamo/edusaas/edusaas/vendor/laravel/framework/src/Illuminate/Database/Query/Builder.php(3766): Illuminate\\Database\\Query\\Processors\\MySqlProcessor->processInsertGetId()
#6 /home/yamojr/devyamo/edusaas/edusaas/vendor/laravel/framework/src/Illuminate/Database/Eloquent/Builder.php(2120): Illuminate\\Database\\Query\\Builder->insertGetId()
#7 /home/yamojr/devyamo/edusaas/edusaas/vendor/laravel/framework/src/Illuminate/Database/Eloquent/Model.php(1359): Illuminate\\Database\\Eloquent\\Builder->__call()
#8 /home/yamojr/devyamo/edusaas/edusaas/vendor/laravel/framework/src/Illuminate/Database/Eloquent/Model.php(1324): Illuminate\\Database\\Eloquent\\Model->insertAndSetId()
#9 /home/yamojr/devyamo/edusaas/edusaas/vendor/laravel/framework/src/Illuminate/Database/Eloquent/Model.php(1163): Illuminate\\Database\\Eloquent\\Model->performInsert()
#10 /home/yamojr/devyamo/edusaas/edusaas/vendor/laravel/framework/src/Illuminate/Database/Eloquent/Builder.php(1128): Illuminate\\Database\\Eloquent\\Model->save()
#11 /home/yamojr/devyamo/edusaas/edusaas/vendor/laravel/framework/src/Illuminate/Support/helpers.php(399): Illuminate\\Database\\Eloquent\\Builder->{closure:Illuminate\\Database\\Eloquent\\Builder::create():1127}()
#12 /home/yamojr/devyamo/edusaas/edusaas/vendor/laravel/framework/src/Illuminate/Database/Eloquent/Builder.php(1127): tap()
#13 /home/yamojr/devyamo/edusaas/edusaas/vendor/laravel/framework/src/Illuminate/Support/Traits/ForwardsCalls.php(23): Illuminate\\Database\\Eloquent\\Builder->create()
#14 /home/yamojr/devyamo/edusaas/edusaas/vendor/laravel/framework/src/Illuminate/Database/Eloquent/Model.php(2372): Illuminate\\Database\\Eloquent\\Model->forwardCallTo()
#15 /home/yamojr/devyamo/edusaas/edusaas/vendor/laravel/framework/src/Illuminate/Database/Eloquent/Model.php(2384): Illuminate\\Database\\Eloquent\\Model->__call()
#16 /home/yamojr/devyamo/edusaas/edusaas/database/seeders/SchoolSeeder.php(230): Illuminate\\Database\\Eloquent\\Model::__callStatic()
#17 /home/yamojr/devyamo/edusaas/edusaas/vendor/laravel/framework/src/Illuminate/Container/BoundMethod.php(36): Database\\Seeders\\SchoolSeeder->run()
#18 /home/yamojr/devyamo/edusaas/edusaas/vendor/laravel/framework/src/Illuminate/Container/Util.php(43): Illuminate\\Container\\BoundMethod::{closure:Illuminate\\Container\\BoundMethod::call():35}()
#19 /home/yamojr/devyamo/edusaas/edusaas/vendor/laravel/framework/src/Illuminate/Container/BoundMethod.php(95): Illuminate\\Container\\Util::unwrapIfClosure()
#20 /home/yamojr/devyamo/edusaas/edusaas/vendor/laravel/framework/src/Illuminate/Container/BoundMethod.php(35): Illuminate\\Container\\BoundMethod::callBoundMethod()
#21 /home/yamojr/devyamo/edusaas/edusaas/vendor/laravel/framework/src/Illuminate/Container/Container.php(696): Illuminate\\Container\\BoundMethod::call()
#22 /home/yamojr/devyamo/edusaas/edusaas/vendor/laravel/framework/src/Illuminate/Database/Seeder.php(188): Illuminate\\Container\\Container->call()
#23 /home/yamojr/devyamo/edusaas/edusaas/vendor/laravel/framework/src/Illuminate/Database/Seeder.php(197): Illuminate\\Database\\Seeder->{closure:Illuminate\\Database\\Seeder::__invoke():187}()
#24 /home/yamojr/devyamo/edusaas/edusaas/vendor/laravel/framework/src/Illuminate/Database/Seeder.php(61): Illuminate\\Database\\Seeder->__invoke()
#25 /home/yamojr/devyamo/edusaas/edusaas/database/seeders/DatabaseSeeder.php(14): Illuminate\\Database\\Seeder->call()
#26 /home/yamojr/devyamo/edusaas/edusaas/vendor/laravel/framework/src/Illuminate/Container/BoundMethod.php(36): Database\\Seeders\\DatabaseSeeder->run()
#27 /home/yamojr/devyamo/edusaas/edusaas/vendor/laravel/framework/src/Illuminate/Container/Util.php(43): Illuminate\\Container\\BoundMethod::{closure:Illuminate\\Container\\BoundMethod::call():35}()
#28 /home/yamojr/devyamo/edusaas/edusaas/vendor/laravel/framework/src/Illuminate/Container/BoundMethod.php(95): Illuminate\\Container\\Util::unwrapIfClosure()
#29 /home/yamojr/devyamo/edusaas/edusaas/vendor/laravel/framework/src/Illuminate/Container/BoundMethod.php(35): Illuminate\\Container\\BoundMethod::callBoundMethod()
#30 /home/yamojr/devyamo/edusaas/edusaas/vendor/laravel/framework/src/Illuminate/Container/Container.php(696): Illuminate\\Container\\BoundMethod::call()
#31 /home/yamojr/devyamo/edusaas/edusaas/vendor/laravel/framework/src/Illuminate/Database/Seeder.php(188): Illuminate\\Container\\Container->call()
#32 /home/yamojr/devyamo/edusaas/edusaas/vendor/laravel/framework/src/Illuminate/Database/Seeder.php(197): Illuminate\\Database\\Seeder->{closure:Illuminate\\Database\\Seeder::__invoke():187}()
#33 /home/yamojr/devyamo/edusaas/edusaas/vendor/laravel/framework/src/Illuminate/Database/Console/Seeds/SeedCommand.php(70): Illuminate\\Database\\Seeder->__invoke()
#34 /home/yamojr/devyamo/edusaas/edusaas/vendor/laravel/framework/src/Illuminate/Database/Eloquent/Concerns/GuardsAttributes.php(155): Illuminate\\Database\\Console\\Seeds\\SeedCommand->{closure:Illuminate\\Database\\Console\\Seeds\\SeedCommand::handle():69}()
#35 /home/yamojr/devyamo/edusaas/edusaas/vendor/laravel/framework/src/Illuminate/Database/Console/Seeds/SeedCommand.php(69): Illuminate\\Database\\Eloquent\\Model::unguarded()
#36 /home/yamojr/devyamo/edusaas/edusaas/vendor/laravel/framework/src/Illuminate/Container/BoundMethod.php(36): Illuminate\\Database\\Console\\Seeds\\SeedCommand->handle()
#37 /home/yamojr/devyamo/edusaas/edusaas/vendor/laravel/framework/src/Illuminate/Container/Util.php(43): Illuminate\\Container\\BoundMethod::{closure:Illuminate\\Container\\BoundMethod::call():35}()
#38 /home/yamojr/devyamo/edusaas/edusaas/vendor/laravel/framework/src/Illuminate/Container/BoundMethod.php(95): Illuminate\\Container\\Util::unwrapIfClosure()
#39 /home/yamojr/devyamo/edusaas/edusaas/vendor/laravel/framework/src/Illuminate/Container/BoundMethod.php(35): Illuminate\\Container\\BoundMethod::callBoundMethod()
#40 /home/yamojr/devyamo/edusaas/edusaas/vendor/laravel/framework/src/Illuminate/Container/Container.php(696): Illuminate\\Container\\BoundMethod::call()
#41 /home/yamojr/devyamo/edusaas/edusaas/vendor/laravel/framework/src/Illuminate/Console/Command.php(213): Illuminate\\Container\\Container->call()
#42 /home/yamojr/devyamo/edusaas/edusaas/vendor/symfony/console/Command/Command.php(341): Illuminate\\Console\\Command->execute()
#43 /home/yamojr/devyamo/edusaas/edusaas/vendor/laravel/framework/src/Illuminate/Console/Command.php(182): Symfony\\Component\\Console\\Command\\Command->run()
#44 /home/yamojr/devyamo/edusaas/edusaas/vendor/laravel/framework/src/Illuminate/Console/Concerns/CallsCommands.php(68): Illuminate\\Console\\Command->run()
#45 /home/yamojr/devyamo/edusaas/edusaas/vendor/laravel/framework/src/Illuminate/Console/Concerns/CallsCommands.php(29): Illuminate\\Console\\Command->runCommand()
#46 /home/yamojr/devyamo/edusaas/edusaas/vendor/laravel/framework/src/Illuminate/Database/Console/Migrations/FreshCommand.php(122): Illuminate\\Console\\Command->call()
#47 /home/yamojr/devyamo/edusaas/edusaas/vendor/laravel/framework/src/Illuminate/Database/Console/Migrations/FreshCommand.php(98): Illuminate\\Database\\Console\\Migrations\\FreshCommand->runSeeder()
#48 /home/yamojr/devyamo/edusaas/edusaas/vendor/laravel/framework/src/Illuminate/Container/BoundMethod.php(36): Illuminate\\Database\\Console\\Migrations\\FreshCommand->handle()
#49 /home/yamojr/devyamo/edusaas/edusaas/vendor/laravel/framework/src/Illuminate/Container/Util.php(43): Illuminate\\Container\\BoundMethod::{closure:Illuminate\\Container\\BoundMethod::call():35}()
#50 /home/yamojr/devyamo/edusaas/edusaas/vendor/laravel/framework/src/Illuminate/Container/BoundMethod.php(95): Illuminate\\Container\\Util::unwrapIfClosure()
#51 /home/yamojr/devyamo/edusaas/edusaas/vendor/laravel/framework/src/Illuminate/Container/BoundMethod.php(35): Illuminate\\Container\\BoundMethod::callBoundMethod()
#52 /home/yamojr/devyamo/edusaas/edusaas/vendor/laravel/framework/src/Illuminate/Container/Container.php(696): Illuminate\\Container\\BoundMethod::call()
#53 /home/yamojr/devyamo/edusaas/edusaas/vendor/laravel/framework/src/Illuminate/Console/Command.php(213): Illuminate\\Container\\Container->call()
#54 /home/yamojr/devyamo/edusaas/edusaas/vendor/symfony/console/Command/Command.php(341): Illuminate\\Console\\Command->execute()
#55 /home/yamojr/devyamo/edusaas/edusaas/vendor/laravel/framework/src/Illuminate/Console/Command.php(182): Symfony\\Component\\Console\\Command\\Command->run()
#56 /home/yamojr/devyamo/edusaas/edusaas/vendor/symfony/console/Application.php(1117): Illuminate\\Console\\Command->run()
#57 /home/yamojr/devyamo/edusaas/edusaas/vendor/symfony/console/Application.php(356): Symfony\\Component\\Console\\Application->doRunCommand()
#58 /home/yamojr/devyamo/edusaas/edusaas/vendor/symfony/console/Application.php(195): Symfony\\Component\\Console\\Application->doRun()
#59 /home/yamojr/devyamo/edusaas/edusaas/vendor/laravel/framework/src/Illuminate/Foundation/Console/Kernel.php(198): Symfony\\Component\\Console\\Application->run()
#60 /home/yamojr/devyamo/edusaas/edusaas/vendor/laravel/framework/src/Illuminate/Foundation/Application.php(1235): Illuminate\\Foundation\\Console\\Kernel->handle()
#61 /home/yamojr/devyamo/edusaas/edusaas/artisan(12): Illuminate\\Foundation\\Application->handleCommand()
#62 {main}
"} 
[2026-05-14 09:48:08] local.ERROR: Call to undefined relationship [fees] on model [App\Models\Department]. {"userId":5,"exception":"[object] (Illuminate\\Database\\Eloquent\\RelationNotFoundException(code: 0): Call to undefined relationship [fees] on model [App\\Models\\Department]. at /home/yamojr/devyamo/edusaas/edusaas/vendor/laravel/framework/src/Illuminate/Database/Eloquent/RelationNotFoundException.php:35)
[stacktrace]
#0 /home/yamojr/devyamo/edusaas/edusaas/vendor/laravel/framework/src/Illuminate/Database/Eloquent/Builder.php(878): Illuminate\\Database\\Eloquent\\RelationNotFoundException::make()
#1 /home/yamojr/devyamo/edusaas/edusaas/vendor/laravel/framework/src/Illuminate/Database/Eloquent/Relations/Relation.php(120): Illuminate\\Database\\Eloquent\\Builder->{closure:Illuminate\\Database\\Eloquent\\Builder::getRelation():874}()
#2 /home/yamojr/devyamo/edusaas/edusaas/vendor/laravel/framework/src/Illuminate/Database/Eloquent/Builder.php(874): Illuminate\\Database\\Eloquent\\Relations\\Relation::noConstraints()
#3 /home/yamojr/devyamo/edusaas/edusaas/vendor/laravel/framework/src/Illuminate/Database/Eloquent/Builder.php(848): Illuminate\\Database\\Eloquent\\Builder->getRelation()
#4 /home/yamojr/devyamo/edusaas/edusaas/vendor/laravel/framework/src/Illuminate/Database/Eloquent/Builder.php(828): Illuminate\\Database\\Eloquent\\Builder->eagerLoadRelation()
#5 /home/yamojr/devyamo/edusaas/edusaas/vendor/laravel/framework/src/Illuminate/Database/Eloquent/Builder.php(794): Illuminate\\Database\\Eloquent\\Builder->eagerLoadRelations()
#6 /home/yamojr/devyamo/edusaas/edusaas/app/Http/Controllers/School/DashboardController.php(29): Illuminate\\Database\\Eloquent\\Builder->get()
#7 /home/yamojr/devyamo/edusaas/edusaas/vendor/laravel/framework/src/Illuminate/Cache/Repository.php(427): App\\Http\\Controllers\\School\\DashboardController->{closure:App\\Http\\Controllers\\School\\DashboardController::index():14}()
#8 /home/yamojr/devyamo/edusaas/edusaas/vendor/laravel/framework/src/Illuminate/Cache/CacheManager.php(453): Illuminate\\Cache\\Repository->remember()
#9 /home/yamojr/devyamo/edusaas/edusaas/vendor/laravel/framework/src/Illuminate/Support/Facades/Facade.php(361): Illuminate\\Cache\\CacheManager->__call()
#10 /home/yamojr/devyamo/edusaas/edusaas/app/Http/Controllers/School/DashboardController.php(14): Illuminate\\Support\\Facades\\Facade::__callStatic()
#11 /home/yamojr/devyamo/edusaas/edusaas/vendor/laravel/framework/src/Illuminate/Routing/Controller.php(54): App\\Http\\Controllers\\School\\DashboardController->index()
#12 /home/yamojr/devyamo/edusaas/edusaas/vendor/laravel/framework/src/Illuminate/Routing/ControllerDispatcher.php(44): Illuminate\\Routing\\Controller->callAction()
#13 /home/yamojr/devyamo/edusaas/edusaas/vendor/laravel/framework/src/Illuminate/Routing/Route.php(266): Illuminate\\Routing\\ControllerDispatcher->dispatch()
#14 /home/yamojr/devyamo/edusaas/edusaas/vendor/laravel/framework/src/Illuminate/Routing/Route.php(212): Illuminate\\Routing\\Route->runController()
#15 /home/yamojr/devyamo/edusaas/edusaas/vendor/laravel/framework/src/Illuminate/Routing/Router.php(808): Illuminate\\Routing\\Route->run()
#16 /home/yamojr/devyamo/edusaas/edusaas/vendor/laravel/framework/src/Illuminate/Pipeline/Pipeline.php(170): Illuminate\\Routing\\Router->{closure:Illuminate\\Routing\\Router::runRouteWithinStack():807}()
#17 /home/yamojr/devyamo/edusaas/edusaas/app/Http/Middleware/EnsureTenantAccess.php(26): Illuminate\\Pipeline\\Pipeline->{closure:Illuminate\\Pipeline\\Pipeline::prepareDestination():168}()
#18 /home/yamojr/devyamo/edusaas/edusaas/vendor/laravel/framework/src/Illuminate/Pipeline/Pipeline.php(209): App\\Http\\Middleware\\EnsureTenantAccess->handle()
#19 /home/yamojr/devyamo/edusaas/edusaas/vendor/spatie/laravel-permission/src/Middleware/RoleMiddleware.php(37): Illuminate\\Pipeline\\Pipeline->{closure:{closure:Illuminate\\Pipeline\\Pipeline::carry():184}:185}()
#20 /home/yamojr/devyamo/edusaas/edusaas/vendor/laravel/framework/src/Illuminate/Pipeline/Pipeline.php(209): Spatie\\Permission\\Middleware\\RoleMiddleware->handle()
#21 /home/yamojr/devyamo/edusaas/edusaas/app/Http/Middleware/IdentifyTenant.php(40): Illuminate\\Pipeline\\Pipeline->{closure:{closure:Illuminate\\Pipeline\\Pipeline::carry():184}:185}()
#22 /home/yamojr/devyamo/edusaas/edusaas/vendor/laravel/framework/src/Illuminate/Pipeline/Pipeline.php(209): App\\Http\\Middleware\\IdentifyTenant->handle()
#23 /home/yamojr/devyamo/edusaas/edusaas/vendor/inertiajs/inertia-laravel/src/Middleware.php(122): Illuminate\\Pipeline\\Pipeline->{closure:{closure:Illuminate\\Pipeline\\Pipeline::carry():184}:185}()
#24 /home/yamojr/devyamo/edusaas/edusaas/vendor/laravel/framework/src/Illuminate/Pipeline/Pipeline.php(209): Inertia\\Middleware->handle()
#25 /home/yamojr/devyamo/edusaas/edusaas/vendor/laravel/framework/src/Illuminate/Routing/Middleware/SubstituteBindings.php(51): Illuminate\\Pipeline\\Pipeline->{closure:{closure:Illuminate\\Pipeline\\Pipeline::carry():184}:185}()
#26 /home/yamojr/devyamo/edusaas/edusaas/vendor/laravel/framework/src/Illuminate/Pipeline/Pipeline.php(209): Illuminate\\Routing\\Middleware\\SubstituteBindings->handle()
#27 /home/yamojr/devyamo/edusaas/edusaas/vendor/laravel/framework/src/Illuminate/Auth/Middleware/Authenticate.php(64): Illuminate\\Pipeline\\Pipeline->{closure:{closure:Illuminate\\Pipeline\\Pipeline::carry():184}:185}()
#28 /home/yamojr/devyamo/edusaas/edusaas/vendor/laravel/framework/src/Illuminate/Pipeline/Pipeline.php(209): Illuminate\\Auth\\Middleware\\Authenticate->handle()
#29 /home/yamojr/devyamo/edusaas/edusaas/vendor/laravel/framework/src/Illuminate/Foundation/Http/Middleware/VerifyCsrfToken.php(88): Illuminate\\Pipeline\\Pipeline->{closure:{closure:Illuminate\\Pipeline\\Pipeline::carry():184}:185}()
#30 /home/yamojr/devyamo/edusaas/edusaas/vendor/laravel/framework/src/Illuminate/Pipeline/Pipeline.php(209): Illuminate\\Foundation\\Http\\Middleware\\VerifyCsrfToken->handle()
#31 /home/yamojr/devyamo/edusaas/edusaas/vendor/laravel/framework/src/Illuminate/View/Middleware/ShareErrorsFromSession.php(49): Illuminate\\Pipeline\\Pipeline->{closure:{closure:Illuminate\\Pipeline\\Pipeline::carry():184}:185}()
#32 /home/yamojr/devyamo/edusaas/edusaas/vendor/laravel/framework/src/Illuminate/Pipeline/Pipeline.php(209): Illuminate\\View\\Middleware\\ShareErrorsFromSession->handle()
#33 /home/yamojr/devyamo/edusaas/edusaas/vendor/laravel/framework/src/Illuminate/Session/Middleware/StartSession.php(121): Illuminate\\Pipeline\\Pipeline->{closure:{closure:Illuminate\\Pipeline\\Pipeline::carry():184}:185}()
#34 /home/yamojr/devyamo/edusaas/edusaas/vendor/laravel/framework/src/Illuminate/Session/Middleware/StartSession.php(64): Illuminate\\Session\\Middleware\\StartSession->handleStatefulRequest()
#35 /home/yamojr/devyamo/edusaas/edusaas/vendor/laravel/framework/src/Illuminate/Pipeline/Pipeline.php(209): Illuminate\\Session\\Middleware\\StartSession->handle()
#36 /home/yamojr/devyamo/edusaas/edusaas/vendor/laravel/framework/src/Illuminate/Cookie/Middleware/AddQueuedCookiesToResponse.php(37): Illuminate\\Pipeline\\Pipeline->{closure:{closure:Illuminate\\Pipeline\\Pipeline::carry():184}:185}()
#37 /home/yamojr/devyamo/edusaas/edusaas/vendor/laravel/framework/src/Illuminate/Pipeline/Pipeline.php(209): Illuminate\\Cookie\\Middleware\\AddQueuedCookiesToResponse->handle()
#38 /home/yamojr/devyamo/edusaas/edusaas/vendor/laravel/framework/src/Illuminate/Cookie/Middleware/EncryptCookies.php(75): Illuminate\\Pipeline\\Pipeline->{closure:{closure:Illuminate\\Pipeline\\Pipeline::carry():184}:185}()
#39 /home/yamojr/devyamo/edusaas/edusaas/vendor/laravel/framework/src/Illuminate/Pipeline/Pipeline.php(209): Illuminate\\Cookie\\Middleware\\EncryptCookies->handle()
#40 /home/yamojr/devyamo/edusaas/edusaas/vendor/laravel/framework/src/Illuminate/Pipeline/Pipeline.php(127): Illuminate\\Pipeline\\Pipeline->{closure:{closure:Illuminate\\Pipeline\\Pipeline::carry():184}:185}()
#41 /home/yamojr/devyamo/edusaas/edusaas/vendor/laravel/framework/src/Illuminate/Routing/Router.php(807): Illuminate\\Pipeline\\Pipeline->then()
#42 /home/yamojr/devyamo/edusaas/edusaas/vendor/laravel/framework/src/Illuminate/Routing/Router.php(786): Illuminate\\Routing\\Router->runRouteWithinStack()
#43 /home/yamojr/devyamo/edusaas/edusaas/vendor/laravel/framework/src/Illuminate/Routing/Router.php(750): Illuminate\\Routing\\Router->runRoute()
#44 /home/yamojr/devyamo/edusaas/edusaas/vendor/laravel/framework/src/Illuminate/Routing/Router.php(739): Illuminate\\Routing\\Router->dispatchToRoute()
#45 /home/yamojr/devyamo/edusaas/edusaas/vendor/laravel/framework/src/Illuminate/Foundation/Http/Kernel.php(201): Illuminate\\Routing\\Router->dispatch()
#46 /home/yamojr/devyamo/edusaas/edusaas/vendor/laravel/framework/src/Illuminate/Pipeline/Pipeline.php(170): Illuminate\\Foundation\\Http\\Kernel->{closure:Illuminate\\Foundation\\Http\\Kernel::dispatchToRouter():198}()
#47 /home/yamojr/devyamo/edusaas/edusaas/vendor/laravel/framework/src/Illuminate/Foundation/Http/Middleware/TransformsRequest.php(21): Illuminate\\Pipeline\\Pipeline->{closure:Illuminate\\Pipeline\\Pipeline::prepareDestination():168}()
#48 /home/yamojr/devyamo/edusaas/edusaas/vendor/laravel/framework/src/Illuminate/Foundation/Http/Middleware/ConvertEmptyStringsToNull.php(31): Illuminate\\Foundation\\Http\\Middleware\\TransformsRequest->handle()
#49 /home/yamojr/devyamo/edusaas/edusaas/vendor/laravel/framework/src/Illuminate/Pipeline/Pipeline.php(209): Illuminate\\Foundation\\Http\\Middleware\\ConvertEmptyStringsToNull->handle()
#50 /home/yamojr/devyamo/edusaas/edusaas/vendor/laravel/framework/src/Illuminate/Foundation/Http/Middleware/TransformsRequest.php(21): Illuminate\\Pipeline\\Pipeline->{closure:{closure:Illuminate\\Pipeline\\Pipeline::carry():184}:185}()
#51 /home/yamojr/devyamo/edusaas/edusaas/vendor/laravel/framework/src/Illuminate/Foundation/Http/Middleware/TrimStrings.php(51): Illuminate\\Foundation\\Http\\Middleware\\TransformsRequest->handle()
#52 /home/yamojr/devyamo/edusaas/edusaas/vendor/laravel/framework/src/Illuminate/Pipeline/Pipeline.php(209): Illuminate\\Foundation\\Http\\Middleware\\TrimStrings->handle()
#53 /home/yamojr/devyamo/edusaas/edusaas/vendor/laravel/framework/src/Illuminate/Http/Middleware/ValidatePostSize.php(27): Illuminate\\Pipeline\\Pipeline->{closure:{closure:Illuminate\\Pipeline\\Pipeline::carry():184}:185}()
#54 /home/yamojr/devyamo/edusaas/edusaas/vendor/laravel/framework/src/Illuminate/Pipeline/Pipeline.php(209): Illuminate\\Http\\Middleware\\ValidatePostSize->handle()
#55 /home/yamojr/devyamo/edusaas/edusaas/vendor/laravel/framework/src/Illuminate/Foundation/Http/Middleware/PreventRequestsDuringMaintenance.php(110): Illuminate\\Pipeline\\Pipeline->{closure:{closure:Illuminate\\Pipeline\\Pipeline::carry():184}:185}()
#56 /home/yamojr/devyamo/edusaas/edusaas/vendor/laravel/framework/src/Illuminate/Pipeline/Pipeline.php(209): Illuminate\\Foundation\\Http\\Middleware\\PreventRequestsDuringMaintenance->handle()
#57 /home/yamojr/devyamo/edusaas/edusaas/vendor/laravel/framework/src/Illuminate/Http/Middleware/HandleCors.php(49): Illuminate\\Pipeline\\Pipeline->{closure:{closure:Illuminate\\Pipeline\\Pipeline::carry():184}:185}()
#58 /home/yamojr/devyamo/edusaas/edusaas/vendor/laravel/framework/src/Illuminate/Pipeline/Pipeline.php(209): Illuminate\\Http\\Middleware\\HandleCors->handle()
#59 /home/yamojr/devyamo/edusaas/edusaas/vendor/laravel/framework/src/Illuminate/Http/Middleware/TrustProxies.php(58): Illuminate\\Pipeline\\Pipeline->{closure:{closure:Illuminate\\Pipeline\\Pipeline::carry():184}:185}()
#60 /home/yamojr/devyamo/edusaas/edusaas/vendor/laravel/framework/src/Illuminate/Pipeline/Pipeline.php(209): Illuminate\\Http\\Middleware\\TrustProxies->handle()
#61 /home/yamojr/devyamo/edusaas/edusaas/vendor/laravel/framework/src/Illuminate/Foundation/Http/Middleware/InvokeDeferredCallbacks.php(22): Illuminate\\Pipeline\\Pipeline->{closure:{closure:Illuminate\\Pipeline\\Pipeline::carry():184}:185}()
#62 /home/yamojr/devyamo/edusaas/edusaas/vendor/laravel/framework/src/Illuminate/Pipeline/Pipeline.php(209): Illuminate\\Foundation\\Http\\Middleware\\InvokeDeferredCallbacks->handle()
#63 /home/yamojr/devyamo/edusaas/edusaas/vendor/laravel/framework/src/Illuminate/Pipeline/Pipeline.php(127): Illuminate\\Pipeline\\Pipeline->{closure:{closure:Illuminate\\Pipeline\\Pipeline::carry():184}:185}()
#64 /home/yamojr/devyamo/edusaas/edusaas/vendor/laravel/framework/src/Illuminate/Foundation/Http/Kernel.php(176): Illuminate\\Pipeline\\Pipeline->then()
#65 /home/yamojr/devyamo/edusaas/edusaas/vendor/laravel/framework/src/Illuminate/Foundation/Http/Kernel.php(145): Illuminate\\Foundation\\Http\\Kernel->sendRequestThroughRouter()
#66 /home/yamojr/devyamo/edusaas/edusaas/vendor/laravel/framework/src/Illuminate/Foundation/Application.php(1220): Illuminate\\Foundation\\Http\\Kernel->handle()
#67 /home/yamojr/devyamo/edusaas/edusaas/public/index.php(19): Illuminate\\Foundation\\Application->handleRequest()
#68 /home/yamojr/devyamo/edusaas/edusaas/vendor/laravel/framework/src/Illuminate/Foundation/resources/server.php(23): require_once('...')
#69 {main}
"} 
[2026-05-14 09:53:00] local.ERROR: Call to undefined relationship [fees] on model [App\Models\Department]. {"userId":5,"exception":"[object] (Illuminate\\Database\\Eloquent\\RelationNotFoundException(code: 0): Call to undefined relationship [fees] on model [App\\Models\\Department]. at /home/yamojr/devyamo/edusaas/edusaas/vendor/laravel/framework/src/Illuminate/Database/Eloquent/RelationNotFoundException.php:35)
[stacktrace]
#0 /home/yamojr/devyamo/edusaas/edusaas/vendor/laravel/framework/src/Illuminate/Database/Eloquent/Builder.php(878): Illuminate\\Database\\Eloquent\\RelationNotFoundException::make()
#1 /home/yamojr/devyamo/edusaas/edusaas/vendor/laravel/framework/src/Illuminate/Database/Eloquent/Relations/Relation.php(120): Illuminate\\Database\\Eloquent\\Builder->{closure:Illuminate\\Database\\Eloquent\\Builder::getRelation():874}()
#2 /home/yamojr/devyamo/edusaas/edusaas/vendor/laravel/framework/src/Illuminate/Database/Eloquent/Builder.php(874): Illuminate\\Database\\Eloquent\\Relations\\Relation::noConstraints()
#3 /home/yamojr/devyamo/edusaas/edusaas/vendor/laravel/framework/src/Illuminate/Database/Eloquent/Builder.php(848): Illuminate\\Database\\Eloquent\\Builder->getRelation()
#4 /home/yamojr/devyamo/edusaas/edusaas/vendor/laravel/framework/src/Illuminate/Database/Eloquent/Builder.php(828): Illuminate\\Database\\Eloquent\\Builder->eagerLoadRelation()
#5 /home/yamojr/devyamo/edusaas/edusaas/vendor/laravel/framework/src/Illuminate/Database/Eloquent/Builder.php(794): Illuminate\\Database\\Eloquent\\Builder->eagerLoadRelations()
#6 /home/yamojr/devyamo/edusaas/edusaas/app/Http/Controllers/School/DashboardController.php(29): Illuminate\\Database\\Eloquent\\Builder->get()
#7 /home/yamojr/devyamo/edusaas/edusaas/vendor/laravel/framework/src/Illuminate/Cache/Repository.php(427): App\\Http\\Controllers\\School\\DashboardController->{closure:App\\Http\\Controllers\\School\\DashboardController::index():14}()
#8 /home/yamojr/devyamo/edusaas/edusaas/vendor/laravel/framework/src/Illuminate/Cache/CacheManager.php(453): Illuminate\\Cache\\Repository->remember()
#9 /home/yamojr/devyamo/edusaas/edusaas/vendor/laravel/framework/src/Illuminate/Support/Facades/Facade.php(361): Illuminate\\Cache\\CacheManager->__call()
#10 /home/yamojr/devyamo/edusaas/edusaas/app/Http/Controllers/School/DashboardController.php(14): Illuminate\\Support\\Facades\\Facade::__callStatic()
#11 /home/yamojr/devyamo/edusaas/edusaas/vendor/laravel/framework/src/Illuminate/Routing/Controller.php(54): App\\Http\\Controllers\\School\\DashboardController->index()
#12 /home/yamojr/devyamo/edusaas/edusaas/vendor/laravel/framework/src/Illuminate/Routing/ControllerDispatcher.php(44): Illuminate\\Routing\\Controller->callAction()
#13 /home/yamojr/devyamo/edusaas/edusaas/vendor/laravel/framework/src/Illuminate/Routing/Route.php(266): Illuminate\\Routing\\ControllerDispatcher->dispatch()
#14 /home/yamojr/devyamo/edusaas/edusaas/vendor/laravel/framework/src/Illuminate/Routing/Route.php(212): Illuminate\\Routing\\Route->runController()
#15 /home/yamojr/devyamo/edusaas/edusaas/vendor/laravel/framework/src/Illuminate/Routing/Router.php(808): Illuminate\\Routing\\Route->run()
#16 /home/yamojr/devyamo/edusaas/edusaas/vendor/laravel/framework/src/Illuminate/Pipeline/Pipeline.php(170): Illuminate\\Routing\\Router->{closure:Illuminate\\Routing\\Router::runRouteWithinStack():807}()
#17 /home/yamojr/devyamo/edusaas/edusaas/app/Http/Middleware/EnsureTenantAccess.php(26): Illuminate\\Pipeline\\Pipeline->{closure:Illuminate\\Pipeline\\Pipeline::prepareDestination():168}()
#18 /home/yamojr/devyamo/edusaas/edusaas/vendor/laravel/framework/src/Illuminate/Pipeline/Pipeline.php(209): App\\Http\\Middleware\\EnsureTenantAccess->handle()
#19 /home/yamojr/devyamo/edusaas/edusaas/vendor/spatie/laravel-permission/src/Middleware/RoleMiddleware.php(37): Illuminate\\Pipeline\\Pipeline->{closure:{closure:Illuminate\\Pipeline\\Pipeline::carry():184}:185}()
#20 /home/yamojr/devyamo/edusaas/edusaas/vendor/laravel/framework/src/Illuminate/Pipeline/Pipeline.php(209): Spatie\\Permission\\Middleware\\RoleMiddleware->handle()
#21 /home/yamojr/devyamo/edusaas/edusaas/app/Http/Middleware/IdentifyTenant.php(40): Illuminate\\Pipeline\\Pipeline->{closure:{closure:Illuminate\\Pipeline\\Pipeline::carry():184}:185}()
#22 /home/yamojr/devyamo/edusaas/edusaas/vendor/laravel/framework/src/Illuminate/Pipeline/Pipeline.php(209): App\\Http\\Middleware\\IdentifyTenant->handle()
#23 /home/yamojr/devyamo/edusaas/edusaas/vendor/inertiajs/inertia-laravel/src/Middleware.php(122): Illuminate\\Pipeline\\Pipeline->{closure:{closure:Illuminate\\Pipeline\\Pipeline::carry():184}:185}()
#24 /home/yamojr/devyamo/edusaas/edusaas/vendor/laravel/framework/src/Illuminate/Pipeline/Pipeline.php(209): Inertia\\Middleware->handle()
#25 /home/yamojr/devyamo/edusaas/edusaas/vendor/laravel/framework/src/Illuminate/Routing/Middleware/SubstituteBindings.php(51): Illuminate\\Pipeline\\Pipeline->{closure:{closure:Illuminate\\Pipeline\\Pipeline::carry():184}:185}()
#26 /home/yamojr/devyamo/edusaas/edusaas/vendor/laravel/framework/src/Illuminate/Pipeline/Pipeline.php(209): Illuminate\\Routing\\Middleware\\SubstituteBindings->handle()
#27 /home/yamojr/devyamo/edusaas/edusaas/vendor/laravel/framework/src/Illuminate/Auth/Middleware/Authenticate.php(64): Illuminate\\Pipeline\\Pipeline->{closure:{closure:Illuminate\\Pipeline\\Pipeline::carry():184}:185}()
#28 /home/yamojr/devyamo/edusaas/edusaas/vendor/laravel/framework/src/Illuminate/Pipeline/Pipeline.php(209): Illuminate\\Auth\\Middleware\\Authenticate->handle()
#29 /home/yamojr/devyamo/edusaas/edusaas/vendor/laravel/framework/src/Illuminate/Foundation/Http/Middleware/VerifyCsrfToken.php(88): Illuminate\\Pipeline\\Pipeline->{closure:{closure:Illuminate\\Pipeline\\Pipeline::carry():184}:185}()
#30 /home/yamojr/devyamo/edusaas/edusaas/vendor/laravel/framework/src/Illuminate/Pipeline/Pipeline.php(209): Illuminate\\Foundation\\Http\\Middleware\\VerifyCsrfToken->handle()
#31 /home/yamojr/devyamo/edusaas/edusaas/vendor/laravel/framework/src/Illuminate/View/Middleware/ShareErrorsFromSession.php(49): Illuminate\\Pipeline\\Pipeline->{closure:{closure:Illuminate\\Pipeline\\Pipeline::carry():184}:185}()
#32 /home/yamojr/devyamo/edusaas/edusaas/vendor/laravel/framework/src/Illuminate/Pipeline/Pipeline.php(209): Illuminate\\View\\Middleware\\ShareErrorsFromSession->handle()
#33 /home/yamojr/devyamo/edusaas/edusaas/vendor/laravel/framework/src/Illuminate/Session/Middleware/StartSession.php(121): Illuminate\\Pipeline\\Pipeline->{closure:{closure:Illuminate\\Pipeline\\Pipeline::carry():184}:185}()
#34 /home/yamojr/devyamo/edusaas/edusaas/vendor/laravel/framework/src/Illuminate/Session/Middleware/StartSession.php(64): Illuminate\\Session\\Middleware\\StartSession->handleStatefulRequest()
#35 /home/yamojr/devyamo/edusaas/edusaas/vendor/laravel/framework/src/Illuminate/Pipeline/Pipeline.php(209): Illuminate\\Session\\Middleware\\StartSession->handle()
#36 /home/yamojr/devyamo/edusaas/edusaas/vendor/laravel/framework/src/Illuminate/Cookie/Middleware/AddQueuedCookiesToResponse.php(37): Illuminate\\Pipeline\\Pipeline->{closure:{closure:Illuminate\\Pipeline\\Pipeline::carry():184}:185}()
#37 /home/yamojr/devyamo/edusaas/edusaas/vendor/laravel/framework/src/Illuminate/Pipeline/Pipeline.php(209): Illuminate\\Cookie\\Middleware\\AddQueuedCookiesToResponse->handle()
#38 /home/yamojr/devyamo/edusaas/edusaas/vendor/laravel/framework/src/Illuminate/Cookie/Middleware/EncryptCookies.php(75): Illuminate\\Pipeline\\Pipeline->{closure:{closure:Illuminate\\Pipeline\\Pipeline::carry():184}:185}()
#39 /home/yamojr/devyamo/edusaas/edusaas/vendor/laravel/framework/src/Illuminate/Pipeline/Pipeline.php(209): Illuminate\\Cookie\\Middleware\\EncryptCookies->handle()
#40 /home/yamojr/devyamo/edusaas/edusaas/vendor/laravel/framework/src/Illuminate/Pipeline/Pipeline.php(127): Illuminate\\Pipeline\\Pipeline->{closure:{closure:Illuminate\\Pipeline\\Pipeline::carry():184}:185}()
#41 /home/yamojr/devyamo/edusaas/edusaas/vendor/laravel/framework/src/Illuminate/Routing/Router.php(807): Illuminate\\Pipeline\\Pipeline->then()
#42 /home/yamojr/devyamo/edusaas/edusaas/vendor/laravel/framework/src/Illuminate/Routing/Router.php(786): Illuminate\\Routing\\Router->runRouteWithinStack()
#43 /home/yamojr/devyamo/edusaas/edusaas/vendor/laravel/framework/src/Illuminate/Routing/Router.php(750): Illuminate\\Routing\\Router->runRoute()
#44 /home/yamojr/devyamo/edusaas/edusaas/vendor/laravel/framework/src/Illuminate/Routing/Router.php(739): Illuminate\\Routing\\Router->dispatchToRoute()
#45 /home/yamojr/devyamo/edusaas/edusaas/vendor/laravel/framework/src/Illuminate/Foundation/Http/Kernel.php(201): Illuminate\\Routing\\Router->dispatch()
#46 /home/yamojr/devyamo/edusaas/edusaas/vendor/laravel/framework/src/Illuminate/Pipeline/Pipeline.php(170): Illuminate\\Foundation\\Http\\Kernel->{closure:Illuminate\\Foundation\\Http\\Kernel::dispatchToRouter():198}()
#47 /home/yamojr/devyamo/edusaas/edusaas/vendor/laravel/framework/src/Illuminate/Foundation/Http/Middleware/TransformsRequest.php(21): Illuminate\\Pipeline\\Pipeline->{closure:Illuminate\\Pipeline\\Pipeline::prepareDestination():168}()
#48 /home/yamojr/devyamo/edusaas/edusaas/vendor/laravel/framework/src/Illuminate/Foundation/Http/Middleware/ConvertEmptyStringsToNull.php(31): Illuminate\\Foundation\\Http\\Middleware\\TransformsRequest->handle()
#49 /home/yamojr/devyamo/edusaas/edusaas/vendor/laravel/framework/src/Illuminate/Pipeline/Pipeline.php(209): Illuminate\\Foundation\\Http\\Middleware\\ConvertEmptyStringsToNull->handle()
#50 /home/yamojr/devyamo/edusaas/edusaas/vendor/laravel/framework/src/Illuminate/Foundation/Http/Middleware/TransformsRequest.php(21): Illuminate\\Pipeline\\Pipeline->{closure:{closure:Illuminate\\Pipeline\\Pipeline::carry():184}:185}()
#51 /home/yamojr/devyamo/edusaas/edusaas/vendor/laravel/framework/src/Illuminate/Foundation/Http/Middleware/TrimStrings.php(51): Illuminate\\Foundation\\Http\\Middleware\\TransformsRequest->handle()
#52 /home/yamojr/devyamo/edusaas/edusaas/vendor/laravel/framework/src/Illuminate/Pipeline/Pipeline.php(209): Illuminate\\Foundation\\Http\\Middleware\\TrimStrings->handle()
#53 /home/yamojr/devyamo/edusaas/edusaas/vendor/laravel/framework/src/Illuminate/Http/Middleware/ValidatePostSize.php(27): Illuminate\\Pipeline\\Pipeline->{closure:{closure:Illuminate\\Pipeline\\Pipeline::carry():184}:185}()
#54 /home/yamojr/devyamo/edusaas/edusaas/vendor/laravel/framework/src/Illuminate/Pipeline/Pipeline.php(209): Illuminate\\Http\\Middleware\\ValidatePostSize->handle()
#55 /home/yamojr/devyamo/edusaas/edusaas/vendor/laravel/framework/src/Illuminate/Foundation/Http/Middleware/PreventRequestsDuringMaintenance.php(110): Illuminate\\Pipeline\\Pipeline->{closure:{closure:Illuminate\\Pipeline\\Pipeline::carry():184}:185}()
#56 /home/yamojr/devyamo/edusaas/edusaas/vendor/laravel/framework/src/Illuminate/Pipeline/Pipeline.php(209): Illuminate\\Foundation\\Http\\Middleware\\PreventRequestsDuringMaintenance->handle()
#57 /home/yamojr/devyamo/edusaas/edusaas/vendor/laravel/framework/src/Illuminate/Http/Middleware/HandleCors.php(49): Illuminate\\Pipeline\\Pipeline->{closure:{closure:Illuminate\\Pipeline\\Pipeline::carry():184}:185}()
#58 /home/yamojr/devyamo/edusaas/edusaas/vendor/laravel/framework/src/Illuminate/Pipeline/Pipeline.php(209): Illuminate\\Http\\Middleware\\HandleCors->handle()
#59 /home/yamojr/devyamo/edusaas/edusaas/vendor/laravel/framework/src/Illuminate/Http/Middleware/TrustProxies.php(58): Illuminate\\Pipeline\\Pipeline->{closure:{closure:Illuminate\\Pipeline\\Pipeline::carry():184}:185}()
#60 /home/yamojr/devyamo/edusaas/edusaas/vendor/laravel/framework/src/Illuminate/Pipeline/Pipeline.php(209): Illuminate\\Http\\Middleware\\TrustProxies->handle()
#61 /home/yamojr/devyamo/edusaas/edusaas/vendor/laravel/framework/src/Illuminate/Foundation/Http/Middleware/InvokeDeferredCallbacks.php(22): Illuminate\\Pipeline\\Pipeline->{closure:{closure:Illuminate\\Pipeline\\Pipeline::carry():184}:185}()
#62 /home/yamojr/devyamo/edusaas/edusaas/vendor/laravel/framework/src/Illuminate/Pipeline/Pipeline.php(209): Illuminate\\Foundation\\Http\\Middleware\\InvokeDeferredCallbacks->handle()
#63 /home/yamojr/devyamo/edusaas/edusaas/vendor/laravel/framework/src/Illuminate/Pipeline/Pipeline.php(127): Illuminate\\Pipeline\\Pipeline->{closure:{closure:Illuminate\\Pipeline\\Pipeline::carry():184}:185}()
#64 /home/yamojr/devyamo/edusaas/edusaas/vendor/laravel/framework/src/Illuminate/Foundation/Http/Kernel.php(176): Illuminate\\Pipeline\\Pipeline->then()
#65 /home/yamojr/devyamo/edusaas/edusaas/vendor/laravel/framework/src/Illuminate/Foundation/Http/Kernel.php(145): Illuminate\\Foundation\\Http\\Kernel->sendRequestThroughRouter()
#66 /home/yamojr/devyamo/edusaas/edusaas/vendor/laravel/framework/src/Illuminate/Foundation/Application.php(1220): Illuminate\\Foundation\\Http\\Kernel->handle()
#67 /home/yamojr/devyamo/edusaas/edusaas/public/index.php(19): Illuminate\\Foundation\\Application->handleRequest()
#68 /home/yamojr/devyamo/edusaas/edusaas/vendor/laravel/framework/src/Illuminate/Foundation/resources/server.php(23): require_once('...')
#69 {main}
"} 
[2026-05-14 10:04:15] local.ERROR: Call to undefined relationship [semesters] on model [App\Models\AcademicSession]. {"userId":5,"exception":"[object] (Illuminate\\Database\\Eloquent\\RelationNotFoundException(code: 0): Call to undefined relationship [semesters] on model [App\\Models\\AcademicSession]. at /home/yamojr/devyamo/edusaas/edusaas/vendor/laravel/framework/src/Illuminate/Database/Eloquent/RelationNotFoundException.php:35)
[stacktrace]
#0 /home/yamojr/devyamo/edusaas/edusaas/vendor/laravel/framework/src/Illuminate/Database/Eloquent/Builder.php(878): Illuminate\\Database\\Eloquent\\RelationNotFoundException::make()
#1 /home/yamojr/devyamo/edusaas/edusaas/vendor/laravel/framework/src/Illuminate/Database/Eloquent/Relations/Relation.php(120): Illuminate\\Database\\Eloquent\\Builder->{closure:Illuminate\\Database\\Eloquent\\Builder::getRelation():874}()
#2 /home/yamojr/devyamo/edusaas/edusaas/vendor/laravel/framework/src/Illuminate/Database/Eloquent/Builder.php(874): Illuminate\\Database\\Eloquent\\Relations\\Relation::noConstraints()
#3 /home/yamojr/devyamo/edusaas/edusaas/vendor/laravel/framework/src/Illuminate/Database/Eloquent/Builder.php(848): Illuminate\\Database\\Eloquent\\Builder->getRelation()
#4 /home/yamojr/devyamo/edusaas/edusaas/vendor/laravel/framework/src/Illuminate/Database/Eloquent/Builder.php(828): Illuminate\\Database\\Eloquent\\Builder->eagerLoadRelation()
#5 /home/yamojr/devyamo/edusaas/edusaas/vendor/laravel/framework/src/Illuminate/Database/Eloquent/Builder.php(794): Illuminate\\Database\\Eloquent\\Builder->eagerLoadRelations()
#6 /home/yamojr/devyamo/edusaas/edusaas/app/Http/Controllers/Registrar/DashboardController.php(43): Illuminate\\Database\\Eloquent\\Builder->get()
#7 /home/yamojr/devyamo/edusaas/edusaas/vendor/laravel/framework/src/Illuminate/Routing/Controller.php(54): App\\Http\\Controllers\\Registrar\\DashboardController->calendar()
#8 /home/yamojr/devyamo/edusaas/edusaas/vendor/laravel/framework/src/Illuminate/Routing/ControllerDispatcher.php(44): Illuminate\\Routing\\Controller->callAction()
#9 /home/yamojr/devyamo/edusaas/edusaas/vendor/laravel/framework/src/Illuminate/Routing/Route.php(266): Illuminate\\Routing\\ControllerDispatcher->dispatch()
#10 /home/yamojr/devyamo/edusaas/edusaas/vendor/laravel/framework/src/Illuminate/Routing/Route.php(212): Illuminate\\Routing\\Route->runController()
#11 /home/yamojr/devyamo/edusaas/edusaas/vendor/laravel/framework/src/Illuminate/Routing/Router.php(808): Illuminate\\Routing\\Route->run()
#12 /home/yamojr/devyamo/edusaas/edusaas/vendor/laravel/framework/src/Illuminate/Pipeline/Pipeline.php(170): Illuminate\\Routing\\Router->{closure:Illuminate\\Routing\\Router::runRouteWithinStack():807}()
#13 /home/yamojr/devyamo/edusaas/edusaas/vendor/spatie/laravel-permission/src/Middleware/RoleMiddleware.php(37): Illuminate\\Pipeline\\Pipeline->{closure:Illuminate\\Pipeline\\Pipeline::prepareDestination():168}()
#14 /home/yamojr/devyamo/edusaas/edusaas/vendor/laravel/framework/src/Illuminate/Pipeline/Pipeline.php(209): Spatie\\Permission\\Middleware\\RoleMiddleware->handle()
#15 /home/yamojr/devyamo/edusaas/edusaas/app/Http/Middleware/EnsureTenantAccess.php(26): Illuminate\\Pipeline\\Pipeline->{closure:{closure:Illuminate\\Pipeline\\Pipeline::carry():184}:185}()
#16 /home/yamojr/devyamo/edusaas/edusaas/vendor/laravel/framework/src/Illuminate/Pipeline/Pipeline.php(209): App\\Http\\Middleware\\EnsureTenantAccess->handle()
#17 /home/yamojr/devyamo/edusaas/edusaas/app/Http/Middleware/IdentifyTenant.php(40): Illuminate\\Pipeline\\Pipeline->{closure:{closure:Illuminate\\Pipeline\\Pipeline::carry():184}:185}()
#18 /home/yamojr/devyamo/edusaas/edusaas/vendor/laravel/framework/src/Illuminate/Pipeline/Pipeline.php(209): App\\Http\\Middleware\\IdentifyTenant->handle()
#19 /home/yamojr/devyamo/edusaas/edusaas/vendor/inertiajs/inertia-laravel/src/Middleware.php(122): Illuminate\\Pipeline\\Pipeline->{closure:{closure:Illuminate\\Pipeline\\Pipeline::carry():184}:185}()
#20 /home/yamojr/devyamo/edusaas/edusaas/vendor/laravel/framework/src/Illuminate/Pipeline/Pipeline.php(209): Inertia\\Middleware->handle()
#21 /home/yamojr/devyamo/edusaas/edusaas/vendor/laravel/framework/src/Illuminate/Routing/Middleware/SubstituteBindings.php(51): Illuminate\\Pipeline\\Pipeline->{closure:{closure:Illuminate\\Pipeline\\Pipeline::carry():184}:185}()
#22 /home/yamojr/devyamo/edusaas/edusaas/vendor/laravel/framework/src/Illuminate/Pipeline/Pipeline.php(209): Illuminate\\Routing\\Middleware\\SubstituteBindings->handle()
#23 /home/yamojr/devyamo/edusaas/edusaas/vendor/laravel/framework/src/Illuminate/Auth/Middleware/Authenticate.php(64): Illuminate\\Pipeline\\Pipeline->{closure:{closure:Illuminate\\Pipeline\\Pipeline::carry():184}:185}()
#24 /home/yamojr/devyamo/edusaas/edusaas/vendor/laravel/framework/src/Illuminate/Pipeline/Pipeline.php(209): Illuminate\\Auth\\Middleware\\Authenticate->handle()
#25 /home/yamojr/devyamo/edusaas/edusaas/vendor/laravel/framework/src/Illuminate/Foundation/Http/Middleware/VerifyCsrfToken.php(88): Illuminate\\Pipeline\\Pipeline->{closure:{closure:Illuminate\\Pipeline\\Pipeline::carry():184}:185}()
#26 /home/yamojr/devyamo/edusaas/edusaas/vendor/laravel/framework/src/Illuminate/Pipeline/Pipeline.php(209): Illuminate\\Foundation\\Http\\Middleware\\VerifyCsrfToken->handle()
#27 /home/yamojr/devyamo/edusaas/edusaas/vendor/laravel/framework/src/Illuminate/View/Middleware/ShareErrorsFromSession.php(49): Illuminate\\Pipeline\\Pipeline->{closure:{closure:Illuminate\\Pipeline\\Pipeline::carry():184}:185}()
#28 /home/yamojr/devyamo/edusaas/edusaas/vendor/laravel/framework/src/Illuminate/Pipeline/Pipeline.php(209): Illuminate\\View\\Middleware\\ShareErrorsFromSession->handle()
#29 /home/yamojr/devyamo/edusaas/edusaas/vendor/laravel/framework/src/Illuminate/Session/Middleware/StartSession.php(121): Illuminate\\Pipeline\\Pipeline->{closure:{closure:Illuminate\\Pipeline\\Pipeline::carry():184}:185}()
#30 /home/yamojr/devyamo/edusaas/edusaas/vendor/laravel/framework/src/Illuminate/Session/Middleware/StartSession.php(64): Illuminate\\Session\\Middleware\\StartSession->handleStatefulRequest()
#31 /home/yamojr/devyamo/edusaas/edusaas/vendor/laravel/framework/src/Illuminate/Pipeline/Pipeline.php(209): Illuminate\\Session\\Middleware\\StartSession->handle()
#32 /home/yamojr/devyamo/edusaas/edusaas/vendor/laravel/framework/src/Illuminate/Cookie/Middleware/AddQueuedCookiesToResponse.php(37): Illuminate\\Pipeline\\Pipeline->{closure:{closure:Illuminate\\Pipeline\\Pipeline::carry():184}:185}()
#33 /home/yamojr/devyamo/edusaas/edusaas/vendor/laravel/framework/src/Illuminate/Pipeline/Pipeline.php(209): Illuminate\\Cookie\\Middleware\\AddQueuedCookiesToResponse->handle()
#34 /home/yamojr/devyamo/edusaas/edusaas/vendor/laravel/framework/src/Illuminate/Cookie/Middleware/EncryptCookies.php(75): Illuminate\\Pipeline\\Pipeline->{closure:{closure:Illuminate\\Pipeline\\Pipeline::carry():184}:185}()
#35 /home/yamojr/devyamo/edusaas/edusaas/vendor/laravel/framework/src/Illuminate/Pipeline/Pipeline.php(209): Illuminate\\Cookie\\Middleware\\EncryptCookies->handle()
#36 /home/yamojr/devyamo/edusaas/edusaas/vendor/laravel/framework/src/Illuminate/Pipeline/Pipeline.php(127): Illuminate\\Pipeline\\Pipeline->{closure:{closure:Illuminate\\Pipeline\\Pipeline::carry():184}:185}()
#37 /home/yamojr/devyamo/edusaas/edusaas/vendor/laravel/framework/src/Illuminate/Routing/Router.php(807): Illuminate\\Pipeline\\Pipeline->then()
#38 /home/yamojr/devyamo/edusaas/edusaas/vendor/laravel/framework/src/Illuminate/Routing/Router.php(786): Illuminate\\Routing\\Router->runRouteWithinStack()
#39 /home/yamojr/devyamo/edusaas/edusaas/vendor/laravel/framework/src/Illuminate/Routing/Router.php(750): Illuminate\\Routing\\Router->runRoute()
#40 /home/yamojr/devyamo/edusaas/edusaas/vendor/laravel/framework/src/Illuminate/Routing/Router.php(739): Illuminate\\Routing\\Router->dispatchToRoute()
#41 /home/yamojr/devyamo/edusaas/edusaas/vendor/laravel/framework/src/Illuminate/Foundation/Http/Kernel.php(201): Illuminate\\Routing\\Router->dispatch()
#42 /home/yamojr/devyamo/edusaas/edusaas/vendor/laravel/framework/src/Illuminate/Pipeline/Pipeline.php(170): Illuminate\\Foundation\\Http\\Kernel->{closure:Illuminate\\Foundation\\Http\\Kernel::dispatchToRouter():198}()
#43 /home/yamojr/devyamo/edusaas/edusaas/vendor/laravel/framework/src/Illuminate/Foundation/Http/Middleware/TransformsRequest.php(21): Illuminate\\Pipeline\\Pipeline->{closure:Illuminate\\Pipeline\\Pipeline::prepareDestination():168}()
#44 /home/yamojr/devyamo/edusaas/edusaas/vendor/laravel/framework/src/Illuminate/Foundation/Http/Middleware/ConvertEmptyStringsToNull.php(31): Illuminate\\Foundation\\Http\\Middleware\\TransformsRequest->handle()
#45 /home/yamojr/devyamo/edusaas/edusaas/vendor/laravel/framework/src/Illuminate/Pipeline/Pipeline.php(209): Illuminate\\Foundation\\Http\\Middleware\\ConvertEmptyStringsToNull->handle()
#46 /home/yamojr/devyamo/edusaas/edusaas/vendor/laravel/framework/src/Illuminate/Foundation/Http/Middleware/TransformsRequest.php(21): Illuminate\\Pipeline\\Pipeline->{closure:{closure:Illuminate\\Pipeline\\Pipeline::carry():184}:185}()
#47 /home/yamojr/devyamo/edusaas/edusaas/vendor/laravel/framework/src/Illuminate/Foundation/Http/Middleware/TrimStrings.php(51): Illuminate\\Foundation\\Http\\Middleware\\TransformsRequest->handle()
#48 /home/yamojr/devyamo/edusaas/edusaas/vendor/laravel/framework/src/Illuminate/Pipeline/Pipeline.php(209): Illuminate\\Foundation\\Http\\Middleware\\TrimStrings->handle()
#49 /home/yamojr/devyamo/edusaas/edusaas/vendor/laravel/framework/src/Illuminate/Http/Middleware/ValidatePostSize.php(27): Illuminate\\Pipeline\\Pipeline->{closure:{closure:Illuminate\\Pipeline\\Pipeline::carry():184}:185}()
#50 /home/yamojr/devyamo/edusaas/edusaas/vendor/laravel/framework/src/Illuminate/Pipeline/Pipeline.php(209): Illuminate\\Http\\Middleware\\ValidatePostSize->handle()
#51 /home/yamojr/devyamo/edusaas/edusaas/vendor/laravel/framework/src/Illuminate/Foundation/Http/Middleware/PreventRequestsDuringMaintenance.php(110): Illuminate\\Pipeline\\Pipeline->{closure:{closure:Illuminate\\Pipeline\\Pipeline::carry():184}:185}()
#52 /home/yamojr/devyamo/edusaas/edusaas/vendor/laravel/framework/src/Illuminate/Pipeline/Pipeline.php(209): Illuminate\\Foundation\\Http\\Middleware\\PreventRequestsDuringMaintenance->handle()
#53 /home/yamojr/devyamo/edusaas/edusaas/vendor/laravel/framework/src/Illuminate/Http/Middleware/HandleCors.php(49): Illuminate\\Pipeline\\Pipeline->{closure:{closure:Illuminate\\Pipeline\\Pipeline::carry():184}:185}()
#54 /home/yamojr/devyamo/edusaas/edusaas/vendor/laravel/framework/src/Illuminate/Pipeline/Pipeline.php(209): Illuminate\\Http\\Middleware\\HandleCors->handle()
#55 /home/yamojr/devyamo/edusaas/edusaas/vendor/laravel/framework/src/Illuminate/Http/Middleware/TrustProxies.php(58): Illuminate\\Pipeline\\Pipeline->{closure:{closure:Illuminate\\Pipeline\\Pipeline::carry():184}:185}()
#56 /home/yamojr/devyamo/edusaas/edusaas/vendor/laravel/framework/src/Illuminate/Pipeline/Pipeline.php(209): Illuminate\\Http\\Middleware\\TrustProxies->handle()
#57 /home/yamojr/devyamo/edusaas/edusaas/vendor/laravel/framework/src/Illuminate/Foundation/Http/Middleware/InvokeDeferredCallbacks.php(22): Illuminate\\Pipeline\\Pipeline->{closure:{closure:Illuminate\\Pipeline\\Pipeline::carry():184}:185}()
#58 /home/yamojr/devyamo/edusaas/edusaas/vendor/laravel/framework/src/Illuminate/Pipeline/Pipeline.php(209): Illuminate\\Foundation\\Http\\Middleware\\InvokeDeferredCallbacks->handle()
#59 /home/yamojr/devyamo/edusaas/edusaas/vendor/laravel/framework/src/Illuminate/Pipeline/Pipeline.php(127): Illuminate\\Pipeline\\Pipeline->{closure:{closure:Illuminate\\Pipeline\\Pipeline::carry():184}:185}()
#60 /home/yamojr/devyamo/edusaas/edusaas/vendor/laravel/framework/src/Illuminate/Foundation/Http/Kernel.php(176): Illuminate\\Pipeline\\Pipeline->then()
#61 /home/yamojr/devyamo/edusaas/edusaas/vendor/laravel/framework/src/Illuminate/Foundation/Http/Kernel.php(145): Illuminate\\Foundation\\Http\\Kernel->sendRequestThroughRouter()
#62 /home/yamojr/devyamo/edusaas/edusaas/vendor/laravel/framework/src/Illuminate/Foundation/Application.php(1220): Illuminate\\Foundation\\Http\\Kernel->handle()
#63 /home/yamojr/devyamo/edusaas/edusaas/public/index.php(19): Illuminate\\Foundation\\Application->handleRequest()
#64 /home/yamojr/devyamo/edusaas/edusaas/vendor/laravel/framework/src/Illuminate/Foundation/resources/server.php(23): require_once('...')
#65 {main}
"} 
[2026-05-14 10:18:44] local.ERROR: Call to undefined relationship [semesters] on model [App\Models\AcademicSession]. {"userId":5,"exception":"[object] (Illuminate\\Database\\Eloquent\\RelationNotFoundException(code: 0): Call to undefined relationship [semesters] on model [App\\Models\\AcademicSession]. at /home/yamojr/devyamo/edusaas/edusaas/vendor/laravel/framework/src/Illuminate/Database/Eloquent/RelationNotFoundException.php:35)
[stacktrace]
#0 /home/yamojr/devyamo/edusaas/edusaas/vendor/laravel/framework/src/Illuminate/Database/Eloquent/Builder.php(878): Illuminate\\Database\\Eloquent\\RelationNotFoundException::make()
#1 /home/yamojr/devyamo/edusaas/edusaas/vendor/laravel/framework/src/Illuminate/Database/Eloquent/Relations/Relation.php(120): Illuminate\\Database\\Eloquent\\Builder->{closure:Illuminate\\Database\\Eloquent\\Builder::getRelation():874}()
#2 /home/yamojr/devyamo/edusaas/edusaas/vendor/laravel/framework/src/Illuminate/Database/Eloquent/Builder.php(874): Illuminate\\Database\\Eloquent\\Relations\\Relation::noConstraints()
#3 /home/yamojr/devyamo/edusaas/edusaas/vendor/laravel/framework/src/Illuminate/Database/Eloquent/Builder.php(848): Illuminate\\Database\\Eloquent\\Builder->getRelation()
#4 /home/yamojr/devyamo/edusaas/edusaas/vendor/laravel/framework/src/Illuminate/Database/Eloquent/Builder.php(828): Illuminate\\Database\\Eloquent\\Builder->eagerLoadRelation()
#5 /home/yamojr/devyamo/edusaas/edusaas/vendor/laravel/framework/src/Illuminate/Database/Eloquent/Builder.php(794): Illuminate\\Database\\Eloquent\\Builder->eagerLoadRelations()
#6 /home/yamojr/devyamo/edusaas/edusaas/app/Http/Controllers/Registrar/DashboardController.php(43): Illuminate\\Database\\Eloquent\\Builder->get()
#7 /home/yamojr/devyamo/edusaas/edusaas/vendor/laravel/framework/src/Illuminate/Routing/Controller.php(54): App\\Http\\Controllers\\Registrar\\DashboardController->calendar()
#8 /home/yamojr/devyamo/edusaas/edusaas/vendor/laravel/framework/src/Illuminate/Routing/ControllerDispatcher.php(44): Illuminate\\Routing\\Controller->callAction()
#9 /home/yamojr/devyamo/edusaas/edusaas/vendor/laravel/framework/src/Illuminate/Routing/Route.php(266): Illuminate\\Routing\\ControllerDispatcher->dispatch()
#10 /home/yamojr/devyamo/edusaas/edusaas/vendor/laravel/framework/src/Illuminate/Routing/Route.php(212): Illuminate\\Routing\\Route->runController()
#11 /home/yamojr/devyamo/edusaas/edusaas/vendor/laravel/framework/src/Illuminate/Routing/Router.php(808): Illuminate\\Routing\\Route->run()
#12 /home/yamojr/devyamo/edusaas/edusaas/vendor/laravel/framework/src/Illuminate/Pipeline/Pipeline.php(170): Illuminate\\Routing\\Router->{closure:Illuminate\\Routing\\Router::runRouteWithinStack():807}()
#13 /home/yamojr/devyamo/edusaas/edusaas/vendor/spatie/laravel-permission/src/Middleware/RoleMiddleware.php(37): Illuminate\\Pipeline\\Pipeline->{closure:Illuminate\\Pipeline\\Pipeline::prepareDestination():168}()
#14 /home/yamojr/devyamo/edusaas/edusaas/vendor/laravel/framework/src/Illuminate/Pipeline/Pipeline.php(209): Spatie\\Permission\\Middleware\\RoleMiddleware->handle()
#15 /home/yamojr/devyamo/edusaas/edusaas/app/Http/Middleware/EnsureTenantAccess.php(26): Illuminate\\Pipeline\\Pipeline->{closure:{closure:Illuminate\\Pipeline\\Pipeline::carry():184}:185}()
#16 /home/yamojr/devyamo/edusaas/edusaas/vendor/laravel/framework/src/Illuminate/Pipeline/Pipeline.php(209): App\\Http\\Middleware\\EnsureTenantAccess->handle()
#17 /home/yamojr/devyamo/edusaas/edusaas/app/Http/Middleware/IdentifyTenant.php(40): Illuminate\\Pipeline\\Pipeline->{closure:{closure:Illuminate\\Pipeline\\Pipeline::carry():184}:185}()
#18 /home/yamojr/devyamo/edusaas/edusaas/vendor/laravel/framework/src/Illuminate/Pipeline/Pipeline.php(209): App\\Http\\Middleware\\IdentifyTenant->handle()
#19 /home/yamojr/devyamo/edusaas/edusaas/vendor/inertiajs/inertia-laravel/src/Middleware.php(122): Illuminate\\Pipeline\\Pipeline->{closure:{closure:Illuminate\\Pipeline\\Pipeline::carry():184}:185}()
#20 /home/yamojr/devyamo/edusaas/edusaas/vendor/laravel/framework/src/Illuminate/Pipeline/Pipeline.php(209): Inertia\\Middleware->handle()
#21 /home/yamojr/devyamo/edusaas/edusaas/vendor/laravel/framework/src/Illuminate/Routing/Middleware/SubstituteBindings.php(51): Illuminate\\Pipeline\\Pipeline->{closure:{closure:Illuminate\\Pipeline\\Pipeline::carry():184}:185}()
#22 /home/yamojr/devyamo/edusaas/edusaas/vendor/laravel/framework/src/Illuminate/Pipeline/Pipeline.php(209): Illuminate\\Routing\\Middleware\\SubstituteBindings->handle()
#23 /home/yamojr/devyamo/edusaas/edusaas/vendor/laravel/framework/src/Illuminate/Auth/Middleware/Authenticate.php(64): Illuminate\\Pipeline\\Pipeline->{closure:{closure:Illuminate\\Pipeline\\Pipeline::carry():184}:185}()
#24 /home/yamojr/devyamo/edusaas/edusaas/vendor/laravel/framework/src/Illuminate/Pipeline/Pipeline.php(209): Illuminate\\Auth\\Middleware\\Authenticate->handle()
#25 /home/yamojr/devyamo/edusaas/edusaas/vendor/laravel/framework/src/Illuminate/Foundation/Http/Middleware/VerifyCsrfToken.php(88): Illuminate\\Pipeline\\Pipeline->{closure:{closure:Illuminate\\Pipeline\\Pipeline::carry():184}:185}()
#26 /home/yamojr/devyamo/edusaas/edusaas/vendor/laravel/framework/src/Illuminate/Pipeline/Pipeline.php(209): Illuminate\\Foundation\\Http\\Middleware\\VerifyCsrfToken->handle()
#27 /home/yamojr/devyamo/edusaas/edusaas/vendor/laravel/framework/src/Illuminate/View/Middleware/ShareErrorsFromSession.php(49): Illuminate\\Pipeline\\Pipeline->{closure:{closure:Illuminate\\Pipeline\\Pipeline::carry():184}:185}()
#28 /home/yamojr/devyamo/edusaas/edusaas/vendor/laravel/framework/src/Illuminate/Pipeline/Pipeline.php(209): Illuminate\\View\\Middleware\\ShareErrorsFromSession->handle()
#29 /home/yamojr/devyamo/edusaas/edusaas/vendor/laravel/framework/src/Illuminate/Session/Middleware/StartSession.php(121): Illuminate\\Pipeline\\Pipeline->{closure:{closure:Illuminate\\Pipeline\\Pipeline::carry():184}:185}()
#30 /home/yamojr/devyamo/edusaas/edusaas/vendor/laravel/framework/src/Illuminate/Session/Middleware/StartSession.php(64): Illuminate\\Session\\Middleware\\StartSession->handleStatefulRequest()
#31 /home/yamojr/devyamo/edusaas/edusaas/vendor/laravel/framework/src/Illuminate/Pipeline/Pipeline.php(209): Illuminate\\Session\\Middleware\\StartSession->handle()
#32 /home/yamojr/devyamo/edusaas/edusaas/vendor/laravel/framework/src/Illuminate/Cookie/Middleware/AddQueuedCookiesToResponse.php(37): Illuminate\\Pipeline\\Pipeline->{closure:{closure:Illuminate\\Pipeline\\Pipeline::carry():184}:185}()
#33 /home/yamojr/devyamo/edusaas/edusaas/vendor/laravel/framework/src/Illuminate/Pipeline/Pipeline.php(209): Illuminate\\Cookie\\Middleware\\AddQueuedCookiesToResponse->handle()
#34 /home/yamojr/devyamo/edusaas/edusaas/vendor/laravel/framework/src/Illuminate/Cookie/Middleware/EncryptCookies.php(75): Illuminate\\Pipeline\\Pipeline->{closure:{closure:Illuminate\\Pipeline\\Pipeline::carry():184}:185}()
#35 /home/yamojr/devyamo/edusaas/edusaas/vendor/laravel/framework/src/Illuminate/Pipeline/Pipeline.php(209): Illuminate\\Cookie\\Middleware\\EncryptCookies->handle()
#36 /home/yamojr/devyamo/edusaas/edusaas/vendor/laravel/framework/src/Illuminate/Pipeline/Pipeline.php(127): Illuminate\\Pipeline\\Pipeline->{closure:{closure:Illuminate\\Pipeline\\Pipeline::carry():184}:185}()
#37 /home/yamojr/devyamo/edusaas/edusaas/vendor/laravel/framework/src/Illuminate/Routing/Router.php(807): Illuminate\\Pipeline\\Pipeline->then()
#38 /home/yamojr/devyamo/edusaas/edusaas/vendor/laravel/framework/src/Illuminate/Routing/Router.php(786): Illuminate\\Routing\\Router->runRouteWithinStack()
#39 /home/yamojr/devyamo/edusaas/edusaas/vendor/laravel/framework/src/Illuminate/Routing/Router.php(750): Illuminate\\Routing\\Router->runRoute()
#40 /home/yamojr/devyamo/edusaas/edusaas/vendor/laravel/framework/src/Illuminate/Routing/Router.php(739): Illuminate\\Routing\\Router->dispatchToRoute()
#41 /home/yamojr/devyamo/edusaas/edusaas/vendor/laravel/framework/src/Illuminate/Foundation/Http/Kernel.php(201): Illuminate\\Routing\\Router->dispatch()
#42 /home/yamojr/devyamo/edusaas/edusaas/vendor/laravel/framework/src/Illuminate/Pipeline/Pipeline.php(170): Illuminate\\Foundation\\Http\\Kernel->{closure:Illuminate\\Foundation\\Http\\Kernel::dispatchToRouter():198}()
#43 /home/yamojr/devyamo/edusaas/edusaas/vendor/laravel/framework/src/Illuminate/Foundation/Http/Middleware/TransformsRequest.php(21): Illuminate\\Pipeline\\Pipeline->{closure:Illuminate\\Pipeline\\Pipeline::prepareDestination():168}()
#44 /home/yamojr/devyamo/edusaas/edusaas/vendor/laravel/framework/src/Illuminate/Foundation/Http/Middleware/ConvertEmptyStringsToNull.php(31): Illuminate\\Foundation\\Http\\Middleware\\TransformsRequest->handle()
#45 /home/yamojr/devyamo/edusaas/edusaas/vendor/laravel/framework/src/Illuminate/Pipeline/Pipeline.php(209): Illuminate\\Foundation\\Http\\Middleware\\ConvertEmptyStringsToNull->handle()
#46 /home/yamojr/devyamo/edusaas/edusaas/vendor/laravel/framework/src/Illuminate/Foundation/Http/Middleware/TransformsRequest.php(21): Illuminate\\Pipeline\\Pipeline->{closure:{closure:Illuminate\\Pipeline\\Pipeline::carry():184}:185}()
#47 /home/yamojr/devyamo/edusaas/edusaas/vendor/laravel/framework/src/Illuminate/Foundation/Http/Middleware/TrimStrings.php(51): Illuminate\\Foundation\\Http\\Middleware\\TransformsRequest->handle()
#48 /home/yamojr/devyamo/edusaas/edusaas/vendor/laravel/framework/src/Illuminate/Pipeline/Pipeline.php(209): Illuminate\\Foundation\\Http\\Middleware\\TrimStrings->handle()
#49 /home/yamojr/devyamo/edusaas/edusaas/vendor/laravel/framework/src/Illuminate/Http/Middleware/ValidatePostSize.php(27): Illuminate\\Pipeline\\Pipeline->{closure:{closure:Illuminate\\Pipeline\\Pipeline::carry():184}:185}()
#50 /home/yamojr/devyamo/edusaas/edusaas/vendor/laravel/framework/src/Illuminate/Pipeline/Pipeline.php(209): Illuminate\\Http\\Middleware\\ValidatePostSize->handle()
#51 /home/yamojr/devyamo/edusaas/edusaas/vendor/laravel/framework/src/Illuminate/Foundation/Http/Middleware/PreventRequestsDuringMaintenance.php(110): Illuminate\\Pipeline\\Pipeline->{closure:{closure:Illuminate\\Pipeline\\Pipeline::carry():184}:185}()
#52 /home/yamojr/devyamo/edusaas/edusaas/vendor/laravel/framework/src/Illuminate/Pipeline/Pipeline.php(209): Illuminate\\Foundation\\Http\\Middleware\\PreventRequestsDuringMaintenance->handle()
#53 /home/yamojr/devyamo/edusaas/edusaas/vendor/laravel/framework/src/Illuminate/Http/Middleware/HandleCors.php(49): Illuminate\\Pipeline\\Pipeline->{closure:{closure:Illuminate\\Pipeline\\Pipeline::carry():184}:185}()
#54 /home/yamojr/devyamo/edusaas/edusaas/vendor/laravel/framework/src/Illuminate/Pipeline/Pipeline.php(209): Illuminate\\Http\\Middleware\\HandleCors->handle()
#55 /home/yamojr/devyamo/edusaas/edusaas/vendor/laravel/framework/src/Illuminate/Http/Middleware/TrustProxies.php(58): Illuminate\\Pipeline\\Pipeline->{closure:{closure:Illuminate\\Pipeline\\Pipeline::carry():184}:185}()
#56 /home/yamojr/devyamo/edusaas/edusaas/vendor/laravel/framework/src/Illuminate/Pipeline/Pipeline.php(209): Illuminate\\Http\\Middleware\\TrustProxies->handle()
#57 /home/yamojr/devyamo/edusaas/edusaas/vendor/laravel/framework/src/Illuminate/Foundation/Http/Middleware/InvokeDeferredCallbacks.php(22): Illuminate\\Pipeline\\Pipeline->{closure:{closure:Illuminate\\Pipeline\\Pipeline::carry():184}:185}()
#58 /home/yamojr/devyamo/edusaas/edusaas/vendor/laravel/framework/src/Illuminate/Pipeline/Pipeline.php(209): Illuminate\\Foundation\\Http\\Middleware\\InvokeDeferredCallbacks->handle()
#59 /home/yamojr/devyamo/edusaas/edusaas/vendor/laravel/framework/src/Illuminate/Pipeline/Pipeline.php(127): Illuminate\\Pipeline\\Pipeline->{closure:{closure:Illuminate\\Pipeline\\Pipeline::carry():184}:185}()
#60 /home/yamojr/devyamo/edusaas/edusaas/vendor/laravel/framework/src/Illuminate/Foundation/Http/Kernel.php(176): Illuminate\\Pipeline\\Pipeline->then()
#61 /home/yamojr/devyamo/edusaas/edusaas/vendor/laravel/framework/src/Illuminate/Foundation/Http/Kernel.php(145): Illuminate\\Foundation\\Http\\Kernel->sendRequestThroughRouter()
#62 /home/yamojr/devyamo/edusaas/edusaas/vendor/laravel/framework/src/Illuminate/Foundation/Application.php(1220): Illuminate\\Foundation\\Http\\Kernel->handle()
#63 /home/yamojr/devyamo/edusaas/edusaas/public/index.php(19): Illuminate\\Foundation\\Application->handleRequest()
#64 /home/yamojr/devyamo/edusaas/edusaas/vendor/laravel/framework/src/Illuminate/Foundation/resources/server.php(23): require_once('...')
#65 {main}
"} 
[2026-05-14 13:03:10] local.ERROR: SQLSTATE[42S22]: Column not found: 1054 Unknown column 'payments.student_id' in 'on clause' (Connection: mysql, SQL: select `departments`.`name`, `departments`.`code`, SUM(payments.amount) as total_revenue from `departments` left join `fees` on `fees`.`department_id` = `departments`.`id` left join `student_invoices` on `student_invoices`.`fee_id` = `fees`.`id` left join `payments` on `payments`.`student_id` = `student_invoices`.`student_id` where `payments`.`status` = successful and `departments`.`deleted_at` is null group by `departments`.`id`, `departments`.`name`, `departments`.`code`) {"userId":1,"exception":"[object] (Illuminate\\Database\\QueryException(code: 42S22): SQLSTATE[42S22]: Column not found: 1054 Unknown column 'payments.student_id' in 'on clause' (Connection: mysql, SQL: select `departments`.`name`, `departments`.`code`, SUM(payments.amount) as total_revenue from `departments` left join `fees` on `fees`.`department_id` = `departments`.`id` left join `student_invoices` on `student_invoices`.`fee_id` = `fees`.`id` left join `payments` on `payments`.`student_id` = `student_invoices`.`student_id` where `payments`.`status` = successful and `departments`.`deleted_at` is null group by `departments`.`id`, `departments`.`name`, `departments`.`code`) at /home/yamojr/devyamo/edusaas/edusaas/vendor/laravel/framework/src/Illuminate/Database/Connection.php:825)
[stacktrace]
#0 /home/yamojr/devyamo/edusaas/edusaas/vendor/laravel/framework/src/Illuminate/Database/Connection.php(779): Illuminate\\Database\\Connection->runQueryCallback()
#1 /home/yamojr/devyamo/edusaas/edusaas/vendor/laravel/framework/src/Illuminate/Database/Connection.php(398): Illuminate\\Database\\Connection->run()
#2 /home/yamojr/devyamo/edusaas/edusaas/vendor/laravel/framework/src/Illuminate/Database/Query/Builder.php(3106): Illuminate\\Database\\Connection->select()
#3 /home/yamojr/devyamo/edusaas/edusaas/vendor/laravel/framework/src/Illuminate/Database/Query/Builder.php(3091): Illuminate\\Database\\Query\\Builder->runSelect()
#4 /home/yamojr/devyamo/edusaas/edusaas/vendor/laravel/framework/src/Illuminate/Database/Query/Builder.php(3676): Illuminate\\Database\\Query\\Builder->{closure:Illuminate\\Database\\Query\\Builder::get():3090}()
#5 /home/yamojr/devyamo/edusaas/edusaas/vendor/laravel/framework/src/Illuminate/Database/Query/Builder.php(3090): Illuminate\\Database\\Query\\Builder->onceWithColumns()
#6 /home/yamojr/devyamo/edusaas/edusaas/vendor/laravel/framework/src/Illuminate/Database/Eloquent/Builder.php(811): Illuminate\\Database\\Query\\Builder->get()
#7 /home/yamojr/devyamo/edusaas/edusaas/vendor/laravel/framework/src/Illuminate/Database/Eloquent/Builder.php(793): Illuminate\\Database\\Eloquent\\Builder->getModels()
#8 /home/yamojr/devyamo/edusaas/edusaas/app/Http/Controllers/School/DashboardController.php(47): Illuminate\\Database\\Eloquent\\Builder->get()
#9 /home/yamojr/devyamo/edusaas/edusaas/vendor/laravel/framework/src/Illuminate/Routing/Controller.php(54): App\\Http\\Controllers\\School\\DashboardController->index()
#10 /home/yamojr/devyamo/edusaas/edusaas/vendor/laravel/framework/src/Illuminate/Routing/ControllerDispatcher.php(44): Illuminate\\Routing\\Controller->callAction()
#11 /home/yamojr/devyamo/edusaas/edusaas/vendor/laravel/framework/src/Illuminate/Routing/Route.php(266): Illuminate\\Routing\\ControllerDispatcher->dispatch()
#12 /home/yamojr/devyamo/edusaas/edusaas/vendor/laravel/framework/src/Illuminate/Routing/Route.php(212): Illuminate\\Routing\\Route->runController()
#13 /home/yamojr/devyamo/edusaas/edusaas/vendor/laravel/framework/src/Illuminate/Routing/Router.php(808): Illuminate\\Routing\\Route->run()
#14 /home/yamojr/devyamo/edusaas/edusaas/vendor/laravel/framework/src/Illuminate/Pipeline/Pipeline.php(170): Illuminate\\Routing\\Router->{closure:Illuminate\\Routing\\Router::runRouteWithinStack():807}()
#15 /home/yamojr/devyamo/edusaas/edusaas/vendor/spatie/laravel-permission/src/Middleware/RoleMiddleware.php(37): Illuminate\\Pipeline\\Pipeline->{closure:Illuminate\\Pipeline\\Pipeline::prepareDestination():168}()
#16 /home/yamojr/devyamo/edusaas/edusaas/vendor/laravel/framework/src/Illuminate/Pipeline/Pipeline.php(209): Spatie\\Permission\\Middleware\\RoleMiddleware->handle()
#17 /home/yamojr/devyamo/edusaas/edusaas/app/Http/Middleware/EnsureTenantAccess.php(26): Illuminate\\Pipeline\\Pipeline->{closure:{closure:Illuminate\\Pipeline\\Pipeline::carry():184}:185}()
#18 /home/yamojr/devyamo/edusaas/edusaas/vendor/laravel/framework/src/Illuminate/Pipeline/Pipeline.php(209): App\\Http\\Middleware\\EnsureTenantAccess->handle()
#19 /home/yamojr/devyamo/edusaas/edusaas/app/Http/Middleware/IdentifyTenant.php(40): Illuminate\\Pipeline\\Pipeline->{closure:{closure:Illuminate\\Pipeline\\Pipeline::carry():184}:185}()
#20 /home/yamojr/devyamo/edusaas/edusaas/vendor/laravel/framework/src/Illuminate/Pipeline/Pipeline.php(209): App\\Http\\Middleware\\IdentifyTenant->handle()
#21 /home/yamojr/devyamo/edusaas/edusaas/vendor/inertiajs/inertia-laravel/src/Middleware.php(122): Illuminate\\Pipeline\\Pipeline->{closure:{closure:Illuminate\\Pipeline\\Pipeline::carry():184}:185}()
#22 /home/yamojr/devyamo/edusaas/edusaas/vendor/laravel/framework/src/Illuminate/Pipeline/Pipeline.php(209): Inertia\\Middleware->handle()
#23 /home/yamojr/devyamo/edusaas/edusaas/vendor/laravel/framework/src/Illuminate/Routing/Middleware/SubstituteBindings.php(51): Illuminate\\Pipeline\\Pipeline->{closure:{closure:Illuminate\\Pipeline\\Pipeline::carry():184}:185}()
#24 /home/yamojr/devyamo/edusaas/edusaas/vendor/laravel/framework/src/Illuminate/Pipeline/Pipeline.php(209): Illuminate\\Routing\\Middleware\\SubstituteBindings->handle()
#25 /home/yamojr/devyamo/edusaas/edusaas/vendor/laravel/framework/src/Illuminate/Auth/Middleware/Authenticate.php(64): Illuminate\\Pipeline\\Pipeline->{closure:{closure:Illuminate\\Pipeline\\Pipeline::carry():184}:185}()
#26 /home/yamojr/devyamo/edusaas/edusaas/vendor/laravel/framework/src/Illuminate/Pipeline/Pipeline.php(209): Illuminate\\Auth\\Middleware\\Authenticate->handle()
#27 /home/yamojr/devyamo/edusaas/edusaas/vendor/laravel/framework/src/Illuminate/Foundation/Http/Middleware/VerifyCsrfToken.php(88): Illuminate\\Pipeline\\Pipeline->{closure:{closure:Illuminate\\Pipeline\\Pipeline::carry():184}:185}()
#28 /home/yamojr/devyamo/edusaas/edusaas/vendor/laravel/framework/src/Illuminate/Pipeline/Pipeline.php(209): Illuminate\\Foundation\\Http\\Middleware\\VerifyCsrfToken->handle()
#29 /home/yamojr/devyamo/edusaas/edusaas/vendor/laravel/framework/src/Illuminate/View/Middleware/ShareErrorsFromSession.php(49): Illuminate\\Pipeline\\Pipeline->{closure:{closure:Illuminate\\Pipeline\\Pipeline::carry():184}:185}()
#30 /home/yamojr/devyamo/edusaas/edusaas/vendor/laravel/framework/src/Illuminate/Pipeline/Pipeline.php(209): Illuminate\\View\\Middleware\\ShareErrorsFromSession->handle()
#31 /home/yamojr/devyamo/edusaas/edusaas/vendor/laravel/framework/src/Illuminate/Session/Middleware/StartSession.php(121): Illuminate\\Pipeline\\Pipeline->{closure:{closure:Illuminate\\Pipeline\\Pipeline::carry():184}:185}()
#32 /home/yamojr/devyamo/edusaas/edusaas/vendor/laravel/framework/src/Illuminate/Session/Middleware/StartSession.php(64): Illuminate\\Session\\Middleware\\StartSession->handleStatefulRequest()
#33 /home/yamojr/devyamo/edusaas/edusaas/vendor/laravel/framework/src/Illuminate/Pipeline/Pipeline.php(209): Illuminate\\Session\\Middleware\\StartSession->handle()
#34 /home/yamojr/devyamo/edusaas/edusaas/vendor/laravel/framework/src/Illuminate/Cookie/Middleware/AddQueuedCookiesToResponse.php(37): Illuminate\\Pipeline\\Pipeline->{closure:{closure:Illuminate\\Pipeline\\Pipeline::carry():184}:185}()
#35 /home/yamojr/devyamo/edusaas/edusaas/vendor/laravel/framework/src/Illuminate/Pipeline/Pipeline.php(209): Illuminate\\Cookie\\Middleware\\AddQueuedCookiesToResponse->handle()
#36 /home/yamojr/devyamo/edusaas/edusaas/vendor/laravel/framework/src/Illuminate/Cookie/Middleware/EncryptCookies.php(75): Illuminate\\Pipeline\\Pipeline->{closure:{closure:Illuminate\\Pipeline\\Pipeline::carry():184}:185}()
#37 /home/yamojr/devyamo/edusaas/edusaas/vendor/laravel/framework/src/Illuminate/Pipeline/Pipeline.php(209): Illuminate\\Cookie\\Middleware\\EncryptCookies->handle()
#38 /home/yamojr/devyamo/edusaas/edusaas/vendor/laravel/framework/src/Illuminate/Pipeline/Pipeline.php(127): Illuminate\\Pipeline\\Pipeline->{closure:{closure:Illuminate\\Pipeline\\Pipeline::carry():184}:185}()
#39 /home/yamojr/devyamo/edusaas/edusaas/vendor/laravel/framework/src/Illuminate/Routing/Router.php(807): Illuminate\\Pipeline\\Pipeline->then()
#40 /home/yamojr/devyamo/edusaas/edusaas/vendor/laravel/framework/src/Illuminate/Routing/Router.php(786): Illuminate\\Routing\\Router->runRouteWithinStack()
#41 /home/yamojr/devyamo/edusaas/edusaas/vendor/laravel/framework/src/Illuminate/Routing/Router.php(750): Illuminate\\Routing\\Router->runRoute()
#42 /home/yamojr/devyamo/edusaas/edusaas/vendor/laravel/framework/src/Illuminate/Routing/Router.php(739): Illuminate\\Routing\\Router->dispatchToRoute()
#43 /home/yamojr/devyamo/edusaas/edusaas/vendor/laravel/framework/src/Illuminate/Foundation/Http/Kernel.php(201): Illuminate\\Routing\\Router->dispatch()
#44 /home/yamojr/devyamo/edusaas/edusaas/vendor/laravel/framework/src/Illuminate/Pipeline/Pipeline.php(170): Illuminate\\Foundation\\Http\\Kernel->{closure:Illuminate\\Foundation\\Http\\Kernel::dispatchToRouter():198}()
#45 /home/yamojr/devyamo/edusaas/edusaas/vendor/laravel/framework/src/Illuminate/Foundation/Http/Middleware/TransformsRequest.php(21): Illuminate\\Pipeline\\Pipeline->{closure:Illuminate\\Pipeline\\Pipeline::prepareDestination():168}()
#46 /home/yamojr/devyamo/edusaas/edusaas/vendor/laravel/framework/src/Illuminate/Foundation/Http/Middleware/ConvertEmptyStringsToNull.php(31): Illuminate\\Foundation\\Http\\Middleware\\TransformsRequest->handle()
#47 /home/yamojr/devyamo/edusaas/edusaas/vendor/laravel/framework/src/Illuminate/Pipeline/Pipeline.php(209): Illuminate\\Foundation\\Http\\Middleware\\ConvertEmptyStringsToNull->handle()
#48 /home/yamojr/devyamo/edusaas/edusaas/vendor/laravel/framework/src/Illuminate/Foundation/Http/Middleware/TransformsRequest.php(21): Illuminate\\Pipeline\\Pipeline->{closure:{closure:Illuminate\\Pipeline\\Pipeline::carry():184}:185}()
#49 /home/yamojr/devyamo/edusaas/edusaas/vendor/laravel/framework/src/Illuminate/Foundation/Http/Middleware/TrimStrings.php(51): Illuminate\\Foundation\\Http\\Middleware\\TransformsRequest->handle()
#50 /home/yamojr/devyamo/edusaas/edusaas/vendor/laravel/framework/src/Illuminate/Pipeline/Pipeline.php(209): Illuminate\\Foundation\\Http\\Middleware\\TrimStrings->handle()
#51 /home/yamojr/devyamo/edusaas/edusaas/vendor/laravel/framework/src/Illuminate/Http/Middleware/ValidatePostSize.php(27): Illuminate\\Pipeline\\Pipeline->{closure:{closure:Illuminate\\Pipeline\\Pipeline::carry():184}:185}()
#52 /home/yamojr/devyamo/edusaas/edusaas/vendor/laravel/framework/src/Illuminate/Pipeline/Pipeline.php(209): Illuminate\\Http\\Middleware\\ValidatePostSize->handle()
#53 /home/yamojr/devyamo/edusaas/edusaas/vendor/laravel/framework/src/Illuminate/Foundation/Http/Middleware/PreventRequestsDuringMaintenance.php(110): Illuminate\\Pipeline\\Pipeline->{closure:{closure:Illuminate\\Pipeline\\Pipeline::carry():184}:185}()
#54 /home/yamojr/devyamo/edusaas/edusaas/vendor/laravel/framework/src/Illuminate/Pipeline/Pipeline.php(209): Illuminate\\Foundation\\Http\\Middleware\\PreventRequestsDuringMaintenance->handle()
#55 /home/yamojr/devyamo/edusaas/edusaas/vendor/laravel/framework/src/Illuminate/Http/Middleware/HandleCors.php(49): Illuminate\\Pipeline\\Pipeline->{closure:{closure:Illuminate\\Pipeline\\Pipeline::carry():184}:185}()
#56 /home/yamojr/devyamo/edusaas/edusaas/vendor/laravel/framework/src/Illuminate/Pipeline/Pipeline.php(209): Illuminate\\Http\\Middleware\\HandleCors->handle()
#57 /home/yamojr/devyamo/edusaas/edusaas/vendor/laravel/framework/src/Illuminate/Http/Middleware/TrustProxies.php(58): Illuminate\\Pipeline\\Pipeline->{closure:{closure:Illuminate\\Pipeline\\Pipeline::carry():184}:185}()
#58 /home/yamojr/devyamo/edusaas/edusaas/vendor/laravel/framework/src/Illuminate/Pipeline/Pipeline.php(209): Illuminate\\Http\\Middleware\\TrustProxies->handle()
#59 /home/yamojr/devyamo/edusaas/edusaas/vendor/laravel/framework/src/Illuminate/Foundation/Http/Middleware/InvokeDeferredCallbacks.php(22): Illuminate\\Pipeline\\Pipeline->{closure:{closure:Illuminate\\Pipeline\\Pipeline::carry():184}:185}()
#60 /home/yamojr/devyamo/edusaas/edusaas/vendor/laravel/framework/src/Illuminate/Pipeline/Pipeline.php(209): Illuminate\\Foundation\\Http\\Middleware\\InvokeDeferredCallbacks->handle()
#61 /home/yamojr/devyamo/edusaas/edusaas/vendor/laravel/framework/src/Illuminate/Pipeline/Pipeline.php(127): Illuminate\\Pipeline\\Pipeline->{closure:{closure:Illuminate\\Pipeline\\Pipeline::carry():184}:185}()
#62 /home/yamojr/devyamo/edusaas/edusaas/vendor/laravel/framework/src/Illuminate/Foundation/Http/Kernel.php(176): Illuminate\\Pipeline\\Pipeline->then()
#63 /home/yamojr/devyamo/edusaas/edusaas/vendor/laravel/framework/src/Illuminate/Foundation/Http/Kernel.php(145): Illuminate\\Foundation\\Http\\Kernel->sendRequestThroughRouter()
#64 /home/yamojr/devyamo/edusaas/edusaas/vendor/laravel/framework/src/Illuminate/Foundation/Application.php(1220): Illuminate\\Foundation\\Http\\Kernel->handle()
#65 /home/yamojr/devyamo/edusaas/edusaas/public/index.php(19): Illuminate\\Foundation\\Application->handleRequest()
#66 /home/yamojr/devyamo/edusaas/edusaas/vendor/laravel/framework/src/Illuminate/Foundation/resources/server.php(23): require_once('...')
#67 {main}

[previous exception] [object] (PDOException(code: 42S22): SQLSTATE[42S22]: Column not found: 1054 Unknown column 'payments.student_id' in 'on clause' at /home/yamojr/devyamo/edusaas/edusaas/vendor/laravel/framework/src/Illuminate/Database/Connection.php:407)
[stacktrace]
#0 /home/yamojr/devyamo/edusaas/edusaas/vendor/laravel/framework/src/Illuminate/Database/Connection.php(407): PDO->prepare()
#1 /home/yamojr/devyamo/edusaas/edusaas/vendor/laravel/framework/src/Illuminate/Database/Connection.php(812): Illuminate\\Database\\Connection->{closure:Illuminate\\Database\\Connection::select():398}()
#2 /home/yamojr/devyamo/edusaas/edusaas/vendor/laravel/framework/src/Illuminate/Database/Connection.php(779): Illuminate\\Database\\Connection->runQueryCallback()
#3 /home/yamojr/devyamo/edusaas/edusaas/vendor/laravel/framework/src/Illuminate/Database/Connection.php(398): Illuminate\\Database\\Connection->run()
#4 /home/yamojr/devyamo/edusaas/edusaas/vendor/laravel/framework/src/Illuminate/Database/Query/Builder.php(3106): Illuminate\\Database\\Connection->select()
#5 /home/yamojr/devyamo/edusaas/edusaas/vendor/laravel/framework/src/Illuminate/Database/Query/Builder.php(3091): Illuminate\\Database\\Query\\Builder->runSelect()
#6 /home/yamojr/devyamo/edusaas/edusaas/vendor/laravel/framework/src/Illuminate/Database/Query/Builder.php(3676): Illuminate\\Database\\Query\\Builder->{closure:Illuminate\\Database\\Query\\Builder::get():3090}()
#7 /home/yamojr/devyamo/edusaas/edusaas/vendor/laravel/framework/src/Illuminate/Database/Query/Builder.php(3090): Illuminate\\Database\\Query\\Builder->onceWithColumns()
#8 /home/yamojr/devyamo/edusaas/edusaas/vendor/laravel/framework/src/Illuminate/Database/Eloquent/Builder.php(811): Illuminate\\Database\\Query\\Builder->get()
#9 /home/yamojr/devyamo/edusaas/edusaas/vendor/laravel/framework/src/Illuminate/Database/Eloquent/Builder.php(793): Illuminate\\Database\\Eloquent\\Builder->getModels()
#10 /home/yamojr/devyamo/edusaas/edusaas/app/Http/Controllers/School/DashboardController.php(47): Illuminate\\Database\\Eloquent\\Builder->get()
#11 /home/yamojr/devyamo/edusaas/edusaas/vendor/laravel/framework/src/Illuminate/Routing/Controller.php(54): App\\Http\\Controllers\\School\\DashboardController->index()
#12 /home/yamojr/devyamo/edusaas/edusaas/vendor/laravel/framework/src/Illuminate/Routing/ControllerDispatcher.php(44): Illuminate\\Routing\\Controller->callAction()
#13 /home/yamojr/devyamo/edusaas/edusaas/vendor/laravel/framework/src/Illuminate/Routing/Route.php(266): Illuminate\\Routing\\ControllerDispatcher->dispatch()
#14 /home/yamojr/devyamo/edusaas/edusaas/vendor/laravel/framework/src/Illuminate/Routing/Route.php(212): Illuminate\\Routing\\Route->runController()
#15 /home/yamojr/devyamo/edusaas/edusaas/vendor/laravel/framework/src/Illuminate/Routing/Router.php(808): Illuminate\\Routing\\Route->run()
#16 /home/yamojr/devyamo/edusaas/edusaas/vendor/laravel/framework/src/Illuminate/Pipeline/Pipeline.php(170): Illuminate\\Routing\\Router->{closure:Illuminate\\Routing\\Router::runRouteWithinStack():807}()
#17 /home/yamojr/devyamo/edusaas/edusaas/vendor/spatie/laravel-permission/src/Middleware/RoleMiddleware.php(37): Illuminate\\Pipeline\\Pipeline->{closure:Illuminate\\Pipeline\\Pipeline::prepareDestination():168}()
#18 /home/yamojr/devyamo/edusaas/edusaas/vendor/laravel/framework/src/Illuminate/Pipeline/Pipeline.php(209): Spatie\\Permission\\Middleware\\RoleMiddleware->handle()
#19 /home/yamojr/devyamo/edusaas/edusaas/app/Http/Middleware/EnsureTenantAccess.php(26): Illuminate\\Pipeline\\Pipeline->{closure:{closure:Illuminate\\Pipeline\\Pipeline::carry():184}:185}()
#20 /home/yamojr/devyamo/edusaas/edusaas/vendor/laravel/framework/src/Illuminate/Pipeline/Pipeline.php(209): App\\Http\\Middleware\\EnsureTenantAccess->handle()
#21 /home/yamojr/devyamo/edusaas/edusaas/app/Http/Middleware/IdentifyTenant.php(40): Illuminate\\Pipeline\\Pipeline->{closure:{closure:Illuminate\\Pipeline\\Pipeline::carry():184}:185}()
#22 /home/yamojr/devyamo/edusaas/edusaas/vendor/laravel/framework/src/Illuminate/Pipeline/Pipeline.php(209): App\\Http\\Middleware\\IdentifyTenant->handle()
#23 /home/yamojr/devyamo/edusaas/edusaas/vendor/inertiajs/inertia-laravel/src/Middleware.php(122): Illuminate\\Pipeline\\Pipeline->{closure:{closure:Illuminate\\Pipeline\\Pipeline::carry():184}:185}()
#24 /home/yamojr/devyamo/edusaas/edusaas/vendor/laravel/framework/src/Illuminate/Pipeline/Pipeline.php(209): Inertia\\Middleware->handle()
#25 /home/yamojr/devyamo/edusaas/edusaas/vendor/laravel/framework/src/Illuminate/Routing/Middleware/SubstituteBindings.php(51): Illuminate\\Pipeline\\Pipeline->{closure:{closure:Illuminate\\Pipeline\\Pipeline::carry():184}:185}()
#26 /home/yamojr/devyamo/edusaas/edusaas/vendor/laravel/framework/src/Illuminate/Pipeline/Pipeline.php(209): Illuminate\\Routing\\Middleware\\SubstituteBindings->handle()
#27 /home/yamojr/devyamo/edusaas/edusaas/vendor/laravel/framework/src/Illuminate/Auth/Middleware/Authenticate.php(64): Illuminate\\Pipeline\\Pipeline->{closure:{closure:Illuminate\\Pipeline\\Pipeline::carry():184}:185}()
#28 /home/yamojr/devyamo/edusaas/edusaas/vendor/laravel/framework/src/Illuminate/Pipeline/Pipeline.php(209): Illuminate\\Auth\\Middleware\\Authenticate->handle()
#29 /home/yamojr/devyamo/edusaas/edusaas/vendor/laravel/framework/src/Illuminate/Foundation/Http/Middleware/VerifyCsrfToken.php(88): Illuminate\\Pipeline\\Pipeline->{closure:{closure:Illuminate\\Pipeline\\Pipeline::carry():184}:185}()
#30 /home/yamojr/devyamo/edusaas/edusaas/vendor/laravel/framework/src/Illuminate/Pipeline/Pipeline.php(209): Illuminate\\Foundation\\Http\\Middleware\\VerifyCsrfToken->handle()
#31 /home/yamojr/devyamo/edusaas/edusaas/vendor/laravel/framework/src/Illuminate/View/Middleware/ShareErrorsFromSession.php(49): Illuminate\\Pipeline\\Pipeline->{closure:{closure:Illuminate\\Pipeline\\Pipeline::carry():184}:185}()
#32 /home/yamojr/devyamo/edusaas/edusaas/vendor/laravel/framework/src/Illuminate/Pipeline/Pipeline.php(209): Illuminate\\View\\Middleware\\ShareErrorsFromSession->handle()
#33 /home/yamojr/devyamo/edusaas/edusaas/vendor/laravel/framework/src/Illuminate/Session/Middleware/StartSession.php(121): Illuminate\\Pipeline\\Pipeline->{closure:{closure:Illuminate\\Pipeline\\Pipeline::carry():184}:185}()
#34 /home/yamojr/devyamo/edusaas/edusaas/vendor/laravel/framework/src/Illuminate/Session/Middleware/StartSession.php(64): Illuminate\\Session\\Middleware\\StartSession->handleStatefulRequest()
#35 /home/yamojr/devyamo/edusaas/edusaas/vendor/laravel/framework/src/Illuminate/Pipeline/Pipeline.php(209): Illuminate\\Session\\Middleware\\StartSession->handle()
#36 /home/yamojr/devyamo/edusaas/edusaas/vendor/laravel/framework/src/Illuminate/Cookie/Middleware/AddQueuedCookiesToResponse.php(37): Illuminate\\Pipeline\\Pipeline->{closure:{closure:Illuminate\\Pipeline\\Pipeline::carry():184}:185}()
#37 /home/yamojr/devyamo/edusaas/edusaas/vendor/laravel/framework/src/Illuminate/Pipeline/Pipeline.php(209): Illuminate\\Cookie\\Middleware\\AddQueuedCookiesToResponse->handle()
#38 /home/yamojr/devyamo/edusaas/edusaas/vendor/laravel/framework/src/Illuminate/Cookie/Middleware/EncryptCookies.php(75): Illuminate\\Pipeline\\Pipeline->{closure:{closure:Illuminate\\Pipeline\\Pipeline::carry():184}:185}()
#39 /home/yamojr/devyamo/edusaas/edusaas/vendor/laravel/framework/src/Illuminate/Pipeline/Pipeline.php(209): Illuminate\\Cookie\\Middleware\\EncryptCookies->handle()
#40 /home/yamojr/devyamo/edusaas/edusaas/vendor/laravel/framework/src/Illuminate/Pipeline/Pipeline.php(127): Illuminate\\Pipeline\\Pipeline->{closure:{closure:Illuminate\\Pipeline\\Pipeline::carry():184}:185}()
#41 /home/yamojr/devyamo/edusaas/edusaas/vendor/laravel/framework/src/Illuminate/Routing/Router.php(807): Illuminate\\Pipeline\\Pipeline->then()
#42 /home/yamojr/devyamo/edusaas/edusaas/vendor/laravel/framework/src/Illuminate/Routing/Router.php(786): Illuminate\\Routing\\Router->runRouteWithinStack()
#43 /home/yamojr/devyamo/edusaas/edusaas/vendor/laravel/framework/src/Illuminate/Routing/Router.php(750): Illuminate\\Routing\\Router->runRoute()
#44 /home/yamojr/devyamo/edusaas/edusaas/vendor/laravel/framework/src/Illuminate/Routing/Router.php(739): Illuminate\\Routing\\Router->dispatchToRoute()
#45 /home/yamojr/devyamo/edusaas/edusaas/vendor/laravel/framework/src/Illuminate/Foundation/Http/Kernel.php(201): Illuminate\\Routing\\Router->dispatch()
#46 /home/yamojr/devyamo/edusaas/edusaas/vendor/laravel/framework/src/Illuminate/Pipeline/Pipeline.php(170): Illuminate\\Foundation\\Http\\Kernel->{closure:Illuminate\\Foundation\\Http\\Kernel::dispatchToRouter():198}()
#47 /home/yamojr/devyamo/edusaas/edusaas/vendor/laravel/framework/src/Illuminate/Foundation/Http/Middleware/TransformsRequest.php(21): Illuminate\\Pipeline\\Pipeline->{closure:Illuminate\\Pipeline\\Pipeline::prepareDestination():168}()
#48 /home/yamojr/devyamo/edusaas/edusaas/vendor/laravel/framework/src/Illuminate/Foundation/Http/Middleware/ConvertEmptyStringsToNull.php(31): Illuminate\\Foundation\\Http\\Middleware\\TransformsRequest->handle()
#49 /home/yamojr/devyamo/edusaas/edusaas/vendor/laravel/framework/src/Illuminate/Pipeline/Pipeline.php(209): Illuminate\\Foundation\\Http\\Middleware\\ConvertEmptyStringsToNull->handle()
#50 /home/yamojr/devyamo/edusaas/edusaas/vendor/laravel/framework/src/Illuminate/Foundation/Http/Middleware/TransformsRequest.php(21): Illuminate\\Pipeline\\Pipeline->{closure:{closure:Illuminate\\Pipeline\\Pipeline::carry():184}:185}()
#51 /home/yamojr/devyamo/edusaas/edusaas/vendor/laravel/framework/src/Illuminate/Foundation/Http/Middleware/TrimStrings.php(51): Illuminate\\Foundation\\Http\\Middleware\\TransformsRequest->handle()
#52 /home/yamojr/devyamo/edusaas/edusaas/vendor/laravel/framework/src/Illuminate/Pipeline/Pipeline.php(209): Illuminate\\Foundation\\Http\\Middleware\\TrimStrings->handle()
#53 /home/yamojr/devyamo/edusaas/edusaas/vendor/laravel/framework/src/Illuminate/Http/Middleware/ValidatePostSize.php(27): Illuminate\\Pipeline\\Pipeline->{closure:{closure:Illuminate\\Pipeline\\Pipeline::carry():184}:185}()
#54 /home/yamojr/devyamo/edusaas/edusaas/vendor/laravel/framework/src/Illuminate/Pipeline/Pipeline.php(209): Illuminate\\Http\\Middleware\\ValidatePostSize->handle()
#55 /home/yamojr/devyamo/edusaas/edusaas/vendor/laravel/framework/src/Illuminate/Foundation/Http/Middleware/PreventRequestsDuringMaintenance.php(110): Illuminate\\Pipeline\\Pipeline->{closure:{closure:Illuminate\\Pipeline\\Pipeline::carry():184}:185}()
#56 /home/yamojr/devyamo/edusaas/edusaas/vendor/laravel/framework/src/Illuminate/Pipeline/Pipeline.php(209): Illuminate\\Foundation\\Http\\Middleware\\PreventRequestsDuringMaintenance->handle()
#57 /home/yamojr/devyamo/edusaas/edusaas/vendor/laravel/framework/src/Illuminate/Http/Middleware/HandleCors.php(49): Illuminate\\Pipeline\\Pipeline->{closure:{closure:Illuminate\\Pipeline\\Pipeline::carry():184}:185}()
#58 /home/yamojr/devyamo/edusaas/edusaas/vendor/laravel/framework/src/Illuminate/Pipeline/Pipeline.php(209): Illuminate\\Http\\Middleware\\HandleCors->handle()
#59 /home/yamojr/devyamo/edusaas/edusaas/vendor/laravel/framework/src/Illuminate/Http/Middleware/TrustProxies.php(58): Illuminate\\Pipeline\\Pipeline->{closure:{closure:Illuminate\\Pipeline\\Pipeline::carry():184}:185}()
#60 /home/yamojr/devyamo/edusaas/edusaas/vendor/laravel/framework/src/Illuminate/Pipeline/Pipeline.php(209): Illuminate\\Http\\Middleware\\TrustProxies->handle()
#61 /home/yamojr/devyamo/edusaas/edusaas/vendor/laravel/framework/src/Illuminate/Foundation/Http/Middleware/InvokeDeferredCallbacks.php(22): Illuminate\\Pipeline\\Pipeline->{closure:{closure:Illuminate\\Pipeline\\Pipeline::carry():184}:185}()
#62 /home/yamojr/devyamo/edusaas/edusaas/vendor/laravel/framework/src/Illuminate/Pipeline/Pipeline.php(209): Illuminate\\Foundation\\Http\\Middleware\\InvokeDeferredCallbacks->handle()
#63 /home/yamojr/devyamo/edusaas/edusaas/vendor/laravel/framework/src/Illuminate/Pipeline/Pipeline.php(127): Illuminate\\Pipeline\\Pipeline->{closure:{closure:Illuminate\\Pipeline\\Pipeline::carry():184}:185}()
#64 /home/yamojr/devyamo/edusaas/edusaas/vendor/laravel/framework/src/Illuminate/Foundation/Http/Kernel.php(176): Illuminate\\Pipeline\\Pipeline->then()
#65 /home/yamojr/devyamo/edusaas/edusaas/vendor/laravel/framework/src/Illuminate/Foundation/Http/Kernel.php(145): Illuminate\\Foundation\\Http\\Kernel->sendRequestThroughRouter()
#66 /home/yamojr/devyamo/edusaas/edusaas/vendor/laravel/framework/src/Illuminate/Foundation/Application.php(1220): Illuminate\\Foundation\\Http\\Kernel->handle()
#67 /home/yamojr/devyamo/edusaas/edusaas/public/index.php(19): Illuminate\\Foundation\\Application->handleRequest()
#68 /home/yamojr/devyamo/edusaas/edusaas/vendor/laravel/framework/src/Illuminate/Foundation/resources/server.php(23): require_once('...')
#69 {main}
"} 
[2026-05-14 13:05:15] local.ERROR: SQLSTATE[42S22]: Column not found: 1054 Unknown column 'payments.student_id' in 'on clause' (Connection: mysql, SQL: select `departments`.`name`, `departments`.`code`, SUM(payments.amount) as total_revenue from `departments` left join `fees` on `fees`.`department_id` = `departments`.`id` left join `student_invoices` on `student_invoices`.`fee_id` = `fees`.`id` left join `payments` on `payments`.`student_id` = `student_invoices`.`student_id` where `payments`.`status` = successful and `departments`.`deleted_at` is null group by `departments`.`id`, `departments`.`name`, `departments`.`code`) {"userId":1,"exception":"[object] (Illuminate\\Database\\QueryException(code: 42S22): SQLSTATE[42S22]: Column not found: 1054 Unknown column 'payments.student_id' in 'on clause' (Connection: mysql, SQL: select `departments`.`name`, `departments`.`code`, SUM(payments.amount) as total_revenue from `departments` left join `fees` on `fees`.`department_id` = `departments`.`id` left join `student_invoices` on `student_invoices`.`fee_id` = `fees`.`id` left join `payments` on `payments`.`student_id` = `student_invoices`.`student_id` where `payments`.`status` = successful and `departments`.`deleted_at` is null group by `departments`.`id`, `departments`.`name`, `departments`.`code`) at /home/yamojr/devyamo/edusaas/edusaas/vendor/laravel/framework/src/Illuminate/Database/Connection.php:825)
[stacktrace]
#0 /home/yamojr/devyamo/edusaas/edusaas/vendor/laravel/framework/src/Illuminate/Database/Connection.php(779): Illuminate\\Database\\Connection->runQueryCallback()
#1 /home/yamojr/devyamo/edusaas/edusaas/vendor/laravel/framework/src/Illuminate/Database/Connection.php(398): Illuminate\\Database\\Connection->run()
#2 /home/yamojr/devyamo/edusaas/edusaas/vendor/laravel/framework/src/Illuminate/Database/Query/Builder.php(3106): Illuminate\\Database\\Connection->select()
#3 /home/yamojr/devyamo/edusaas/edusaas/vendor/laravel/framework/src/Illuminate/Database/Query/Builder.php(3091): Illuminate\\Database\\Query\\Builder->runSelect()
#4 /home/yamojr/devyamo/edusaas/edusaas/vendor/laravel/framework/src/Illuminate/Database/Query/Builder.php(3676): Illuminate\\Database\\Query\\Builder->{closure:Illuminate\\Database\\Query\\Builder::get():3090}()
#5 /home/yamojr/devyamo/edusaas/edusaas/vendor/laravel/framework/src/Illuminate/Database/Query/Builder.php(3090): Illuminate\\Database\\Query\\Builder->onceWithColumns()
#6 /home/yamojr/devyamo/edusaas/edusaas/vendor/laravel/framework/src/Illuminate/Database/Eloquent/Builder.php(811): Illuminate\\Database\\Query\\Builder->get()
#7 /home/yamojr/devyamo/edusaas/edusaas/vendor/laravel/framework/src/Illuminate/Database/Eloquent/Builder.php(793): Illuminate\\Database\\Eloquent\\Builder->getModels()
#8 /home/yamojr/devyamo/edusaas/edusaas/app/Http/Controllers/School/DashboardController.php(47): Illuminate\\Database\\Eloquent\\Builder->get()
#9 /home/yamojr/devyamo/edusaas/edusaas/vendor/laravel/framework/src/Illuminate/Routing/Controller.php(54): App\\Http\\Controllers\\School\\DashboardController->index()
#10 /home/yamojr/devyamo/edusaas/edusaas/vendor/laravel/framework/src/Illuminate/Routing/ControllerDispatcher.php(44): Illuminate\\Routing\\Controller->callAction()
#11 /home/yamojr/devyamo/edusaas/edusaas/vendor/laravel/framework/src/Illuminate/Routing/Route.php(266): Illuminate\\Routing\\ControllerDispatcher->dispatch()
#12 /home/yamojr/devyamo/edusaas/edusaas/vendor/laravel/framework/src/Illuminate/Routing/Route.php(212): Illuminate\\Routing\\Route->runController()
#13 /home/yamojr/devyamo/edusaas/edusaas/vendor/laravel/framework/src/Illuminate/Routing/Router.php(808): Illuminate\\Routing\\Route->run()
#14 /home/yamojr/devyamo/edusaas/edusaas/vendor/laravel/framework/src/Illuminate/Pipeline/Pipeline.php(170): Illuminate\\Routing\\Router->{closure:Illuminate\\Routing\\Router::runRouteWithinStack():807}()
#15 /home/yamojr/devyamo/edusaas/edusaas/vendor/spatie/laravel-permission/src/Middleware/RoleMiddleware.php(37): Illuminate\\Pipeline\\Pipeline->{closure:Illuminate\\Pipeline\\Pipeline::prepareDestination():168}()
#16 /home/yamojr/devyamo/edusaas/edusaas/vendor/laravel/framework/src/Illuminate/Pipeline/Pipeline.php(209): Spatie\\Permission\\Middleware\\RoleMiddleware->handle()
#17 /home/yamojr/devyamo/edusaas/edusaas/app/Http/Middleware/EnsureTenantAccess.php(26): Illuminate\\Pipeline\\Pipeline->{closure:{closure:Illuminate\\Pipeline\\Pipeline::carry():184}:185}()
#18 /home/yamojr/devyamo/edusaas/edusaas/vendor/laravel/framework/src/Illuminate/Pipeline/Pipeline.php(209): App\\Http\\Middleware\\EnsureTenantAccess->handle()
#19 /home/yamojr/devyamo/edusaas/edusaas/app/Http/Middleware/IdentifyTenant.php(40): Illuminate\\Pipeline\\Pipeline->{closure:{closure:Illuminate\\Pipeline\\Pipeline::carry():184}:185}()
#20 /home/yamojr/devyamo/edusaas/edusaas/vendor/laravel/framework/src/Illuminate/Pipeline/Pipeline.php(209): App\\Http\\Middleware\\IdentifyTenant->handle()
#21 /home/yamojr/devyamo/edusaas/edusaas/vendor/inertiajs/inertia-laravel/src/Middleware.php(122): Illuminate\\Pipeline\\Pipeline->{closure:{closure:Illuminate\\Pipeline\\Pipeline::carry():184}:185}()
#22 /home/yamojr/devyamo/edusaas/edusaas/vendor/laravel/framework/src/Illuminate/Pipeline/Pipeline.php(209): Inertia\\Middleware->handle()
#23 /home/yamojr/devyamo/edusaas/edusaas/vendor/laravel/framework/src/Illuminate/Routing/Middleware/SubstituteBindings.php(51): Illuminate\\Pipeline\\Pipeline->{closure:{closure:Illuminate\\Pipeline\\Pipeline::carry():184}:185}()
#24 /home/yamojr/devyamo/edusaas/edusaas/vendor/laravel/framework/src/Illuminate/Pipeline/Pipeline.php(209): Illuminate\\Routing\\Middleware\\SubstituteBindings->handle()
#25 /home/yamojr/devyamo/edusaas/edusaas/vendor/laravel/framework/src/Illuminate/Auth/Middleware/Authenticate.php(64): Illuminate\\Pipeline\\Pipeline->{closure:{closure:Illuminate\\Pipeline\\Pipeline::carry():184}:185}()
#26 /home/yamojr/devyamo/edusaas/edusaas/vendor/laravel/framework/src/Illuminate/Pipeline/Pipeline.php(209): Illuminate\\Auth\\Middleware\\Authenticate->handle()
#27 /home/yamojr/devyamo/edusaas/edusaas/vendor/laravel/framework/src/Illuminate/Foundation/Http/Middleware/VerifyCsrfToken.php(88): Illuminate\\Pipeline\\Pipeline->{closure:{closure:Illuminate\\Pipeline\\Pipeline::carry():184}:185}()
#28 /home/yamojr/devyamo/edusaas/edusaas/vendor/laravel/framework/src/Illuminate/Pipeline/Pipeline.php(209): Illuminate\\Foundation\\Http\\Middleware\\VerifyCsrfToken->handle()
#29 /home/yamojr/devyamo/edusaas/edusaas/vendor/laravel/framework/src/Illuminate/View/Middleware/ShareErrorsFromSession.php(49): Illuminate\\Pipeline\\Pipeline->{closure:{closure:Illuminate\\Pipeline\\Pipeline::carry():184}:185}()
#30 /home/yamojr/devyamo/edusaas/edusaas/vendor/laravel/framework/src/Illuminate/Pipeline/Pipeline.php(209): Illuminate\\View\\Middleware\\ShareErrorsFromSession->handle()
#31 /home/yamojr/devyamo/edusaas/edusaas/vendor/laravel/framework/src/Illuminate/Session/Middleware/StartSession.php(121): Illuminate\\Pipeline\\Pipeline->{closure:{closure:Illuminate\\Pipeline\\Pipeline::carry():184}:185}()
#32 /home/yamojr/devyamo/edusaas/edusaas/vendor/laravel/framework/src/Illuminate/Session/Middleware/StartSession.php(64): Illuminate\\Session\\Middleware\\StartSession->handleStatefulRequest()
#33 /home/yamojr/devyamo/edusaas/edusaas/vendor/laravel/framework/src/Illuminate/Pipeline/Pipeline.php(209): Illuminate\\Session\\Middleware\\StartSession->handle()
#34 /home/yamojr/devyamo/edusaas/edusaas/vendor/laravel/framework/src/Illuminate/Cookie/Middleware/AddQueuedCookiesToResponse.php(37): Illuminate\\Pipeline\\Pipeline->{closure:{closure:Illuminate\\Pipeline\\Pipeline::carry():184}:185}()
#35 /home/yamojr/devyamo/edusaas/edusaas/vendor/laravel/framework/src/Illuminate/Pipeline/Pipeline.php(209): Illuminate\\Cookie\\Middleware\\AddQueuedCookiesToResponse->handle()
#36 /home/yamojr/devyamo/edusaas/edusaas/vendor/laravel/framework/src/Illuminate/Cookie/Middleware/EncryptCookies.php(75): Illuminate\\Pipeline\\Pipeline->{closure:{closure:Illuminate\\Pipeline\\Pipeline::carry():184}:185}()
#37 /home/yamojr/devyamo/edusaas/edusaas/vendor/laravel/framework/src/Illuminate/Pipeline/Pipeline.php(209): Illuminate\\Cookie\\Middleware\\EncryptCookies->handle()
#38 /home/yamojr/devyamo/edusaas/edusaas/vendor/laravel/framework/src/Illuminate/Pipeline/Pipeline.php(127): Illuminate\\Pipeline\\Pipeline->{closure:{closure:Illuminate\\Pipeline\\Pipeline::carry():184}:185}()
#39 /home/yamojr/devyamo/edusaas/edusaas/vendor/laravel/framework/src/Illuminate/Routing/Router.php(807): Illuminate\\Pipeline\\Pipeline->then()
#40 /home/yamojr/devyamo/edusaas/edusaas/vendor/laravel/framework/src/Illuminate/Routing/Router.php(786): Illuminate\\Routing\\Router->runRouteWithinStack()
#41 /home/yamojr/devyamo/edusaas/edusaas/vendor/laravel/framework/src/Illuminate/Routing/Router.php(750): Illuminate\\Routing\\Router->runRoute()
#42 /home/yamojr/devyamo/edusaas/edusaas/vendor/laravel/framework/src/Illuminate/Routing/Router.php(739): Illuminate\\Routing\\Router->dispatchToRoute()
#43 /home/yamojr/devyamo/edusaas/edusaas/vendor/laravel/framework/src/Illuminate/Foundation/Http/Kernel.php(201): Illuminate\\Routing\\Router->dispatch()
#44 /home/yamojr/devyamo/edusaas/edusaas/vendor/laravel/framework/src/Illuminate/Pipeline/Pipeline.php(170): Illuminate\\Foundation\\Http\\Kernel->{closure:Illuminate\\Foundation\\Http\\Kernel::dispatchToRouter():198}()
#45 /home/yamojr/devyamo/edusaas/edusaas/vendor/laravel/framework/src/Illuminate/Foundation/Http/Middleware/TransformsRequest.php(21): Illuminate\\Pipeline\\Pipeline->{closure:Illuminate\\Pipeline\\Pipeline::prepareDestination():168}()
#46 /home/yamojr/devyamo/edusaas/edusaas/vendor/laravel/framework/src/Illuminate/Foundation/Http/Middleware/ConvertEmptyStringsToNull.php(31): Illuminate\\Foundation\\Http\\Middleware\\TransformsRequest->handle()
#47 /home/yamojr/devyamo/edusaas/edusaas/vendor/laravel/framework/src/Illuminate/Pipeline/Pipeline.php(209): Illuminate\\Foundation\\Http\\Middleware\\ConvertEmptyStringsToNull->handle()
#48 /home/yamojr/devyamo/edusaas/edusaas/vendor/laravel/framework/src/Illuminate/Foundation/Http/Middleware/TransformsRequest.php(21): Illuminate\\Pipeline\\Pipeline->{closure:{closure:Illuminate\\Pipeline\\Pipeline::carry():184}:185}()
#49 /home/yamojr/devyamo/edusaas/edusaas/vendor/laravel/framework/src/Illuminate/Foundation/Http/Middleware/TrimStrings.php(51): Illuminate\\Foundation\\Http\\Middleware\\TransformsRequest->handle()
#50 /home/yamojr/devyamo/edusaas/edusaas/vendor/laravel/framework/src/Illuminate/Pipeline/Pipeline.php(209): Illuminate\\Foundation\\Http\\Middleware\\TrimStrings->handle()
#51 /home/yamojr/devyamo/edusaas/edusaas/vendor/laravel/framework/src/Illuminate/Http/Middleware/ValidatePostSize.php(27): Illuminate\\Pipeline\\Pipeline->{closure:{closure:Illuminate\\Pipeline\\Pipeline::carry():184}:185}()
#52 /home/yamojr/devyamo/edusaas/edusaas/vendor/laravel/framework/src/Illuminate/Pipeline/Pipeline.php(209): Illuminate\\Http\\Middleware\\ValidatePostSize->handle()
#53 /home/yamojr/devyamo/edusaas/edusaas/vendor/laravel/framework/src/Illuminate/Foundation/Http/Middleware/PreventRequestsDuringMaintenance.php(110): Illuminate\\Pipeline\\Pipeline->{closure:{closure:Illuminate\\Pipeline\\Pipeline::carry():184}:185}()
#54 /home/yamojr/devyamo/edusaas/edusaas/vendor/laravel/framework/src/Illuminate/Pipeline/Pipeline.php(209): Illuminate\\Foundation\\Http\\Middleware\\PreventRequestsDuringMaintenance->handle()
#55 /home/yamojr/devyamo/edusaas/edusaas/vendor/laravel/framework/src/Illuminate/Http/Middleware/HandleCors.php(49): Illuminate\\Pipeline\\Pipeline->{closure:{closure:Illuminate\\Pipeline\\Pipeline::carry():184}:185}()
#56 /home/yamojr/devyamo/edusaas/edusaas/vendor/laravel/framework/src/Illuminate/Pipeline/Pipeline.php(209): Illuminate\\Http\\Middleware\\HandleCors->handle()
#57 /home/yamojr/devyamo/edusaas/edusaas/vendor/laravel/framework/src/Illuminate/Http/Middleware/TrustProxies.php(58): Illuminate\\Pipeline\\Pipeline->{closure:{closure:Illuminate\\Pipeline\\Pipeline::carry():184}:185}()
#58 /home/yamojr/devyamo/edusaas/edusaas/vendor/laravel/framework/src/Illuminate/Pipeline/Pipeline.php(209): Illuminate\\Http\\Middleware\\TrustProxies->handle()
#59 /home/yamojr/devyamo/edusaas/edusaas/vendor/laravel/framework/src/Illuminate/Foundation/Http/Middleware/InvokeDeferredCallbacks.php(22): Illuminate\\Pipeline\\Pipeline->{closure:{closure:Illuminate\\Pipeline\\Pipeline::carry():184}:185}()
#60 /home/yamojr/devyamo/edusaas/edusaas/vendor/laravel/framework/src/Illuminate/Pipeline/Pipeline.php(209): Illuminate\\Foundation\\Http\\Middleware\\InvokeDeferredCallbacks->handle()
#61 /home/yamojr/devyamo/edusaas/edusaas/vendor/laravel/framework/src/Illuminate/Pipeline/Pipeline.php(127): Illuminate\\Pipeline\\Pipeline->{closure:{closure:Illuminate\\Pipeline\\Pipeline::carry():184}:185}()
#62 /home/yamojr/devyamo/edusaas/edusaas/vendor/laravel/framework/src/Illuminate/Foundation/Http/Kernel.php(176): Illuminate\\Pipeline\\Pipeline->then()
#63 /home/yamojr/devyamo/edusaas/edusaas/vendor/laravel/framework/src/Illuminate/Foundation/Http/Kernel.php(145): Illuminate\\Foundation\\Http\\Kernel->sendRequestThroughRouter()
#64 /home/yamojr/devyamo/edusaas/edusaas/vendor/laravel/framework/src/Illuminate/Foundation/Application.php(1220): Illuminate\\Foundation\\Http\\Kernel->handle()
#65 /home/yamojr/devyamo/edusaas/edusaas/public/index.php(19): Illuminate\\Foundation\\Application->handleRequest()
#66 /home/yamojr/devyamo/edusaas/edusaas/vendor/laravel/framework/src/Illuminate/Foundation/resources/server.php(23): require_once('...')
#67 {main}

[previous exception] [object] (PDOException(code: 42S22): SQLSTATE[42S22]: Column not found: 1054 Unknown column 'payments.student_id' in 'on clause' at /home/yamojr/devyamo/edusaas/edusaas/vendor/laravel/framework/src/Illuminate/Database/Connection.php:407)
[stacktrace]
#0 /home/yamojr/devyamo/edusaas/edusaas/vendor/laravel/framework/src/Illuminate/Database/Connection.php(407): PDO->prepare()
#1 /home/yamojr/devyamo/edusaas/edusaas/vendor/laravel/framework/src/Illuminate/Database/Connection.php(812): Illuminate\\Database\\Connection->{closure:Illuminate\\Database\\Connection::select():398}()
#2 /home/yamojr/devyamo/edusaas/edusaas/vendor/laravel/framework/src/Illuminate/Database/Connection.php(779): Illuminate\\Database\\Connection->runQueryCallback()
#3 /home/yamojr/devyamo/edusaas/edusaas/vendor/laravel/framework/src/Illuminate/Database/Connection.php(398): Illuminate\\Database\\Connection->run()
#4 /home/yamojr/devyamo/edusaas/edusaas/vendor/laravel/framework/src/Illuminate/Database/Query/Builder.php(3106): Illuminate\\Database\\Connection->select()
#5 /home/yamojr/devyamo/edusaas/edusaas/vendor/laravel/framework/src/Illuminate/Database/Query/Builder.php(3091): Illuminate\\Database\\Query\\Builder->runSelect()
#6 /home/yamojr/devyamo/edusaas/edusaas/vendor/laravel/framework/src/Illuminate/Database/Query/Builder.php(3676): Illuminate\\Database\\Query\\Builder->{closure:Illuminate\\Database\\Query\\Builder::get():3090}()
#7 /home/yamojr/devyamo/edusaas/edusaas/vendor/laravel/framework/src/Illuminate/Database/Query/Builder.php(3090): Illuminate\\Database\\Query\\Builder->onceWithColumns()
#8 /home/yamojr/devyamo/edusaas/edusaas/vendor/laravel/framework/src/Illuminate/Database/Eloquent/Builder.php(811): Illuminate\\Database\\Query\\Builder->get()
#9 /home/yamojr/devyamo/edusaas/edusaas/vendor/laravel/framework/src/Illuminate/Database/Eloquent/Builder.php(793): Illuminate\\Database\\Eloquent\\Builder->getModels()
#10 /home/yamojr/devyamo/edusaas/edusaas/app/Http/Controllers/School/DashboardController.php(47): Illuminate\\Database\\Eloquent\\Builder->get()
#11 /home/yamojr/devyamo/edusaas/edusaas/vendor/laravel/framework/src/Illuminate/Routing/Controller.php(54): App\\Http\\Controllers\\School\\DashboardController->index()
#12 /home/yamojr/devyamo/edusaas/edusaas/vendor/laravel/framework/src/Illuminate/Routing/ControllerDispatcher.php(44): Illuminate\\Routing\\Controller->callAction()
#13 /home/yamojr/devyamo/edusaas/edusaas/vendor/laravel/framework/src/Illuminate/Routing/Route.php(266): Illuminate\\Routing\\ControllerDispatcher->dispatch()
#14 /home/yamojr/devyamo/edusaas/edusaas/vendor/laravel/framework/src/Illuminate/Routing/Route.php(212): Illuminate\\Routing\\Route->runController()
#15 /home/yamojr/devyamo/edusaas/edusaas/vendor/laravel/framework/src/Illuminate/Routing/Router.php(808): Illuminate\\Routing\\Route->run()
#16 /home/yamojr/devyamo/edusaas/edusaas/vendor/laravel/framework/src/Illuminate/Pipeline/Pipeline.php(170): Illuminate\\Routing\\Router->{closure:Illuminate\\Routing\\Router::runRouteWithinStack():807}()
#17 /home/yamojr/devyamo/edusaas/edusaas/vendor/spatie/laravel-permission/src/Middleware/RoleMiddleware.php(37): Illuminate\\Pipeline\\Pipeline->{closure:Illuminate\\Pipeline\\Pipeline::prepareDestination():168}()
#18 /home/yamojr/devyamo/edusaas/edusaas/vendor/laravel/framework/src/Illuminate/Pipeline/Pipeline.php(209): Spatie\\Permission\\Middleware\\RoleMiddleware->handle()
#19 /home/yamojr/devyamo/edusaas/edusaas/app/Http/Middleware/EnsureTenantAccess.php(26): Illuminate\\Pipeline\\Pipeline->{closure:{closure:Illuminate\\Pipeline\\Pipeline::carry():184}:185}()
#20 /home/yamojr/devyamo/edusaas/edusaas/vendor/laravel/framework/src/Illuminate/Pipeline/Pipeline.php(209): App\\Http\\Middleware\\EnsureTenantAccess->handle()
#21 /home/yamojr/devyamo/edusaas/edusaas/app/Http/Middleware/IdentifyTenant.php(40): Illuminate\\Pipeline\\Pipeline->{closure:{closure:Illuminate\\Pipeline\\Pipeline::carry():184}:185}()
#22 /home/yamojr/devyamo/edusaas/edusaas/vendor/laravel/framework/src/Illuminate/Pipeline/Pipeline.php(209): App\\Http\\Middleware\\IdentifyTenant->handle()
#23 /home/yamojr/devyamo/edusaas/edusaas/vendor/inertiajs/inertia-laravel/src/Middleware.php(122): Illuminate\\Pipeline\\Pipeline->{closure:{closure:Illuminate\\Pipeline\\Pipeline::carry():184}:185}()
#24 /home/yamojr/devyamo/edusaas/edusaas/vendor/laravel/framework/src/Illuminate/Pipeline/Pipeline.php(209): Inertia\\Middleware->handle()
#25 /home/yamojr/devyamo/edusaas/edusaas/vendor/laravel/framework/src/Illuminate/Routing/Middleware/SubstituteBindings.php(51): Illuminate\\Pipeline\\Pipeline->{closure:{closure:Illuminate\\Pipeline\\Pipeline::carry():184}:185}()
#26 /home/yamojr/devyamo/edusaas/edusaas/vendor/laravel/framework/src/Illuminate/Pipeline/Pipeline.php(209): Illuminate\\Routing\\Middleware\\SubstituteBindings->handle()
#27 /home/yamojr/devyamo/edusaas/edusaas/vendor/laravel/framework/src/Illuminate/Auth/Middleware/Authenticate.php(64): Illuminate\\Pipeline\\Pipeline->{closure:{closure:Illuminate\\Pipeline\\Pipeline::carry():184}:185}()
#28 /home/yamojr/devyamo/edusaas/edusaas/vendor/laravel/framework/src/Illuminate/Pipeline/Pipeline.php(209): Illuminate\\Auth\\Middleware\\Authenticate->handle()
#29 /home/yamojr/devyamo/edusaas/edusaas/vendor/laravel/framework/src/Illuminate/Foundation/Http/Middleware/VerifyCsrfToken.php(88): Illuminate\\Pipeline\\Pipeline->{closure:{closure:Illuminate\\Pipeline\\Pipeline::carry():184}:185}()
#30 /home/yamojr/devyamo/edusaas/edusaas/vendor/laravel/framework/src/Illuminate/Pipeline/Pipeline.php(209): Illuminate\\Foundation\\Http\\Middleware\\VerifyCsrfToken->handle()
#31 /home/yamojr/devyamo/edusaas/edusaas/vendor/laravel/framework/src/Illuminate/View/Middleware/ShareErrorsFromSession.php(49): Illuminate\\Pipeline\\Pipeline->{closure:{closure:Illuminate\\Pipeline\\Pipeline::carry():184}:185}()
#32 /home/yamojr/devyamo/edusaas/edusaas/vendor/laravel/framework/src/Illuminate/Pipeline/Pipeline.php(209): Illuminate\\View\\Middleware\\ShareErrorsFromSession->handle()
#33 /home/yamojr/devyamo/edusaas/edusaas/vendor/laravel/framework/src/Illuminate/Session/Middleware/StartSession.php(121): Illuminate\\Pipeline\\Pipeline->{closure:{closure:Illuminate\\Pipeline\\Pipeline::carry():184}:185}()
#34 /home/yamojr/devyamo/edusaas/edusaas/vendor/laravel/framework/src/Illuminate/Session/Middleware/StartSession.php(64): Illuminate\\Session\\Middleware\\StartSession->handleStatefulRequest()
#35 /home/yamojr/devyamo/edusaas/edusaas/vendor/laravel/framework/src/Illuminate/Pipeline/Pipeline.php(209): Illuminate\\Session\\Middleware\\StartSession->handle()
#36 /home/yamojr/devyamo/edusaas/edusaas/vendor/laravel/framework/src/Illuminate/Cookie/Middleware/AddQueuedCookiesToResponse.php(37): Illuminate\\Pipeline\\Pipeline->{closure:{closure:Illuminate\\Pipeline\\Pipeline::carry():184}:185}()
#37 /home/yamojr/devyamo/edusaas/edusaas/vendor/laravel/framework/src/Illuminate/Pipeline/Pipeline.php(209): Illuminate\\Cookie\\Middleware\\AddQueuedCookiesToResponse->handle()
#38 /home/yamojr/devyamo/edusaas/edusaas/vendor/laravel/framework/src/Illuminate/Cookie/Middleware/EncryptCookies.php(75): Illuminate\\Pipeline\\Pipeline->{closure:{closure:Illuminate\\Pipeline\\Pipeline::carry():184}:185}()
#39 /home/yamojr/devyamo/edusaas/edusaas/vendor/laravel/framework/src/Illuminate/Pipeline/Pipeline.php(209): Illuminate\\Cookie\\Middleware\\EncryptCookies->handle()
#40 /home/yamojr/devyamo/edusaas/edusaas/vendor/laravel/framework/src/Illuminate/Pipeline/Pipeline.php(127): Illuminate\\Pipeline\\Pipeline->{closure:{closure:Illuminate\\Pipeline\\Pipeline::carry():184}:185}()
#41 /home/yamojr/devyamo/edusaas/edusaas/vendor/laravel/framework/src/Illuminate/Routing/Router.php(807): Illuminate\\Pipeline\\Pipeline->then()
#42 /home/yamojr/devyamo/edusaas/edusaas/vendor/laravel/framework/src/Illuminate/Routing/Router.php(786): Illuminate\\Routing\\Router->runRouteWithinStack()
#43 /home/yamojr/devyamo/edusaas/edusaas/vendor/laravel/framework/src/Illuminate/Routing/Router.php(750): Illuminate\\Routing\\Router->runRoute()
#44 /home/yamojr/devyamo/edusaas/edusaas/vendor/laravel/framework/src/Illuminate/Routing/Router.php(739): Illuminate\\Routing\\Router->dispatchToRoute()
#45 /home/yamojr/devyamo/edusaas/edusaas/vendor/laravel/framework/src/Illuminate/Foundation/Http/Kernel.php(201): Illuminate\\Routing\\Router->dispatch()
#46 /home/yamojr/devyamo/edusaas/edusaas/vendor/laravel/framework/src/Illuminate/Pipeline/Pipeline.php(170): Illuminate\\Foundation\\Http\\Kernel->{closure:Illuminate\\Foundation\\Http\\Kernel::dispatchToRouter():198}()
#47 /home/yamojr/devyamo/edusaas/edusaas/vendor/laravel/framework/src/Illuminate/Foundation/Http/Middleware/TransformsRequest.php(21): Illuminate\\Pipeline\\Pipeline->{closure:Illuminate\\Pipeline\\Pipeline::prepareDestination():168}()
#48 /home/yamojr/devyamo/edusaas/edusaas/vendor/laravel/framework/src/Illuminate/Foundation/Http/Middleware/ConvertEmptyStringsToNull.php(31): Illuminate\\Foundation\\Http\\Middleware\\TransformsRequest->handle()
#49 /home/yamojr/devyamo/edusaas/edusaas/vendor/laravel/framework/src/Illuminate/Pipeline/Pipeline.php(209): Illuminate\\Foundation\\Http\\Middleware\\ConvertEmptyStringsToNull->handle()
#50 /home/yamojr/devyamo/edusaas/edusaas/vendor/laravel/framework/src/Illuminate/Foundation/Http/Middleware/TransformsRequest.php(21): Illuminate\\Pipeline\\Pipeline->{closure:{closure:Illuminate\\Pipeline\\Pipeline::carry():184}:185}()
#51 /home/yamojr/devyamo/edusaas/edusaas/vendor/laravel/framework/src/Illuminate/Foundation/Http/Middleware/TrimStrings.php(51): Illuminate\\Foundation\\Http\\Middleware\\TransformsRequest->handle()
#52 /home/yamojr/devyamo/edusaas/edusaas/vendor/laravel/framework/src/Illuminate/Pipeline/Pipeline.php(209): Illuminate\\Foundation\\Http\\Middleware\\TrimStrings->handle()
#53 /home/yamojr/devyamo/edusaas/edusaas/vendor/laravel/framework/src/Illuminate/Http/Middleware/ValidatePostSize.php(27): Illuminate\\Pipeline\\Pipeline->{closure:{closure:Illuminate\\Pipeline\\Pipeline::carry():184}:185}()
#54 /home/yamojr/devyamo/edusaas/edusaas/vendor/laravel/framework/src/Illuminate/Pipeline/Pipeline.php(209): Illuminate\\Http\\Middleware\\ValidatePostSize->handle()
#55 /home/yamojr/devyamo/edusaas/edusaas/vendor/laravel/framework/src/Illuminate/Foundation/Http/Middleware/PreventRequestsDuringMaintenance.php(110): Illuminate\\Pipeline\\Pipeline->{closure:{closure:Illuminate\\Pipeline\\Pipeline::carry():184}:185}()
#56 /home/yamojr/devyamo/edusaas/edusaas/vendor/laravel/framework/src/Illuminate/Pipeline/Pipeline.php(209): Illuminate\\Foundation\\Http\\Middleware\\PreventRequestsDuringMaintenance->handle()
#57 /home/yamojr/devyamo/edusaas/edusaas/vendor/laravel/framework/src/Illuminate/Http/Middleware/HandleCors.php(49): Illuminate\\Pipeline\\Pipeline->{closure:{closure:Illuminate\\Pipeline\\Pipeline::carry():184}:185}()
#58 /home/yamojr/devyamo/edusaas/edusaas/vendor/laravel/framework/src/Illuminate/Pipeline/Pipeline.php(209): Illuminate\\Http\\Middleware\\HandleCors->handle()
#59 /home/yamojr/devyamo/edusaas/edusaas/vendor/laravel/framework/src/Illuminate/Http/Middleware/TrustProxies.php(58): Illuminate\\Pipeline\\Pipeline->{closure:{closure:Illuminate\\Pipeline\\Pipeline::carry():184}:185}()
#60 /home/yamojr/devyamo/edusaas/edusaas/vendor/laravel/framework/src/Illuminate/Pipeline/Pipeline.php(209): Illuminate\\Http\\Middleware\\TrustProxies->handle()
#61 /home/yamojr/devyamo/edusaas/edusaas/vendor/laravel/framework/src/Illuminate/Foundation/Http/Middleware/InvokeDeferredCallbacks.php(22): Illuminate\\Pipeline\\Pipeline->{closure:{closure:Illuminate\\Pipeline\\Pipeline::carry():184}:185}()
#62 /home/yamojr/devyamo/edusaas/edusaas/vendor/laravel/framework/src/Illuminate/Pipeline/Pipeline.php(209): Illuminate\\Foundation\\Http\\Middleware\\InvokeDeferredCallbacks->handle()
#63 /home/yamojr/devyamo/edusaas/edusaas/vendor/laravel/framework/src/Illuminate/Pipeline/Pipeline.php(127): Illuminate\\Pipeline\\Pipeline->{closure:{closure:Illuminate\\Pipeline\\Pipeline::carry():184}:185}()
#64 /home/yamojr/devyamo/edusaas/edusaas/vendor/laravel/framework/src/Illuminate/Foundation/Http/Kernel.php(176): Illuminate\\Pipeline\\Pipeline->then()
#65 /home/yamojr/devyamo/edusaas/edusaas/vendor/laravel/framework/src/Illuminate/Foundation/Http/Kernel.php(145): Illuminate\\Foundation\\Http\\Kernel->sendRequestThroughRouter()
#66 /home/yamojr/devyamo/edusaas/edusaas/vendor/laravel/framework/src/Illuminate/Foundation/Application.php(1220): Illuminate\\Foundation\\Http\\Kernel->handle()
#67 /home/yamojr/devyamo/edusaas/edusaas/public/index.php(19): Illuminate\\Foundation\\Application->handleRequest()
#68 /home/yamojr/devyamo/edusaas/edusaas/vendor/laravel/framework/src/Illuminate/Foundation/resources/server.php(23): require_once('...')
#69 {main}
"} 
